<STREME version="5.5.1" release="Sun Jan 29 10:33:12 2023 -0800">
  <model>
    <command_line>streme --verbosity 1 --oc LITCHI007109.meme_chip/streme_out -dna --p LITCHI007109.meme_chip/seqs-centered --minw 6 --maxw 15 --order 2</command_line>
    <train_positives count="9921" positions="992100" maxlen="100" file="LITCHI007109.meme_chip/seqs-centered"/>
    <train_negatives count="9921" positions="992100" from="shuffled"/>
    <test_positives count="1102" positions="110200"/>
    <test_negatives count="1102" positions="110200"/>
    <alphabet name="DNA" like="dna">
      <letter id="A" symbol="A" complement="T" name="Adenine" colour="CC0000"/>
      <letter id="C" symbol="C" complement="G" name="Cytosine" colour="0000CC"/>
      <letter id="G" symbol="G" complement="C" name="Guanine" colour="FFB300"/>
      <letter id="T" symbol="T" aliases="U" complement="A" name="Thymine" colour="008000"/>
      <letter id="N" symbol="N" aliases="X." equals="ACGT" name="Any base"/>
      <letter id="V" symbol="V" equals="ACG" name="Not T"/>
      <letter id="H" symbol="H" equals="ACT" name="Not G"/>
      <letter id="D" symbol="D" equals="AGT" name="Not C"/>
      <letter id="B" symbol="B" equals="CGT" name="Not A"/>
      <letter id="M" symbol="M" equals="AC" name="Amino"/>
      <letter id="R" symbol="R" equals="AG" name="Purine"/>
      <letter id="W" symbol="W" equals="AT" name="Weak"/>
      <letter id="S" symbol="S" equals="CG" name="Strong"/>
      <letter id="Y" symbol="Y" equals="CT" name="Pyrimidine"/>
      <letter id="K" symbol="K" equals="GT" name="Keto"/>
    </alphabet>
    <strands>both</strands>
    <sequence_db A="0.277" C="0.223" G="0.223" T="0.277"/>
    <background_frequencies source="--negatives--" order="2">
      <alphabet_array>
        <value letter_id="A">0.277</value>
        <value letter_id="C">0.223</value>
        <value letter_id="G">0.223</value>
        <value letter_id="T">0.277</value>
      </alphabet_array>
    </background_frequencies>
    <stop thresh_type="pvalue" thresh="0.05"/>
    <objfun>Differential Enrichment</objfun>
    <test>Fisher Exact Test</test>
    <minw>6</minw>
    <maxw>15</maxw>
    <kmer>3</kmer>
    <hofract>0.1</hofract>
    <neval>25</neval>
    <nref>4</nref>
    <niter>20</niter>
    <patience>3</patience>
    <seed>0</seed>
    <useer>no</useer>
    <minscore>0</minscore>
    <ignore_depth>5</ignore_depth>
    <nsubsets>1</nsubsets>
    <min_pal_ratio>0.85</min_pal_ratio>
    <max_pal_ed>5</max_pal_ed>
    <cand>no</cand>
    <experimental>no</experimental>
    <totallength>0</totallength>
    <align>center</align>
    <host>hortic.com</host>
  </model>
  <motifs>
    <motif id="1-RCACRAAWACCRAG" alt="STREME-1" width="14" initial_width="9" seed="GCACAAATATCAAG" score_threshold="9.80946" train_pos_count="1542" train_neg_count="144" train_log_pvalue="-318.685" train_pvalue="2.1e-319" train_dtc="-1.0" train_bernoulli="-1" test_pos_count="172" test_neg_count="11" test_log_pvalue="-40.6796" test_pvalue="2.1e-041" test_log_evalue="-38.9087" test_evalue="1.2e-039" test_dtc="-1.0" test_bernoulli="-1" is_palindromic="no" elapsed_time="87.9" total_sites="1542" site_distr=" 8 12 11 13 12 7 16 11 10 7 15 8 14 6 12 8 13 16 14 12 25 14 6 17 25 21 29 14 14 9 12 30 34 16 30 26 28 22 25 31 26 31 28 39 29 36 40 44 40 36 27 22 27 30 21 16 30 32 21 12 12 20 13 9 15 17 15 15 11 13 6 11 14 14 7 6 8 16 14 6 10 7 8 8 8 7 11" max_sites="3" site_hist=" 0 1459 82 1">
      <pos A="0.311805" C="0.0012821" G="0.616334" T="0.0705786"/>
      <pos A="2.51755e-05" C="0.971138" G="0.0120162" T="0.0168211"/>
      <pos A="0.880723" C="0.00532925" G="2.03333e-05" T="0.113927"/>
      <pos A="2.51755e-05" C="0.997406" G="2.03333e-05" T="0.00254872"/>
      <pos A="0.627674" C="0.0157928" G="0.356508" T="2.51755e-05"/>
      <pos A="0.66385" C="0.0968087" G="0.123961" T="0.115381"/>
      <pos A="0.733729" C="0.0583261" G="0.0176852" T="0.19026"/>
      <pos A="0.334395" C="0.0457071" G="0.0422984" T="0.5776"/>
      <pos A="0.58468" C="0.165271" G="0.00506742" T="0.244982"/>
      <pos A="0.0412952" C="0.691089" G="2.03333e-05" T="0.267596"/>
      <pos A="2.51755e-05" C="0.990464" G="2.03333e-05" T="0.00949007"/>
      <pos A="0.56787" C="0.049231" G="0.299339" T="0.0835607"/>
      <pos A="0.99678" C="0.00191299" G="0.0012821" T="2.51755e-05"/>
      <pos A="0.113223" C="0.0246843" G="0.682138" T="0.179954"/>
    </motif>
    <motif id="2-CACATTGAWTGC" alt="STREME-2" width="12" initial_width="12" seed="CACATTGATTGC" score_threshold="11.3687" train_pos_count="796" train_neg_count="13" train_log_pvalue="-222.547" train_pvalue="2.8e-223" train_dtc="-1.0" train_bernoulli="-1" test_pos_count="90" test_neg_count="1" test_log_pvalue="-26.235" test_pvalue="5.8e-027" test_log_evalue="-24.4642" test_evalue="3.4e-025" test_dtc="-1.0" test_bernoulli="-1" is_palindromic="no" elapsed_time="54.1" total_sites="796" site_distr=" 9 0 12 12 6 3 6 8 9 15 9 5 2 6 12 12 4 14 11 5 3 4 5 5 9 5 13 7 11 13 16 4 8 9 9 13 11 6 3 13 12 7 14 7 10 7 10 9 10 8 18 14 10 9 7 14 13 15 7 7 13 10 5 11 4 15 21 23 15 10 8 7 14 4 6 12 15 8 2 4 4 4 6 3 3 9 8 8 8" max_sites="4" site_hist=" 0 547 246 2 1">
      <pos A="0.00131818" C="0.937724" G="0.00384523" T="0.0571124"/>
      <pos A="0.745849" C="4.08545e-05" G="0.254059" T="5.05835e-05"/>
      <pos A="0.00131818" C="0.947015" G="4.08545e-05" T="0.0516258"/>
      <pos A="0.990994" C="4.08545e-05" G="0.00891434" T="5.05835e-05"/>
      <pos A="5.05835e-05" C="0.00257606" G="0.00384375" T="0.99353"/>
      <pos A="5.05835e-05" C="0.00764701" G="4.08545e-05" T="0.992262"/>
      <pos A="0.199208" C="4.08545e-05" G="0.579914" T="0.220838"/>
      <pos A="0.994797" C="4.08545e-05" G="0.00130846" T="0.00385348"/>
      <pos A="0.403514" C="4.08545e-05" G="4.08545e-05" T="0.596404"/>
      <pos A="5.05835e-05" C="4.08545e-05" G="0.00257606" T="0.997333"/>
      <pos A="0.090121" C="4.08545e-05" G="0.909788" T="5.05835e-05"/>
      <pos A="5.05835e-05" C="0.969103" G="4.08545e-05" T="0.0308055"/>
    </motif>
    <motif id="3-ACCACGTAAA" alt="STREME-3" width="10" initial_width="10" seed="ACCACGTAAA" score_threshold="12.9816" train_pos_count="591" train_neg_count="8" train_log_pvalue="-166.547" train_pvalue="2.8e-167" train_dtc="-1.0" train_bernoulli="-1" test_pos_count="81" test_neg_count="2" test_log_pvalue="-22.0743" test_pvalue="8.4e-023" test_log_evalue="-20.3034" test_evalue="5.0e-021" test_dtc="-1.0" test_bernoulli="-1" is_palindromic="no" elapsed_time="25.8" total_sites="546" site_distr=" 12 15 9 2 4 4 2 5 4 8 3 6 3 4 3 2 2 4 0 3 8 4 7 4 6 1 2 4 0 3 6 9 5 7 11 5 1 16 9 3 7 8 6 6 5 4 7 9 16 4 6 14 8 2 10 14 3 4 13 4 8 4 9 6 10 9 12 7 3 4 9 3 8 4 6 3 9 2 5 7 13 5 1 4 7 6 10 7 7 0 2" max_sites="1" site_hist=" 0 546">
      <pos A="0.999815" C="5.71265e-05" G="5.71265e-05" T="7.07305e-05"/>
      <pos A="7.07305e-05" C="0.999801" G="5.71265e-05" T="7.07305e-05"/>
      <pos A="7.07305e-05" C="0.999801" G="5.71265e-05" T="7.07305e-05"/>
      <pos A="0.992725" C="5.71265e-05" G="0.00714741" T="7.07305e-05"/>
      <pos A="7.07305e-05" C="0.999801" G="5.71265e-05" T="7.07305e-05"/>
      <pos A="7.07305e-05" C="5.71265e-05" G="0.999801" T="7.07305e-05"/>
      <pos A="0.000727549" C="0.00039853" G="0.000792727" T="0.998081"/>
      <pos A="0.763377" C="5.71265e-05" G="0.0777389" T="0.158827"/>
      <pos A="0.923763" C="0.0718679" G="0.000792727" T="0.00357653"/>
      <pos A="0.994498" C="5.71265e-05" G="5.71265e-05" T="0.00538815"/>
    </motif>
    <motif id="4-CGTGGACGTAG" alt="STREME-4" width="11" initial_width="7" seed="CGTGGACTGAG" score_threshold="12.279" train_pos_count="491" train_neg_count="14" train_log_pvalue="-127.731" train_pvalue="1.9e-128" train_dtc="-1.0" train_bernoulli="-1" test_pos_count="73" test_neg_count="1" test_log_pvalue="-20.9225" test_pvalue="1.2e-021" test_log_evalue="-19.1516" test_evalue="7.1e-020" test_dtc="-1.0" test_bernoulli="-1" is_palindromic="no" elapsed_time="115.2" total_sites="490" site_distr=" 7 7 4 3 7 7 2 8 7 7 6 7 1 10 3 1 3 5 0 7 6 6 9 2 4 3 4 11 5 2 8 3 2 6 5 9 6 1 7 4 2 3 1 5 1 6 3 3 1 6 0 3 2 3 5 5 4 9 2 2 10 5 1 6 2 3 10 6 5 7 4 7 6 8 13 9 5 13 9 4 8 7 4 19 8 8 4 10 8 10" max_sites="1" site_hist=" 0 490">
      <pos A="8.35924e-05" C="0.999765" G="6.75146e-05" T="8.35924e-05"/>
      <pos A="8.35924e-05" C="6.75146e-05" G="0.999765" T="8.35924e-05"/>
      <pos A="8.35924e-05" C="6.75146e-05" G="0.0021623" T="0.997687"/>
      <pos A="0.00636841" C="0.286116" G="0.707432" T="8.35924e-05"/>
      <pos A="8.35924e-05" C="6.75146e-05" G="0.999765" T="8.35924e-05"/>
      <pos A="0.999781" C="6.75146e-05" G="6.75146e-05" T="8.35924e-05"/>
      <pos A="8.35924e-05" C="0.829568" G="6.75146e-05" T="0.170281"/>
      <pos A="0.00846366" C="6.75146e-05" G="0.698182" T="0.293287"/>
      <pos A="8.35924e-05" C="6.75146e-05" G="0.288211" T="0.711638"/>
      <pos A="0.999781" C="6.75146e-05" G="6.75146e-05" T="8.35924e-05"/>
      <pos A="0.291595" C="6.75146e-05" G="0.708254" T="8.35924e-05"/>
    </motif>
    <motif id="5-AGACAAAGACAGAA" alt="STREME-5" width="14" initial_width="13" seed="AGACAAAGACAGAG" score_threshold="13.284" train_pos_count="483" train_neg_count="16" train_log_pvalue="-122.9" train_pvalue="1.3e-123" train_dtc="-1.0" train_bernoulli="-1" test_pos_count="74" test_neg_count="4" test_log_pvalue="-17.7967" test_pvalue="1.6e-018" test_log_evalue="-16.0258" test_evalue="9.4e-017" test_dtc="-1.0" test_bernoulli="-1" is_palindromic="no" elapsed_time="144.3" total_sites="474" site_distr=" 7 2 2 4 6 5 10 6 7 5 4 3 3 1 11 6 6 3 6 8 7 15 5 8 6 4 3 8 7 13 6 16 12 9 1 2 7 7 4 4 8 8 4 9 4 1 3 2 4 7 5 10 6 0 1 1 3 2 8 6 8 6 5 8 5 2 4 7 5 3 10 1 2 8 3 4 3 3 4 2 2 3 3 1 3 4 10" max_sites="14" site_hist=" 0 280 165 13 7 4 2 1 0 0 0 0 0 0 2">
      <pos A="0.999777" C="6.8866e-05" G="6.8866e-05" T="8.52656e-05"/>
      <pos A="8.52656e-05" C="6.8866e-05" G="0.995487" T="0.00435886"/>
      <pos A="0.999777" C="6.8866e-05" G="6.8866e-05" T="8.52656e-05"/>
      <pos A="8.52656e-05" C="0.664947" G="0.330609" T="0.0043587"/>
      <pos A="0.999777" C="6.8866e-05" G="6.8866e-05" T="8.52656e-05"/>
      <pos A="0.898038" C="6.8866e-05" G="0.0953975" T="0.00649588"/>
      <pos A="0.980545" C="6.8866e-05" G="0.0128903" T="0.00649557"/>
      <pos A="0.0257497" C="6.8866e-05" G="0.971959" T="0.00222198"/>
      <pos A="0.968789" C="0.00220558" G="0.0289203" T="8.52656e-05"/>
      <pos A="0.101355" C="0.600798" G="0.231476" T="0.0663703"/>
      <pos A="0.95703" C="6.8866e-05" G="0.0385421" T="0.0043587"/>
      <pos A="0.010769" C="0.00861667" G="0.978392" T="0.00222198"/>
      <pos A="0.989093" C="6.8866e-05" G="0.0107533" T="8.52656e-05"/>
      <pos A="0.763739" C="6.8866e-05" G="0.236106" T="8.52656e-05"/>
    </motif>
    <motif id="6-GATCAAACGAGGAAC" alt="STREME-6" width="15" initial_width="15" seed="GATCAAACGAGGAAC" score_threshold="16.2016" train_pos_count="354" train_neg_count="1" train_log_pvalue="-105.699" train_pvalue="2.0e-106" train_dtc="-1.0" train_bernoulli="-1" test_pos_count="43" test_neg_count="0" test_log_pvalue="-13.1257" test_pvalue="7.5e-014" test_log_evalue="-11.3549" test_evalue="4.4e-012" test_dtc="-1.0" test_bernoulli="-1" is_palindromic="no" elapsed_time="175.0" total_sites="352" site_distr=" 9 0 0 5 7 0 5 2 4 10 13 8 4 0 1 4 0 2 9 8 7 0 1 2 2 5 5 0 1 6 1 5 7 0 0 7 1 0 3 12 9 4 5 12 2 0 0 5 6 8 0 4 3 5 2 3 5 15 3 2 3 5 5 9 3 6 3 0 4 8 1 8 9 1 0 0 1 0 6 1 6 4 1 7 9 3" max_sites="1" site_hist=" 0 352">
      <pos A="0.273926" C="8.99465e-05" G="0.723082" T="0.00290215"/>
      <pos A="0.999709" C="8.99465e-05" G="8.99465e-05" T="0.000111366"/>
      <pos A="0.000111366" C="0.0140445" G="8.99465e-05" T="0.985754"/>
      <pos A="0.000111366" C="0.996897" G="8.99465e-05" T="0.00290215"/>
      <pos A="0.91874" C="8.99465e-05" G="0.0810586" T="0.000111366"/>
      <pos A="0.996918" C="8.99465e-05" G="0.00288073" T="0.000111366"/>
      <pos A="0.994127" C="8.99465e-05" G="0.00288073" T="0.00290215"/>
      <pos A="0.000111366" C="0.991315" G="0.00288073" T="0.00569294"/>
      <pos A="0.10902" C="8.99465e-05" G="0.887988" T="0.00290215"/>
      <pos A="0.988545" C="8.99465e-05" G="0.0112537" T="0.000111366"/>
      <pos A="0.187241" C="8.99465e-05" G="0.812558" T="0.000111366"/>
      <pos A="0.04478" C="8.99465e-05" G="0.955019" T="0.000111366"/>
      <pos A="0.985755" C="0.00288073" G="0.0112533" T="0.000111366"/>
      <pos A="0.988545" C="8.99465e-05" G="0.0112537" T="0.000111366"/>
      <pos A="0.00290215" C="0.982942" G="8.99465e-05" T="0.0140661"/>
    </motif>
    <motif id="7-CAGCTCGC" alt="STREME-7" width="8" initial_width="8" seed="CAGCTCGC" score_threshold="10.9171" train_pos_count="935" train_neg_count="271" train_log_pvalue="-90.5297" train_pvalue="3.0e-091" train_dtc="-1.0" train_bernoulli="-1" test_pos_count="104" test_neg_count="25" test_log_pvalue="-12.873" test_pvalue="1.3e-013" test_log_evalue="-11.1021" test_evalue="7.9e-012" test_dtc="-1.0" test_bernoulli="-1" is_palindromic="no" elapsed_time="260.4" total_sites="935" site_distr=" 3 10 6 11 9 6 11 14 6 6 6 10 16 7 8 12 8 7 4 14 10 8 6 16 8 5 8 9 8 9 13 11 6 10 11 14 9 9 10 14 13 9 7 9 11 5 12 3 10 7 9 12 10 7 13 13 4 4 10 12 14 17 12 13 6 8 8 8 11 15 12 12 7 5 7 14 4 14 10 7 11 11 13 12 10 11 12 14 9 13 9 10 10" max_sites="6" site_hist=" 0 746 115 45 15 11 3">
      <pos A="0.0827557" C="0.539005" G="0.179191" T="0.199049"/>
      <pos A="0.999742" C="7.97761e-05" G="7.97761e-05" T="9.87738e-05"/>
      <pos A="9.87738e-05" C="0.0279417" G="0.971861" T="9.87738e-05"/>
      <pos A="0.0141976" C="0.775539" G="0.201318" T="0.00894492"/>
      <pos A="0.0737972" C="0.0427718" G="7.97761e-05" T="0.883351"/>
      <pos A="9.87738e-05" C="0.999723" G="7.97761e-05" T="9.87738e-05"/>
      <pos A="9.87738e-05" C="7.97761e-05" G="0.999723" T="9.87738e-05"/>
      <pos A="9.87738e-05" C="0.826958" G="0.014924" T="0.158019"/>
    </motif>
    <motif id="8-AGGTATTGGGCA" alt="STREME-8" width="12" initial_width="12" seed="AGGTATTGGGCA" score_threshold="12.8122" train_pos_count="348" train_neg_count="2" train_log_pvalue="-101.902" train_pvalue="1.3e-102" train_dtc="-1.0" train_bernoulli="-1" test_pos_count="40" test_neg_count="0" test_log_pvalue="-12.1977" test_pvalue="6.3e-013" test_log_evalue="-10.4269" test_evalue="3.7e-011" test_dtc="-1.0" test_bernoulli="-1" is_palindromic="no" elapsed_time="200.5" total_sites="347" site_distr=" 0 1 6 8 0 13 8 1 2 2 0 0 7 2 7 6 3 6 9 2 6 6 6 4 5 2 0 7 4 4 5 2 1 5 1 1 4 2 2 3 1 2 3 2 4 2 4 7 3 1 2 1 0 3 5 5 4 1 3 1 0 0 9 6 3 4 0 1 4 7 2 3 9 10 0 7 0 7 12 11 9 5 0 2 7 0 1 9 12" max_sites="1" site_hist=" 0 347">
      <pos A="0.993931" C="9.29532e-05" G="0.0058611" T="0.000115089"/>
      <pos A="0.0491511" C="9.29532e-05" G="0.947757" T="0.00299916"/>
      <pos A="0.0203051" C="9.29532e-05" G="0.976603" T="0.00299916"/>
      <pos A="0.00299916" C="0.0548978" G="0.00586131" T="0.936242"/>
      <pos A="0.999699" C="9.29532e-05" G="9.29532e-05" T="0.000115089"/>
      <pos A="0.000115089" C="0.0404736" G="9.29532e-05" T="0.959318"/>
      <pos A="0.000115089" C="9.29532e-05" G="9.29532e-05" T="0.999699"/>
      <pos A="0.0260739" C="9.29532e-05" G="0.973718" T="0.000115089"/>
      <pos A="0.0491525" C="9.29532e-05" G="0.950639" T="0.000115089"/>
      <pos A="0.0578106" C="9.29532e-05" G="0.941981" T="0.000115089"/>
      <pos A="0.0116526" C="0.811973" G="9.29532e-05" T="0.176282"/>
      <pos A="0.982394" C="0.00297703" G="0.00297703" T="0.011652"/>
    </motif>
    <motif id="9-CACGTCTTTCAAC" alt="STREME-9" width="13" initial_width="13" seed="CACGTCTTTCAAC" score_threshold="12.4962" train_pos_count="429" train_neg_count="20" train_log_pvalue="-102.539" train_pvalue="2.9e-103" train_dtc="-1.0" train_bernoulli="-1" test_pos_count="44" test_neg_count="1" test_log_pvalue="-12.0654" test_pvalue="8.6e-013" test_log_evalue="-10.2945" test_evalue="5.1e-011" test_dtc="-1.0" test_bernoulli="-1" is_palindromic="no" elapsed_time="236.7" total_sites="428" site_distr=" 0 4 1 2 1 4 3 3 2 5 4 2 7 6 5 11 6 1 3 3 4 3 5 5 6 5 6 5 9 3 7 8 5 5 2 8 4 8 9 3 8 7 3 5 3 4 6 6 7 5 4 4 8 7 6 2 4 8 4 12 9 6 5 3 3 4 7 10 6 10 5 4 1 6 4 4 2 4 3 4 3 6 4 5 2 4 4 4" max_sites="2" site_hist=" 0 418 10">
      <pos A="9.08699e-05" C="0.980582" G="7.33924e-05" T="0.0192542"/>
      <pos A="0.999762" C="7.33924e-05" G="7.33924e-05" T="9.08699e-05"/>
      <pos A="9.08699e-05" C="0.959796" G="7.33924e-05" T="0.0400401"/>
      <pos A="0.152297" C="7.33924e-05" G="0.847539" T="9.08699e-05"/>
      <pos A="9.08699e-05" C="0.0160135" G="7.33924e-05" T="0.983822"/>
      <pos A="0.00464519" C="0.65575" G="0.193748" T="0.145857"/>
      <pos A="9.08699e-05" C="0.198329" G="0.00235055" T="0.79923"/>
      <pos A="9.08699e-05" C="0.232466" G="7.33924e-05" T="0.76737"/>
      <pos A="9.08699e-05" C="0.200491" G="0.207495" T="0.591924"/>
      <pos A="9.08699e-05" C="0.844798" G="7.33924e-05" T="0.155037"/>
      <pos A="0.997485" C="7.33924e-05" G="0.00235055" T="9.08699e-05"/>
      <pos A="0.837095" C="0.0192364" G="0.143577" T="9.08699e-05"/>
      <pos A="9.08699e-05" C="0.876771" G="0.00690503" T="0.116233"/>
    </motif>
    <motif id="10-AATCCTTGTGT" alt="STREME-10" width="11" initial_width="11" seed="AATCCTTGTGT" score_threshold="12.602" train_pos_count="200" train_neg_count="9" train_log_pvalue="-48.0513" train_pvalue="8.9e-049" train_dtc="-1.0" train_bernoulli="-1" test_pos_count="36" test_neg_count="0" test_log_pvalue="-10.9633" test_pvalue="1.1e-011" test_log_evalue="-9.19241" test_evalue="6.4e-010" test_dtc="-1.0" test_bernoulli="-1" is_palindromic="no" elapsed_time="410.0" total_sites="200" site_distr=" 1 2 1 1 2 0 1 1 2 1 4 4 4 3 2 2 0 1 1 2 3 3 1 4 3 0 7 5 0 5 3 3 3 2 4 2 4 4 0 3 8 5 2 6 8 5 1 5 3 3 1 5 0 1 4 1 3 1 1 2 0 6 2 0 1 1 1 5 4 2 2 0 0 0 0 1 0 1 1 4 1 1 0 2 4 1 0 0 0 1" max_sites="1" site_hist=" 0 200">
      <pos A="0.988372" C="0.000178086" G="0.0112295" T="0.000220495"/>
      <pos A="0.981781" C="0.0167558" G="0.000178086" T="0.00128478"/>
      <pos A="0.000220495" C="0.316754" G="0.00570359" T="0.677322"/>
      <pos A="0.000220495" C="0.999381" G="0.000178086" T="0.000220495"/>
      <pos A="0.005746" C="0.991562" G="0.00247125" T="0.000220495"/>
      <pos A="0.00949318" C="0.312456" G="0.000178086" T="0.677873"/>
      <pos A="0.005746" C="0.0178217" G="0.0466902" T="0.929742"/>
      <pos A="0.0402595" C="0.000178086" G="0.959342" T="0.000220495"/>
      <pos A="0.000220495" C="0.00570359" G="0.00570359" T="0.988372"/>
      <pos A="0.000220495" C="0.000178086" G="0.999381" T="0.000220495"/>
      <pos A="0.000220495" C="0.00945077" G="0.000178086" T="0.990151"/>
    </motif>
    <motif id="11-CAGTYACCG" alt="STREME-11" width="9" initial_width="8" seed="CAGTTACCG" score_threshold="12.7097" train_pos_count="435" train_neg_count="43" train_log_pvalue="-83.9788" train_pvalue="1.1e-084" train_dtc="-1.0" train_bernoulli="-1" test_pos_count="58" test_neg_count="7" test_log_pvalue="-10.9307" test_pvalue="1.2e-011" test_log_evalue="-9.1598" test_evalue="6.9e-010" test_dtc="-1.0" test_bernoulli="-1" is_palindromic="no" elapsed_time="284.3" total_sites="435" site_distr=" 6 1 3 3 3 1 5 3 4 6 5 8 5 1 5 4 6 12 5 3 5 2 3 6 7 5 3 1 5 2 4 5 3 5 2 5 7 2 6 7 3 11 3 7 10 7 3 5 13 6 11 5 3 3 3 5 3 3 8 8 4 6 9 3 2 3 8 4 4 11 4 7 6 5 3 2 5 8 0 2 2 5 2 7 3 6 2 3 2 8 2 2" max_sites="2" site_hist=" 0 434 1">
      <pos A="0.00157873" C="0.954626" G="0.003593" T="0.0402018"/>
      <pos A="0.760602" C="0.236001" G="0.00102165" T="0.00237548"/>
      <pos A="0.00392461" C="0.00464226" G="0.991329" T="0.000104036"/>
      <pos A="0.231271" C="0.00330597" G="0.00359268" T="0.76183"/>
      <pos A="0.025031" C="0.426716" G="0.0001782" T="0.548075"/>
      <pos A="0.949183" C="0.0142212" G="0.0233532" T="0.0132426"/>
      <pos A="0.00242734" C="0.946522" G="0.0262122" T="0.0248385"/>
      <pos A="0.0254726" C="0.969794" G="0.00235794" T="0.00237548"/>
      <pos A="0.117774" C="0.00235794" G="0.809879" T="0.0699888"/>
    </motif>
    <motif id="12-ATTATTGCCGA" alt="STREME-12" width="11" initial_width="11" seed="ATTATTGCCGA" score_threshold="13.2683" train_pos_count="174" train_neg_count="2" train_log_pvalue="-49.1136" train_pvalue="7.7e-050" train_dtc="-1.0" train_bernoulli="-1" test_pos_count="26" test_neg_count="0" test_log_pvalue="-7.89157" test_pvalue="1.3e-008" test_log_evalue="-6.12072" test_evalue="7.6e-007" test_dtc="-1.0" test_bernoulli="-1" is_palindromic="no" elapsed_time="385.8" total_sites="174" site_distr=" 4 1 1 0 0 1 1 1 0 0 3 5 5 1 0 2 0 0 1 3 4 0 1 1 0 2 3 1 3 2 1 0 0 0 1 0 3 4 1 1 2 0 1 1 1 1 0 1 1 0 0 2 2 1 3 0 5 1 6 2 1 1 4 0 4 8 2 2 5 0 1 3 5 4 4 3 10 1 0 0 6 3 4 0 3 2 6 0 0 5" max_sites="1" site_hist=" 0 174">
      <pos A="0.739474" C="0.000194667" G="0.012275" T="0.248056"/>
      <pos A="0.000241024" C="0.121069" G="0.000194667" T="0.878495"/>
      <pos A="0.000241024" C="0.000194667" G="0.000194667" T="0.99937"/>
      <pos A="0.981248" C="0.000194667" G="0.0183159" T="0.000241024"/>
      <pos A="0.000241024" C="0.000194667" G="0.000194667" T="0.99937"/>
      <pos A="0.000241024" C="0.000194667" G="0.000194667" T="0.99937"/>
      <pos A="0.000241024" C="0.000194667" G="0.999323" T="0.000241024"/>
      <pos A="0.000241024" C="0.975161" G="0.000194667" T="0.0244035"/>
      <pos A="0.000241024" C="0.932849" G="0.000194667" T="0.0667152"/>
      <pos A="0.000241024" C="0.000194667" G="0.999323" T="0.000241024"/>
      <pos A="0.99937" C="0.000194667" G="0.000194667" T="0.000241024"/>
    </motif>
    <motif id="13-CCTCGAAAACCG" alt="STREME-13" width="12" initial_width="12" seed="CCTCGAAAACCG" score_threshold="12.7863" train_pos_count="276" train_neg_count="15" train_log_pvalue="-63.6472" train_pvalue="2.3e-064" train_dtc="-1.0" train_bernoulli="-1" test_pos_count="24" test_neg_count="0" test_log_pvalue="-7.27969" test_pvalue="5.3e-008" test_log_evalue="-5.50884" test_evalue="3.1e-006" test_dtc="-1.0" test_bernoulli="-1" is_palindromic="no" elapsed_time="310.1" total_sites="276" site_distr=" 4 1 0 1 2 0 2 3 0 1 0 1 1 0 1 2 2 6 2 4 4 3 6 2 0 1 2 5 3 1 2 6 4 4 5 7 8 6 8 3 4 3 5 4 4 5 5 9 8 13 5 1 5 4 4 5 4 7 4 3 5 3 2 1 3 6 2 4 2 5 0 1 0 3 1 0 5 1 0 1 1 2 2 1 3 1 1 2 1" max_sites="3" site_hist=" 0 224 45 7">
      <pos A="0.000147577" C="0.999586" G="0.000119193" T="0.000147577"/>
      <pos A="0.180547" C="0.789598" G="0.0297083" T="0.000147577"/>
      <pos A="0.000147577" C="0.00751564" G="0.000119193" T="0.992218"/>
      <pos A="0.018639" C="0.788296" G="0.0771185" T="0.115947"/>
      <pos A="0.0679827" C="0.000119193" G="0.931751" T="0.000147577"/>
      <pos A="0.884965" C="0.00751564" G="0.0334043" T="0.0741147"/>
      <pos A="0.955235" C="0.0223088" G="0.00751564" T="0.0149407"/>
      <pos A="0.921944" C="0.000119193" G="0.0223088" T="0.0556282"/>
      <pos A="0.94414" C="0.00381741" G="0.0149123" T="0.0371303"/>
      <pos A="0.0038458" C="0.629332" G="0.145908" T="0.220914"/>
      <pos A="0.0038458" C="0.973698" G="0.000119193" T="0.0223374"/>
      <pos A="0.000147577" C="0.000119193" G="0.995887" T="0.0038458"/>
    </motif>
    <motif id="14-GHAATCATGCAG" alt="STREME-14" width="12" initial_width="4" seed="GTAATCATGCAG" score_threshold="14.663" train_pos_count="250" train_neg_count="6" train_log_pvalue="-66.1442" train_pvalue="7.2e-067" train_dtc="-1.0" train_bernoulli="-1" test_pos_count="26" test_neg_count="1" test_log_pvalue="-6.74066" test_pvalue="1.8e-007" test_log_evalue="-4.9698" test_evalue="1.1e-005" test_dtc="-1.0" test_bernoulli="-1" is_palindromic="no" elapsed_time="335.8" total_sites="250" site_distr=" 2 1 0 2 6 3 3 2 2 2 6 1 2 2 5 3 1 1 2 5 6 5 2 5 2 5 2 5 1 1 1 4 2 1 4 3 4 6 1 3 4 3 3 4 2 3 1 2 5 2 2 2 1 1 4 2 3 7 4 2 9 3 0 0 3 4 1 3 3 1 3 3 5 2 4 5 2 1 3 5 5 3 2 0 0 0 4 1 4" max_sites="2" site_hist=" 0 235 15">
      <pos A="0.0252124" C="0.0460557" G="0.928565" T="0.000166555"/>
      <pos A="0.269598" C="0.372038" G="0.000134521" T="0.35823"/>
      <pos A="0.719524" C="0.000134521" G="0.280175" T="0.000166555"/>
      <pos A="0.840866" C="0.000134521" G="0.158833" T="0.000166555"/>
      <pos A="0.000166555" C="0.000134521" G="0.000134521" T="0.999564"/>
      <pos A="0.000166555" C="0.982837" G="0.000134521" T="0.0168621"/>
      <pos A="0.999564" C="0.000134521" G="0.000134521" T="0.000166555"/>
      <pos A="0.000166555" C="0.000134521" G="0.000134521" T="0.999564"/>
      <pos A="0.00434035" C="0.000134521" G="0.995359" T="0.000166555"/>
      <pos A="0.00434035" C="0.843683" G="0.0498829" T="0.102093"/>
      <pos A="0.999564" C="0.000134521" G="0.000134521" T="0.000166555"/>
      <pos A="0.0377392" C="0.000134521" G="0.937621" T="0.0245048"/>
    </motif>
    <motif id="15-CACTCTGGART" alt="STREME-15" width="11" initial_width="8" seed="CACTCTGGAGT" score_threshold="12.496" train_pos_count="139" train_neg_count="2" train_log_pvalue="-38.6501" train_pvalue="2.2e-039" train_dtc="-1.0" train_bernoulli="-1" test_pos_count="22" test_neg_count="0" test_log_pvalue="-6.66863" test_pvalue="2.1e-007" test_log_evalue="-4.89778" test_evalue="1.3e-005" test_dtc="-1.0" test_bernoulli="-1" is_palindromic="no" elapsed_time="483.5" total_sites="139" site_distr=" 4 3 1 1 3 0 1 2 0 1 0 2 0 1 5 1 0 2 0 0 1 3 2 2 1 1 0 1 1 0 1 1 5 1 1 0 1 0 0 0 0 1 2 4 1 1 0 0 2 1 1 1 0 2 0 0 1 0 2 0 1 0 2 0 1 3 1 2 2 2 6 1 2 7 5 1 5 1 3 3 2 1 3 4 2 0 4 4 3 0" max_sites="1" site_hist=" 0 139">
      <pos A="0.000314485" C="0.999117" G="0.000253999" T="0.000314485"/>
      <pos A="0.991297" C="0.000253999" G="0.00813486" T="0.000314485"/>
      <pos A="0.000314485" C="0.999117" G="0.000253999" T="0.000314485"/>
      <pos A="0.000314485" C="0.000253999" G="0.000253999" T="0.999178"/>
      <pos A="0.000314485" C="0.991236" G="0.00813486" T="0.000314485"/>
      <pos A="0.000314485" C="0.000253999" G="0.000253999" T="0.999178"/>
      <pos A="0.00819535" C="0.000253999" G="0.991236" T="0.000314485"/>
      <pos A="0.094902" C="0.000253999" G="0.904529" T="0.000314485"/>
      <pos A="0.761437" C="0.000253999" G="0.237995" T="0.000314485"/>
      <pos A="0.36333" C="0.000253999" G="0.636101" T="0.000314485"/>
      <pos A="0.000314485" C="0.0396606" G="0.000253999" T="0.959771"/>
    </motif>
    <motif id="16-AGTAATCAA" alt="STREME-16" width="9" initial_width="9" seed="AGTAATCAA" score_threshold="15.6978" train_pos_count="223" train_neg_count="14" train_log_pvalue="-49.662" train_pvalue="2.2e-050" train_dtc="-1.0" train_bernoulli="-1" test_pos_count="31" test_neg_count="5" test_log_pvalue="-5.25591" test_pvalue="5.5e-006" test_log_evalue="-3.48506" test_evalue="3.3e-004" test_dtc="-1.0" test_bernoulli="-1" is_palindromic="no" elapsed_time="358.5" total_sites="223" site_distr=" 2 1 0 4 2 4 4 2 5 7 1 6 5 5 0 5 2 0 8 2 3 3 1 0 5 1 3 3 1 0 3 2 2 2 1 3 1 2 5 2 0 1 1 0 2 1 1 0 1 3 3 1 0 0 0 4 1 1 2 1 2 2 0 0 2 0 2 3 4 1 0 0 1 2 7 5 0 4 0 1 3 7 1 0 5 6 0 6 0 10 8 10" max_sites="1" site_hist=" 0 223">
      <pos A="0.999394" C="0.000187094" G="0.000187094" T="0.000231648"/>
      <pos A="0.000231648" C="0.000187094" G="0.99935" T="0.000231648"/>
      <pos A="0.000231648" C="0.000187094" G="0.000187094" T="0.999394"/>
      <pos A="0.999394" C="0.000187094" G="0.000187094" T="0.000231648"/>
      <pos A="0.999394" C="0.000187094" G="0.000187094" T="0.000231648"/>
      <pos A="0.000231648" C="0.000187094" G="0.000187094" T="0.999394"/>
      <pos A="0.000231648" C="0.85524" G="0.000187094" T="0.144342"/>
      <pos A="0.990451" C="0.000187094" G="0.000187094" T="0.00917522"/>
      <pos A="0.999394" C="0.000187094" G="0.000187094" T="0.000231648"/>
    </motif>
    <motif id="17-CCCGAGACMACGTT" alt="STREME-17" width="14" initial_width="7" seed="CCCGAGACAACGTT" score_threshold="13.5107" train_pos_count="139" train_neg_count="8" train_log_pvalue="-31.7651" train_pvalue="1.7e-032" train_dtc="-1.0" train_bernoulli="-1" test_pos_count="16" test_neg_count="0" test_log_pvalue="-4.84029" test_pvalue="1.4e-005" test_log_evalue="-3.06944" test_evalue="8.5e-004" test_dtc="-1.0" test_bernoulli="-1" is_palindromic="no" elapsed_time="737.6" total_sites="139" site_distr=" 2 3 2 1 3 0 1 1 1 3 1 2 1 1 2 1 1 1 0 1 3 0 0 0 0 2 2 0 4 4 3 1 0 5 2 4 2 1 1 0 0 2 2 1 3 2 3 4 5 2 0 2 1 2 3 1 3 5 0 1 2 2 0 2 0 3 0 2 2 0 1 3 1 2 3 0 2 0 0 0 1 2 0 3 2 1 1" max_sites="1" site_hist=" 0 139">
      <pos A="0.000285115" C="0.999199" G="0.000230277" T="0.000285115"/>
      <pos A="0.000285115" C="0.892013" G="0.000230277" T="0.107472"/>
      <pos A="0.00742997" C="0.706214" G="0.000230277" T="0.286126"/>
      <pos A="0.0860271" C="0.000230277" G="0.913458" T="0.000285115"/>
      <pos A="0.920656" C="0.000230277" G="0.0788289" T="0.000285115"/>
      <pos A="0.186076" C="0.000230277" G="0.813408" T="0.000285115"/>
      <pos A="0.977819" C="0.000230277" G="0.0216654" T="0.000285115"/>
      <pos A="0.000285115" C="0.963475" G="0.000230277" T="0.0360094"/>
      <pos A="0.321908" C="0.584685" G="0.000230277" T="0.0931771"/>
      <pos A="0.641904" C="0.221799" G="0.136012" T="0.000285115"/>
      <pos A="0.000285115" C="0.770488" G="0.186072" T="0.0431548"/>
      <pos A="0.236086" C="0.000230277" G="0.598992" T="0.164691"/>
      <pos A="0.000285115" C="0.157448" G="0.000230277" T="0.842036"/>
      <pos A="0.000285115" C="0.000230277" G="0.000230277" T="0.999254"/>
    </motif>
    <motif id="18-CACTCTGCCGGAATT" alt="STREME-18" width="15" initial_width="12" seed="CACTCTGCCGGATTT" score_threshold="14.2332" train_pos_count="136" train_neg_count="0" train_log_pvalue="-41.1424" train_pvalue="7.2e-042" train_dtc="-1.0" train_bernoulli="-1" test_pos_count="14" test_neg_count="0" test_log_pvalue="-4.23246" test_pvalue="5.9e-005" test_log_evalue="-2.46161" test_evalue="3.5e-003" test_dtc="-1.0" test_bernoulli="-1" is_palindromic="no" elapsed_time="434.5" total_sites="136" site_distr=" 4 0 1 0 1 2 3 2 4 0 3 2 5 2 0 1 1 5 2 0 1 1 2 0 1 0 0 1 2 1 0 0 0 0 0 1 0 0 1 0 0 0 0 2 2 3 0 3 1 1 1 1 4 1 4 5 1 3 1 2 1 1 2 0 1 0 2 1 0 3 0 1 0 1 1 0 1 3 3 3 1 6 4 1 10 6" max_sites="1" site_hist=" 0 136">
      <pos A="0.0222962" C="0.969841" G="0.000236373" T="0.00762665"/>
      <pos A="0.999235" C="0.000236373" G="0.000236373" T="0.000292662"/>
      <pos A="0.000292662" C="0.999178" G="0.000236373" T="0.000292662"/>
      <pos A="0.000292662" C="0.000236373" G="0.000236373" T="0.999235"/>
      <pos A="0.000292662" C="0.991844" G="0.000236373" T="0.00762665"/>
      <pos A="0.000292662" C="0.000236373" G="0.000236373" T="0.999235"/>
      <pos A="0.0369631" C="0.000236373" G="0.962508" T="0.000292662"/>
      <pos A="0.000292662" C="0.940505" G="0.000236373" T="0.0589662"/>
      <pos A="0.191025" C="0.793778" G="0.000236373" T="0.0149606"/>
      <pos A="0.0442971" C="0.000236373" G="0.955174" T="0.000292662"/>
      <pos A="0.220362" C="0.000236373" G="0.779109" T="0.000292662"/>
      <pos A="0.940552" C="0.000236373" G="0.0589195" T="0.000292662"/>
      <pos A="0.793842" C="0.000236373" G="0.000236373" T="0.205685"/>
      <pos A="0.000292662" C="0.000236373" G="0.000236373" T="0.999235"/>
      <pos A="0.117664" C="0.00757036" G="0.0369068" T="0.837859"/>
    </motif>
    <motif id="19-ACGGTGCAGCGYGA" alt="STREME-19" width="14" initial_width="10" seed="ACGGTGCAGCGTGA" score_threshold="17.3362" train_pos_count="100" train_neg_count="1" train_log_pvalue="-28.5022" train_pvalue="3.1e-029" train_dtc="-1.0" train_bernoulli="-1" test_pos_count="14" test_neg_count="0" test_log_pvalue="-4.23246" test_pvalue="5.9e-005" test_log_evalue="-2.46161" test_evalue="3.5e-003" test_dtc="-1.0" test_bernoulli="-1" is_palindromic="no" elapsed_time="763.1" total_sites="99" site_distr=" 4 2 1 0 0 0 3 1 3 2 3 0 1 1 5 0 6 0 2 0 2 1 1 2 1 1 0 1 0 2 0 1 3 2 1 2 1 0 0 0 1 1 2 0 0 1 0 1 2 2 0 0 1 0 0 2 2 5 0 0 3 1 0 0 0 1 0 2 1 1 0 1 0 0 0 0 1 3 1 1 0 2 3 0 3 0 0" max_sites="1" site_hist=" 0 99">
      <pos A="0.988909" C="0.000323676" G="0.000323676" T="0.0104435"/>
      <pos A="0.0104435" C="0.908487" G="0.000323676" T="0.0807457"/>
      <pos A="0.100828" C="0.0103664" G="0.888405" T="0.000400755"/>
      <pos A="0.060658" C="0.000323676" G="0.938618" T="0.000400755"/>
      <pos A="0.000400755" C="0.000323676" G="0.000323676" T="0.998952"/>
      <pos A="0.10083" C="0.000323676" G="0.898446" T="0.000400755"/>
      <pos A="0.000400755" C="0.914364" G="0.000323676" T="0.0849113"/>
      <pos A="0.878412" C="0.0907347" G="0.0304526" T="0.000400755"/>
      <pos A="0.000400755" C="0.000323676" G="0.998875" T="0.000400755"/>
      <pos A="0.000400755" C="0.938618" G="0.000323676" T="0.0606572"/>
      <pos A="0.285815" C="0.000323676" G="0.71346" T="0.000400755"/>
      <pos A="0.000400755" C="0.546876" G="0.000323676" T="0.4524"/>
      <pos A="0.201285" C="0.000323676" G="0.797991" T="0.000400755"/>
      <pos A="0.938693" C="0.000323676" G="0.0304541" T="0.030529"/>
    </motif>
    <motif id="20-GCACGTCCTTTAC" alt="STREME-20" width="13" initial_width="8" seed="GCACGTCCCTTAC" score_threshold="14.2884" train_pos_count="135" train_neg_count="0" train_log_pvalue="-40.8384" train_pvalue="1.5e-041" train_dtc="-1.0" train_bernoulli="-1" test_pos_count="12" test_neg_count="0" test_log_pvalue="-3.62543" test_pvalue="2.4e-004" test_log_evalue="-1.85458" test_evalue="1.4e-002" test_dtc="-1.0" test_bernoulli="-1" is_palindromic="no" elapsed_time="459.7" total_sites="135" site_distr=" 1 0 1 0 1 0 4 0 3 2 2 3 2 1 3 2 1 0 2 2 3 1 1 6 2 2 0 1 2 0 2 3 1 0 2 1 4 3 4 2 2 2 1 1 1 4 0 0 1 0 0 1 2 3 2 1 2 1 1 2 0 6 0 0 0 1 2 3 0 1 7 1 3 0 4 0 1 0 1 0 0 0 2 1 0 1 2 2" max_sites="1" site_hist=" 0 135">
      <pos A="0.000294823" C="0.000238118" G="0.999172" T="0.000294823"/>
      <pos A="0.000294823" C="0.940066" G="0.0150144" T="0.0446246"/>
      <pos A="0.999229" C="0.000238118" G="0.000238118" T="0.000294823"/>
      <pos A="0.000294823" C="0.96223" G="0.000238118" T="0.0372371"/>
      <pos A="0.0446257" C="0.000238118" G="0.954841" T="0.000294823"/>
      <pos A="0.000294823" C="0.000238118" G="0.000238118" T="0.999229"/>
      <pos A="0.000294823" C="0.954835" G="0.000238118" T="0.0446316"/>
      <pos A="0.000294823" C="0.888329" G="0.0667506" T="0.0446252"/>
      <pos A="0.000294823" C="0.207151" G="0.000238118" T="0.792316"/>
      <pos A="0.000294823" C="0.000238118" G="0.000238118" T="0.999229"/>
      <pos A="0.000294823" C="0.0667366" G="0.0150144" T="0.917954"/>
      <pos A="0.895774" C="0.000238118" G="0.103693" T="0.000294823"/>
      <pos A="0.000294823" C="0.999172" G="0.000238118" T="0.000294823"/>
    </motif>
    <motif id="21-ACGACCT" alt="STREME-21" width="7" initial_width="7" seed="ACGACCT" score_threshold="13.6104" train_pos_count="221" train_neg_count="121" train_log_pvalue="-7.56707" train_pvalue="2.7e-008" train_dtc="-1.0" train_bernoulli="-1" test_pos_count="26" test_neg_count="6" test_log_pvalue="-3.61157" test_pvalue="2.4e-004" test_log_evalue="-1.84071" test_evalue="1.4e-002" test_dtc="-1.0" test_bernoulli="-1" is_palindromic="no" elapsed_time="1138.0" total_sites="221" site_distr=" 3 0 1 3 0 2 3 2 5 1 0 3 2 3 3 2 4 6 2 2 1 2 3 2 3 2 2 2 3 0 3 3 4 3 1 1 1 0 4 1 4 4 3 8 1 4 2 2 1 3 1 0 1 6 3 2 3 0 3 3 1 3 2 2 4 1 4 2 3 1 4 4 6 3 0 1 3 1 3 3 4 3 0 1 1 1 0 3 0 5 4 1 0 1" max_sites="2" site_hist=" 0 217 4">
      <pos A="0.934236" C="0.0203091" G="0.0203091" T="0.0251455"/>
      <pos A="0.0251455" C="0.9294" G="0.0203091" T="0.0251455"/>
      <pos A="0.0251455" C="0.0203091" G="0.9294" T="0.0251455"/>
      <pos A="0.934236" C="0.0203091" G="0.0203091" T="0.0251455"/>
      <pos A="0.0251455" C="0.9294" G="0.0203091" T="0.0251455"/>
      <pos A="0.0251455" C="0.9294" G="0.0203091" T="0.0251455"/>
      <pos A="0.0251455" C="0.0203091" G="0.0203091" T="0.934236"/>
    </motif>
    <motif id="22-AACTCTGAAAAA" alt="STREME-22" width="12" initial_width="12" seed="AACTCTGAAAAA" score_threshold="14.6915" train_pos_count="123" train_neg_count="1" train_log_pvalue="-35.3934" train_pvalue="4.0e-036" train_dtc="-1.0" train_bernoulli="-1" test_pos_count="11" test_neg_count="0" test_log_pvalue="-3.32222" test_pvalue="4.8e-004" test_log_evalue="-1.55137" test_evalue="2.8e-002" test_dtc="-1.0" test_bernoulli="-1" is_palindromic="no" elapsed_time="557.9" total_sites="123" site_distr=" 2 1 1 3 4 1 1 0 0 0 0 1 1 0 1 1 1 0 2 2 0 1 3 5 2 1 3 1 1 0 2 1 0 2 2 0 0 0 0 0 1 1 1 0 0 0 0 0 0 2 1 3 1 5 5 2 0 1 1 1 4 0 0 1 0 1 0 0 2 2 3 3 3 1 1 3 1 2 1 4 2 3 5 4 0 1 2 3 0" max_sites="1" site_hist=" 0 123">
      <pos A="0.97363" C="0.0257928" G="0.00025774" T="0.000319117"/>
      <pos A="0.991168" C="0.00025774" G="0.00825467" T="0.000319117"/>
      <pos A="0.000319117" C="0.825691" G="0.16025" T="0.0137392"/>
      <pos A="0.000319117" C="0.0802375" G="0.00025774" T="0.919186"/>
      <pos A="0.00363795" C="0.912476" G="0.00025774" T="0.0836282"/>
      <pos A="0.000319117" C="0.0675584" G="0.00025774" T="0.931865"/>
      <pos A="0.0243117" C="0.00025774" G="0.975111" T="0.000319117"/>
      <pos A="0.999165" C="0.00025774" G="0.00025774" T="0.000319117"/>
      <pos A="0.999165" C="0.00025774" G="0.00025774" T="0.000319117"/>
      <pos A="0.999165" C="0.00025774" G="0.00025774" T="0.000319117"/>
      <pos A="0.951178" C="0.00025774" G="0.00825467" T="0.0403096"/>
      <pos A="0.991168" C="0.00825467" G="0.00025774" T="0.000319117"/>
    </motif>
    <motif id="23-TAGCGCCAAA" alt="STREME-23" width="10" initial_width="10" seed="TAGCGCCAAA" score_threshold="14.0986" train_pos_count="119" train_neg_count="6" train_log_pvalue="-28.075" train_pvalue="8.4e-029" train_dtc="-1.0" train_bernoulli="-1" test_pos_count="11" test_neg_count="0" test_log_pvalue="-3.32222" test_pvalue="4.8e-004" test_log_evalue="-1.55137" test_evalue="2.8e-002" test_dtc="-1.0" test_bernoulli="-1" is_palindromic="no" elapsed_time="606.5" total_sites="118" site_distr=" 3 3 6 2 0 3 1 1 4 4 4 1 0 4 2 1 1 2 2 2 1 1 2 2 1 4 2 3 2 3 0 2 0 2 0 0 0 0 2 0 0 1 3 1 1 1 0 1 1 0 1 1 0 0 1 0 2 0 2 1 3 0 0 0 1 0 1 0 1 1 0 0 1 1 2 1 0 2 0 1 0 1 1 1 3 2 1 0 3 1 0" max_sites="2" site_hist=" 0 112 6">
      <pos A="0.00359955" C="0.00353882" G="0.000255019" T="0.992607"/>
      <pos A="0.983349" C="0.0160807" G="0.000255019" T="0.000315749"/>
      <pos A="0.000315749" C="0.00177908" G="0.997589" T="0.000315749"/>
      <pos A="0.00183981" C="0.937913" G="0.00453197" T="0.0557155"/>
      <pos A="0.0224" C="0.00353882" G="0.94848" T="0.0255813"/>
      <pos A="0.000315749" C="0.951633" G="0.00816755" T="0.0398842"/>
      <pos A="0.00822828" C="0.819148" G="0.00816755" T="0.164456"/>
      <pos A="0.817107" C="0.126934" G="0.0160801" T="0.039879"/>
      <pos A="0.823487" C="0.000255019" G="0.000255019" T="0.176003"/>
      <pos A="0.878884" C="0.120545" G="0.000255019" T="0.000315749"/>
    </motif>
    <motif id="24-GGCATGGAAAA" alt="STREME-24" width="11" initial_width="11" seed="GGCATGGAAAA" score_threshold="13.9285" train_pos_count="110" train_neg_count="5" train_log_pvalue="-26.5329" train_pvalue="2.9e-027" train_dtc="-1.0" train_bernoulli="-1" test_pos_count="11" test_neg_count="0" test_log_pvalue="-3.32222" test_pvalue="4.8e-004" test_log_evalue="-1.55137" test_evalue="2.8e-002" test_dtc="-1.0" test_bernoulli="-1" is_palindromic="no" elapsed_time="789.1" total_sites="109" site_distr=" 1 0 1 0 0 1 0 1 1 2 0 1 0 2 0 4 0 0 1 1 3 0 1 1 2 1 3 0 2 1 3 0 3 5 2 1 0 2 1 2 0 0 0 0 3 4 0 4 3 2 3 2 2 2 2 2 1 2 2 2 2 5 3 0 0 0 1 0 1 0 0 0 2 0 0 2 0 0 1 0 2 1 0 0 1 0 0 2 0 1" max_sites="1" site_hist=" 0 109">
      <pos A="0.000409498" C="0.000330737" G="0.932362" T="0.0668975"/>
      <pos A="0.0311972" C="0.0619129" G="0.90648" T="0.000409498"/>
      <pos A="0.000409498" C="0.978326" G="0.000330737" T="0.0209339"/>
      <pos A="0.840693" C="0.158567" G="0.000330737" T="0.000409498"/>
      <pos A="0.000409498" C="0.0105926" G="0.0208551" T="0.968143"/>
      <pos A="0.000409498" C="0.000330737" G="0.99885" T="0.000409498"/>
      <pos A="0.0434457" C="0.000330737" G="0.955814" T="0.000409498"/>
      <pos A="0.937354" C="0.0516444" G="0.0105926" T="0.000409498"/>
      <pos A="0.99467" C="0.000330737" G="0.000330737" T="0.00466829"/>
      <pos A="0.998929" C="0.000330737" G="0.000330737" T="0.000409498"/>
      <pos A="0.988667" C="0.000330737" G="0.000330737" T="0.0106713"/>
    </motif>
    <motif id="25-ATCCACACTTG" alt="STREME-25" width="11" initial_width="11" seed="ATCCACACTTG" score_threshold="16.1546" train_pos_count="76" train_neg_count="0" train_log_pvalue="-22.9409" train_pvalue="1.1e-023" train_dtc="-1.0" train_bernoulli="-1" test_pos_count="11" test_neg_count="0" test_log_pvalue="-3.32222" test_pvalue="4.8e-004" test_log_evalue="-1.55137" test_evalue="2.8e-002" test_dtc="-1.0" test_bernoulli="-1" is_palindromic="no" elapsed_time="889.6" total_sites="76" site_distr=" 1 2 2 2 1 3 4 4 5 2 0 1 2 3 0 1 2 1 0 3 0 0 0 0 0 0 0 1 1 2 0 2 0 1 1 0 1 0 0 1 0 2 1 0 0 0 0 1 0 0 0 0 0 0 0 0 0 0 0 0 0 0 0 0 1 0 2 1 2 3 2 0 0 2 1 1 1 1 1 5 0 0 0 0 0 0 0 0 0 0" max_sites="1" site_hist=" 0 76">
      <pos A="0.934236" C="0.0203091" G="0.0203091" T="0.0251455"/>
      <pos A="0.0251455" C="0.0203091" G="0.0203091" T="0.934236"/>
      <pos A="0.0251455" C="0.9294" G="0.0203091" T="0.0251455"/>
      <pos A="0.0251455" C="0.9294" G="0.0203091" T="0.0251455"/>
      <pos A="0.934236" C="0.0203091" G="0.0203091" T="0.0251455"/>
      <pos A="0.0251455" C="0.9294" G="0.0203091" T="0.0251455"/>
      <pos A="0.934236" C="0.0203091" G="0.0203091" T="0.0251455"/>
      <pos A="0.0251455" C="0.9294" G="0.0203091" T="0.0251455"/>
      <pos A="0.0251455" C="0.0203091" G="0.0203091" T="0.934236"/>
      <pos A="0.0251455" C="0.0203091" G="0.0203091" T="0.934236"/>
      <pos A="0.0251455" C="0.0203091" G="0.9294" T="0.0251455"/>
    </motif>
    <motif id="26-CTTGGTTCTTTATT" alt="STREME-26" width="14" initial_width="12" seed="CTTGGTTCTTTACT" score_threshold="16.8479" train_pos_count="69" train_neg_count="0" train_log_pvalue="-20.8226" train_pvalue="1.5e-021" train_dtc="-1.0" train_bernoulli="-1" test_pos_count="11" test_neg_count="0" test_log_pvalue="-3.32222" test_pvalue="4.8e-004" test_log_evalue="-1.55137" test_evalue="2.8e-002" test_dtc="-1.0" test_bernoulli="-1" is_palindromic="no" elapsed_time="958.7" total_sites="69" site_distr=" 0 0 0 0 0 1 1 0 0 0 0 2 0 0 1 0 1 0 1 0 0 0 2 2 1 1 3 1 1 0 2 0 2 1 0 3 1 2 1 1 0 2 0 0 2 1 1 0 3 2 1 1 2 0 0 3 2 0 0 1 1 0 0 1 1 0 0 0 1 2 1 0 2 1 1 1 0 0 0 1 0 0 1 1 0 2 0" max_sites="2" site_hist=" 0 67 2">
      <pos A="0.0128082" C="0.912394" G="0.000396965" T="0.0744007"/>
      <pos A="0.000491498" C="0.000396965" G="0.0127137" T="0.986398"/>
      <pos A="0.000491498" C="0.0743107" G="0.0250304" T="0.900167"/>
      <pos A="0.0251249" C="0.000396965" G="0.96167" T="0.0128082"/>
      <pos A="0.0497637" C="0.000396965" G="0.912398" T="0.0374416"/>
      <pos A="0.000491498" C="0.000396965" G="0.000396965" T="0.998715"/>
      <pos A="0.0251249" C="0.0496692" G="0.0127137" T="0.912492"/>
      <pos A="0.0128082" C="0.973987" G="0.000396965" T="0.0128082"/>
      <pos A="0.0128082" C="0.0127137" G="0.000396965" T="0.974081"/>
      <pos A="0.000491498" C="0.0127137" G="0.000396965" T="0.986398"/>
      <pos A="0.062075" C="0.0496647" G="0.111261" T="0.776999"/>
      <pos A="0.900178" C="0.0127137" G="0.0496656" T="0.0374425"/>
      <pos A="0.0128082" C="0.27138" G="0.0127137" T="0.703098"/>
      <pos A="0.000491498" C="0.0250304" G="0.000396965" T="0.974081"/>
    </motif>
    <motif id="27-CCCGAGCT" alt="STREME-27" width="8" initial_width="7" seed="CCCGAGCT" score_threshold="11.17" train_pos_count="335" train_neg_count="152" train_log_pvalue="-16.8324" train_pvalue="1.5e-017" train_dtc="-1.0" train_bernoulli="-1" test_pos_count="32" test_neg_count="11" test_log_pvalue="-3.06301" test_pvalue="8.6e-004" test_log_evalue="-1.29216" test_evalue="5.1e-002" test_dtc="-1.0" test_bernoulli="-1" is_palindromic="no" elapsed_time="1116.5" total_sites="303" site_distr=" 6 3 6 1 4 1 10 5 1 1 1 2 6 7 6 1 3 1 1 4 7 3 0 2 2 6 4 5 4 1 2 2 2 5 3 3 2 1 0 10 1 5 5 7 4 5 2 6 4 4 8 4 2 3 5 3 4 2 5 0 1 4 3 8 3 1 3 3 1 0 2 2 2 1 1 1 4 2 1 0 5 2 6 1 6 0 2 2 2 4 5 5 1" max_sites="3" site_hist=" 0 289 13 1">
      <pos A="0.0706214" C="0.810342" G="0.00401096" T="0.115026"/>
      <pos A="0.0799096" C="0.780834" G="0.0343039" T="0.104953"/>
      <pos A="0.000451416" C="0.914701" G="0.0645908" T="0.0202571"/>
      <pos A="0.0070826" C="0.0180219" G="0.961318" T="0.0135776"/>
      <pos A="0.987081" C="0.000686146" G="0.00514375" T="0.00708929"/>
      <pos A="0.0112495" C="0.11155" G="0.867641" T="0.00955995"/>
      <pos A="0.00872161" C="0.957312" G="0.0236169" T="0.0103497"/>
      <pos A="0.075621" C="0.00409845" G="0.0155145" T="0.904766"/>
    </motif>
    <motif id="28-ATCCACTGCCACCAC" alt="STREME-28" width="15" initial_width="15" seed="ATCCACTGCCACCAC" score_threshold="16.2508" train_pos_count="100" train_neg_count="0" train_log_pvalue="-30.2119" train_pvalue="6.1e-031" train_dtc="-1.0" train_bernoulli="-1" test_pos_count="10" test_neg_count="0" test_log_pvalue="-3.01921" test_pvalue="9.6e-004" test_log_evalue="-1.24835" test_evalue="5.6e-002" test_dtc="-1.0" test_bernoulli="-1" is_palindromic="no" elapsed_time="508.6" total_sites="99" site_distr=" 1 1 6 1 3 2 1 0 0 1 0 0 0 2 0 0 0 0 3 3 2 1 2 2 0 1 3 2 2 0 0 2 1 2 2 3 0 1 3 1 2 0 1 0 3 0 1 2 1 1 3 1 1 1 1 0 0 0 1 1 2 2 1 0 2 0 0 1 3 2 2 1 1 1 1 1 2 2 0 1 0 0 0 0 0 0" max_sites="1" site_hist=" 0 99">
      <pos A="0.847869" C="0.000324574" G="0.151404" T="0.000401867"/>
      <pos A="0.000401867" C="0.000324574" G="0.000324574" T="0.998949"/>
      <pos A="0.000401867" C="0.988801" G="0.0103952" T="0.000401867"/>
      <pos A="0.000401867" C="0.998872" G="0.000324574" T="0.000401867"/>
      <pos A="0.998949" C="0.000324574" G="0.000324574" T="0.000401867"/>
      <pos A="0.000401867" C="0.968659" G="0.000324574" T="0.0306144"/>
      <pos A="0.161557" C="0.0305364" G="0.0204658" T="0.787441"/>
      <pos A="0.040685" C="0.000324574" G="0.958589" T="0.000401867"/>
      <pos A="0.000401867" C="0.988801" G="0.000324574" T="0.0104725"/>
      <pos A="0.101115" C="0.75715" G="0.141334" T="0.000401867"/>
      <pos A="0.968737" C="0.000324574" G="0.0204658" T="0.0104725"/>
      <pos A="0.000401867" C="0.998872" G="0.000324574" T="0.000401867"/>
      <pos A="0.000401867" C="0.988801" G="0.000324574" T="0.0104725"/>
      <pos A="0.998949" C="0.000324574" G="0.000324574" T="0.000401867"/>
      <pos A="0.000401867" C="0.97873" G="0.000324574" T="0.0205431"/>
    </motif>
    <motif id="29-GRCGGTTACAH" alt="STREME-29" width="11" initial_width="9" seed="GGCGGTTACTC" score_threshold="10.2111" train_pos_count="95" train_neg_count="0" train_log_pvalue="-28.696" train_pvalue="2.0e-029" train_dtc="-1.0" train_bernoulli="-1" test_pos_count="10" test_neg_count="0" test_log_pvalue="-3.01921" test_pvalue="9.6e-004" test_log_evalue="-1.24835" test_evalue="5.6e-002" test_dtc="-1.0" test_bernoulli="-1" is_palindromic="no" elapsed_time="582.2" total_sites="95" site_distr=" 1 1 1 2 1 2 2 1 1 1 0 0 5 1 1 3 1 1 1 0 1 2 1 2 0 0 1 1 2 3 1 4 1 0 2 1 0 2 0 0 3 2 0 0 0 1 0 0 0 0 1 1 1 0 1 2 1 1 0 0 0 0 1 0 0 1 0 0 1 0 1 1 1 1 2 2 1 2 3 3 2 2 0 3 1 0 2 0 1 0" max_sites="1" site_hist=" 0 95">
      <pos A="0.000468403" C="0.000378312" G="0.998685" T="0.000468403"/>
      <pos A="0.528961" C="0.0121163" G="0.446717" T="0.0122064"/>
      <pos A="0.000468403" C="0.998685" G="0.000378312" T="0.000468403"/>
      <pos A="0.000468403" C="0.000378312" G="0.998685" T="0.000468403"/>
      <pos A="0.000468403" C="0.000378312" G="0.998685" T="0.000468403"/>
      <pos A="0.000468403" C="0.000378312" G="0.000378312" T="0.998775"/>
      <pos A="0.000468403" C="0.000378312" G="0.000378312" T="0.998775"/>
      <pos A="0.998775" C="0.000378312" G="0.000378312" T="0.000468403"/>
      <pos A="0.000468403" C="0.998685" G="0.000378312" T="0.000468403"/>
      <pos A="0.893127" C="0.000378312" G="0.0590733" T="0.0474211"/>
      <pos A="0.317671" C="0.352648" G="0.000378312" T="0.329302"/>
    </motif>
    <motif id="30-ACCTCGCGAGGRTC" alt="STREME-30" width="14" initial_width="8" seed="ACCTCGCGAGGATC" score_threshold="16.2141" train_pos_count="87" train_neg_count="0" train_log_pvalue="-26.2719" train_pvalue="5.3e-027" train_dtc="-1.0" train_bernoulli="-1" test_pos_count="10" test_neg_count="0" test_log_pvalue="-3.01921" test_pvalue="9.6e-004" test_log_evalue="-1.24835" test_evalue="5.6e-002" test_dtc="-1.0" test_bernoulli="-1" is_palindromic="no" elapsed_time="660.9" total_sites="86" site_distr=" 1 0 0 2 1 2 1 1 2 0 0 0 1 0 0 0 1 0 0 1 1 0 1 4 0 0 1 0 2 1 0 0 2 0 5 1 2 0 3 2 1 3 0 2 3 0 1 1 0 1 0 0 0 1 1 4 2 1 0 0 3 2 0 1 2 0 1 0 1 0 1 1 3 1 1 0 0 1 0 1 3 0 1 0 1 3 0" max_sites="1" site_hist=" 0 86">
      <pos A="0.998761" C="0.000382749" G="0.000382749" T="0.000473897"/>
      <pos A="0.000473897" C="0.986794" G="0.000382749" T="0.0123495"/>
      <pos A="0.000473897" C="0.939289" G="0.000382749" T="0.0598547"/>
      <pos A="0.000473897" C="0.000382749" G="0.000382749" T="0.998761"/>
      <pos A="0.000473897" C="0.974917" G="0.000382749" T="0.024226"/>
      <pos A="0.107366" C="0.000382749" G="0.891778" T="0.000473897"/>
      <pos A="0.000473897" C="0.974917" G="0.000382749" T="0.024226"/>
      <pos A="0.0123495" C="0.000382749" G="0.951166" T="0.0361017"/>
      <pos A="0.903752" C="0.000382749" G="0.0597635" T="0.0361017"/>
      <pos A="0.000473897" C="0.000382749" G="0.998669" T="0.000473897"/>
      <pos A="0.000473897" C="0.000382749" G="0.998669" T="0.000473897"/>
      <pos A="0.47577" C="0.000382749" G="0.523373" T="0.000473897"/>
      <pos A="0.000473897" C="0.000382749" G="0.0122584" T="0.986885"/>
      <pos A="0.000473897" C="0.998669" G="0.000382749" T="0.000473897"/>
    </motif>
    <motif id="31-AAGCGRACCC" alt="STREME-31" width="10" initial_width="10" seed="AAGCGAACCC" score_threshold="14.6069" train_pos_count="105" train_neg_count="7" train_log_pvalue="-23.2317" train_pvalue="5.9e-024" train_dtc="-1.0" train_bernoulli="-1" test_pos_count="9" test_neg_count="0" test_log_pvalue="-2.71639" test_pvalue="1.9e-003" test_log_evalue="-0.945539" test_evalue="1.1e-001" test_dtc="-1.0" test_bernoulli="-1" is_palindromic="no" elapsed_time="1160.7" total_sites="105" site_distr=" 2 0 0 1 0 0 0 0 0 1 2 1 0 1 0 1 0 0 0 3 0 0 0 0 2 0 1 0 2 2 0 3 2 0 1 2 0 4 5 2 1 3 1 1 3 2 2 0 4 3 1 4 7 1 0 2 0 3 1 1 0 1 2 1 4 0 2 1 1 1 0 0 0 0 1 1 1 0 2 1 1 1 0 1 1 1 0 1 0 0 2" max_sites="1" site_hist=" 0 105">
      <pos A="0.91398" C="0.000361801" G="0.0852099" T="0.000447959"/>
      <pos A="0.987603" C="0.0115875" G="0.000361801" T="0.000447959"/>
      <pos A="0.171053" C="0.000361801" G="0.828137" T="0.000447959"/>
      <pos A="0.000447959" C="0.998742" G="0.000361801" T="0.000447959"/>
      <pos A="0.000447959" C="0.000361801" G="0.998742" T="0.000447959"/>
      <pos A="0.488839" C="0.0228139" G="0.487899" T="0.000447959"/>
      <pos A="0.856486" C="0.000361801" G="0.097797" T="0.0453555"/>
      <pos A="0.000447959" C="0.998742" G="0.000361801" T="0.000447959"/>
      <pos A="0.000447959" C="0.998742" G="0.000361801" T="0.000447959"/>
      <pos A="0.000447959" C="0.904248" G="0.000361801" T="0.0949422"/>
    </motif>
    <motif id="32-ATGTCGACGTTG" alt="STREME-32" width="12" initial_width="12" seed="ATGTCGACGTTG" score_threshold="14.089" train_pos_count="93" train_neg_count="0" train_log_pvalue="-28.0899" train_pvalue="8.1e-029" train_dtc="-1.0" train_bernoulli="-1" test_pos_count="11" test_neg_count="1" test_log_pvalue="-2.50747" test_pvalue="3.1e-003" test_log_evalue="-0.736615" test_evalue="1.8e-001" test_dtc="-1.0" test_bernoulli="-1" is_palindromic="no" elapsed_time="532.8" total_sites="92" site_distr=" 1 4 1 0 3 4 3 3 2 3 3 3 5 2 0 1 1 1 3 3 3 1 0 5 2 0 0 0 0 1 1 0 0 2 1 2 0 0 2 1 0 0 2 0 2 0 0 1 1 1 0 1 2 0 0 1 0 2 0 0 0 0 1 1 0 3 1 0 0 0 1 0 1 2 0 0 0 0 0 0 0 0 1 1 0 0 0 0 0" max_sites="1" site_hist=" 0 92">
      <pos A="0.935293" C="0.032143" G="0.0321415" T="0.00042298"/>
      <pos A="0.00042298" C="0.000341626" G="0.000341626" T="0.998894"/>
      <pos A="0.0216231" C="0.000341626" G="0.977612" T="0.00042298"/>
      <pos A="0.00042298" C="0.000341626" G="0.0109413" T="0.988294"/>
      <pos A="0.00042298" C="0.998812" G="0.000341626" T="0.00042298"/>
      <pos A="0.0322244" C="0.000341626" G="0.967011" T="0.00042298"/>
      <pos A="0.988294" C="0.0109413" G="0.000341626" T="0.00042298"/>
      <pos A="0.00042298" C="0.998812" G="0.000341626" T="0.00042298"/>
      <pos A="0.0322244" C="0.000341626" G="0.967011" T="0.00042298"/>
      <pos A="0.0110227" C="0.000341626" G="0.0109413" T="0.977694"/>
      <pos A="0.0216231" C="0.0109413" G="0.032143" T="0.935293"/>
      <pos A="0.00042298" C="0.000341626" G="0.998812" T="0.00042298"/>
    </motif>
    <motif id="33-CGTGGCACGAGACGT" alt="STREME-33" width="15" initial_width="10" seed="CGTGGCACGAAACGT" score_threshold="13.5127" train_pos_count="101" train_neg_count="0" train_log_pvalue="-30.5151" train_pvalue="3.1e-031" train_dtc="-1.0" train_bernoulli="-1" test_pos_count="13" test_neg_count="2" test_log_pvalue="-2.44385" test_pvalue="3.6e-003" test_log_evalue="-0.672999" test_evalue="2.1e-001" test_dtc="-1.0" test_bernoulli="-1" is_palindromic="no" elapsed_time="711.8" total_sites="100" site_distr=" 1 0 0 0 0 0 1 2 1 0 0 1 2 1 1 0 0 0 3 0 4 0 3 0 1 2 0 2 1 0 0 1 1 3 3 3 0 1 3 5 1 2 4 1 1 3 2 0 1 2 3 0 2 4 3 1 2 2 0 2 0 1 2 1 1 0 0 0 0 1 0 0 2 0 0 1 1 1 1 1 0 2 0 1 1 1" max_sites="1" site_hist=" 0 100">
      <pos A="0.0104866" C="0.958533" G="0.000325012" T="0.0306551"/>
      <pos A="0.0104866" C="0.000325012" G="0.988786" T="0.00040241"/>
      <pos A="0.00040241" C="0.0305777" G="0.000325012" T="0.968695"/>
      <pos A="0.0709927" C="0.0204934" G="0.867775" T="0.0407393"/>
      <pos A="0.141587" C="0.0104092" G="0.837518" T="0.0104866"/>
      <pos A="0.0205708" C="0.898027" G="0.000325012" T="0.0810769"/>
      <pos A="0.746841" C="0.20201" G="0.000325012" T="0.0508242"/>
      <pos A="0.00040241" C="0.978702" G="0.000325012" T="0.0205708"/>
      <pos A="0.101245" C="0.000325012" G="0.867775" T="0.0306551"/>
      <pos A="0.998948" C="0.000325012" G="0.000325012" T="0.00040241"/>
      <pos A="0.0609084" C="0.000325012" G="0.92828" T="0.0104866"/>
      <pos A="0.787156" C="0.0104092" G="0.202032" T="0.00040241"/>
      <pos A="0.00040241" C="0.85769" G="0.000325012" T="0.141583"/>
      <pos A="0.22227" C="0.000325012" G="0.766919" T="0.0104866"/>
      <pos A="0.00040241" C="0.0608303" G="0.0305777" T="0.90819"/>
    </motif>
    <motif id="34-GATGCAGAAAATTCC" alt="STREME-34" width="15" initial_width="8" seed="GATGCAGACAATTCC" score_threshold="14.94" train_pos_count="95" train_neg_count="0" train_log_pvalue="-28.696" train_pvalue="2.0e-029" train_dtc="-1.0" train_bernoulli="-1" test_pos_count="8" test_neg_count="0" test_log_pvalue="-2.41378" test_pvalue="3.9e-003" test_log_evalue="-0.642924" test_evalue="2.3e-001" test_dtc="-1.0" test_bernoulli="-1" is_palindromic="no" elapsed_time="635.4" total_sites="90" site_distr=" 1 2 1 0 0 1 1 1 0 4 0 2 0 0 0 0 1 1 0 1 1 0 2 1 1 0 1 0 2 0 1 4 0 4 2 1 1 3 1 1 1 1 2 3 2 1 5 3 1 3 1 0 1 2 1 1 0 1 2 1 0 0 1 0 0 0 2 0 1 0 0 0 1 0 0 0 0 0 1 2 1 1 4 0 0 1" max_sites="2" site_hist=" 0 62 28">
      <pos A="0.0108121" C="0.000335098" G="0.988438" T="0.000414898"/>
      <pos A="0.998915" C="0.000335098" G="0.000335098" T="0.000414898"/>
      <pos A="0.000414898" C="0.166736" G="0.0107323" T="0.822117"/>
      <pos A="0.0628027" C="0.000335098" G="0.936447" T="0.000414898"/>
      <pos A="0.0108121" C="0.905255" G="0.000335098" T="0.0835982"/>
      <pos A="0.998915" C="0.000335098" G="0.000335098" T="0.000414898"/>
      <pos A="0.000414898" C="0.000335098" G="0.998835" T="0.000414898"/>
      <pos A="0.749239" C="0.000335098" G="0.000335098" T="0.25009"/>
      <pos A="0.697348" C="0.218718" G="0.0835191" T="0.000414898"/>
      <pos A="0.988517" C="0.000335098" G="0.000335098" T="0.0108124"/>
      <pos A="0.946922" C="0.000335098" G="0.0523284" T="0.000414898"/>
      <pos A="0.0524052" C="0.000335098" G="0.0523284" T="0.894931"/>
      <pos A="0.000414898" C="0.0627286" G="0.0627256" T="0.874131"/>
      <pos A="0.0524052" C="0.915652" G="0.000335098" T="0.0316079"/>
      <pos A="0.000414898" C="0.957246" G="0.000335098" T="0.0420043"/>
    </motif>
    <motif id="35-AARCGACGTCT" alt="STREME-35" width="11" initial_width="11" seed="AAGCGACGTCT" score_threshold="15.6797" train_pos_count="78" train_neg_count="1" train_log_pvalue="-21.9426" train_pvalue="1.1e-022" train_dtc="-1.0" train_bernoulli="-1" test_pos_count="8" test_neg_count="0" test_log_pvalue="-2.41378" test_pvalue="3.9e-003" test_log_evalue="-0.642924" test_evalue="2.3e-001" test_dtc="-1.0" test_bernoulli="-1" is_palindromic="no" elapsed_time="934.2" total_sites="78" site_distr=" 1 2 0 0 0 1 2 2 0 0 1 2 1 0 0 1 0 0 0 4 2 2 1 0 1 1 3 4 4 2 0 0 0 1 0 2 3 2 0 1 0 0 0 0 0 1 0 0 1 2 0 1 0 0 1 0 0 0 3 1 0 0 0 0 0 3 1 0 0 0 0 1 1 0 4 0 0 0 1 2 2 0 1 3 0 1 0 2 0 0" max_sites="1" site_hist=" 0 78">
      <pos A="0.98475" C="0.000445061" G="0.0142541" T="0.000551047"/>
      <pos A="0.998559" C="0.000445061" G="0.000445061" T="0.000551047"/>
      <pos A="0.359912" C="0.000445061" G="0.625283" T="0.01436"/>
      <pos A="0.000551047" C="0.998453" G="0.000445061" T="0.000551047"/>
      <pos A="0.000551047" C="0.000445061" G="0.984644" T="0.01436"/>
      <pos A="0.998559" C="0.000445061" G="0.000445061" T="0.000551047"/>
      <pos A="0.00628197" C="0.978913" G="0.000445061" T="0.01436"/>
      <pos A="0.000551047" C="0.000445061" G="0.998453" T="0.000551047"/>
      <pos A="0.000551047" C="0.110945" G="0.000445061" T="0.888059"/>
      <pos A="0.000551047" C="0.984644" G="0.000445061" T="0.01436"/>
      <pos A="0.000551047" C="0.0280641" G="0.000445061" T="0.97094"/>
    </motif>
    <motif id="36-ACTGTCTGTCTC" alt="STREME-36" width="12" initial_width="7" seed="ACTGTCTATCTC" score_threshold="16.4411" train_pos_count="57" train_neg_count="0" train_log_pvalue="-17.1937" train_pvalue="6.4e-018" train_dtc="-1.0" train_bernoulli="-1" test_pos_count="8" test_neg_count="0" test_log_pvalue="-2.41378" test_pvalue="3.9e-003" test_log_evalue="-0.642924" test_evalue="2.3e-001" test_dtc="-1.0" test_bernoulli="-1" is_palindromic="no" elapsed_time="1006.0" total_sites="57" site_distr=" 0 3 1 1 0 0 0 0 0 2 3 0 1 1 0 0 0 0 0 0 0 1 0 0 0 0 0 1 0 2 0 0 0 1 0 1 0 0 1 0 0 1 0 0 1 0 0 0 0 0 0 0 0 0 0 0 0 0 0 0 0 1 0 1 1 0 1 0 1 0 1 2 1 1 1 0 0 3 2 1 1 0 2 2 4 5 1 0 4" max_sites="1" site_hist=" 0 57">
      <pos A="0.998219" C="0.000549879" G="0.000549879" T="0.000680825"/>
      <pos A="0.000680825" C="0.998088" G="0.000549879" T="0.000680825"/>
      <pos A="0.000680825" C="0.000549879" G="0.000549879" T="0.998219"/>
      <pos A="0.000680825" C="0.000549879" G="0.963965" T="0.0348044"/>
      <pos A="0.017742" C="0.000549879" G="0.000549879" T="0.981158"/>
      <pos A="0.000680825" C="0.998088" G="0.000549879" T="0.000680825"/>
      <pos A="0.000680825" C="0.000549879" G="0.000549879" T="0.998219"/>
      <pos A="0.28081" C="0.0858682" G="0.632641" T="0.000680825"/>
      <pos A="0.00776144" C="0.000549879" G="0.000549879" T="0.991139"/>
      <pos A="0.017742" C="0.981027" G="0.000549879" T="0.000680825"/>
      <pos A="0.0518644" C="0.000549879" G="0.000549879" T="0.947036"/>
      <pos A="0.000680825" C="0.998088" G="0.000549879" T="0.000680825"/>
    </motif>
    <motif id="37-ATTTAATGAGGTRA" alt="STREME-37" width="14" initial_width="10" seed="ATTTAATGAGGTAA" score_threshold="13.6642" train_pos_count="115" train_neg_count="4" train_log_pvalue="-29.0421" train_pvalue="9.1e-030" train_dtc="-1.0" train_bernoulli="-1" test_pos_count="14" test_neg_count="3" test_log_pvalue="-2.20767" test_pvalue="6.2e-003" test_log_evalue="-0.436821" test_evalue="3.7e-001" test_dtc="-1.0" test_bernoulli="-1" is_palindromic="no" elapsed_time="839.1" total_sites="115" site_distr=" 2 2 1 3 1 0 1 1 1 2 2 2 0 3 1 0 0 0 0 1 0 0 0 0 1 0 1 1 1 2 0 1 0 0 1 2 1 1 1 4 0 1 0 3 1 0 1 1 1 1 1 0 2 2 0 5 3 3 1 1 0 2 2 1 2 4 4 4 1 0 2 0 3 1 4 3 0 2 2 3 0 1 0 1 2 4 0" max_sites="1" site_hist=" 0 115">
      <pos A="0.985191" C="0.0004322" G="0.0138421" T="0.000535123"/>
      <pos A="0.0139451" C="0.0808929" G="0.0272521" T="0.87791"/>
      <pos A="0.040765" C="0.0004322" G="0.0004322" T="0.958371"/>
      <pos A="0.0541778" C="0.0138421" G="0.0004322" T="0.931548"/>
      <pos A="0.931551" C="0.0138421" G="0.0272521" T="0.027355"/>
      <pos A="0.979625" C="0.0138421" G="0.00599751" T="0.000535123"/>
      <pos A="0.0139451" C="0.0004322" G="0.0004322" T="0.985191"/>
      <pos A="0.107835" C="0.0004322" G="0.845402" T="0.0463303"/>
      <pos A="0.971781" C="0.0272521" G="0.0004322" T="0.000535123"/>
      <pos A="0.260919" C="0.0004322" G="0.684474" T="0.0541749"/>
      <pos A="0.215142" C="0.0004322" G="0.783891" T="0.000535123"/>
      <pos A="0.0810007" C="0.0272521" G="0.0138421" T="0.877905"/>
      <pos A="0.435249" C="0.0004322" G="0.536964" T="0.027355"/>
      <pos A="0.958371" C="0.0004322" G="0.0272521" T="0.0139451"/>
    </motif>
    <motif id="38-TGGAATTTGAAARKG" alt="STREME-38" width="15" initial_width="12" seed="TGGAATTTGAAAAGG" score_threshold="13.9148" train_pos_count="88" train_neg_count="2" train_log_pvalue="-23.5607" train_pvalue="2.7e-024" train_dtc="-1.0" train_bernoulli="-1" test_pos_count="7" test_neg_count="0" test_log_pvalue="-2.11136" test_pvalue="7.7e-003" test_log_evalue="-0.340508" test_evalue="4.6e-001" test_dtc="-1.0" test_bernoulli="-1" is_palindromic="no" elapsed_time="686.1" total_sites="87" site_distr=" 2 1 1 0 0 1 1 2 1 3 0 0 2 1 1 2 1 0 0 0 2 0 0 2 1 0 1 0 1 1 1 0 1 2 1 1 1 1 3 0 1 0 0 0 3 2 0 1 0 0 0 0 2 3 3 2 0 2 1 0 2 0 0 1 2 1 1 1 0 2 0 0 1 2 0 3 1 0 1 1 1 2 3 2 0 2" max_sites="1" site_hist=" 0 87">
      <pos A="0.0494993" C="0.0248974" G="0.000394856" T="0.925208"/>
      <pos A="0.0790827" C="0.000394856" G="0.871023" T="0.0494993"/>
      <pos A="0.0127401" C="0.000394856" G="0.986376" T="0.000488886"/>
      <pos A="0.981386" C="0.0177306" G="0.000394856" T="0.000488886"/>
      <pos A="0.974219" C="0.0126461" G="0.0126461" T="0.000488886"/>
      <pos A="0.000488886" C="0.000394856" G="0.0126461" T="0.98647"/>
      <pos A="0.000488886" C="0.000394856" G="0.000394856" T="0.998721"/>
      <pos A="0.000488886" C="0.221039" G="0.0126461" T="0.765826"/>
      <pos A="0.000488886" C="0.000394856" G="0.998627" T="0.000488886"/>
      <pos A="0.974219" C="0.000394856" G="0.0248974" T="0.000488886"/>
      <pos A="0.974219" C="0.0126461" G="0.0126461" T="0.000488886"/>
      <pos A="0.98647" C="0.000394856" G="0.000394856" T="0.0127401"/>
      <pos A="0.483506" C="0.000394856" G="0.51561" T="0.000488886"/>
      <pos A="0.0127401" C="0.000394856" G="0.471161" T="0.515704"/>
      <pos A="0.000488886" C="0.000394856" G="0.777983" T="0.221133"/>
    </motif>
    <motif id="39-CCGACCAACHACCAR" alt="STREME-39" width="15" initial_width="9" seed="CCGACCAACAACCAA" score_threshold="17.8248" train_pos_count="46" train_neg_count="0" train_log_pvalue="-13.8701" train_pvalue="1.3e-014" train_dtc="-1.0" train_bernoulli="-1" test_pos_count="7" test_neg_count="0" test_log_pvalue="-2.11136" test_pvalue="7.7e-003" test_log_evalue="-0.340508" test_evalue="4.6e-001" test_dtc="-1.0" test_bernoulli="-1" is_palindromic="no" elapsed_time="1285.6" total_sites="45" site_distr=" 0 0 0 0 0 0 0 0 0 0 0 0 0 0 1 1 0 0 0 0 2 0 0 0 1 0 0 0 1 0 0 0 0 1 0 1 0 2 1 1 2 1 1 1 0 1 2 0 0 1 0 3 0 0 0 0 0 0 1 0 1 0 0 1 0 0 0 2 1 2 1 0 0 0 0 0 1 3 0 1 3 3 0 0 1 0" max_sites="1" site_hist=" 0 45">
      <pos A="0.0010193" C="0.920503" G="0.000823251" T="0.0776543"/>
      <pos A="0.0010193" C="0.971595" G="0.000823251" T="0.0265625"/>
      <pos A="0.128737" C="0.000823251" G="0.843877" T="0.0265625"/>
      <pos A="0.997334" C="0.000823251" G="0.000823251" T="0.0010193"/>
      <pos A="0.0010193" C="0.997138" G="0.000823251" T="0.0010193"/>
      <pos A="0.0010193" C="0.946052" G="0.0263664" T="0.0265625"/>
      <pos A="0.971791" C="0.000823251" G="0.0263664" T="0.0010193"/>
      <pos A="0.946248" C="0.0519096" G="0.000823251" T="0.0010193"/>
      <pos A="0.0265625" C="0.971595" G="0.000823251" T="0.0010193"/>
      <pos A="0.282033" C="0.460641" G="0.000823251" T="0.256503"/>
      <pos A="0.869617" C="0.000823251" G="0.000823251" T="0.128737"/>
      <pos A="0.0010193" C="0.997138" G="0.000823251" T="0.0010193"/>
      <pos A="0.0010193" C="0.997138" G="0.000823251" T="0.0010193"/>
      <pos A="0.971791" C="0.000823251" G="0.0263664" T="0.0010193"/>
      <pos A="0.588584" C="0.0263664" G="0.38403" T="0.0010193"/>
    </motif>
    <motif id="40-GTAAACGGA" alt="STREME-40" width="9" initial_width="9" seed="GTAAACGGA" score_threshold="15.7085" train_pos_count="49" train_neg_count="3" train_log_pvalue="-11.3057" train_pvalue="4.9e-012" train_dtc="-1.0" train_bernoulli="-1" test_pos_count="7" test_neg_count="0" test_log_pvalue="-2.11136" test_pvalue="7.7e-003" test_log_evalue="-0.340508" test_evalue="4.6e-001" test_dtc="-1.0" test_bernoulli="-1" is_palindromic="no" elapsed_time="1073.4" total_sites="49" site_distr=" 0 3 1 1 3 0 0 0 0 0 1 2 1 0 0 2 1 1 0 0 0 0 0 1 0 0 0 0 1 1 0 0 1 0 0 2 0 1 0 2 0 1 2 1 0 0 2 0 0 0 0 2 1 0 0 0 1 0 0 2 0 2 0 0 1 0 0 0 0 0 0 1 0 1 1 0 0 0 0 0 1 0 1 1 0 0 0 0 1 0 0 2" max_sites="1" site_hist=" 0 49">
      <pos A="0.000994142" C="0.000802933" G="0.997209" T="0.000994142"/>
      <pos A="0.000994142" C="0.000802933" G="0.000802933" T="0.9974"/>
      <pos A="0.9974" C="0.000802933" G="0.000802933" T="0.000994142"/>
      <pos A="0.798068" C="0.000802933" G="0.100465" T="0.100664"/>
      <pos A="0.887399" C="0.100465" G="0.0111421" T="0.000994142"/>
      <pos A="0.000994142" C="0.997209" G="0.000802933" T="0.000994142"/>
      <pos A="0.000994142" C="0.000802933" G="0.997209" T="0.000994142"/>
      <pos A="0.000994142" C="0.000802933" G="0.997209" T="0.000994142"/>
      <pos A="0.9974" C="0.000802933" G="0.000802933" T="0.000994142"/>
    </motif>
    <motif id="41-AGAATGACATATC" alt="STREME-41" width="13" initial_width="13" seed="AGAATGACATATC" score_threshold="18.5179" train_pos_count="32" train_neg_count="0" train_log_pvalue="-9.64383" train_pvalue="2.3e-010" train_dtc="-1.0" train_bernoulli="-1" test_pos_count="7" test_neg_count="0" test_log_pvalue="-2.11136" test_pvalue="7.7e-003" test_log_evalue="-0.340508" test_evalue="4.6e-001" test_dtc="-1.0" test_bernoulli="-1" is_palindromic="no" elapsed_time="1309.2" total_sites="31" site_distr=" 1 1 0 1 0 0 0 0 0 0 0 1 0 0 1 0 0 0 0 0 0 0 1 0 0 1 0 1 3 0 0 2 0 1 0 2 1 0 0 0 0 0 0 2 0 0 0 0 0 0 0 1 0 1 0 1 0 0 0 2 0 0 0 0 0 0 0 0 1 1 1 0 0 0 0 0 0 0 0 0 0 0 0 1 1 1 1 0" max_sites="1" site_hist=" 0 31">
      <pos A="0.934236" C="0.0203091" G="0.0203091" T="0.0251455"/>
      <pos A="0.0251455" C="0.0203091" G="0.9294" T="0.0251455"/>
      <pos A="0.934236" C="0.0203091" G="0.0203091" T="0.0251455"/>
      <pos A="0.934236" C="0.0203091" G="0.0203091" T="0.0251455"/>
      <pos A="0.0251455" C="0.0203091" G="0.0203091" T="0.934236"/>
      <pos A="0.0251455" C="0.0203091" G="0.9294" T="0.0251455"/>
      <pos A="0.934236" C="0.0203091" G="0.0203091" T="0.0251455"/>
      <pos A="0.0251455" C="0.9294" G="0.0203091" T="0.0251455"/>
      <pos A="0.934236" C="0.0203091" G="0.0203091" T="0.0251455"/>
      <pos A="0.0251455" C="0.0203091" G="0.0203091" T="0.934236"/>
      <pos A="0.934236" C="0.0203091" G="0.0203091" T="0.0251455"/>
      <pos A="0.0251455" C="0.0203091" G="0.0203091" T="0.934236"/>
      <pos A="0.0251455" C="0.9294" G="0.0203091" T="0.0251455"/>
    </motif>
    <motif id="42-AACTAGTT" alt="STREME-42" width="8" initial_width="7" seed="AACTTGTG" score_threshold="10.4" train_pos_count="254" train_neg_count="127" train_log_pvalue="-10.6207" train_pvalue="2.4e-011" train_dtc="-1.0" train_bernoulli="-1" test_pos_count="26" test_neg_count="11" test_log_pvalue="-2.02099" test_pvalue="9.5e-003" test_log_evalue="-0.250133" test_evalue="5.6e-001" test_dtc="-1.0" test_bernoulli="-1" is_palindromic="yes" elapsed_time="1094.5" total_sites="235" site_distr=" 2 0 2 4 0 1 5 3 2 2 3 1 2 3 4 4 1 1 2 2 0 0 2 2 1 4 6 1 2 1 3 2 3 4 4 4 2 2 2 3 2 2 2 2 5 1 2 2 1 2 1 0 2 3 3 1 3 2 1 2 5 3 3 2 5 2 2 1 1 2 1 2 1 7 2 1 4 4 3 4 5 2 2 3 3 2 3 3 1 3 2 1 2" max_sites="3" site_hist=" 0 216 18 1">
      <pos A="0.601008" C="0.216452" G="0.156192" T="0.0263482"/>
      <pos A="0.998062" C="0.000598636" G="0.000598636" T="0.000741194"/>
      <pos A="0.000741194" C="0.997919" G="0.000598636" T="0.000741194"/>
      <pos A="0.270476" C="0.000598636" G="0.000598636" T="0.728327"/>
      <pos A="0.728327" C="0.000598636" G="0.000598636" T="0.270476"/>
      <pos A="0.000741194" C="0.000598636" G="0.997919" T="0.000741194"/>
      <pos A="0.000741194" C="0.000598636" G="0.000598636" T="0.998062"/>
      <pos A="0.0263482" C="0.156192" G="0.216452" T="0.601008"/>
    </motif>
    <motif id="43-ACGRAGCT" alt="STREME-43" width="8" initial_width="8" seed="ACGAAGCT" score_threshold="11.2666" train_pos_count="274" train_neg_count="91" train_log_pvalue="-22.3725" train_pvalue="4.2e-023" train_dtc="-1.0" train_bernoulli="-1" test_pos_count="28" test_neg_count="13" test_log_pvalue="-1.88405" test_pvalue="1.3e-002" test_log_evalue="-0.113202" test_evalue="7.7e-001" test_dtc="-1.0" test_bernoulli="-1" is_palindromic="no" elapsed_time="910.7" total_sites="251" site_distr=" 6 6 9 3 2 2 1 3 2 0 3 8 4 1 2 2 0 2 2 1 1 5 1 2 3 0 1 3 1 2 2 3 1 8 3 1 1 1 0 1 4 3 3 4 3 1 4 6 0 4 3 3 0 1 3 4 3 5 12 2 2 2 5 3 2 1 1 5 2 2 1 3 5 2 1 3 5 7 3 7 1 0 0 2 3 1 6 5 3 0 0 1 0" max_sites="2" site_hist=" 0 250 1">
      <pos A="0.945731" C="0.0532151" G="0.000589398" T="0.000464156"/>
      <pos A="0.000464156" C="0.998697" G="0.000374882" T="0.000464156"/>
      <pos A="0.000464156" C="0.000374882" G="0.932658" T="0.0665029"/>
      <pos A="0.548602" C="0.00238985" G="0.445954" T="0.00305381"/>
      <pos A="0.921477" C="0.0776839" G="0.000374882" T="0.000464156"/>
      <pos A="0.000464156" C="0.000374882" G="0.998697" T="0.000464156"/>
      <pos A="0.000464156" C="0.998697" G="0.000374882" T="0.000464156"/>
      <pos A="0.000464156" C="0.000374882" G="0.000442856" T="0.998718"/>
    </motif>
    <motif id="44-CGTGCCAAGGARGC" alt="STREME-44" width="14" initial_width="11" seed="CGTGCCAAGGAGGC" score_threshold="17.5949" train_pos_count="63" train_neg_count="0" train_log_pvalue="-19.0078" train_pvalue="9.8e-020" train_dtc="-1.0" train_bernoulli="-1" test_pos_count="6" test_neg_count="0" test_log_pvalue="-1.80914" test_pvalue="1.6e-002" test_log_evalue="-0.0382911" test_evalue="9.2e-001" test_dtc="-1.0" test_bernoulli="-1" is_palindromic="no" elapsed_time="982.5" total_sites="63" site_distr=" 1 0 1 0 1 3 2 2 0 0 0 0 0 0 3 1 0 0 0 1 0 0 1 0 1 1 0 0 0 0 1 0 0 1 2 1 0 1 0 0 2 0 1 2 2 2 2 1 2 1 0 2 2 0 0 0 0 1 0 4 2 0 2 1 0 2 0 1 0 0 1 1 0 1 0 0 1 0 1 0 0 0 1 0 0 0 1" max_sites="2" site_hist=" 0 62 1">
      <pos A="0.0466524" C="0.936895" G="0.000494596" T="0.0159583"/>
      <pos A="0.000612378" C="0.000494596" G="0.998281" T="0.000612378"/>
      <pos A="0.000612378" C="0.000494596" G="0.0158405" T="0.983053"/>
      <pos A="0.0313053" C="0.000494596" G="0.967588" T="0.000612378"/>
      <pos A="0.0619994" C="0.936894" G="0.000494596" T="0.000612378"/>
      <pos A="0.0159583" C="0.890857" G="0.0311864" T="0.0619983"/>
      <pos A="0.752788" C="0.000494596" G="0.246105" T="0.000612378"/>
      <pos A="0.967707" C="0.000494596" G="0.0311864" T="0.000612378"/>
      <pos A="0.0159583" C="0.000494596" G="0.982935" T="0.000612378"/>
      <pos A="0.0159583" C="0.000494596" G="0.982935" T="0.000612378"/>
      <pos A="0.998398" C="0.000494596" G="0.000494596" T="0.000612378"/>
      <pos A="0.660701" C="0.000494596" G="0.338192" T="0.000612378"/>
      <pos A="0.0313053" C="0.000494596" G="0.967588" T="0.000612378"/>
      <pos A="0.0773531" C="0.86015" G="0.000494596" T="0.0620027"/>
    </motif>
    <motif id="45-ATGGACCTCATCGGR" alt="STREME-45" width="15" initial_width="14" seed="ATGGACCTCATCGGG" score_threshold="11.2316" train_pos_count="43" train_neg_count="0" train_log_pvalue="-12.9641" train_pvalue="1.1e-013" train_dtc="-1.0" train_bernoulli="-1" test_pos_count="6" test_neg_count="0" test_log_pvalue="-1.80914" test_pvalue="1.6e-002" test_log_evalue="-0.0382911" test_evalue="9.2e-001" test_dtc="-1.0" test_bernoulli="-1" is_palindromic="no" elapsed_time="1235.2" total_sites="42" site_distr=" 1 1 0 0 1 0 0 1 1 2 0 1 1 2 0 0 0 0 0 0 0 0 1 1 1 0 0 0 0 0 0 1 0 0 0 1 0 1 0 2 1 0 1 0 2 0 0 0 1 1 0 0 1 2 1 3 0 0 1 0 1 0 0 1 2 0 0 0 0 3 0 0 0 0 0 0 0 0 0 0 0 1 1 0 0 0" max_sites="1" site_hist=" 0 42">
      <pos A="0.997334" C="0.000823188" G="0.000823188" T="0.00101922"/>
      <pos A="0.00101922" C="0.0519056" G="0.0263644" T="0.920711"/>
      <pos A="0.00101922" C="0.000823188" G="0.997138" T="0.00101922"/>
      <pos A="0.00101922" C="0.000823188" G="0.997138" T="0.00101922"/>
      <pos A="0.971793" C="0.000823188" G="0.000823188" T="0.0265604"/>
      <pos A="0.00101922" C="0.76726" G="0.000823188" T="0.230898"/>
      <pos A="0.00101922" C="0.946054" G="0.000823188" T="0.0521035"/>
      <pos A="0.00101922" C="0.000823188" G="0.0519056" T="0.946252"/>
      <pos A="0.0521016" C="0.690638" G="0.256241" T="0.00101922"/>
      <pos A="0.997334" C="0.000823188" G="0.000823188" T="0.00101922"/>
      <pos A="0.00101922" C="0.000823188" G="0.000823188" T="0.997334"/>
      <pos A="0.00101922" C="0.894972" G="0.0263644" T="0.0776447"/>
      <pos A="0.0265604" C="0.000823188" G="0.971597" T="0.00101922"/>
      <pos A="0.0265604" C="0.000823188" G="0.971597" T="0.00101922"/>
      <pos A="0.665269" C="0.000823188" G="0.332889" T="0.00101922"/>
    </motif>
    <motif id="46-CAGAACTCTAAGA" alt="STREME-46" width="13" initial_width="13" seed="CAGAACTCTAAGA" score_threshold="13.1116" train_pos_count="83" train_neg_count="13" train_log_pvalue="-13.2745" train_pvalue="5.3e-014" train_dtc="-1.0" train_bernoulli="-1" test_pos_count="12" test_neg_count="3" test_log_pvalue="-1.76255" test_pvalue="1.7e-002" test_log_evalue="0.0083055" test_evalue="1.0e+000" test_dtc="-1.0" test_bernoulli="-1" is_palindromic="no" elapsed_time="1444.8" total_sites="83" site_distr=" 1 0 1 1 1 1 1 0 1 0 1 1 2 1 1 0 0 0 0 2 2 2 1 3 1 0 0 0 2 2 1 0 0 0 1 1 2 1 1 0 2 2 3 2 1 0 0 0 3 1 1 0 0 2 1 1 0 2 0 1 2 2 0 1 2 0 2 0 0 2 0 0 0 1 0 1 1 1 1 1 2 2 0 0 0 3 2 0" max_sites="1" site_hist=" 0 83">
      <pos A="0.000501443" C="0.810098" G="0.000404998" T="0.188996"/>
      <pos A="0.998689" C="0.000404998" G="0.000404998" T="0.000501443"/>
      <pos A="0.25706" C="0.000404998" G="0.679204" T="0.0633311"/>
      <pos A="0.998689" C="0.000404998" G="0.000404998" T="0.000501443"/>
      <pos A="0.704431" C="0.0129709" G="0.000404998" T="0.282193"/>
      <pos A="0.000501443" C="0.97346" G="0.000404998" T="0.0256333"/>
      <pos A="0.282194" C="0.000404998" G="0.113499" T="0.603901"/>
      <pos A="0.000501443" C="0.948326" G="0.0506715" T="0.000501443"/>
      <pos A="0.000501443" C="0.206678" G="0.000404998" T="0.792416"/>
      <pos A="0.835331" C="0.0255369" G="0.0632356" T="0.075897"/>
      <pos A="0.973557" C="0.000404998" G="0.000404998" T="0.0256333"/>
      <pos A="0.000501443" C="0.256942" G="0.742055" T="0.000501443"/>
      <pos A="0.772477" C="0.000404998" G="0.000404998" T="0.226713"/>
    </motif>
    <motif id="47-AAATGGGC" alt="STREME-47" width="8" initial_width="8" seed="AAATGGGC" score_threshold="13.0231" train_pos_count="127" train_neg_count="53" train_log_pvalue="-7.82621" train_pvalue="1.5e-008" train_dtc="-1.0" train_bernoulli="-1" test_pos_count="15" test_neg_count="5" test_log_pvalue="-1.69372" test_pvalue="2.0e-002" test_log_evalue="0.0771278" test_evalue="1.2e+000" test_dtc="-1.0" test_bernoulli="-1" is_palindromic="no" elapsed_time="1330.4" total_sites="127" site_distr=" 2 3 0 1 0 0 0 1 0 1 2 0 2 0 4 1 0 3 2 2 1 0 0 0 2 4 1 1 2 2 2 2 0 0 3 1 1 0 1 1 0 2 2 0 0 2 0 6 0 1 2 2 0 1 0 1 1 1 1 4 1 1 2 0 3 1 2 1 1 2 1 2 0 0 3 5 3 1 2 3 1 0 3 0 4 0 1 2 4 2 0 1 0" max_sites="2" site_hist=" 0 125 2">
      <pos A="0.972594" C="0.000941981" G="0.000941981" T="0.0255222"/>
      <pos A="0.85849" C="0.000941981" G="0.000941981" T="0.139626"/>
      <pos A="0.926556" C="0.0713358" G="0.000941981" T="0.0011663"/>
      <pos A="0.0011663" C="0.10177" G="0.000941981" T="0.896121"/>
      <pos A="0.0011663" C="0.000941981" G="0.996725" T="0.0011663"/>
      <pos A="0.0011663" C="0.000941981" G="0.996725" T="0.0011663"/>
      <pos A="0.0011663" C="0.000941981" G="0.996725" T="0.0011663"/>
      <pos A="0.0011663" C="0.996725" G="0.000941981" T="0.0011663"/>
    </motif>
    <motif id="48-ATGACTGAGAARGGA" alt="STREME-48" width="15" initial_width="14" seed="ATGACTGAGAAAGGG" score_threshold="13.3154" train_pos_count="80" train_neg_count="0" train_log_pvalue="-24.1518" train_pvalue="7.0e-025" train_dtc="-1.0" train_bernoulli="-1" test_pos_count="5" test_neg_count="0" test_log_pvalue="-1.50712" test_pvalue="3.1e-002" test_log_evalue="0.263728" test_evalue="1.8e+000" test_dtc="-1.0" test_bernoulli="-1" is_palindromic="no" elapsed_time="814.1" total_sites="79" site_distr=" 1 0 3 0 3 2 0 1 0 0 1 0 0 1 2 2 2 1 0 1 0 1 1 1 0 2 2 1 0 0 1 2 1 0 2 0 1 2 2 0 1 1 1 0 0 1 0 1 0 1 1 0 2 1 0 0 1 3 3 3 2 0 0 3 1 2 0 1 1 0 1 1 2 1 0 0 0 1 1 0 0 1 0 0 2 0" max_sites="1" site_hist=" 0 79">
      <pos A="0.906737" C="0.000423088" G="0.0791884" T="0.0136511"/>
      <pos A="0.000523841" C="0.0266775" G="0.000423088" T="0.972376"/>
      <pos A="0.0530337" C="0.000423088" G="0.946019" T="0.000523841"/>
      <pos A="0.99863" C="0.000423088" G="0.000423088" T="0.000523841"/>
      <pos A="0.000523841" C="0.893509" G="0.0398048" T="0.0661619"/>
      <pos A="0.0530328" C="0.0923175" G="0.000423088" T="0.854227"/>
      <pos A="0.000523841" C="0.000423088" G="0.998529" T="0.000523841"/>
      <pos A="0.99863" C="0.000423088" G="0.000423088" T="0.000523841"/>
      <pos A="0.105543" C="0.000423088" G="0.854128" T="0.0399065"/>
      <pos A="0.99863" C="0.000423088" G="0.000423088" T="0.000523841"/>
      <pos A="0.972376" C="0.0135503" G="0.000423088" T="0.0136511"/>
      <pos A="0.59152" C="0.000423088" G="0.355024" T="0.0530337"/>
      <pos A="0.000523841" C="0.000423088" G="0.998529" T="0.000523841"/>
      <pos A="0.0136511" C="0.000423088" G="0.985402" T="0.000523841"/>
      <pos A="0.762336" C="0.000423088" G="0.236717" T="0.000523841"/>
    </motif>
    <motif id="49-CACGTGTCARARST" alt="STREME-49" width="14" initial_width="10" seed="CACGTGTCAAAACT" score_threshold="12.7346" train_pos_count="76" train_neg_count="3" train_log_pvalue="-18.9241" train_pvalue="1.2e-019" train_dtc="-1.0" train_bernoulli="-1" test_pos_count="5" test_neg_count="0" test_log_pvalue="-1.50712" test_pvalue="3.1e-002" test_log_evalue="0.263728" test_evalue="1.8e+000" test_dtc="-1.0" test_bernoulli="-1" is_palindromic="no" elapsed_time="1210.0" total_sites="75" site_distr=" 1 2 1 0 0 2 1 2 1 2 0 0 0 2 1 2 2 0 0 0 1 0 0 3 0 0 0 0 0 1 0 1 1 1 1 1 0 2 1 1 0 0 1 0 0 1 5 0 0 2 0 0 0 0 2 1 0 1 0 0 2 0 1 0 3 0 3 1 2 0 0 0 1 2 2 1 2 3 0 1 1 1 1 1 1 0 0" max_sites="1" site_hist=" 0 75">
      <pos A="0.000585539" C="0.969009" G="0.000472919" T="0.0299322"/>
      <pos A="0.925096" C="0.000472919" G="0.073846" T="0.000585539"/>
      <pos A="0.0886266" C="0.895642" G="0.000472919" T="0.0152589"/>
      <pos A="0.000585539" C="0.000472919" G="0.983683" T="0.0152589"/>
      <pos A="0.000585539" C="0.0151463" G="0.000472919" T="0.983795"/>
      <pos A="0.000585539" C="0.0151463" G="0.983683" T="0.000585539"/>
      <pos A="0.000585539" C="0.000472919" G="0.0151463" T="0.983795"/>
      <pos A="0.000585539" C="0.910316" G="0.000472919" T="0.0886256"/>
      <pos A="0.969122" C="0.000472919" G="0.0298196" T="0.000585539"/>
      <pos A="0.572911" C="0.11787" G="0.308633" T="0.000585539"/>
      <pos A="0.74901" C="0.249931" G="0.000472919" T="0.000585539"/>
      <pos A="0.616938" C="0.000472919" G="0.382003" T="0.000585539"/>
      <pos A="0.0592789" C="0.455422" G="0.381999" T="0.1033"/>
      <pos A="0.000585539" C="0.0591663" G="0.000472919" T="0.939775"/>
    </motif>
    <motif id="50-ACTTTCTTTCCTCT" alt="STREME-50" width="14" initial_width="14" seed="ACTTTCTTTCCTCT" score_threshold="16.9155" train_pos_count="52" train_neg_count="0" train_log_pvalue="-15.6827" train_pvalue="2.1e-016" train_dtc="-1.0" train_bernoulli="-1" test_pos_count="5" test_neg_count="0" test_log_pvalue="-1.50712" test_pvalue="3.1e-002" test_log_evalue="0.263728" test_evalue="1.8e+000" test_dtc="-1.0" test_bernoulli="-1" is_palindromic="no" elapsed_time="1030.3" total_sites="51" site_distr=" 1 0 1 0 1 2 0 0 0 1 0 1 0 3 1 1 1 0 0 1 2 0 0 1 0 0 1 0 0 0 0 1 1 1 0 0 0 0 0 0 0 0 1 0 0 1 0 0 1 0 0 1 0 0 0 0 1 0 0 1 1 3 1 1 0 0 0 1 1 2 0 4 2 0 0 0 0 0 2 0 2 0 1 2 1 0 0" max_sites="1" site_hist=" 0 51">
      <pos A="0.99792" C="0.000642387" G="0.000642387" T="0.000795364"/>
      <pos A="0.000795364" C="0.997767" G="0.000642387" T="0.000795364"/>
      <pos A="0.000795364" C="0.31972" G="0.0205739" T="0.658911"/>
      <pos A="0.000795364" C="0.000642387" G="0.000642387" T="0.99792"/>
      <pos A="0.000795364" C="0.000642387" G="0.000642387" T="0.99792"/>
      <pos A="0.000795364" C="0.997767" G="0.000642387" T="0.000795364"/>
      <pos A="0.000795364" C="0.000642387" G="0.000642387" T="0.99792"/>
      <pos A="0.000795364" C="0.000642387" G="0.000642387" T="0.99792"/>
      <pos A="0.000795364" C="0.0205739" G="0.000642387" T="0.977988"/>
      <pos A="0.000795364" C="0.997767" G="0.000642387" T="0.000795364"/>
      <pos A="0.000795364" C="0.977835" G="0.000642387" T="0.0207268"/>
      <pos A="0.000795364" C="0.0205739" G="0.000642387" T="0.977988"/>
      <pos A="0.000795364" C="0.918032" G="0.000642387" T="0.0805299"/>
      <pos A="0.0207268" C="0.000642387" G="0.0405068" T="0.938124"/>
    </motif>
    <motif id="51-GAGGTTGGGAW" alt="STREME-51" width="11" initial_width="10" seed="GAGGTTGGGAA" score_threshold="15.5604" train_pos_count="72" train_neg_count="7" train_log_pvalue="-14.322" train_pvalue="4.8e-015" train_dtc="-1.0" train_bernoulli="-1" test_pos_count="5" test_neg_count="0" test_log_pvalue="-1.50712" test_pvalue="3.1e-002" test_log_evalue="0.263728" test_evalue="1.8e+000" test_dtc="-1.0" test_bernoulli="-1" is_palindromic="no" elapsed_time="1492.8" total_sites="72" site_distr=" 1 0 1 0 1 2 1 2 0 0 1 1 1 1 0 0 1 1 0 0 0 0 0 0 1 0 0 3 0 3 1 0 0 0 0 1 1 0 0 0 1 0 0 0 0 0 1 0 0 2 4 0 1 1 0 1 1 2 0 1 0 1 0 0 0 1 0 0 1 4 2 1 1 1 0 1 0 0 1 0 0 2 1 0 2 0 0 3 1 3" max_sites="4" site_hist=" 0 52 12 7 1">
      <pos A="0.00529099" C="0.011663" G="0.844834" T="0.138212"/>
      <pos A="0.887346" C="0.0163492" G="0.0606214" T="0.0356838"/>
      <pos A="0.10214" C="0.0116609" G="0.829259" T="0.0569398"/>
      <pos A="0.00262672" C="0.00505242" G="0.99187" T="0.000450799"/>
      <pos A="0.0230444" C="0.0116609" G="0.0163492" T="0.948945"/>
      <pos A="0.203861" C="0.0116609" G="0.00505242" T="0.779425"/>
      <pos A="0.0343425" C="0.00505242" G="0.948857" T="0.011748"/>
      <pos A="0.0209145" C="0.000364094" G="0.973582" T="0.00513913"/>
      <pos A="0.000450799" C="0.00505242" G="0.971452" T="0.0230444"/>
      <pos A="0.865174" C="0.00505242" G="0.0229577" T="0.106815"/>
      <pos A="0.522022" C="0.124674" G="0.0116609" T="0.341643"/>
    </motif>
    <motif id="52-GGGCGAGCCA" alt="STREME-52" width="10" initial_width="10" seed="GGGCGAGCCA" score_threshold="16.1898" train_pos_count="47" train_neg_count="0" train_log_pvalue="-14.1721" train_pvalue="6.7e-015" train_dtc="-1.0" train_bernoulli="-1" test_pos_count="5" test_neg_count="0" test_log_pvalue="-1.50712" test_pvalue="3.1e-002" test_log_evalue="0.263728" test_evalue="1.8e+000" test_dtc="-1.0" test_bernoulli="-1" is_palindromic="no" elapsed_time="1052.2" total_sites="45" site_distr=" 1 0 0 0 0 0 1 0 0 0 0 0 0 0 1 1 0 0 0 0 0 0 0 0 0 0 2 0 0 1 0 1 0 1 2 1 1 1 0 0 1 0 3 3 1 0 2 1 0 2 0 1 1 1 0 3 0 1 1 0 0 0 1 0 0 1 0 0 0 0 0 1 0 2 1 0 0 0 2 1 0 0 0 0 1 0 0 0 0 0 0" max_sites="1" site_hist=" 0 45">
      <pos A="0.0251455" C="0.0203091" G="0.9294" T="0.0251455"/>
      <pos A="0.0251455" C="0.0203091" G="0.9294" T="0.0251455"/>
      <pos A="0.0251455" C="0.0203091" G="0.9294" T="0.0251455"/>
      <pos A="0.0251455" C="0.9294" G="0.0203091" T="0.0251455"/>
      <pos A="0.0251455" C="0.0203091" G="0.9294" T="0.0251455"/>
      <pos A="0.934236" C="0.0203091" G="0.0203091" T="0.0251455"/>
      <pos A="0.0251455" C="0.0203091" G="0.9294" T="0.0251455"/>
      <pos A="0.0251455" C="0.9294" G="0.0203091" T="0.0251455"/>
      <pos A="0.0251455" C="0.9294" G="0.0203091" T="0.0251455"/>
      <pos A="0.934236" C="0.0203091" G="0.0203091" T="0.0251455"/>
    </motif>
    <motif id="53-GTATATCGATAAAA" alt="STREME-53" width="14" initial_width="12" seed="GTATATCGATAAAA" score_threshold="15.3531" train_pos_count="32" train_neg_count="0" train_log_pvalue="-9.64383" train_pvalue="2.3e-010" train_dtc="-1.0" train_bernoulli="-1" test_pos_count="5" test_neg_count="0" test_log_pvalue="-1.50712" test_pvalue="3.1e-002" test_log_evalue="0.263728" test_evalue="1.8e+000" test_dtc="-1.0" test_bernoulli="-1" is_palindromic="no" elapsed_time="1469.2" total_sites="31" site_distr=" 0 1 0 0 0 0 1 0 0 2 0 0 0 0 2 0 1 0 0 0 0 0 0 0 0 1 0 1 0 0 0 0 2 0 0 0 0 0 0 1 0 0 0 0 0 0 0 2 0 0 0 2 1 2 0 1 1 0 0 1 0 1 2 0 0 0 0 1 0 1 0 0 0 0 2 1 0 0 0 0 0 0 0 0 0 1 0" max_sites="1" site_hist=" 0 31">
      <pos A="0.0251455" C="0.0203091" G="0.9294" T="0.0251455"/>
      <pos A="0.0251455" C="0.0203091" G="0.0203091" T="0.934236"/>
      <pos A="0.934236" C="0.0203091" G="0.0203091" T="0.0251455"/>
      <pos A="0.0251455" C="0.0203091" G="0.0203091" T="0.934236"/>
      <pos A="0.934236" C="0.0203091" G="0.0203091" T="0.0251455"/>
      <pos A="0.0251455" C="0.0203091" G="0.0203091" T="0.934236"/>
      <pos A="0.0251455" C="0.9294" G="0.0203091" T="0.0251455"/>
      <pos A="0.0251455" C="0.0203091" G="0.9294" T="0.0251455"/>
      <pos A="0.934236" C="0.0203091" G="0.0203091" T="0.0251455"/>
      <pos A="0.0251455" C="0.0203091" G="0.0203091" T="0.934236"/>
      <pos A="0.934236" C="0.0203091" G="0.0203091" T="0.0251455"/>
      <pos A="0.934236" C="0.0203091" G="0.0203091" T="0.0251455"/>
      <pos A="0.934236" C="0.0203091" G="0.0203091" T="0.0251455"/>
      <pos A="0.934236" C="0.0203091" G="0.0203091" T="0.0251455"/>
    </motif>
    <motif id="54-CGACATWCCTYYA" alt="STREME-54" width="13" initial_width="13" seed="CGACATTCCTTCA" score_threshold="11.3581" train_pos_count="92" train_neg_count="1" train_log_pvalue="-26.1127" train_pvalue="7.7e-027" train_dtc="-1.0" train_bernoulli="-1" test_pos_count="9" test_neg_count="2" test_log_pvalue="-1.48964" test_pvalue="3.2e-002" test_log_evalue="0.281209" test_evalue="1.9e+000" test_dtc="-1.0" test_bernoulli="-1" is_palindromic="no" elapsed_time="864.1" total_sites="92" site_distr=" 0 0 1 2 2 0 1 2 2 1 1 0 1 0 0 0 1 1 0 0 0 1 3 1 3 1 1 1 1 2 3 2 0 4 3 3 1 0 1 0 1 0 0 1 3 3 0 2 0 0 2 1 0 1 0 1 0 1 0 0 2 2 0 0 0 0 1 1 0 1 0 2 0 0 1 1 2 2 1 3 2 3 1 0 0 1 2 2" max_sites="1" site_hist=" 0 92">
      <pos A="0.000445354" C="0.954106" G="0.000359697" T="0.0450893"/>
      <pos A="0.14554" C="0.000359697" G="0.853655" T="0.000445354"/>
      <pos A="0.998835" C="0.000359697" G="0.000359697" T="0.000445354"/>
      <pos A="0.000445354" C="0.987589" G="0.000359697" T="0.0116057"/>
      <pos A="0.994204" C="0.0049914" G="0.000359697" T="0.000445354"/>
      <pos A="0.000445354" C="0.0338408" G="0.000359697" T="0.965354"/>
      <pos A="0.368946" C="0.000359697" G="0.000359697" T="0.630335"/>
      <pos A="0.000445354" C="0.99875" G="0.000359697" T="0.000445354"/>
      <pos A="0.000445354" C="0.931779" G="0.000359697" T="0.0674157"/>
      <pos A="0.000445354" C="0.0226804" G="0.000359697" T="0.976515"/>
      <pos A="0.000445354" C="0.335342" G="0.000359697" T="0.663853"/>
      <pos A="0.000445354" C="0.596767" G="0.000359697" T="0.402428"/>
      <pos A="0.998835" C="0.000359697" G="0.000359697" T="0.000445354"/>
    </motif>
    <motif id="55-ATCTGGGG" alt="STREME-55" width="8" initial_width="8" seed="ATCTGGGG" score_threshold="15.5428" train_pos_count="57" train_neg_count="15" train_log_pvalue="-6.50466" train_pvalue="3.1e-007" train_dtc="-1.0" train_bernoulli="-1" test_pos_count="7" test_neg_count="1" test_log_pvalue="-1.45707" test_pvalue="3.5e-002" test_log_evalue="0.313779" test_evalue="2.1e+000" test_dtc="-1.0" test_bernoulli="-1" is_palindromic="no" elapsed_time="1373.6" total_sites="57" site_distr=" 1 0 1 1 3 0 0 0 1 1 0 0 1 1 1 1 0 1 1 3 1 0 0 0 0 0 2 0 1 0 0 0 0 0 0 0 0 0 0 0 1 0 0 0 0 1 1 0 0 1 1 1 3 1 1 0 1 0 1 0 3 0 1 1 0 0 0 0 1 2 3 2 0 1 0 0 1 1 0 1 1 1 0 0 0 2 0 0 1 0 0 1 0" max_sites="1" site_hist=" 0 57">
      <pos A="0.934236" C="0.0203091" G="0.0203091" T="0.0251455"/>
      <pos A="0.0251455" C="0.0203091" G="0.0203091" T="0.934236"/>
      <pos A="0.0251455" C="0.9294" G="0.0203091" T="0.0251455"/>
      <pos A="0.0251455" C="0.0203091" G="0.0203091" T="0.934236"/>
      <pos A="0.0251455" C="0.0203091" G="0.9294" T="0.0251455"/>
      <pos A="0.0251455" C="0.0203091" G="0.9294" T="0.0251455"/>
      <pos A="0.0251455" C="0.0203091" G="0.9294" T="0.0251455"/>
      <pos A="0.0251455" C="0.0203091" G="0.9294" T="0.0251455"/>
    </motif>
    <motif id="56-YTTCTCTCTTYCWC" alt="STREME-56" width="14" initial_width="12" seed="CTTCTCTCTTTCTC" score_threshold="14.5793" train_pos_count="119" train_neg_count="23" train_log_pvalue="-16.4842" train_pvalue="3.3e-017" train_dtc="-1.0" train_bernoulli="-1" test_pos_count="10" test_neg_count="3" test_log_pvalue="-1.3404" test_pvalue="4.6e-002" test_log_evalue="0.430457" test_evalue="2.7e+000" test_dtc="-1.0" test_bernoulli="-1" is_palindromic="no" elapsed_time="1260.5" total_sites="118" site_distr=" 0 1 2 1 1 2 3 2 1 1 1 1 3 0 0 5 2 0 1 2 1 1 2 9 2 5 0 2 2 4 2 0 2 2 0 1 1 2 2 4 2 0 0 1 0 1 0 0 1 0 0 1 0 1 2 0 1 2 2 1 3 0 2 1 1 0 2 0 3 2 3 1 1 1 1 0 0 1 0 2 2 1 2 0 1 0 0" max_sites="2" site_hist=" 0 98 20">
      <pos A="0.0470174" C="0.625596" G="0.000300607" T="0.327086"/>
      <pos A="0.000372193" C="0.0673976" G="0.000300607" T="0.93193"/>
      <pos A="0.000372193" C="0.0469363" G="0.000300607" T="0.952391"/>
      <pos A="0.0376822" C="0.952318" G="0.000300607" T="0.00969919"/>
      <pos A="0.000372193" C="0.000300607" G="0.000300607" T="0.999027"/>
      <pos A="0.000372193" C="0.855174" G="0.0189546" T="0.125499"/>
      <pos A="0.000372193" C="0.000300607" G="0.000300607" T="0.999027"/>
      <pos A="0.000372193" C="0.980301" G="0.0189546" T="0.000372193"/>
      <pos A="0.000372193" C="0.102902" G="0.000300607" T="0.896426"/>
      <pos A="0.000372193" C="0.0805891" G="0.000300607" T="0.918738"/>
      <pos A="0.000372193" C="0.388414" G="0.000300607" T="0.610913"/>
      <pos A="0.000372193" C="0.939122" G="0.000300607" T="0.0602057"/>
      <pos A="0.384741" C="0.000300607" G="0.000300607" T="0.614658"/>
      <pos A="0.000372193" C="0.685446" G="0.00962761" T="0.304554"/>
    </motif>
    <motif id="57-ACTTTTACCAGC" alt="STREME-57" width="12" initial_width="12" seed="ACTTTTACCAGC" score_threshold="13.0977" train_pos_count="45" train_neg_count="0" train_log_pvalue="-13.5681" train_pvalue="2.7e-014" train_dtc="-1.0" train_bernoulli="-1" test_pos_count="4" test_neg_count="0" test_log_pvalue="-1.2053" test_pvalue="6.2e-002" test_log_evalue="0.565548" test_evalue="3.7e+000" test_dtc="-1.0" test_bernoulli="-1" is_palindromic="no" elapsed_time="1516.2" total_sites="45" site_distr=" 3 0 0 0 0 2 0 0 0 0 1 0 0 0 0 0 1 0 0 0 2 1 0 1 2 0 0 0 0 0 0 1 0 1 0 0 0 0 1 0 1 1 0 0 0 1 2 1 1 0 0 1 0 0 0 0 1 1 0 0 1 1 1 0 3 1 1 1 2 0 0 0 0 1 0 1 0 0 1 0 0 1 0 0 0 1 1 2 0" max_sites="1" site_hist=" 0 45">
      <pos A="0.760268" C="0.000764422" G="0.238021" T="0.00094646"/>
      <pos A="0.00094646" C="0.997343" G="0.000764422" T="0.00094646"/>
      <pos A="0.00094646" C="0.000764422" G="0.000764422" T="0.997525"/>
      <pos A="0.00094646" C="0.000764422" G="0.000764422" T="0.997525"/>
      <pos A="0.00094646" C="0.000764422" G="0.000764422" T="0.997525"/>
      <pos A="0.00094646" C="0.0244823" G="0.000764422" T="0.973807"/>
      <pos A="0.831481" C="0.000764422" G="0.119371" T="0.0483839"/>
      <pos A="0.00094646" C="0.997343" G="0.000764422" T="0.00094646"/>
      <pos A="0.00094646" C="0.997343" G="0.000764422" T="0.00094646"/>
      <pos A="0.997525" C="0.000764422" G="0.000764422" T="0.00094646"/>
      <pos A="0.00094646" C="0.000764422" G="0.949905" T="0.0483839"/>
      <pos A="0.00094646" C="0.949905" G="0.000764422" T="0.0483839"/>
    </motif>
    <motif id="58-ACAGTTCTCTAGTAT" alt="STREME-58" width="15" initial_width="15" seed="ACAGTTCTCTAGTAT" score_threshold="10.8358" train_pos_count="77" train_neg_count="3" train_log_pvalue="-19.2104" train_pvalue="6.2e-020" train_dtc="-1.0" train_bernoulli="-1" test_pos_count="3" test_neg_count="0" test_log_pvalue="-0.903682" test_pvalue="1.2e-001" test_log_evalue="0.86717" test_evalue="7.4e+000" test_dtc="-1.0" test_bernoulli="-1" is_palindromic="no" elapsed_time="1185.4" total_sites="77" site_distr=" 1 1 5 1 0 0 1 0 0 0 0 1 2 2 1 2 0 0 0 0 1 0 0 1 0 1 2 1 2 1 0 0 2 1 1 1 1 3 0 1 2 0 2 0 0 1 0 1 0 1 0 1 0 0 1 0 0 0 1 1 2 0 2 0 0 0 1 2 1 4 1 1 0 0 3 1 0 2 1 1 4 0 2 1 1 0" max_sites="1" site_hist=" 0 77">
      <pos A="0.998348" C="0.000510249" G="0.000510249" T="0.000631759"/>
      <pos A="0.000631759" C="0.808233" G="0.000510249" T="0.190625"/>
      <pos A="0.745025" C="0.000510249" G="0.253833" T="0.000631759"/>
      <pos A="0.127288" C="0.000510249" G="0.87157" T="0.000631759"/>
      <pos A="0.000631759" C="0.000510249" G="0.000510249" T="0.998348"/>
      <pos A="0.000631759" C="0.000510249" G="0.000510249" T="0.998348"/>
      <pos A="0.000631759" C="0.760729" G="0.000510249" T="0.238129"/>
      <pos A="0.000631759" C="0.000510249" G="0.000510249" T="0.998348"/>
      <pos A="0.000631759" C="0.903236" G="0.000510249" T="0.0956224"/>
      <pos A="0.000631759" C="0.0638366" G="0.000510249" T="0.935021"/>
      <pos A="0.824189" C="0.000510249" G="0.0638366" T="0.111464"/>
      <pos A="0.0481265" C="0.000510249" G="0.950731" T="0.000631759"/>
      <pos A="0.000631759" C="0.0321734" G="0.000510249" T="0.966685"/>
      <pos A="0.69753" C="0.000510249" G="0.158832" T="0.143128"/>
      <pos A="0.0164633" C="0.000510249" G="0.000510249" T="0.982516"/>
    </motif>
    <motif id="59-TATAGAGAA" alt="STREME-59" width="9" initial_width="8" seed="TATAGAGAA" score_threshold="12.5562" train_pos_count="127" train_neg_count="29" train_log_pvalue="-15.5082" train_pvalue="3.1e-016" train_dtc="-1.0" train_bernoulli="-1" test_pos_count="11" test_neg_count="7" test_log_pvalue="-0.620825" test_pvalue="2.4e-001" test_log_evalue="1.15003" test_evalue="1.4e+001" test_dtc="-1.0" test_bernoulli="-1" is_palindromic="no" elapsed_time="1352.1" total_sites="119" site_distr=" 0 1 2 0 2 0 2 0 0 2 1 2 1 0 1 2 1 1 1 1 0 1 1 4 0 2 0 0 3 1 0 1 2 3 1 2 3 1 1 0 3 0 0 0 2 1 1 0 1 3 2 2 3 0 1 1 1 0 1 1 0 0 2 4 1 2 2 2 0 0 1 1 0 0 1 1 2 2 2 1 2 5 0 1 1 4 1 1 1 1 3 5" max_sites="2" site_hist=" 0 118 1">
      <pos A="0.000584573" C="0.000472139" G="0.000472139" T="0.998471"/>
      <pos A="0.998471" C="0.000472139" G="0.000472139" T="0.000584573"/>
      <pos A="0.000584573" C="0.000472139" G="0.000472139" T="0.998471"/>
      <pos A="0.998471" C="0.000472139" G="0.000472139" T="0.000584573"/>
      <pos A="0.000584573" C="0.000472139" G="0.998359" T="0.000584573"/>
      <pos A="0.866985" C="0.000472139" G="0.0859181" T="0.0466245"/>
      <pos A="0.000584573" C="0.119485" G="0.642051" T="0.23788"/>
      <pos A="0.835851" C="0.000472139" G="0.10449" T="0.0591875"/>
      <pos A="0.74159" C="0.0413585" G="0.170427" T="0.0466245"/>
    </motif>
  </motifs>
  <reason_for_stopping>Stopped because 3 consecutive motifs exceeded the p-value threshold (0.05).</reason_for_stopping>
  <run_time cpu="1566.08"/>
</STREME>
