motif_id	motif_alt_id	sequence_name	start	stop	strand	score	p-value	q-value	matched_sequence
25-ATCCACACTTG	STREME-25	Chr2_36228106_36228206	1	11	+	20.8182	2.49e-07	0.00575	ATCCACACTTG
25-ATCCACACTTG	STREME-25	Chr2_6505675_6505775	4	14	+	20.8182	2.49e-07	0.00575	ATCCACACTTG
25-ATCCACACTTG	STREME-25	Chr12_19549289_19549389	4	14	+	20.8182	2.49e-07	0.00575	ATCCACACTTG
25-ATCCACACTTG	STREME-25	Chr1_16076740_16076840	6	16	+	20.8182	2.49e-07	0.00575	ATCCACACTTG
25-ATCCACACTTG	STREME-25	Chr1_14006451_14006551	6	16	+	20.8182	2.49e-07	0.00575	ATCCACACTTG
25-ATCCACACTTG	STREME-25	Chr6_29697548_29697648	7	17	+	20.8182	2.49e-07	0.00575	ATCCACACTTG
25-ATCCACACTTG	STREME-25	Chr5_16169202_16169302	7	17	+	20.8182	2.49e-07	0.00575	ATCCACACTTG
25-ATCCACACTTG	STREME-25	Chr2_1123065_1123165	7	17	+	20.8182	2.49e-07	0.00575	ATCCACACTTG
25-ATCCACACTTG	STREME-25	Chr4_30386938_30387038	8	18	+	20.8182	2.49e-07	0.00575	ATCCACACTTG
25-ATCCACACTTG	STREME-25	Chr4_15736195_15736295	8	18	+	20.8182	2.49e-07	0.00575	ATCCACACTTG
25-ATCCACACTTG	STREME-25	Chr2_38759237_38759337	9	19	+	20.8182	2.49e-07	0.00575	ATCCACACTTG
25-ATCCACACTTG	STREME-25	Chr13_5074229_5074329	9	19	+	20.8182	2.49e-07	0.00575	ATCCACACTTG
25-ATCCACACTTG	STREME-25	Chr10_3481354_3481454	11	21	+	20.8182	2.49e-07	0.00575	ATCCACACTTG
25-ATCCACACTTG	STREME-25	Chr10_20445956_20446056	11	21	+	20.8182	2.49e-07	0.00575	ATCCACACTTG
25-ATCCACACTTG	STREME-25	Chr4_23877291_23877391	11	21	+	20.8182	2.49e-07	0.00575	ATCCACACTTG
25-ATCCACACTTG	STREME-25	Chr14_13381109_13381209	11	21	+	20.8182	2.49e-07	0.00575	ATCCACACTTG
25-ATCCACACTTG	STREME-25	Chr6_11248955_11249055	12	22	+	20.8182	2.49e-07	0.00575	ATCCACACTTG
25-ATCCACACTTG	STREME-25	Chr4_4879996_4880096	13	23	+	20.8182	2.49e-07	0.00575	ATCCACACTTG
25-ATCCACACTTG	STREME-25	Chr5_12047786_12047886	13	23	+	20.8182	2.49e-07	0.00575	ATCCACACTTG
25-ATCCACACTTG	STREME-25	Chr5_23060079_23060179	14	24	+	20.8182	2.49e-07	0.00575	ATCCACACTTG
25-ATCCACACTTG	STREME-25	Chr8_11504297_11504397	14	24	+	20.8182	2.49e-07	0.00575	ATCCACACTTG
25-ATCCACACTTG	STREME-25	Chr4_14527857_14527957	14	24	+	20.8182	2.49e-07	0.00575	ATCCACACTTG
25-ATCCACACTTG	STREME-25	Chr9_28568675_28568775	14	24	+	20.8182	2.49e-07	0.00575	ATCCACACTTG
25-ATCCACACTTG	STREME-25	Chr7_26860109_26860209	16	26	+	20.8182	2.49e-07	0.00575	ATCCACACTTG
25-ATCCACACTTG	STREME-25	Chr1_36101545_36101645	17	27	+	20.8182	2.49e-07	0.00575	ATCCACACTTG
25-ATCCACACTTG	STREME-25	Chr11_19229698_19229798	7	17	-	20.8182	2.49e-07	0.00575	ATCCACACTTG
25-ATCCACACTTG	STREME-25	Chr2_7072661_7072761	17	27	+	20.8182	2.49e-07	0.00575	ATCCACACTTG
25-ATCCACACTTG	STREME-25	Chr1_35236864_35236964	18	28	+	20.8182	2.49e-07	0.00575	ATCCACACTTG
25-ATCCACACTTG	STREME-25	Chr7_944589_944689	18	28	+	20.8182	2.49e-07	0.00575	ATCCACACTTG
25-ATCCACACTTG	STREME-25	Chr2_1077547_1077647	20	30	+	20.8182	2.49e-07	0.00575	ATCCACACTTG
25-ATCCACACTTG	STREME-25	Chr9_18692027_18692127	21	31	+	20.8182	2.49e-07	0.00575	ATCCACACTTG
25-ATCCACACTTG	STREME-25	Chr11_3603164_3603264	23	33	+	20.8182	2.49e-07	0.00575	ATCCACACTTG
25-ATCCACACTTG	STREME-25	Chr6_5814430_5814530	24	34	+	20.8182	2.49e-07	0.00575	ATCCACACTTG
25-ATCCACACTTG	STREME-25	Chr12_12042425_12042525	28	38	+	20.8182	2.49e-07	0.00575	ATCCACACTTG
25-ATCCACACTTG	STREME-25	Chr2_31104036_31104136	24	34	-	20.8182	2.49e-07	0.00575	ATCCACACTTG
25-ATCCACACTTG	STREME-25	Chr6_775707_775807	24	34	-	20.8182	2.49e-07	0.00575	ATCCACACTTG
25-ATCCACACTTG	STREME-25	Chr11_7537074_7537174	35	45	+	20.8182	2.49e-07	0.00575	ATCCACACTTG
25-ATCCACACTTG	STREME-25	Chr8_3094685_3094785	37	47	+	20.8182	2.49e-07	0.00575	ATCCACACTTG
25-ATCCACACTTG	STREME-25	Chr14_18117760_18117860	40	50	+	20.8182	2.49e-07	0.00575	ATCCACACTTG
25-ATCCACACTTG	STREME-25	Chr7_28005756_28005856	49	59	+	20.8182	2.49e-07	0.00575	ATCCACACTTG
25-ATCCACACTTG	STREME-25	Chr10_16939489_16939589	49	59	+	20.8182	2.49e-07	0.00575	ATCCACACTTG
25-ATCCACACTTG	STREME-25	Chr8_366022_366122	48	58	-	20.8182	2.49e-07	0.00575	ATCCACACTTG
25-ATCCACACTTG	STREME-25	Chr7_27733565_27733665	48	58	-	20.8182	2.49e-07	0.00575	ATCCACACTTG
25-ATCCACACTTG	STREME-25	Chr8_4270697_4270797	59	69	+	20.8182	2.49e-07	0.00575	ATCCACACTTG
25-ATCCACACTTG	STREME-25	Chr6_25200498_25200598	59	69	+	20.8182	2.49e-07	0.00575	ATCCACACTTG
25-ATCCACACTTG	STREME-25	Chr9_7216849_7216949	57	67	-	20.8182	2.49e-07	0.00575	ATCCACACTTG
25-ATCCACACTTG	STREME-25	Chr5_518209_518309	61	71	-	20.8182	2.49e-07	0.00575	ATCCACACTTG
25-ATCCACACTTG	STREME-25	Chr9_16355988_16356088	61	71	-	20.8182	2.49e-07	0.00575	ATCCACACTTG
25-ATCCACACTTG	STREME-25	Chr12_12471341_12471441	71	81	+	20.8182	2.49e-07	0.00575	ATCCACACTTG
25-ATCCACACTTG	STREME-25	Chr1_6442474_6442574	62	72	-	20.8182	2.49e-07	0.00575	ATCCACACTTG
25-ATCCACACTTG	STREME-25	Chr4_17934716_17934816	65	75	-	20.8182	2.49e-07	0.00575	ATCCACACTTG
25-ATCCACACTTG	STREME-25	Chr4_23900806_23900906	67	77	-	20.8182	2.49e-07	0.00575	ATCCACACTTG
25-ATCCACACTTG	STREME-25	Chr4_3943_4043	69	79	-	20.8182	2.49e-07	0.00575	ATCCACACTTG
25-ATCCACACTTG	STREME-25	Chr2_5098804_5098904	69	79	-	20.8182	2.49e-07	0.00575	ATCCACACTTG
25-ATCCACACTTG	STREME-25	Chr2_6656004_6656104	70	80	-	20.8182	2.49e-07	0.00575	ATCCACACTTG
25-ATCCACACTTG	STREME-25	Chr2_1936118_1936218	70	80	-	20.8182	2.49e-07	0.00575	ATCCACACTTG
25-ATCCACACTTG	STREME-25	Chr1_18601355_18601455	71	81	-	20.8182	2.49e-07	0.00575	ATCCACACTTG
25-ATCCACACTTG	STREME-25	Chr3_34972732_34972832	71	81	-	20.8182	2.49e-07	0.00575	ATCCACACTTG
25-ATCCACACTTG	STREME-25	Chr5_33416431_33416531	71	81	-	20.8182	2.49e-07	0.00575	ATCCACACTTG
25-ATCCACACTTG	STREME-25	Chr9_26182005_26182105	74	84	-	20.8182	2.49e-07	0.00575	ATCCACACTTG
25-ATCCACACTTG	STREME-25	Chr5_17355782_17355882	74	84	-	20.8182	2.49e-07	0.00575	ATCCACACTTG
25-ATCCACACTTG	STREME-25	Chr1_39080020_39080120	75	85	-	20.8182	2.49e-07	0.00575	ATCCACACTTG
25-ATCCACACTTG	STREME-25	Chr12_22479678_22479778	76	86	-	20.8182	2.49e-07	0.00575	ATCCACACTTG
25-ATCCACACTTG	STREME-25	Chr15_2927175_2927275	77	87	-	20.8182	2.49e-07	0.00575	ATCCACACTTG
25-ATCCACACTTG	STREME-25	Chr2_32997659_32997759	78	88	-	20.8182	2.49e-07	0.00575	ATCCACACTTG
25-ATCCACACTTG	STREME-25	Chr6_25288682_25288782	79	89	-	20.8182	2.49e-07	0.00575	ATCCACACTTG
25-ATCCACACTTG	STREME-25	Chr6_1534488_1534588	80	90	-	20.8182	2.49e-07	0.00575	ATCCACACTTG
25-ATCCACACTTG	STREME-25	Chr9_15274021_15274121	80	90	-	20.8182	2.49e-07	0.00575	ATCCACACTTG
25-ATCCACACTTG	STREME-25	Chr4_33541076_33541176	81	91	-	20.8182	2.49e-07	0.00575	ATCCACACTTG
25-ATCCACACTTG	STREME-25	Chr13_24099784_24099884	81	91	-	20.8182	2.49e-07	0.00575	ATCCACACTTG
25-ATCCACACTTG	STREME-25	Chr11_6376529_6376629	82	92	-	20.8182	2.49e-07	0.00575	ATCCACACTTG
25-ATCCACACTTG	STREME-25	Chr2_38522343_38522443	82	92	-	20.8182	2.49e-07	0.00575	ATCCACACTTG
25-ATCCACACTTG	STREME-25	Chr6_11135866_11135966	82	92	-	20.8182	2.49e-07	0.00575	ATCCACACTTG
25-ATCCACACTTG	STREME-25	Chr6_1690782_1690882	82	92	-	20.8182	2.49e-07	0.00575	ATCCACACTTG
25-ATCCACACTTG	STREME-25	Chr7_15314043_15314143	83	93	-	20.8182	2.49e-07	0.00575	ATCCACACTTG
25-ATCCACACTTG	STREME-25	Chr6_1421902_1422002	83	93	-	20.8182	2.49e-07	0.00575	ATCCACACTTG
25-ATCCACACTTG	STREME-25	Chr1_6341237_6341337	84	94	-	20.8182	2.49e-07	0.00575	ATCCACACTTG
25-ATCCACACTTG	STREME-25	Chr11_18471867_18471967	85	95	-	20.8182	2.49e-07	0.00575	ATCCACACTTG
25-ATCCACACTTG	STREME-25	Chr1_34245305_34245405	85	95	-	20.8182	2.49e-07	0.00575	ATCCACACTTG
25-ATCCACACTTG	STREME-25	Chr2_6687914_6688014	86	96	-	20.8182	2.49e-07	0.00575	ATCCACACTTG
25-ATCCACACTTG	STREME-25	Chr5_24621158_24621258	87	97	-	20.8182	2.49e-07	0.00575	ATCCACACTTG
25-ATCCACACTTG	STREME-25	Chr1_28529322_28529422	88	98	-	20.8182	2.49e-07	0.00575	ATCCACACTTG
25-ATCCACACTTG	STREME-25	Chr13_5236012_5236112	88	98	-	20.8182	2.49e-07	0.00575	ATCCACACTTG
25-ATCCACACTTG	STREME-25	Chr8_25258813_25258913	89	99	-	20.8182	2.49e-07	0.00575	ATCCACACTTG
25-ATCCACACTTG	STREME-25	Chr1_13981072_13981172	89	99	-	20.8182	2.49e-07	0.00575	ATCCACACTTG
25-ATCCACACTTG	STREME-25	Chr2_34186930_34187030	89	99	-	20.8182	2.49e-07	0.00575	ATCCACACTTG
25-ATCCACACTTG	STREME-25	Chr3_27961369_27961469	91	101	-	20.8182	2.49e-07	0.00575	ATCCACACTTG
25-ATCCACACTTG	STREME-25	Chr4_22795758_22795858	13	23	-	15.6182	4.16e-06	0.086	ATCCACACTAG
25-ATCCACACTTG	STREME-25	Chr10_12347416_12347516	17	27	-	15.6182	4.16e-06	0.086	ATCCACACTAG
25-ATCCACACTTG	STREME-25	Chr7_12594615_12594715	48	58	+	15.6182	4.16e-06	0.086	CTCCACACTTG
25-ATCCACACTTG	STREME-25	Chr7_12583123_12583223	51	61	+	15.6182	4.16e-06	0.086	CTCCACACTTG
25-ATCCACACTTG	STREME-25	Chr3_32650872_32650972	59	69	+	15.6182	4.16e-06	0.086	TTCCACACTTG
25-ATCCACACTTG	STREME-25	Chr2_19962255_19962355	68	78	+	15.6182	4.16e-06	0.086	CTCCACACTTG
25-ATCCACACTTG	STREME-25	Chr9_17915813_17915913	63	73	-	15.6182	4.16e-06	0.086	AACCACACTTG
25-ATCCACACTTG	STREME-25	Chr2_19930762_19930862	82	92	+	15.6182	4.16e-06	0.086	CTCCACACTTG
25-ATCCACACTTG	STREME-25	Chr14_20083192_20083292	75	85	-	15.6182	4.16e-06	0.086	ATCCACACTCG
25-ATCCACACTTG	STREME-25	Chr2_19946858_19946958	90	100	+	15.6182	4.16e-06	0.086	CTCCACACTTG
25-ATCCACACTTG	STREME-25	Chr7_10556926_10557026	16	26	+	15.3212	8.49e-06	0.152	ATCCATACTTG
25-ATCCACACTTG	STREME-25	Chr10_24049449_24049549	27	37	+	15.3212	8.49e-06	0.152	ATCCAGACTTG
25-ATCCACACTTG	STREME-25	Chr10_2281788_2281888	22	32	-	15.3212	8.49e-06	0.152	ATCCACATTTG
25-ATCCACACTTG	STREME-25	Chr3_36417619_36417719	26	36	-	15.3212	8.49e-06	0.152	ATCCACAGTTG
25-ATCCACACTTG	STREME-25	Chr13_15497588_15497688	36	46	+	15.3212	8.49e-06	0.152	ATCCACAATTG
25-ATCCACACTTG	STREME-25	Chr13_8868556_8868656	39	49	+	15.3212	8.49e-06	0.152	ATCCACACTTT
25-ATCCACACTTG	STREME-25	Chr6_28783307_28783407	30	40	-	15.3212	8.49e-06	0.152	ATGCACACTTG
25-ATCCACACTTG	STREME-25	Chr7_13935201_13935301	33	43	-	15.3212	8.49e-06	0.152	ATCCACACTTA
25-ATCCACACTTG	STREME-25	Chr14_19509096_19509196	47	57	-	15.3212	8.49e-06	0.152	ATCCACACTTA
25-ATCCACACTTG	STREME-25	Chr12_17580303_17580403	62	72	+	15.3212	8.49e-06	0.152	ATCCAAACTTG
25-ATCCACACTTG	STREME-25	Chr11_20119997_20120097	57	67	-	15.3212	8.49e-06	0.152	ATCCAAACTTG
25-ATCCACACTTG	STREME-25	Chr7_7814843_7814943	69	79	+	15.3212	8.49e-06	0.152	ATGCACACTTG
25-ATCCACACTTG	STREME-25	Chr12_10639818_10639918	72	82	-	15.3212	8.49e-06	0.152	ATCCACATTTG
25-ATCCACACTTG	STREME-25	Chr2_31434904_31435004	86	96	+	15.3212	8.49e-06	0.152	ATCCAAACTTG
25-ATCCACACTTG	STREME-25	Chr8_26915655_26915755	91	101	-	15.3212	8.49e-06	0.152	ATCCACACTTA
25-ATCCACACTTG	STREME-25	Chr7_323369_323469	3	13	+	10.4182	3.41e-05	0.452	ATCCCCACCTG
25-ATCCACACTTG	STREME-25	Chr7_23541996_23542096	11	21	+	10.4182	3.41e-05	0.452	ACCCACACCTG
25-ATCCACACTTG	STREME-25	Chr1_3922940_3923040	1	11	-	10.4182	3.41e-05	0.452	ATCCCCACATG
25-ATCCACACTTG	STREME-25	Chr10_9991338_9991438	7	17	-	10.4182	3.41e-05	0.452	AACCACACATG
25-ATCCACACTTG	STREME-25	Chr14_15548301_15548401	9	19	-	10.4182	3.41e-05	0.452	ATCCACCCTAG
25-ATCCACACTTG	STREME-25	Chr14_7917149_7917249	19	29	+	10.4182	3.41e-05	0.452	AACCACACCTG
25-ATCCACACTTG	STREME-25	Chr3_24839137_24839237	10	20	-	10.4182	3.41e-05	0.452	TTCCACACTAG
25-ATCCACACTTG	STREME-25	Chr9_22365250_22365350	15	25	-	10.4182	3.41e-05	0.452	GTCCACACCTG
25-ATCCACACTTG	STREME-25	Chr7_21349112_21349212	15	25	-	10.4182	3.41e-05	0.452	GTCCCCACTTG
25-ATCCACACTTG	STREME-25	Chr8_20648388_20648488	20	30	-	10.4182	3.41e-05	0.452	ATCCACACCAG
25-ATCCACACTTG	STREME-25	Chr9_28796631_28796731	31	41	+	10.4182	3.41e-05	0.452	ATCCGCACATG
25-ATCCACACTTG	STREME-25	Chr10_19717453_19717553	23	33	-	10.4182	3.41e-05	0.452	ATCCTCTCTTG
25-ATCCACACTTG	STREME-25	Chr9_24891594_24891694	24	34	-	10.4182	3.41e-05	0.452	ACCCACACTGG
25-ATCCACACTTG	STREME-25	Chr4_19948572_19948672	25	35	-	10.4182	3.41e-05	0.452	ATCCCCCCTTG
25-ATCCACACTTG	STREME-25	Chr3_11213789_11213889	27	37	-	10.4182	3.41e-05	0.452	ACCCACACTGG
25-ATCCACACTTG	STREME-25	Chr15_22420620_22420720	31	41	-	10.4182	3.41e-05	0.452	ATCCCCCCTTG
25-ATCCACACTTG	STREME-25	Chr13_21297071_21297171	32	42	-	10.4182	3.41e-05	0.452	ATCCGCACCTG
25-ATCCACACTTG	STREME-25	Chr4_19894626_19894726	35	45	-	10.4182	3.41e-05	0.452	AGCCGCACTTG
25-ATCCACACTTG	STREME-25	Chr10_22943618_22943718	54	64	+	10.4182	3.41e-05	0.452	GTCCACACCTG
25-ATCCACACTTG	STREME-25	Chr2_28410976_28411076	55	65	+	10.4182	3.41e-05	0.452	ACCCACACGTG
25-ATCCACACTTG	STREME-25	Chr6_12709745_12709845	56	66	+	10.4182	3.41e-05	0.452	TTCCACACATG
25-ATCCACACTTG	STREME-25	Chr10_22930712_22930812	58	68	+	10.4182	3.41e-05	0.452	ACCCACTCTTG
25-ATCCACACTTG	STREME-25	Chr1_42217337_42217437	54	64	-	10.4182	3.41e-05	0.452	AACCTCACTTG
25-ATCCACACTTG	STREME-25	Chr8_20127755_20127855	64	74	+	10.4182	3.41e-05	0.452	TACCACACTTG
25-ATCCACACTTG	STREME-25	Chr11_1151777_1151877	68	78	+	10.4182	3.41e-05	0.452	ATCCACACCCG
25-ATCCACACTTG	STREME-25	Chr1_9120108_9120208	68	78	+	10.4182	3.41e-05	0.452	GTCCACACCTG
25-ATCCACACTTG	STREME-25	Chr9_23073461_23073561	60	70	-	10.4182	3.41e-05	0.452	CTCCTCACTTG
25-ATCCACACTTG	STREME-25	Chr4_31637875_31637975	60	70	-	10.4182	3.41e-05	0.452	ATCCTCACGTG
25-ATCCACACTTG	STREME-25	Chr5_14146057_14146157	61	71	-	10.4182	3.41e-05	0.452	GTCCACACCTG
25-ATCCACACTTG	STREME-25	Chr1_23022539_23022639	61	71	-	10.4182	3.41e-05	0.452	ATCCACCCTAG
25-ATCCACACTTG	STREME-25	Chr4_23451068_23451168	75	85	+	10.4182	3.41e-05	0.452	AACCACTCTTG
25-ATCCACACTTG	STREME-25	Chr12_14820991_14821091	78	88	+	10.4182	3.41e-05	0.452	CTCCACCCTTG
25-ATCCACACTTG	STREME-25	Chr15_21663017_21663117	80	90	+	10.4182	3.41e-05	0.452	AGCCACACTCG
25-ATCCACACTTG	STREME-25	Chr3_19563539_19563639	88	98	+	10.4182	3.41e-05	0.452	GTCCTCACTTG
25-ATCCACACTTG	STREME-25	Chr14_5672370_5672470	78	88	-	10.4182	3.41e-05	0.452	ATCCTCACTCG
25-ATCCACACTTG	STREME-25	Chr5_10252478_10252578	89	99	+	10.4182	3.41e-05	0.452	ATCCACCCATG
25-ATCCACACTTG	STREME-25	Chr1_43373998_43374098	79	89	-	10.4182	3.41e-05	0.452	CTCCACACTCG
25-ATCCACACTTG	STREME-25	Chr15_10316485_10316585	88	98	-	10.4182	3.41e-05	0.452	GTCCACACCTG
25-ATCCACACTTG	STREME-25	Chr5_32811830_32811930	88	98	-	10.4182	3.41e-05	0.452	AACCACCCTTG

# FIMO (Find Individual Motif Occurrences): Version 5.5.1 compiled on Apr 10 2023 at 16:56:57
# The format of this file is described at https://meme-suite.org/meme/doc/fimo-output-format.html.
# fimo --parse-genomic-coord --verbosity 1 --oc LITCHI007109.meme_chip/fimo_out_23 --bgfile LITCHI007109.meme_chip/background --motif 25-ATCCACACTTG LITCHI007109.meme_chip/streme_out/streme.xml LITCHI007109.meme_chip/LITCHI007109.peak.region.fa
