motif_id	motif_alt_id	sequence_name	start	stop	strand	score	p-value	q-value	matched_sequence
22-AACTCTGAAAAA	STREME-22	Chr12_22479678_22479778	1	12	+	22.3659	1.06e-07	0.00251	AACTCTGAAAAA
22-AACTCTGAAAAA	STREME-22	Chr2_5098804_5098904	2	13	+	22.3659	1.06e-07	0.00251	AACTCTGAAAAA
22-AACTCTGAAAAA	STREME-22	Chr15_2927175_2927275	2	13	+	22.3659	1.06e-07	0.00251	AACTCTGAAAAA
22-AACTCTGAAAAA	STREME-22	Chr2_32997659_32997759	3	14	+	22.3659	1.06e-07	0.00251	AACTCTGAAAAA
22-AACTCTGAAAAA	STREME-22	Chr9_15274021_15274121	5	16	+	22.3659	1.06e-07	0.00251	AACTCTGAAAAA
22-AACTCTGAAAAA	STREME-22	Chr6_1534488_1534588	5	16	+	22.3659	1.06e-07	0.00251	AACTCTGAAAAA
22-AACTCTGAAAAA	STREME-22	Chr13_24099784_24099884	6	17	+	22.3659	1.06e-07	0.00251	AACTCTGAAAAA
22-AACTCTGAAAAA	STREME-22	Chr2_38522343_38522443	7	18	+	22.3659	1.06e-07	0.00251	AACTCTGAAAAA
22-AACTCTGAAAAA	STREME-22	Chr5_17355782_17355882	7	18	+	22.3659	1.06e-07	0.00251	AACTCTGAAAAA
22-AACTCTGAAAAA	STREME-22	Chr11_6376529_6376629	7	18	+	22.3659	1.06e-07	0.00251	AACTCTGAAAAA
22-AACTCTGAAAAA	STREME-22	Chr1_6341237_6341337	9	20	+	22.3659	1.06e-07	0.00251	AACTCTGAAAAA
22-AACTCTGAAAAA	STREME-22	Chr11_18471867_18471967	10	21	+	22.3659	1.06e-07	0.00251	AACTCTGAAAAA
22-AACTCTGAAAAA	STREME-22	Chr1_34245305_34245405	10	21	+	22.3659	1.06e-07	0.00251	AACTCTGAAAAA
22-AACTCTGAAAAA	STREME-22	Chr2_6687914_6688014	11	22	+	22.3659	1.06e-07	0.00251	AACTCTGAAAAA
22-AACTCTGAAAAA	STREME-22	Chr5_24621158_24621258	12	23	+	22.3659	1.06e-07	0.00251	AACTCTGAAAAA
22-AACTCTGAAAAA	STREME-22	Chr13_5236012_5236112	13	24	+	22.3659	1.06e-07	0.00251	AACTCTGAAAAA
22-AACTCTGAAAAA	STREME-22	Chr2_34186930_34187030	14	25	+	22.3659	1.06e-07	0.00251	AACTCTGAAAAA
22-AACTCTGAAAAA	STREME-22	Chr1_13981072_13981172	14	25	+	22.3659	1.06e-07	0.00251	AACTCTGAAAAA
22-AACTCTGAAAAA	STREME-22	Chr8_25258813_25258913	14	25	+	22.3659	1.06e-07	0.00251	AACTCTGAAAAA
22-AACTCTGAAAAA	STREME-22	Chr5_14547268_14547368	17	28	+	22.3659	1.06e-07	0.00251	AACTCTGAAAAA
22-AACTCTGAAAAA	STREME-22	Chr4_2293480_2293580	6	17	-	22.3659	1.06e-07	0.00251	AACTCTGAAAAA
22-AACTCTGAAAAA	STREME-22	Chr5_21990916_21991016	18	29	+	22.3659	1.06e-07	0.00251	AACTCTGAAAAA
22-AACTCTGAAAAA	STREME-22	Chr10_8216393_8216493	19	30	+	22.3659	1.06e-07	0.00251	AACTCTGAAAAA
22-AACTCTGAAAAA	STREME-22	Chr7_5116425_5116525	20	31	+	22.3659	1.06e-07	0.00251	AACTCTGAAAAA
22-AACTCTGAAAAA	STREME-22	Chr13_15881972_15882072	20	31	+	22.3659	1.06e-07	0.00251	AACTCTGAAAAA
22-AACTCTGAAAAA	STREME-22	Chr3_19252444_19252544	23	34	+	22.3659	1.06e-07	0.00251	AACTCTGAAAAA
22-AACTCTGAAAAA	STREME-22	Chr1_18509846_18509946	24	35	+	22.3659	1.06e-07	0.00251	AACTCTGAAAAA
22-AACTCTGAAAAA	STREME-22	Chr7_1251692_1251792	13	24	-	22.3659	1.06e-07	0.00251	AACTCTGAAAAA
22-AACTCTGAAAAA	STREME-22	Chr8_26915655_26915755	24	35	+	22.3659	1.06e-07	0.00251	AACTCTGAAAAA
22-AACTCTGAAAAA	STREME-22	Chr1_29241079_29241179	28	39	+	22.3659	1.06e-07	0.00251	AACTCTGAAAAA
22-AACTCTGAAAAA	STREME-22	Chr4_13606343_13606443	29	40	+	22.3659	1.06e-07	0.00251	AACTCTGAAAAA
22-AACTCTGAAAAA	STREME-22	Chr5_12067965_12068065	30	41	+	22.3659	1.06e-07	0.00251	AACTCTGAAAAA
22-AACTCTGAAAAA	STREME-22	Chr6_9123781_9123881	19	30	-	22.3659	1.06e-07	0.00251	AACTCTGAAAAA
22-AACTCTGAAAAA	STREME-22	Chr2_22462768_22462868	31	42	+	22.3659	1.06e-07	0.00251	AACTCTGAAAAA
22-AACTCTGAAAAA	STREME-22	Chr1_13949590_13949690	20	31	-	22.3659	1.06e-07	0.00251	AACTCTGAAAAA
22-AACTCTGAAAAA	STREME-22	Chr14_14952299_14952399	31	42	+	22.3659	1.06e-07	0.00251	AACTCTGAAAAA
22-AACTCTGAAAAA	STREME-22	Chr12_6213043_6213143	32	43	+	22.3659	1.06e-07	0.00251	AACTCTGAAAAA
22-AACTCTGAAAAA	STREME-22	Chr7_27770399_27770499	34	45	+	22.3659	1.06e-07	0.00251	AACTCTGAAAAA
22-AACTCTGAAAAA	STREME-22	Chr1_24965419_24965519	35	46	+	22.3659	1.06e-07	0.00251	AACTCTGAAAAA
22-AACTCTGAAAAA	STREME-22	Chr14_17326053_17326153	35	46	+	22.3659	1.06e-07	0.00251	AACTCTGAAAAA
22-AACTCTGAAAAA	STREME-22	Chr2_155550_155650	36	47	+	22.3659	1.06e-07	0.00251	AACTCTGAAAAA
22-AACTCTGAAAAA	STREME-22	Chr5_21756612_21756712	36	47	+	22.3659	1.06e-07	0.00251	AACTCTGAAAAA
22-AACTCTGAAAAA	STREME-22	Chr6_19267323_19267423	38	49	+	22.3659	1.06e-07	0.00251	AACTCTGAAAAA
22-AACTCTGAAAAA	STREME-22	Chr8_13644308_13644408	38	49	+	22.3659	1.06e-07	0.00251	AACTCTGAAAAA
22-AACTCTGAAAAA	STREME-22	Chr7_2448314_2448414	39	50	+	22.3659	1.06e-07	0.00251	AACTCTGAAAAA
22-AACTCTGAAAAA	STREME-22	Chr3_7431746_7431846	40	51	+	22.3659	1.06e-07	0.00251	AACTCTGAAAAA
22-AACTCTGAAAAA	STREME-22	Chr13_888314_888414	35	46	-	22.3659	1.06e-07	0.00251	AACTCTGAAAAA
22-AACTCTGAAAAA	STREME-22	Chr2_32626846_32626946	36	47	-	22.3659	1.06e-07	0.00251	AACTCTGAAAAA
22-AACTCTGAAAAA	STREME-22	Chr15_7395355_7395455	41	52	-	22.3659	1.06e-07	0.00251	AACTCTGAAAAA
22-AACTCTGAAAAA	STREME-22	Chr2_27262193_27262293	59	70	+	22.3659	1.06e-07	0.00251	AACTCTGAAAAA
22-AACTCTGAAAAA	STREME-22	Chr8_14676656_14676756	61	72	+	22.3659	1.06e-07	0.00251	AACTCTGAAAAA
22-AACTCTGAAAAA	STREME-22	Chr9_25346330_25346430	52	63	-	22.3659	1.06e-07	0.00251	AACTCTGAAAAA
22-AACTCTGAAAAA	STREME-22	Chr5_8511156_8511256	55	66	-	22.3659	1.06e-07	0.00251	AACTCTGAAAAA
22-AACTCTGAAAAA	STREME-22	Chr6_29017787_29017887	56	67	-	22.3659	1.06e-07	0.00251	AACTCTGAAAAA
22-AACTCTGAAAAA	STREME-22	Chr12_11685071_11685171	68	79	+	22.3659	1.06e-07	0.00251	AACTCTGAAAAA
22-AACTCTGAAAAA	STREME-22	Chr5_30272549_30272649	70	81	+	22.3659	1.06e-07	0.00251	AACTCTGAAAAA
22-AACTCTGAAAAA	STREME-22	Chr2_7198324_7198424	61	72	-	22.3659	1.06e-07	0.00251	AACTCTGAAAAA
22-AACTCTGAAAAA	STREME-22	Chr8_11460671_11460771	73	84	+	22.3659	1.06e-07	0.00251	AACTCTGAAAAA
22-AACTCTGAAAAA	STREME-22	Chr12_23599907_23600007	63	74	-	22.3659	1.06e-07	0.00251	AACTCTGAAAAA
22-AACTCTGAAAAA	STREME-22	Chr2_29700100_29700200	64	75	-	22.3659	1.06e-07	0.00251	AACTCTGAAAAA
22-AACTCTGAAAAA	STREME-22	Chr3_14397468_14397568	75	86	+	22.3659	1.06e-07	0.00251	AACTCTGAAAAA
22-AACTCTGAAAAA	STREME-22	Chr9_24212654_24212754	66	77	-	22.3659	1.06e-07	0.00251	AACTCTGAAAAA
22-AACTCTGAAAAA	STREME-22	Chr4_20259380_20259480	67	78	-	22.3659	1.06e-07	0.00251	AACTCTGAAAAA
22-AACTCTGAAAAA	STREME-22	Chr8_26864691_26864791	69	80	-	22.3659	1.06e-07	0.00251	AACTCTGAAAAA
22-AACTCTGAAAAA	STREME-22	Chr6_22823463_22823563	72	83	-	22.3659	1.06e-07	0.00251	AACTCTGAAAAA
22-AACTCTGAAAAA	STREME-22	Chr7_8971046_8971146	73	84	-	22.3659	1.06e-07	0.00251	AACTCTGAAAAA
22-AACTCTGAAAAA	STREME-22	Chr14_18492038_18492138	74	85	-	22.3659	1.06e-07	0.00251	AACTCTGAAAAA
22-AACTCTGAAAAA	STREME-22	Chr2_1907162_1907262	86	97	+	22.3659	1.06e-07	0.00251	AACTCTGAAAAA
22-AACTCTGAAAAA	STREME-22	Chr12_19549289_19549389	78	89	-	22.3659	1.06e-07	0.00251	AACTCTGAAAAA
22-AACTCTGAAAAA	STREME-22	Chr1_16076740_16076840	80	91	-	22.3659	1.06e-07	0.00251	AACTCTGAAAAA
22-AACTCTGAAAAA	STREME-22	Chr1_14006451_14006551	80	91	-	22.3659	1.06e-07	0.00251	AACTCTGAAAAA
22-AACTCTGAAAAA	STREME-22	Chr6_29697548_29697648	81	92	-	22.3659	1.06e-07	0.00251	AACTCTGAAAAA
22-AACTCTGAAAAA	STREME-22	Chr4_30386938_30387038	82	93	-	22.3659	1.06e-07	0.00251	AACTCTGAAAAA
22-AACTCTGAAAAA	STREME-22	Chr13_5074229_5074329	83	94	-	22.3659	1.06e-07	0.00251	AACTCTGAAAAA
22-AACTCTGAAAAA	STREME-22	Chr2_38759237_38759337	83	94	-	22.3659	1.06e-07	0.00251	AACTCTGAAAAA
22-AACTCTGAAAAA	STREME-22	Chr10_3481354_3481454	85	96	-	22.3659	1.06e-07	0.00251	AACTCTGAAAAA
22-AACTCTGAAAAA	STREME-22	Chr10_20445956_20446056	85	96	-	22.3659	1.06e-07	0.00251	AACTCTGAAAAA
22-AACTCTGAAAAA	STREME-22	Chr4_23877291_23877391	85	96	-	22.3659	1.06e-07	0.00251	AACTCTGAAAAA
22-AACTCTGAAAAA	STREME-22	Chr2_1077547_1077647	86	97	-	22.3659	1.06e-07	0.00251	AACTCTGAAAAA
22-AACTCTGAAAAA	STREME-22	Chr5_12047786_12047886	87	98	-	22.3659	1.06e-07	0.00251	AACTCTGAAAAA
22-AACTCTGAAAAA	STREME-22	Chr4_14527857_14527957	88	99	-	22.3659	1.06e-07	0.00251	AACTCTGAAAAA
22-AACTCTGAAAAA	STREME-22	Chr9_28568675_28568775	88	99	-	22.3659	1.06e-07	0.00251	AACTCTGAAAAA
22-AACTCTGAAAAA	STREME-22	Chr8_11504297_11504397	88	99	-	22.3659	1.06e-07	0.00251	AACTCTGAAAAA
22-AACTCTGAAAAA	STREME-22	Chr6_25288682_25288782	3	14	+	20	2.11e-07	0.00435	AAGTCTGAAAAA
22-AACTCTGAAAAA	STREME-22	Chr6_1690782_1690882	6	17	+	20	2.11e-07	0.00435	AAGTCTGAAAAA
22-AACTCTGAAAAA	STREME-22	Chr6_11135866_11135966	6	17	+	20	2.11e-07	0.00435	AAGTCTGAAAAA
22-AACTCTGAAAAA	STREME-22	Chr7_15314043_15314143	7	18	+	20	2.11e-07	0.00435	AAGTCTGAAAAA
22-AACTCTGAAAAA	STREME-22	Chr1_28529322_28529422	10	21	+	20	2.11e-07	0.00435	AAGTCTGAAAAA
22-AACTCTGAAAAA	STREME-22	Chr2_20193464_20193564	25	36	+	20	2.11e-07	0.00435	AAGTCTGAAAAA
22-AACTCTGAAAAA	STREME-22	Chr7_6075814_6075914	28	39	+	20	2.11e-07	0.00435	AAGTCTGAAAAA
22-AACTCTGAAAAA	STREME-22	Chr12_14182686_14182786	37	48	+	20	2.11e-07	0.00435	AAGTCTGAAAAA
22-AACTCTGAAAAA	STREME-22	Chr12_6926586_6926686	54	65	+	20	2.11e-07	0.00435	AAGTCTGAAAAA
22-AACTCTGAAAAA	STREME-22	Chr6_5664740_5664840	67	78	+	20	2.11e-07	0.00435	AAGTCTGAAAAA
22-AACTCTGAAAAA	STREME-22	Chr2_1123065_1123165	66	77	-	20	2.11e-07	0.00435	AAGTCTGAAAAA
22-AACTCTGAAAAA	STREME-22	Chr5_16169202_16169302	82	93	-	20	2.11e-07	0.00435	AAGTCTGAAAAA
22-AACTCTGAAAAA	STREME-22	Chr6_13943325_13943425	89	100	-	20	2.11e-07	0.00435	AAGTCTGAAAAA
22-AACTCTGAAAAA	STREME-22	Chr12_5765776_5765876	17	28	-	19.1585	2.97e-07	0.00569	AACCCTGAAAAA
22-AACTCTGAAAAA	STREME-22	Chr3_25402942_25403042	36	47	+	19.1585	2.97e-07	0.00569	AACCCTGAAAAA
22-AACTCTGAAAAA	STREME-22	Chr1_34530347_34530447	34	45	-	19.1585	2.97e-07	0.00569	AACCCTGAAAAA
22-AACTCTGAAAAA	STREME-22	Chr14_21434071_21434171	39	50	-	19.1585	2.97e-07	0.00569	AACCCTGAAAAA
22-AACTCTGAAAAA	STREME-22	Chr4_15736195_15736295	82	93	-	19.1585	2.97e-07	0.00569	AACCCTGAAAAA
22-AACTCTGAAAAA	STREME-22	Chr14_13381109_13381209	85	96	-	19.1585	2.97e-07	0.00569	AACCCTGAAAAA
22-AACTCTGAAAAA	STREME-22	Chr4_4879996_4880096	87	98	-	19.1585	2.97e-07	0.00569	AACCCTGAAAAA
22-AACTCTGAAAAA	STREME-22	Chr6_12258520_12258620	32	43	+	18.8902	3.82e-07	0.00718	AACTCCGAAAAA
22-AACTCTGAAAAA	STREME-22	Chr2_29818011_29818111	71	82	-	18.8902	3.82e-07	0.00718	AACTCCGAAAAA
22-AACTCTGAAAAA	STREME-22	Chr4_33541076_33541176	6	17	+	18.622	5.13e-07	0.00873	AACTTTGAAAAA
22-AACTCTGAAAAA	STREME-22	Chr1_25443315_25443415	4	15	-	18.622	5.13e-07	0.00873	AACTTTGAAAAA
22-AACTCTGAAAAA	STREME-22	Chr13_12301358_12301458	17	28	+	18.622	5.13e-07	0.00873	AACTTTGAAAAA
22-AACTCTGAAAAA	STREME-22	Chr10_16509189_16509289	25	36	+	18.622	5.13e-07	0.00873	AACTTTGAAAAA
22-AACTCTGAAAAA	STREME-22	Chr2_18783415_18783515	19	30	-	18.622	5.13e-07	0.00873	AACTTTGAAAAA
22-AACTCTGAAAAA	STREME-22	Chr13_1704617_1704717	64	75	+	18.622	5.13e-07	0.00873	AACTTTGAAAAA
22-AACTCTGAAAAA	STREME-22	Chr2_28189460_28189560	66	77	-	18.622	5.13e-07	0.00873	AACTTTGAAAAA
22-AACTCTGAAAAA	STREME-22	Chr2_36228106_36228206	75	86	-	18.622	5.13e-07	0.00873	AACTTTGAAAAA
22-AACTCTGAAAAA	STREME-22	Chr2_6505675_6505775	78	89	-	18.622	5.13e-07	0.00873	AACTTTGAAAAA
22-AACTCTGAAAAA	STREME-22	Chr6_11248955_11249055	86	97	-	18.622	5.13e-07	0.00873	AACTTTGAAAAA
22-AACTCTGAAAAA	STREME-22	Chr7_26860109_26860209	90	101	-	18.622	5.13e-07	0.00873	AACTTTGAAAAA
22-AACTCTGAAAAA	STREME-22	Chr3_3598811_3598911	19	30	+	17.439	7.04e-07	0.0115	CACTCTGAAAAA
22-AACTCTGAAAAA	STREME-22	Chr14_16498726_16498826	29	40	+	17.439	7.04e-07	0.0115	CACTCTGAAAAA
22-AACTCTGAAAAA	STREME-22	Chr15_7922967_7923067	56	67	+	17.439	7.04e-07	0.0115	CACTCTGAAAAA
22-AACTCTGAAAAA	STREME-22	Chr3_7464637_7464737	60	71	-	17.439	7.04e-07	0.0115	CACTCTGAAAAA
22-AACTCTGAAAAA	STREME-22	Chr2_32638503_32638603	78	89	-	17.439	7.04e-07	0.0115	CACTCTGAAAAA
22-AACTCTGAAAAA	STREME-22	Chr6_1421902_1422002	5	16	+	16.7927	7.89e-07	0.0119	AAGCCTGAAAAA
22-AACTCTGAAAAA	STREME-22	Chr6_21255740_21255840	17	28	+	16.7927	7.89e-07	0.0119	AAGCCTGAAAAA
22-AACTCTGAAAAA	STREME-22	Chr1_40420633_40420733	24	35	+	16.7927	7.89e-07	0.0119	AAGCCTGAAAAA
22-AACTCTGAAAAA	STREME-22	Chr3_34972732_34972832	16	27	-	16.7927	7.89e-07	0.0119	AAGCCTGAAAAA
22-AACTCTGAAAAA	STREME-22	Chr2_29806475_29806575	29	40	+	16.7927	7.89e-07	0.0119	AAGCCTGAAAAA
22-AACTCTGAAAAA	STREME-22	Chr6_7263284_7263384	35	46	+	16.7927	7.89e-07	0.0119	AAGCCTGAAAAA
22-AACTCTGAAAAA	STREME-22	Chr14_7426282_7426382	35	46	+	16.7927	7.89e-07	0.0119	AAGCCTGAAAAA
22-AACTCTGAAAAA	STREME-22	Chr8_26086651_26086751	64	75	+	16.7927	7.89e-07	0.0119	AAGCCTGAAAAA
22-AACTCTGAAAAA	STREME-22	Chr9_15054537_15054637	71	82	-	16.7927	7.89e-07	0.0119	AAGCCTGAAAAA
22-AACTCTGAAAAA	STREME-22	Chr1_1515570_1515670	72	83	-	16.7927	7.89e-07	0.0119	AAGCCTGAAAAA
22-AACTCTGAAAAA	STREME-22	Chr11_23878167_23878267	42	53	-	16.7439	9.2e-07	0.0136	AACTCTAAAAAA
22-AACTCTGAAAAA	STREME-22	Chr2_31355546_31355646	63	74	-	16.7439	9.2e-07	0.0136	AACTCTAAAAAA
22-AACTCTGAAAAA	STREME-22	Chr5_7731099_7731199	69	80	-	16.7439	9.2e-07	0.0136	AACTCTAAAAAA
22-AACTCTGAAAAA	STREME-22	Chr8_30160361_30160461	34	45	+	16.2561	1.14e-06	0.0166	AAGTTTGAAAAA
22-AACTCTGAAAAA	STREME-22	Chr6_28088856_28088956	23	34	+	16.1585	1.27e-06	0.0181	AATTCTGAAAAA
22-AACTCTGAAAAA	STREME-22	Chr11_21220931_21221031	28	39	-	16.1585	1.27e-06	0.0181	AATTCTGAAAAA
22-AACTCTGAAAAA	STREME-22	Chr15_19869045_19869145	69	80	-	16.1585	1.27e-06	0.0181	AATTCTGAAAAA
22-AACTCTGAAAAA	STREME-22	Chr7_11272733_11272833	76	87	-	15.8537	1.35e-06	0.0192	AACTCTGAAAGA
22-AACTCTGAAAAA	STREME-22	Chr3_21760756_21760856	83	94	+	15.7927	1.52e-06	0.0213	AACTCTGAAAAC
22-AACTCTGAAAAA	STREME-22	Chr12_18430378_18430478	88	99	+	15.7927	1.52e-06	0.0213	AGCTCTGAAAAA
22-AACTCTGAAAAA	STREME-22	Chr7_6336242_6336342	63	74	-	15.6829	1.59e-06	0.0221	AACCCCGAAAAA
22-AACTCTGAAAAA	STREME-22	Chr13_23557017_23557117	60	71	+	15.4146	1.8e-06	0.0249	AACCTTGAAAAA
22-AACTCTGAAAAA	STREME-22	Chr5_14626021_14626121	73	84	+	15.1463	1.91e-06	0.0262	AACTTCGAAAAA
22-AACTCTGAAAAA	STREME-22	Chr11_14483726_14483826	21	32	+	14.378	2.21e-06	0.0301	AAGTCTAAAAAA
22-AACTCTGAAAAA	STREME-22	Chr2_3564351_3564451	24	35	+	14.3415	2.3e-06	0.0302	AACTCCGAAATA
22-AACTCTGAAAAA	STREME-22	Chr1_24220124_24220224	47	58	+	14.3415	2.3e-06	0.0302	AACTCCGAAATA
22-AACTCTGAAAAA	STREME-22	Chr14_23417060_23417160	40	51	-	14.3415	2.3e-06	0.0302	AACTCCGAAATA
22-AACTCTGAAAAA	STREME-22	Chr3_19825346_19825446	55	66	+	14.3415	2.3e-06	0.0302	AACTCCGAAATA
22-AACTCTGAAAAA	STREME-22	Chr2_6998049_6998149	61	72	+	14.3415	2.3e-06	0.0302	AACTCCGAAATA
22-AACTCTGAAAAA	STREME-22	Chr5_31931672_31931772	5	16	-	14.1707	2.5e-06	0.0326	AACTATGAAAAA
22-AACTCTGAAAAA	STREME-22	Chr9_28767253_28767353	63	74	+	13.2683	3.34e-06	0.0431	AACTCCAAAAAA
22-AACTCTGAAAAA	STREME-22	Chr11_16070579_16070679	66	77	+	13.2683	3.34e-06	0.0431	AACTCCAAAAAA
22-AACTCTGAAAAA	STREME-22	Chr9_16961355_16961455	22	33	-	13.0488	3.44e-06	0.0441	AAGCTTGAAAAA
22-AACTCTGAAAAA	STREME-22	Chr13_5110458_5110558	14	25	+	13	3.6e-06	0.0459	AACTTTAAAAAA
22-AACTCTGAAAAA	STREME-22	Chr5_22069769_22069869	12	23	+	12.6829	4.01e-06	0.0501	AATTCCGAAAAA
22-AACTCTGAAAAA	STREME-22	Chr6_27816784_27816884	34	45	+	12.6829	4.01e-06	0.0501	AATTCCGAAAAA
22-AACTCTGAAAAA	STREME-22	Chr4_13182138_13182238	44	55	+	12.6829	4.01e-06	0.0501	AATTCCGAAAAA
22-AACTCTGAAAAA	STREME-22	Chr14_23905994_23906094	46	57	-	12.5854	4.21e-06	0.0523	AACCCTGAAAAC
22-AACTCTGAAAAA	STREME-22	Chr15_16772682_16772782	57	68	-	12.4146	4.38e-06	0.0533	AATTTTGAAAAA
22-AACTCTGAAAAA	STREME-22	Chr1_19681086_19681186	84	95	+	12.4146	4.38e-06	0.0533	AATTTTGAAAAA
22-AACTCTGAAAAA	STREME-22	Chr6_19629633_19629733	90	101	-	12.4146	4.38e-06	0.0533	AATTTTGAAAAA
22-AACTCTGAAAAA	STREME-22	Chr6_17076282_17076382	36	47	+	12.0488	5.12e-06	0.0612	AACTTTGAAAAC
22-AACTCTGAAAAA	STREME-22	Chr10_26836598_26836698	46	57	-	12.0488	5.12e-06	0.0612	AACTTTGAAAAC
22-AACTCTGAAAAA	STREME-22	Chr3_26556790_26556890	58	69	-	12.0488	5.12e-06	0.0612	AACTTTGAAAAC
22-AACTCTGAAAAA	STREME-22	Chr5_22030731_22030831	59	70	-	11.939	5.29e-06	0.0629	AACCTCGAAAAA
22-AACTCTGAAAAA	STREME-22	Chr8_18952153_18952253	9	20	-	11.8659	5.36e-06	0.063	CAGCCTGAAAAA
22-AACTCTGAAAAA	STREME-22	Chr2_12217743_12217843	89	100	+	11.8659	5.36e-06	0.063	CAGCCTGAAAAA
22-AACTCTGAAAAA	STREME-22	Chr3_27961369_27961469	16	27	+	11.5976	6.11e-06	0.0714	AACACTGAAAAA
22-AACTCTGAAAAA	STREME-22	Chr4_6996780_6996880	19	30	+	11.439	7.92e-06	0.092	AAATCTGAAAAA
22-AACTCTGAAAAA	STREME-22	Chr1_47237583_47237683	29	40	+	11.2439	8.3e-06	0.0959	AACTCTGAAATC
22-AACTCTGAAAAA	STREME-22	Chr12_21869172_21869272	41	52	+	10.7561	9.4e-06	0.108	CACCCCGAAAAA
22-AACTCTGAAAAA	STREME-22	Chr8_22985496_22985596	60	71	-	10.5976	9.77e-06	0.112	AACTTCGAAATA
22-AACTCTGAAAAA	STREME-22	Chr1_47370608_47370708	19	30	-	10.5366	9.94e-06	0.112	AATTCTAAAAAA
22-AACTCTGAAAAA	STREME-22	Chr10_12058665_12058765	55	66	+	10.5366	9.94e-06	0.112	AATTCTAAAAAA
22-AACTCTGAAAAA	STREME-22	Chr14_10138221_10138321	52	63	+	10.2317	1.03e-05	0.115	AACTCTAAAAGA
22-AACTCTGAAAAA	STREME-22	Chr5_8253264_8253364	27	38	+	10.2195	1.05e-05	0.117	AGGCCTGAAAAA
22-AACTCTGAAAAA	STREME-22	Chr12_14182686_14182786	59	70	-	10.2195	1.05e-05	0.117	AGGCCTGAAAAA
22-AACTCTGAAAAA	STREME-22	Chr2_38694838_38694938	77	88	-	10.061	1.08e-05	0.119	AACCCCAAAAAA
22-AACTCTGAAAAA	STREME-22	Chr8_554441_554541	33	44	+	9.7439	1.14e-05	0.124	AAGTTTGAAAGA
22-AACTCTGAAAAA	STREME-22	Chr3_33819716_33819816	42	53	-	9.7439	1.14e-05	0.124	AAGTTTGAAAGA
22-AACTCTGAAAAA	STREME-22	Chr3_3509281_3509381	79	90	+	9.23171	1.3e-05	0.14	AAGGCTGAAAAA
22-AACTCTGAAAAA	STREME-22	Chr13_21357404_21357504	88	99	-	9.23171	1.3e-05	0.14	AAGGCTGAAAAA
22-AACTCTGAAAAA	STREME-22	Chr7_20762296_20762396	16	27	-	9.14634	1.38e-05	0.149	CACTTTGAAATA
22-AACTCTGAAAAA	STREME-22	Chr6_23169833_23169933	53	64	+	9.12195	1.42e-05	0.15	ATGTCTGAAAAA
22-AACTCTGAAAAA	STREME-22	Chr13_23739995_23740095	46	57	-	9.12195	1.42e-05	0.15	AAGTCTGAAAAT
22-AACTCTGAAAAA	STREME-22	Chr1_705699_705799	76	87	+	9.12195	1.42e-05	0.15	AAGTCTGAAAAG
22-AACTCTGAAAAA	STREME-22	Chr5_33416431_33416531	17	28	-	9.10976	1.52e-05	0.158	AAGTCTGGAAAA
22-AACTCTGAAAAA	STREME-22	Chr13_500783_500883	83	94	-	9.10976	1.52e-05	0.158	AAGTCTGTAAAA
22-AACTCTGAAAAA	STREME-22	Chr1_37374174_37374274	90	101	+	8.9878	1.53e-05	0.159	AACCCTAAAATA
22-AACTCTGAAAAA	STREME-22	Chr8_10624381_10624481	87	98	+	8.87805	1.58e-05	0.163	AAGTCTGAAATC
22-AACTCTGAAAAA	STREME-22	Chr5_25530989_25531089	52	63	-	8.59756	1.66e-05	0.171	AAGCATGAAAAA
22-AACTCTGAAAAA	STREME-22	Chr6_6217599_6217699	20	31	-	8.57317	1.68e-05	0.171	AACTTCGAAAAC
22-AACTCTGAAAAA	STREME-22	Chr3_1583053_1583153	60	71	+	8.57317	1.68e-05	0.171	AACTTCGAAAAC
22-AACTCTGAAAAA	STREME-22	Chr9_19456865_19456965	66	77	-	8.5	1.73e-05	0.175	AAGCTTGAAATA
22-AACTCTGAAAAA	STREME-22	Chr4_16078383_16078483	41	52	-	8.34146	1.79e-05	0.179	CACTCCAAAAAA
22-AACTCTGAAAAA	STREME-22	Chr3_33995063_33995163	13	24	+	8.32927	1.8e-05	0.179	AAGTACGAAAAA
22-AACTCTGAAAAA	STREME-22	Chr12_8441044_8441144	12	23	-	8.32927	1.8e-05	0.179	AAGTACGAAAAA
22-AACTCTGAAAAA	STREME-22	Chr2_5113377_5113477	88	99	-	8.32927	1.8e-05	0.179	AAGTACGAAAAA
22-AACTCTGAAAAA	STREME-22	Chr6_27111154_27111254	74	85	+	8.23171	1.93e-05	0.191	AAACCTGAAAAA
22-AACTCTGAAAAA	STREME-22	Chr10_11755455_11755555	24	35	-	8.03659	2.03e-05	0.199	AACCCTGAAATC
22-AACTCTGAAAAA	STREME-22	Chr7_26860109_26860209	1	12	+	8	2.15e-05	0.2	AACCCTTAAAAA
22-AACTCTGAAAAA	STREME-22	Chr1_36101545_36101645	2	13	+	8	2.15e-05	0.2	AACCCTTAAAAA
22-AACTCTGAAAAA	STREME-22	Chr11_7537074_7537174	20	31	+	8	2.15e-05	0.2	AACCCTTAAAAA
22-AACTCTGAAAAA	STREME-22	Chr8_3094685_3094785	22	33	+	8	2.15e-05	0.2	AACCCTTAAAAA
22-AACTCTGAAAAA	STREME-22	Chr14_18117760_18117860	25	36	+	8	2.15e-05	0.2	AACCCTTAAAAA
22-AACTCTGAAAAA	STREME-22	Chr11_19229698_19229798	21	32	-	8	2.15e-05	0.2	AACCCTTAAAAA
22-AACTCTGAAAAA	STREME-22	Chr10_5775417_5775517	21	32	-	8	2.15e-05	0.2	AACCCTTAAAAA
22-AACTCTGAAAAA	STREME-22	Chr2_31104036_31104136	38	49	-	8	2.15e-05	0.2	AACCCTTAAAAA
22-AACTCTGAAAAA	STREME-22	Chr14_19509096_19509196	61	72	-	8	2.15e-05	0.2	AACCCTTAAAAA
22-AACTCTGAAAAA	STREME-22	Chr4_17934716_17934816	79	90	-	8	2.15e-05	0.2	AACCCTTAAAAA
22-AACTCTGAAAAA	STREME-22	Chr9_26182005_26182105	88	99	-	8	2.15e-05	0.2	AACCCTTAAAAA
22-AACTCTGAAAAA	STREME-22	Chr3_22786745_22786845	90	101	-	7.96341	2.18e-05	0.202	AATTATGAAAAA
22-AACTCTGAAAAA	STREME-22	Chr2_33562458_33562558	89	100	+	7.85366	2.24e-05	0.207	AACATTGAAAAA
22-AACTCTGAAAAA	STREME-22	Chr14_23770381_23770481	9	20	+	7.82927	2.27e-05	0.209	AACTTGGAAAAA
22-AACTCTGAAAAA	STREME-22	Chr1_13276728_13276828	57	68	-	7.76829	2.34e-05	0.214	AGCTCCGAAATA
22-AACTCTGAAAAA	STREME-22	Chr11_17548229_17548329	8	19	-	7.7439	2.4e-05	0.216	AACTTTGAAAAT
22-AACTCTGAAAAA	STREME-22	Chr1_24450862_24450962	69	80	-	7.7439	2.4e-05	0.216	ACCTTTGAAAAA
22-AACTCTGAAAAA	STREME-22	Chr14_3942517_3942617	90	101	+	7.7439	2.4e-05	0.216	ATCTTTGAAAAA
22-AACTCTGAAAAA	STREME-22	Chr10_27566006_27566106	31	42	+	7.73171	2.52e-05	0.223	AACTTTGATAAA
22-AACTCTGAAAAA	STREME-22	Chr10_8331998_8332098	69	80	-	7.73171	2.52e-05	0.223	AACTTTGCAAAA
22-AACTCTGAAAAA	STREME-22	Chr13_1986907_1987007	27	38	+	7.69512	2.55e-05	0.223	AAATTTGAAAAA
22-AACTCTGAAAAA	STREME-22	Chr3_1381008_1381108	50	61	-	7.69512	2.55e-05	0.223	AAGCCCAAAAAA
22-AACTCTGAAAAA	STREME-22	Chr2_38694838_38694938	67	78	-	7.69512	2.55e-05	0.223	AAGCCCAAAAAA
22-AACTCTGAAAAA	STREME-22	Chr6_11831160_11831260	82	93	+	7.69512	2.55e-05	0.223	AAATTTGAAAAA
22-AACTCTGAAAAA	STREME-22	Chr3_27186896_27186996	80	91	-	7.69512	2.55e-05	0.223	AAATTTGAAAAA
22-AACTCTGAAAAA	STREME-22	Chr14_23994289_23994389	55	66	+	7.46341	2.66e-05	0.231	AACTTTTAAAAA
22-AACTCTGAAAAA	STREME-22	Chr4_20872699_20872799	60	71	+	7.46341	2.66e-05	0.231	AACTTTTAAAAA
22-AACTCTGAAAAA	STREME-22	Chr12_5039773_5039873	45	56	-	7.39024	2.7e-05	0.232	CGCTCCGAAAAA
22-AACTCTGAAAAA	STREME-22	Chr7_26713285_26713385	49	60	-	7.39024	2.7e-05	0.232	AACCTCGAAATA
22-AACTCTGAAAAA	STREME-22	Chr4_3300142_3300242	89	100	-	7.15854	2.77e-05	0.236	AAGTTCAAAAAA
22-AACTCTGAAAAA	STREME-22	Chr6_27666654_27666754	11	22	+	7.06098	2.8e-05	0.236	AATTCCAAAAAA
22-AACTCTGAAAAA	STREME-22	Chr7_24198246_24198346	48	59	+	7.06098	2.8e-05	0.236	AATTCCAAAAAA
22-AACTCTGAAAAA	STREME-22	Chr11_4177895_4177995	85	96	-	7.06098	2.8e-05	0.236	AATTCCAAAAAA
22-AACTCTGAAAAA	STREME-22	Chr2_20414638_20414738	75	86	+	6.93902	2.93e-05	0.246	AACTCTGAAATT
22-AACTCTGAAAAA	STREME-22	Chr14_1284911_1285011	11	22	-	6.92683	3.01e-05	0.249	AACTCTGGAATA
22-AACTCTGAAAAA	STREME-22	Chr2_21498238_21498338	23	34	-	6.92683	3.01e-05	0.249	AACTCTGGAATA
22-AACTCTGAAAAA	STREME-22	Chr2_13872129_13872229	58	69	-	6.92683	3.01e-05	0.249	AACTCTGGAATA
22-AACTCTGAAAAA	STREME-22	Chr14_12401551_12401651	52	63	-	6.91463	3.03e-05	0.249	AGGTCTGAAAGA
22-AACTCTGAAAAA	STREME-22	Chr6_26834761_26834861	74	85	+	6.91463	3.03e-05	0.249	AGGTCTGAAAGA
22-AACTCTGAAAAA	STREME-22	Chr9_6097_6197	4	15	+	6.89024	3.04e-05	0.249	AAATCTGAAATA
22-AACTCTGAAAAA	STREME-22	Chr10_11220195_11220295	33	44	-	6.79268	3.08e-05	0.251	AATTTTAAAAAA
22-AACTCTGAAAAA	STREME-22	Chr2_4172973_4173073	48	59	+	6.79268	3.08e-05	0.251	AATTTTAAAAAA
22-AACTCTGAAAAA	STREME-22	Chr8_2646002_2646102	2	13	-	6.62195	3.22e-05	0.261	AAGCCTAAAATA
22-AACTCTGAAAAA	STREME-22	Chr2_29164919_29165019	56	67	-	6.56098	3.25e-05	0.261	CACTCTGAAAAT
22-AACTCTGAAAAA	STREME-22	Chr7_4266909_4267009	87	98	-	6.56098	3.25e-05	0.261	CACTCTGAAAAT
22-AACTCTGAAAAA	STREME-22	Chr14_12386139_12386239	59	70	+	6.5122	3.34e-05	0.267	CAATCTGAAAAA
22-AACTCTGAAAAA	STREME-22	Chr7_1164407_1164507	24	35	-	6.4878	3.35e-05	0.267	AACTTTAAAAGA
22-AACTCTGAAAAA	STREME-22	Chr3_20593029_20593129	13	24	-	6.43902	3.38e-05	0.268	AATCCTGAAAGA
22-AACTCTGAAAAA	STREME-22	Chr14_7656872_7656972	83	94	+	6.41463	3.42e-05	0.268	AACCATGAAATA
22-AACTCTGAAAAA	STREME-22	Chr6_31791534_31791634	74	85	-	6.37805	3.44e-05	0.268	AGTCCTGAAAAA
22-AACTCTGAAAAA	STREME-22	Chr6_25027577_25027677	78	89	-	6.31707	3.48e-05	0.268	AACCTCAAAAAA
22-AACTCTGAAAAA	STREME-22	Chr9_25732630_25732730	39	50	-	6.10976	3.59e-05	0.268	AATTCCGAAAAC
22-AACTCTGAAAAA	STREME-22	Chr13_23739995_23740095	89	100	-	6	3.64e-05	0.268	AAGCCAGAAAAA
22-AACTCTGAAAAA	STREME-22	Chr13_15429598_15429698	2	13	+	5.97561	3.7e-05	0.268	AACACTAAAAAA
22-AACTCTGAAAAA	STREME-22	Chr11_4914630_4914730	72	83	-	5.95122	3.72e-05	0.268	AACTCGAAAAAA
22-AACTCTGAAAAA	STREME-22	Chr9_24841498_24841598	74	85	-	5.95122	3.72e-05	0.268	AACTCAAAAAAA
22-AACTCTGAAAAA	STREME-22	Chr5_1922819_1922919	57	68	-	5.91463	3.79e-05	0.268	AAGCCTGAAAAT
22-AACTCTGAAAAA	STREME-22	Chr5_25530989_25531089	30	41	+	5.90244	3.87e-05	0.268	AAGCCTGGAAAA
22-AACTCTGAAAAA	STREME-22	Chr7_10556926_10557026	69	80	+	5.90244	3.87e-05	0.268	AAGCCTGGAAAA
22-AACTCTGAAAAA	STREME-22	Chr8_26086651_26086751	86	97	-	5.90244	3.87e-05	0.268	AAGCCTGGAAAA
22-AACTCTGAAAAA	STREME-22	Chr13_3546802_3546902	5	16	+	5.85366	4.04e-05	0.268	AACTCTAAGAAA
22-AACTCTGAAAAA	STREME-22	Chr7_18645520_18645620	11	22	+	5.85366	4.04e-05	0.268	AACTCTAAGAAA
22-AACTCTGAAAAA	STREME-22	Chr3_21544467_21544567	1	12	-	5.85366	4.04e-05	0.268	AACTCTAAGAAA
22-AACTCTGAAAAA	STREME-22	Chr5_5572215_5572315	1	12	-	5.85366	4.04e-05	0.268	AACTCTAAGAAA
22-AACTCTGAAAAA	STREME-22	Chr4_25722390_25722490	5	16	-	5.85366	4.04e-05	0.268	AACTCTAAGAAA
22-AACTCTGAAAAA	STREME-22	Chr9_11122147_11122247	5	16	-	5.85366	4.04e-05	0.268	AACTCTAAGAAA
22-AACTCTGAAAAA	STREME-22	Chr5_14805492_14805592	13	24	-	5.85366	4.04e-05	0.268	AACTCTAAGAAA
22-AACTCTGAAAAA	STREME-22	Chr13_20412069_20412169	14	25	-	5.85366	4.04e-05	0.268	AACTCTACAAAA
22-AACTCTGAAAAA	STREME-22	Chr13_3939360_3939460	19	30	-	5.85366	4.04e-05	0.268	AACTCTAAGAAA
22-AACTCTGAAAAA	STREME-22	Chr1_18440584_18440684	20	31	-	5.85366	4.04e-05	0.268	AACTCTAAGAAA
22-AACTCTGAAAAA	STREME-22	Chr6_7163753_7163853	32	43	+	5.85366	4.04e-05	0.268	AACTCTAAGAAA
22-AACTCTGAAAAA	STREME-22	Chr1_22633549_22633649	32	43	+	5.85366	4.04e-05	0.268	AACTCTAAGAAA
22-AACTCTGAAAAA	STREME-22	Chr7_11446918_11447018	25	36	-	5.85366	4.04e-05	0.268	AACTCTAAGAAA
22-AACTCTGAAAAA	STREME-22	Chr1_38948954_38949054	38	49	+	5.85366	4.04e-05	0.268	AACTCTACAAAA
22-AACTCTGAAAAA	STREME-22	Chr8_29270375_29270475	44	55	+	5.85366	4.04e-05	0.268	AACTCTAACAAA
22-AACTCTGAAAAA	STREME-22	Chr4_9517238_9517338	33	44	-	5.85366	4.04e-05	0.268	AACTCTAAGAAA
22-AACTCTGAAAAA	STREME-22	Chr10_22320177_22320277	49	60	+	5.85366	4.04e-05	0.268	AACTCTAAGAAA
22-AACTCTGAAAAA	STREME-22	Chr3_31135933_31136033	38	49	-	5.85366	4.04e-05	0.268	AACTCTAAGAAA
22-AACTCTGAAAAA	STREME-22	Chr11_14207599_14207699	40	51	-	5.85366	4.04e-05	0.268	AACTCTAAGAAA
22-AACTCTGAAAAA	STREME-22	Chr2_13315520_13315620	41	52	-	5.85366	4.04e-05	0.268	AACTCTAAGAAA
22-AACTCTGAAAAA	STREME-22	Chr2_27741857_27741957	43	54	-	5.85366	4.04e-05	0.268	AACTCTAAGAAA
22-AACTCTGAAAAA	STREME-22	Chr7_27817835_27817935	54	65	+	5.85366	4.04e-05	0.268	AACTCTAAGAAA
22-AACTCTGAAAAA	STREME-22	Chr9_16568197_16568297	46	57	-	5.85366	4.04e-05	0.268	AACTCTAAGAAA
22-AACTCTGAAAAA	STREME-22	Chr8_16775831_16775931	62	73	+	5.85366	4.04e-05	0.268	AACTCTAAGAAA
22-AACTCTGAAAAA	STREME-22	Chr13_6445086_6445186	63	74	+	5.85366	4.04e-05	0.268	AACTCTAAGAAA
22-AACTCTGAAAAA	STREME-22	Chr7_1856585_1856685	54	65	-	5.85366	4.04e-05	0.268	AACTCTAAAGAA
22-AACTCTGAAAAA	STREME-22	Chr2_690135_690235	68	79	+	5.85366	4.04e-05	0.268	AACTCTAAGAAA
22-AACTCTGAAAAA	STREME-22	Chr6_26228063_26228163	71	82	+	5.85366	4.04e-05	0.268	AACTCTAAGAAA
22-AACTCTGAAAAA	STREME-22	Chr1_23371472_23371572	72	83	+	5.85366	4.04e-05	0.268	AACTCTAAGAAA
22-AACTCTGAAAAA	STREME-22	Chr15_16986493_16986593	63	74	-	5.85366	4.04e-05	0.268	AACTCTAAGAAA
22-AACTCTGAAAAA	STREME-22	Chr7_13017938_13018038	64	75	-	5.85366	4.04e-05	0.268	AACTCTAACAAA
22-AACTCTGAAAAA	STREME-22	Chr3_30146817_30146917	66	77	-	5.85366	4.04e-05	0.268	AACTCTAAACAA
22-AACTCTGAAAAA	STREME-22	Chr6_28416424_28416524	81	92	+	5.85366	4.04e-05	0.268	AACTCTAAAGAA
22-AACTCTGAAAAA	STREME-22	Chr1_15628265_15628365	74	85	-	5.85366	4.04e-05	0.268	AACTCTAAGAAA
22-AACTCTGAAAAA	STREME-22	Chr1_26973246_26973346	85	96	+	5.85366	4.04e-05	0.268	AACTCTAAGAAA
22-AACTCTGAAAAA	STREME-22	Chr12_2994200_2994300	81	92	-	5.85366	4.04e-05	0.268	AACTCTAAGAAA
22-AACTCTGAAAAA	STREME-22	Chr13_434052_434152	88	99	-	5.85366	4.04e-05	0.268	AACTCTAAGAAA
22-AACTCTGAAAAA	STREME-22	Chr15_13472676_13472776	71	82	-	5.84146	4.07e-05	0.268	AATTTTGAAAAC
22-AACTCTGAAAAA	STREME-22	Chr1_14307034_14307134	83	94	+	5.84146	4.07e-05	0.268	AGTTTTGAAAAA
22-AACTCTGAAAAA	STREME-22	Chr10_7759423_7759523	61	72	+	5.7561	4.12e-05	0.27	AAGGCCGAAAAA
22-AACTCTGAAAAA	STREME-22	Chr1_16340098_16340198	18	29	-	5.73171	4.14e-05	0.27	AATCTCGAAAAA
22-AACTCTGAAAAA	STREME-22	Chr11_4914630_4914730	51	62	-	5.73171	4.14e-05	0.27	AATCTCGAAAAA
22-AACTCTGAAAAA	STREME-22	Chr15_12012096_12012196	82	93	-	5.70732	4.16e-05	0.271	CAGTTTAAAAAA
22-AACTCTGAAAAA	STREME-22	Chr4_19559837_19559937	55	66	+	5.67073	4.22e-05	0.273	GAGTCCGAAAAA
22-AACTCTGAAAAA	STREME-22	Chr14_9905892_9905992	45	56	-	5.64634	4.25e-05	0.273	AAGTCCGAAAAG
22-AACTCTGAAAAA	STREME-22	Chr4_12800065_12800165	65	76	+	5.64634	4.25e-05	0.273	AAGTCCGAAAAT
22-AACTCTGAAAAA	STREME-22	Chr10_8400068_8400168	7	18	-	5.63415	4.33e-05	0.276	AAGTCCGAGAAA
22-AACTCTGAAAAA	STREME-22	Chr4_13182138_13182238	13	24	-	5.63415	4.33e-05	0.276	AAGTCCGAAGAA
22-AACTCTGAAAAA	STREME-22	Chr6_24540924_24541024	79	90	+	5.63415	4.33e-05	0.276	AAGCCTCAAAAA
22-AACTCTGAAAAA	STREME-22	Chr12_16941066_16941166	15	26	+	5.62195	4.35e-05	0.276	AACTCTAAAATC
22-AACTCTGAAAAA	STREME-22	Chr14_9654877_9654977	64	75	-	5.53659	4.38e-05	0.276	AGCTTTGAAAGA
22-AACTCTGAAAAA	STREME-22	Chr13_2553422_2553522	34	45	+	5.4878	4.42e-05	0.276	AAGGTTGAAAAA
22-AACTCTGAAAAA	STREME-22	Chr10_16101333_16101433	58	69	+	5.4878	4.42e-05	0.276	AAGATTGAAAAA
22-AACTCTGAAAAA	STREME-22	Chr1_39758466_39758566	7	18	-	5.46341	4.46e-05	0.276	AAGTGCGAAAAA
22-AACTCTGAAAAA	STREME-22	Chr6_13559987_13560087	19	30	-	5.46341	4.46e-05	0.276	AAGTTGGAAAAA
22-AACTCTGAAAAA	STREME-22	Chr8_13342741_13342841	60	71	+	5.46341	4.46e-05	0.276	AAGTTAGAAAAA
22-AACTCTGAAAAA	STREME-22	Chr2_13681381_13681481	59	70	-	5.46341	4.46e-05	0.276	AAGTTAGAAAAA
22-AACTCTGAAAAA	STREME-22	Chr3_21707238_21707338	85	96	+	5.46341	4.46e-05	0.276	AAGTTAGAAAAA
22-AACTCTGAAAAA	STREME-22	Chr6_26787324_26787424	54	65	+	5.40244	4.51e-05	0.278	AGGTCCGAAATA
22-AACTCTGAAAAA	STREME-22	Chr13_24259735_24259835	72	83	+	5.39024	4.54e-05	0.279	AATGCTGAAAAA
22-AACTCTGAAAAA	STREME-22	Chr2_5690820_5690920	47	58	-	5.37805	4.58e-05	0.279	AAGTTTGAAAAG
22-AACTCTGAAAAA	STREME-22	Chr5_23060079_23060179	87	98	-	5.37805	4.58e-05	0.279	ATGTTTGAAAAA
22-AACTCTGAAAAA	STREME-22	Chr1_28465026_28465126	5	16	+	5.36585	4.74e-05	0.279	AAGTTTGAACAA
22-AACTCTGAAAAA	STREME-22	Chr6_20114362_20114462	9	20	+	5.36585	4.74e-05	0.279	AAGTTTGAACAA
22-AACTCTGAAAAA	STREME-22	Chr3_909522_909622	8	19	-	5.36585	4.74e-05	0.279	AAGTTTGAAGAA
22-AACTCTGAAAAA	STREME-22	Chr4_1448327_1448427	30	41	+	5.36585	4.74e-05	0.279	AAGTTTGAACAA
22-AACTCTGAAAAA	STREME-22	Chr7_1358888_1358988	34	45	+	5.36585	4.74e-05	0.279	AACCTCGAAAAC
22-AACTCTGAAAAA	STREME-22	Chr6_1714611_1714711	24	35	-	5.36585	4.74e-05	0.279	AAGTTTGAACAA
22-AACTCTGAAAAA	STREME-22	Chr11_2509321_2509421	33	44	-	5.36585	4.74e-05	0.279	AAGTTTGACAAA
22-AACTCTGAAAAA	STREME-22	Chr10_27728080_27728180	44	55	+	5.36585	4.74e-05	0.279	AAGTTTGAACAA
22-AACTCTGAAAAA	STREME-22	Chr2_2018441_2018541	64	75	+	5.36585	4.74e-05	0.279	AAGTTTGAACAA
22-AACTCTGAAAAA	STREME-22	Chr7_20803643_20803743	73	84	+	5.36585	4.74e-05	0.279	AAGTTTGAACAA
22-AACTCTGAAAAA	STREME-22	Chr4_19894626_19894726	76	87	+	5.36585	4.74e-05	0.279	AAGTTTGAAGAA
22-AACTCTGAAAAA	STREME-22	Chr7_2096482_2096582	80	91	-	5.36585	4.74e-05	0.279	AAGTTTGAACAA
22-AACTCTGAAAAA	STREME-22	Chr2_8336019_8336119	81	92	-	5.36585	4.74e-05	0.279	AAGTTTGAACAA
22-AACTCTGAAAAA	STREME-22	Chr8_17438461_17438561	27	38	+	5.34146	4.77e-05	0.28	AACCATAAAAAA
22-AACTCTGAAAAA	STREME-22	Chr15_9063132_9063232	4	15	+	5.26829	4.97e-05	0.288	AATTCTGACAAA
22-AACTCTGAAAAA	STREME-22	Chr15_17084758_17084858	14	25	-	5.26829	4.97e-05	0.288	AATTCTGGAAAA
22-AACTCTGAAAAA	STREME-22	Chr9_25615840_25615940	21	32	-	5.26829	4.97e-05	0.288	AATTCTGAACAA
22-AACTCTGAAAAA	STREME-22	Chr1_28259004_28259104	69	80	-	5.26829	4.97e-05	0.288	AATTCTGAACAA
22-AACTCTGAAAAA	STREME-22	Chr14_2884464_2884564	43	54	+	5.13415	5.05e-05	0.291	AGGTTTGAAATA
22-AACTCTGAAAAA	STREME-22	Chr6_22125451_22125551	75	86	+	5.13415	5.05e-05	0.291	CACCCCAAAAAA
22-AACTCTGAAAAA	STREME-22	Chr8_19291392_19291492	5	16	+	5.07317	5.14e-05	0.294	AACTACAAAAAA
22-AACTCTGAAAAA	STREME-22	Chr3_8218396_8218496	88	99	+	5.07317	5.14e-05	0.294	AACTACAAAAAA
22-AACTCTGAAAAA	STREME-22	Chr9_27713991_27714091	53	64	+	5.03659	5.18e-05	0.295	AGTTCTGAAATA
22-AACTCTGAAAAA	STREME-22	Chr10_7300966_7301066	20	31	+	5.02439	5.23e-05	0.297	CGGTCCGAAAAA
22-AACTCTGAAAAA	STREME-22	Chr9_9378861_9378961	38	49	+	4.96341	5.43e-05	0.308	AACTCTGACAGA
22-AACTCTGAAAAA	STREME-22	Chr8_13699850_13699950	33	44	+	4.93902	5.46e-05	0.309	GGCTCTGAAAAA
22-AACTCTGAAAAA	STREME-22	Chr10_26978698_26978798	18	29	-	4.90244	5.65e-05	0.317	AGCTCTGAAGAA
22-AACTCTGAAAAA	STREME-22	Chr14_3746009_3746109	58	69	+	4.90244	5.65e-05	0.317	AGCTCTGAATAA
22-AACTCTGAAAAA	STREME-22	Chr6_7852368_7852468	57	68	-	4.90244	5.65e-05	0.317	AACTCTGCAAAC
22-AACTCTGAAAAA	STREME-22	Chr15_10844133_10844233	12	23	-	4.86585	5.69e-05	0.318	AAATCTGAAAAC
22-AACTCTGAAAAA	STREME-22	Chr2_32272236_32272336	21	32	-	4.79268	5.8e-05	0.323	AACCCCGGAAAA
22-AACTCTGAAAAA	STREME-22	Chr6_30665126_30665226	76	87	+	4.7561	5.84e-05	0.325	CGGTTTGAAAAA
22-AACTCTGAAAAA	STREME-22	Chr5_27274574_27274674	64	75	-	4.73171	5.85e-05	0.325	AGCTGTGAAAAA
22-AACTCTGAAAAA	STREME-22	Chr5_9160090_9160190	88	99	+	4.68293	5.91e-05	0.326	AAGACTGAAATA
22-AACTCTGAAAAA	STREME-22	Chr6_8178807_8178907	88	99	-	4.68293	5.91e-05	0.326	AAGACTGAAATA
22-AACTCTGAAAAA	STREME-22	Chr7_1948123_1948223	13	24	-	4.65854	5.98e-05	0.328	AAGTCGGAAATA
22-AACTCTGAAAAA	STREME-22	Chr9_15887305_15887405	24	35	+	4.62195	6.05e-05	0.328	AACCTGGAAAAA
22-AACTCTGAAAAA	STREME-22	Chr4_18665674_18665774	47	58	-	4.62195	6.05e-05	0.328	AACCTAGAAAAA
22-AACTCTGAAAAA	STREME-22	Chr12_3914271_3914371	33	44	+	4.59756	6.1e-05	0.328	AACCTTGAAACA
22-AACTCTGAAAAA	STREME-22	Chr5_30846862_30846962	59	70	+	4.59756	6.1e-05	0.328	CACTTCAAAAAA
22-AACTCTGAAAAA	STREME-22	Chr8_30160361_30160461	56	67	-	4.59756	6.1e-05	0.328	AGGCCTAAAAAA
22-AACTCTGAAAAA	STREME-22	Chr3_6694513_6694613	59	70	-	4.59756	6.1e-05	0.328	AACCTTGAAACA
22-AACTCTGAAAAA	STREME-22	Chr11_7387263_7387363	87	98	+	4.59756	6.1e-05	0.328	CACTTCAAAAAA
22-AACTCTGAAAAA	STREME-22	Chr5_6332753_6332853	83	94	-	4.59756	6.1e-05	0.328	CACTTCAAAAAA
22-AACTCTGAAAAA	STREME-22	Chr13_14224576_14224676	41	52	+	4.56098	6.25e-05	0.331	TACCTTGAAAAA
22-AACTCTGAAAAA	STREME-22	Chr13_20528942_20529042	52	63	+	4.56098	6.25e-05	0.331	GACCTTGAAAAA
22-AACTCTGAAAAA	STREME-22	Chr13_23134940_23135040	48	59	-	4.56098	6.25e-05	0.331	AACCCCGAAATC
22-AACTCTGAAAAA	STREME-22	Chr6_15520128_15520228	62	73	+	4.56098	6.25e-05	0.331	AAGTCTGACATA
22-AACTCTGAAAAA	STREME-22	Chr14_2102199_2102299	72	83	+	4.56098	6.25e-05	0.331	AAGTCTGACATA
22-AACTCTGAAAAA	STREME-22	Chr12_15428961_15429061	72	83	-	4.56098	6.25e-05	0.331	GACCTTGAAAAA
22-AACTCTGAAAAA	STREME-22	Chr10_19643812_19643912	86	97	+	4.53659	6.3e-05	0.333	ATCCTTGAAAAA
22-AACTCTGAAAAA	STREME-22	Chr4_3300142_3300242	29	40	-	4.52439	6.4e-05	0.333	AACCCCTAAAAA
22-AACTCTGAAAAA	STREME-22	Chr4_3253473_3253573	52	63	-	4.52439	6.4e-05	0.333	AACCTTGAGAAA
22-AACTCTGAAAAA	STREME-22	Chr1_13410737_13410837	53	64	-	4.52439	6.4e-05	0.333	AACCTTGAATAA
22-AACTCTGAAAAA	STREME-22	Chr6_11871099_11871199	25	36	+	4.4878	6.42e-05	0.333	AATTACGAAAAA
22-AACTCTGAAAAA	STREME-22	Chr2_7684274_7684374	18	29	-	4.4878	6.42e-05	0.333	AAACTTGAAAAA
22-AACTCTGAAAAA	STREME-22	Chr1_29333633_29333733	58	69	-	4.4878	6.42e-05	0.333	AATTACGAAAAA
22-AACTCTGAAAAA	STREME-22	Chr4_17318857_17318957	79	90	+	4.4878	6.42e-05	0.333	AAACTTGAAAAA
22-AACTCTGAAAAA	STREME-22	Chr8_2292374_2292474	31	42	+	4.39024	6.48e-05	0.333	AGCCATGAAAAA
22-AACTCTGAAAAA	STREME-22	Chr4_30304764_30304864	30	41	-	4.39024	6.48e-05	0.333	AAGTGTGAAATA
22-AACTCTGAAAAA	STREME-22	Chr9_13792222_13792322	40	51	-	4.39024	6.48e-05	0.333	AACCATGAAAAC
22-AACTCTGAAAAA	STREME-22	Chr3_1021713_1021813	8	19	+	4.26829	6.68e-05	0.343	ATCTTCGAAAAA
22-AACTCTGAAAAA	STREME-22	Chr8_185893_185993	14	25	-	4.2561	6.79e-05	0.347	CAGTCTGAAACA
22-AACTCTGAAAAA	STREME-22	Chr2_25969779_25969879	63	74	-	4.2561	6.79e-05	0.347	AACTTCGAGAAA
22-AACTCTGAAAAA	STREME-22	Chr6_3645210_3645310	52	63	+	4.0122	7.05e-05	0.359	CATTTCGAAAAA
22-AACTCTGAAAAA	STREME-22	Chr13_13527764_13527864	1	12	+	4	7.07e-05	0.359	AACTATAAAATA
22-AACTCTGAAAAA	STREME-22	Chr1_1107956_1108056	89	100	-	3.95122	7.15e-05	0.362	AAGCTCAAAAAA
22-AACTCTGAAAAA	STREME-22	Chr5_27986863_27986963	48	59	-	3.85366	7.19e-05	0.362	AATCCCAAAAAA
22-AACTCTGAAAAA	STREME-22	Chr12_8053075_8053175	48	59	-	3.85366	7.19e-05	0.362	AATCCCAAAAAA
22-AACTCTGAAAAA	STREME-22	Chr13_17484505_17484605	8	19	-	3.71951	7.35e-05	0.369	AACCCTGCAATA
22-AACTCTGAAAAA	STREME-22	Chr4_3929208_3929308	44	55	-	3.68293	7.37e-05	0.37	AAACCTGAAATA
22-AACTCTGAAAAA	STREME-22	Chr10_21525974_21526074	17	28	-	3.65854	7.4e-05	0.37	AGCTCTAAAAGA
22-AACTCTGAAAAA	STREME-22	Chr9_18007579_18007679	74	85	-	3.58537	7.5e-05	0.374	AATCTTAAAAAA
22-AACTCTGAAAAA	STREME-22	Chr11_884426_884526	53	64	-	3.56098	7.54e-05	0.375	AAGTCTAAAACA
22-AACTCTGAAAAA	STREME-22	Chr10_6897344_6897444	14	25	+	3.4878	7.77e-05	0.384	AAGTCTAGAAAA
22-AACTCTGAAAAA	STREME-22	Chr12_7778355_7778455	66	77	+	3.4878	7.77e-05	0.384	AACCCCAAAAAC
22-AACTCTGAAAAA	STREME-22	Chr14_15254538_15254638	77	88	-	3.4878	7.77e-05	0.384	AGCCCCAAAAAA
22-AACTCTGAAAAA	STREME-22	Chr1_44460393_44460493	58	69	-	3.45122	7.9e-05	0.389	AACTCCGAATTA
22-AACTCTGAAAAA	STREME-22	Chr1_3182733_3182833	51	62	-	3.37805	8.01e-05	0.392	AACTAAGAAAAA
22-AACTCTGAAAAA	STREME-22	Chr2_13540171_13540271	70	81	-	3.37805	8.01e-05	0.392	AACTAAGAAAAA
22-AACTCTGAAAAA	STREME-22	Chr2_10688616_10688716	82	93	+	3.37805	8.01e-05	0.392	AACTAGGAAAAA
22-AACTCTGAAAAA	STREME-22	Chr10_7043311_7043411	26	37	-	3.35366	8.05e-05	0.392	CCCCCTGAAAAA
22-AACTCTGAAAAA	STREME-22	Chr12_4925946_4926046	28	39	-	3.31707	8.16e-05	0.397	AATTTCAAAAAA
22-AACTCTGAAAAA	STREME-22	Chr7_19972368_19972468	84	95	+	3.30488	8.2e-05	0.398	CAACCTGAAAAA
22-AACTCTGAAAAA	STREME-22	Chr12_20713329_20713429	3	14	-	3.29268	8.24e-05	0.398	AACTATGAAAAT
22-AACTCTGAAAAA	STREME-22	Chr2_6481013_6481113	34	45	+	3.29268	8.24e-05	0.398	ATCTATGAAAAA
22-AACTCTGAAAAA	STREME-22	Chr1_41698673_41698773	6	17	+	3.28049	8.39e-05	0.403	AACTATGATAAA
22-AACTCTGAAAAA	STREME-22	Chr4_17842083_17842183	75	86	+	3.28049	8.39e-05	0.403	AACTATGAACAA
22-AACTCTGAAAAA	STREME-22	Chr5_18986859_18986959	4	15	-	3.21951	8.47e-05	0.404	TACTTTGAAATA
22-AACTCTGAAAAA	STREME-22	Chr3_24520175_24520275	22	33	+	3.21951	8.47e-05	0.404	AACCTTAAAAAC
22-AACTCTGAAAAA	STREME-22	Chr11_22382412_22382512	67	78	-	3.21951	8.47e-05	0.404	GACTTTGAAATA
22-AACTCTGAAAAA	STREME-22	Chr6_20089193_20089293	29	40	+	3.19512	8.54e-05	0.404	AACTTTGAAATG
22-AACTCTGAAAAA	STREME-22	Chr9_26709646_26709746	43	54	-	3.19512	8.54e-05	0.404	CACACCGAAAAA
22-AACTCTGAAAAA	STREME-22	Chr4_8270053_8270153	74	85	+	3.19512	8.54e-05	0.404	AACTTTGAAATG
22-AACTCTGAAAAA	STREME-22	Chr2_25818315_25818415	27	38	+	3.18293	8.66e-05	0.408	AACTTTGAGATA
22-AACTCTGAAAAA	STREME-22	Chr9_27317669_27317769	84	95	+	3.18293	8.66e-05	0.408	AACTTTGATATA
22-AACTCTGAAAAA	STREME-22	Chr9_8844758_8844858	47	58	+	3.08537	8.76e-05	0.412	CACTCCGAAAAG
22-AACTCTGAAAAA	STREME-22	Chr5_25640189_25640289	18	29	+	3.0122	8.95e-05	0.416	AACTTCAAAAGA
22-AACTCTGAAAAA	STREME-22	Chr2_4345709_4345809	47	58	-	3.0122	8.95e-05	0.416	AACTTCAAAAGA
22-AACTCTGAAAAA	STREME-22	Chr13_20744590_20744690	68	79	-	2.97561	8.97e-05	0.416	AAGCATAAAAAA
22-AACTCTGAAAAA	STREME-22	Chr2_8769332_8769432	15	26	-	2.95122	9e-05	0.416	AACTTCAAAAAC
22-AACTCTGAAAAA	STREME-22	Chr10_6020783_6020883	27	38	-	2.95122	9e-05	0.416	AACTTCAAAAAC
22-AACTCTGAAAAA	STREME-22	Chr3_19365910_19366010	61	72	-	2.95122	9e-05	0.416	AACTTCAAAAAC
22-AACTCTGAAAAA	STREME-22	Chr4_18603307_18603407	86	97	-	2.95122	9e-05	0.416	AACTTCAAAAAC
22-AACTCTGAAAAA	STREME-22	Chr3_17480738_17480838	29	40	-	2.93902	9.03e-05	0.417	CATTTTGAAATA
22-AACTCTGAAAAA	STREME-22	Chr7_28491888_28491988	88	99	-	2.91463	9.08e-05	0.418	AACTTTTAAATA
22-AACTCTGAAAAA	STREME-22	Chr3_22470832_22470932	16	27	+	2.90244	9.12e-05	0.419	CACTTAGAAAAA
22-AACTCTGAAAAA	STREME-22	Chr5_14567022_14567122	9	20	+	2.87805	9.16e-05	0.419	AAGCTTAAAATA
22-AACTCTGAAAAA	STREME-22	Chr2_21214837_21214937	32	43	-	2.87805	9.16e-05	0.419	CGGTCTAAAAAA
22-AACTCTGAAAAA	STREME-22	Chr7_7904624_7904724	43	54	-	2.80488	9.3e-05	0.421	CACTTTGTAAAA
22-AACTCTGAAAAA	STREME-22	Chr4_20514602_20514702	59	70	-	2.80488	9.3e-05	0.421	CACTTTGTAAAA
22-AACTCTGAAAAA	STREME-22	Chr2_24874267_24874367	63	74	-	2.80488	9.3e-05	0.421	CACTTTGCAAAA
22-AACTCTGAAAAA	STREME-22	Chr6_24067756_24067856	39	50	+	2.7439	9.36e-05	0.421	AACCCAAAAAAA
22-AACTCTGAAAAA	STREME-22	Chr4_12455802_12455902	56	67	+	2.7439	9.36e-05	0.421	AACCCAAAAAAA
22-AACTCTGAAAAA	STREME-22	Chr3_998418_998518	65	76	-	2.7439	9.36e-05	0.421	AACCCAAAAAAA
22-AACTCTGAAAAA	STREME-22	Chr9_8686776_8686876	88	99	-	2.7439	9.36e-05	0.421	AACCCAAAAAAA
22-AACTCTGAAAAA	STREME-22	Chr4_1054505_1054605	37	48	-	2.69512	9.43e-05	0.422	AATCTTGAAAGA
22-AACTCTGAAAAA	STREME-22	Chr12_14820991_14821091	12	23	-	2.68293	9.45e-05	0.422	GACCCTAAAAAA
22-AACTCTGAAAAA	STREME-22	Chr4_3300142_3300242	28	39	-	2.65854	9.54e-05	0.422	ACCCCTAAAAAA
22-AACTCTGAAAAA	STREME-22	Chr13_3822948_3823048	1	12	-	2.64634	9.62e-05	0.422	AACCCTAAATAA
22-AACTCTGAAAAA	STREME-22	Chr3_22470832_22470932	29	40	+	2.64634	9.62e-05	0.422	AACCCTAAGAAA
22-AACTCTGAAAAA	STREME-22	Chr1_49168192_49168292	39	50	+	2.64634	9.62e-05	0.422	AACCCTAAAGAA
22-AACTCTGAAAAA	STREME-22	Chr9_14922251_14922351	41	52	-	2.64634	9.62e-05	0.422	AACCCTAAATAA
22-AACTCTGAAAAA	STREME-22	Chr4_26501624_26501724	53	64	+	2.64634	9.62e-05	0.422	AACCCTAACAAA
22-AACTCTGAAAAA	STREME-22	Chr2_31820849_31820949	43	54	-	2.64634	9.62e-05	0.422	AACCCTACAAAA
22-AACTCTGAAAAA	STREME-22	Chr15_4709754_4709854	50	61	-	2.64634	9.62e-05	0.422	AACCCTAGAAAA
22-AACTCTGAAAAA	STREME-22	Chr10_7425980_7426080	55	66	-	2.64634	9.62e-05	0.422	AACCCTAACAAA
22-AACTCTGAAAAA	STREME-22	Chr3_25355877_25355977	2	13	-	2.63415	9.69e-05	0.422	AATCTTGAAAAC
22-AACTCTGAAAAA	STREME-22	Chr3_6669827_6669927	75	86	+	2.63415	9.69e-05	0.422	AATCTTGAAAAC
22-AACTCTGAAAAA	STREME-22	Chr14_20048089_20048189	67	78	-	2.63415	9.69e-05	0.422	AATCTTGAAAAC
22-AACTCTGAAAAA	STREME-22	Chr1_12564132_12564232	48	59	-	2.60976	9.76e-05	0.423	AGGTCTGAAACA
22-AACTCTGAAAAA	STREME-22	Chr1_34963105_34963205	54	65	-	2.60976	9.76e-05	0.423	ATGTCTGAAAGA
22-AACTCTGAAAAA	STREME-22	Chr9_20682090_20682190	13	24	+	2.59756	9.84e-05	0.423	AAGTCTGCAAGA
22-AACTCTGAAAAA	STREME-22	Chr12_6737495_6737595	34	45	-	2.59756	9.84e-05	0.423	AAGTCTGCAAGA
22-AACTCTGAAAAA	STREME-22	Chr10_13305190_13305290	65	76	-	2.59756	9.84e-05	0.423	AAGTCTGCAAGA
22-AACTCTGAAAAA	STREME-22	Chr3_10349205_10349305	90	101	-	2.59756	9.84e-05	0.423	AAGTCTGCAAGA
22-AACTCTGAAAAA	STREME-22	Chr14_22171008_22171108	40	51	-	2.56098	9.89e-05	0.425	CACCACGAAAAA

# FIMO (Find Individual Motif Occurrences): Version 5.5.1 compiled on Apr 10 2023 at 16:56:57
# The format of this file is described at https://meme-suite.org/meme/doc/fimo-output-format.html.
# fimo --parse-genomic-coord --verbosity 1 --oc LITCHI007109.meme_chip/fimo_out_21 --bgfile LITCHI007109.meme_chip/background --motif 22-AACTCTGAAAAA LITCHI007109.meme_chip/streme_out/streme.xml LITCHI007109.meme_chip/LITCHI007109.peak.region.fa
