motif_id	motif_alt_id	sequence_name	start	stop	strand	score	p-value	q-value	matched_sequence
26-CTTGGTTCTTTATT	STREME-26	Chr4_31409658_31409758	12	25	+	25.4045	6.53e-09	0.000303	CTTGGTTCTTTATT
26-CTTGGTTCTTTATT	STREME-26	Chr13_4473150_4473250	13	26	+	25.4045	6.53e-09	0.000303	CTTGGTTCTTTATT
26-CTTGGTTCTTTATT	STREME-26	Chr5_34309190_34309290	14	27	+	25.4045	6.53e-09	0.000303	CTTGGTTCTTTATT
26-CTTGGTTCTTTATT	STREME-26	Chr7_17042551_17042651	17	30	+	25.4045	6.53e-09	0.000303	CTTGGTTCTTTATT
26-CTTGGTTCTTTATT	STREME-26	Chr11_12503822_12503922	7	20	-	25.4045	6.53e-09	0.000303	CTTGGTTCTTTATT
26-CTTGGTTCTTTATT	STREME-26	Chr10_19346259_19346359	23	36	+	25.4045	6.53e-09	0.000303	CTTGGTTCTTTATT
26-CTTGGTTCTTTATT	STREME-26	Chr13_7101905_7102005	27	40	+	25.4045	6.53e-09	0.000303	CTTGGTTCTTTATT
26-CTTGGTTCTTTATT	STREME-26	Chr14_8976820_8976920	33	46	+	25.4045	6.53e-09	0.000303	CTTGGTTCTTTATT
26-CTTGGTTCTTTATT	STREME-26	Chr10_18469012_18469112	36	49	+	25.4045	6.53e-09	0.000303	CTTGGTTCTTTATT
26-CTTGGTTCTTTATT	STREME-26	Chr13_1256011_1256111	36	49	+	25.4045	6.53e-09	0.000303	CTTGGTTCTTTATT
26-CTTGGTTCTTTATT	STREME-26	Chr3_17530282_17530382	38	51	+	25.4045	6.53e-09	0.000303	CTTGGTTCTTTATT
26-CTTGGTTCTTTATT	STREME-26	Chr10_20832158_20832258	38	51	+	25.4045	6.53e-09	0.000303	CTTGGTTCTTTATT
26-CTTGGTTCTTTATT	STREME-26	Chr5_20743611_20743711	38	51	+	25.4045	6.53e-09	0.000303	CTTGGTTCTTTATT
26-CTTGGTTCTTTATT	STREME-26	Chr14_495808_495908	32	45	-	25.4045	6.53e-09	0.000303	CTTGGTTCTTTATT
26-CTTGGTTCTTTATT	STREME-26	Chr13_9075062_9075162	32	45	-	25.4045	6.53e-09	0.000303	CTTGGTTCTTTATT
26-CTTGGTTCTTTATT	STREME-26	Chr14_6330847_6330947	46	59	+	25.4045	6.53e-09	0.000303	CTTGGTTCTTTATT
26-CTTGGTTCTTTATT	STREME-26	Chr3_29733784_29733884	46	59	+	25.4045	6.53e-09	0.000303	CTTGGTTCTTTATT
26-CTTGGTTCTTTATT	STREME-26	Chr14_13798369_13798469	47	60	+	25.4045	6.53e-09	0.000303	CTTGGTTCTTTATT
26-CTTGGTTCTTTATT	STREME-26	Chr13_17469864_17469964	39	52	-	25.4045	6.53e-09	0.000303	CTTGGTTCTTTATT
26-CTTGGTTCTTTATT	STREME-26	Chr7_2009695_2009795	40	53	-	25.4045	6.53e-09	0.000303	CTTGGTTCTTTATT
26-CTTGGTTCTTTATT	STREME-26	Chr1_19195064_19195164	56	69	+	25.4045	6.53e-09	0.000303	CTTGGTTCTTTATT
26-CTTGGTTCTTTATT	STREME-26	Chr13_11666756_11666856	43	56	-	25.4045	6.53e-09	0.000303	CTTGGTTCTTTATT
26-CTTGGTTCTTTATT	STREME-26	Chr3_32556371_32556471	57	70	+	25.4045	6.53e-09	0.000303	CTTGGTTCTTTATT
26-CTTGGTTCTTTATT	STREME-26	Chr6_3848098_3848198	62	75	+	25.4045	6.53e-09	0.000303	CTTGGTTCTTTATT
26-CTTGGTTCTTTATT	STREME-26	Chr2_16418653_16418753	57	70	-	25.4045	6.53e-09	0.000303	CTTGGTTCTTTATT
26-CTTGGTTCTTTATT	STREME-26	Chr13_11655397_11655497	57	70	-	25.4045	6.53e-09	0.000303	CTTGGTTCTTTATT
26-CTTGGTTCTTTATT	STREME-26	Chr13_19209990_19210090	60	73	-	25.4045	6.53e-09	0.000303	CTTGGTTCTTTATT
26-CTTGGTTCTTTATT	STREME-26	Chr14_16879306_16879406	60	73	-	25.4045	6.53e-09	0.000303	CTTGGTTCTTTATT
26-CTTGGTTCTTTATT	STREME-26	Chr6_4497223_4497323	61	74	-	25.4045	6.53e-09	0.000303	CTTGGTTCTTTATT
26-CTTGGTTCTTTATT	STREME-26	Chr13_23894726_23894826	64	77	-	25.4045	6.53e-09	0.000303	CTTGGTTCTTTATT
26-CTTGGTTCTTTATT	STREME-26	Chr13_5224514_5224614	64	77	-	25.4045	6.53e-09	0.000303	CTTGGTTCTTTATT
26-CTTGGTTCTTTATT	STREME-26	Chr10_25330566_25330666	65	78	-	25.4045	6.53e-09	0.000303	CTTGGTTCTTTATT
26-CTTGGTTCTTTATT	STREME-26	Chr5_34320483_34320583	81	94	+	25.4045	6.53e-09	0.000303	CTTGGTTCTTTATT
26-CTTGGTTCTTTATT	STREME-26	Chr3_19977864_19977964	82	95	+	25.4045	6.53e-09	0.000303	CTTGGTTCTTTATT
26-CTTGGTTCTTTATT	STREME-26	Chr13_9086050_9086150	70	83	-	25.4045	6.53e-09	0.000303	CTTGGTTCTTTATT
26-CTTGGTTCTTTATT	STREME-26	Chr15_8184556_8184656	71	84	-	25.4045	6.53e-09	0.000303	CTTGGTTCTTTATT
26-CTTGGTTCTTTATT	STREME-26	Chr9_6866834_6866934	86	99	+	25.4045	6.53e-09	0.000303	CTTGGTTCTTTATT
26-CTTGGTTCTTTATT	STREME-26	Chr3_29097549_29097649	73	86	-	25.4045	6.53e-09	0.000303	CTTGGTTCTTTATT
26-CTTGGTTCTTTATT	STREME-26	Chr6_2509841_2509941	76	89	-	25.4045	6.53e-09	0.000303	CTTGGTTCTTTATT
26-CTTGGTTCTTTATT	STREME-26	Chr5_25755982_25756082	79	92	-	25.4045	6.53e-09	0.000303	CTTGGTTCTTTATT
26-CTTGGTTCTTTATT	STREME-26	Chr1_21449540_21449640	80	93	-	25.4045	6.53e-09	0.000303	CTTGGTTCTTTATT
26-CTTGGTTCTTTATT	STREME-26	Chr10_7594097_7594197	31	44	+	24.3371	1.18e-08	0.000535	CTTGGTTCTTTACT
26-CTTGGTTCTTTATT	STREME-26	Chr11_17767772_17767872	59	72	-	21.8427	2.66e-08	0.00118	CTTGGTTCTTGACT
26-CTTGGTTCTTTATT	STREME-26	Chr10_21625281_21625381	65	78	-	21.764	3.31e-08	0.00143	CTTGGTTCTTAATT
26-CTTGGTTCTTTATT	STREME-26	Chr3_29130620_29130720	69	82	-	21.7416	3.84e-08	0.00162	CTTGGTTCTTCATT
26-CTTGGTTCTTTATT	STREME-26	Chr5_1665294_1665394	36	49	+	21.5393	4.37e-08	0.00173	CTTGGTTCTTTGTT
26-CTTGGTTCTTTATT	STREME-26	Chr1_26555359_26555459	33	46	-	21.5393	4.37e-08	0.00173	CTTGGTTCTTTGTT
26-CTTGGTTCTTTATT	STREME-26	Chr3_31019969_31020069	53	66	+	21.5393	4.37e-08	0.00173	CTTGGTTCTTTGTT
26-CTTGGTTCTTTATT	STREME-26	Chr12_10808321_10808421	4	17	+	21.5281	4.9e-08	0.00179	CTTGGTCCTTTATT
26-CTTGGTTCTTTATT	STREME-26	Chr9_28697961_28698061	17	30	-	21.5281	4.9e-08	0.00179	CTTGGTCCTTTATT
26-CTTGGTTCTTTATT	STREME-26	Chr5_24596177_24596277	32	45	+	21.5281	4.9e-08	0.00179	CTTGGTCCTTTATT
26-CTTGGTTCTTTATT	STREME-26	Chr10_7166240_7166340	42	55	+	21.5281	4.9e-08	0.00179	CTTGGTCCTTTATT
26-CTTGGTTCTTTATT	STREME-26	Chr12_4936261_4936361	2	15	+	21.4831	5.7e-08	0.0019	TTTGGTTCTTTATT
26-CTTGGTTCTTTATT	STREME-26	Chr2_26941846_26941946	49	62	-	21.4831	5.7e-08	0.0019	TTTGGTTCTTTATT
26-CTTGGTTCTTTATT	STREME-26	Chr13_5525237_5525337	69	82	-	21.4831	5.7e-08	0.0019	TTTGGTTCTTTATT
26-CTTGGTTCTTTATT	STREME-26	Chr4_29361196_29361296	76	89	-	21.4831	5.7e-08	0.0019	TTTGGTTCTTTATT
26-CTTGGTTCTTTATT	STREME-26	Chr11_11241087_11241187	83	96	-	21.4831	5.7e-08	0.0019	TTTGGTTCTTTATT
26-CTTGGTTCTTTATT	STREME-26	Chr5_15694744_15694844	15	28	-	20.8989	6.94e-08	0.00216	CTTGATTCTTTATT
26-CTTGGTTCTTTATT	STREME-26	Chr8_28821063_28821163	18	31	-	20.8989	6.94e-08	0.00216	CTTGATTCTTTATT
26-CTTGGTTCTTTATT	STREME-26	Chr5_15566521_15566621	35	48	-	20.8989	6.94e-08	0.00216	CTTGATTCTTTATT
26-CTTGGTTCTTTATT	STREME-26	Chr10_12851533_12851633	73	86	+	20.8989	6.94e-08	0.00216	CTTGATTCTTTATT
26-CTTGGTTCTTTATT	STREME-26	Chr2_17157738_17157838	39	52	-	20.4719	1.03e-07	0.00311	CTTGGTTCTTTGCT
26-CTTGGTTCTTTATT	STREME-26	Chr7_5936636_5936736	57	70	+	20.4719	1.03e-07	0.00311	CTTGGTTCTTTGCT
26-CTTGGTTCTTTATT	STREME-26	Chr5_3094521_3094621	24	37	+	20.4382	1.13e-07	0.00335	CTTGGTTCTTTATC
26-CTTGGTTCTTTATT	STREME-26	Chr13_1266881_1266981	51	64	+	19.8652	1.39e-07	0.00401	CTTAGTTCTTTATT
26-CTTGGTTCTTTATT	STREME-26	Chr4_34233105_34233205	40	53	-	19.8652	1.39e-07	0.00401	CTTAGTTCTTTATT
26-CTTGGTTCTTTATT	STREME-26	Chr12_20924856_20924956	42	55	-	19.0449	2.19e-07	0.00622	CTTGGTTCTTGGTT
26-CTTGGTTCTTTATT	STREME-26	Chr5_15694744_15694844	22	35	-	18.9888	2.3e-07	0.00625	TTTGGTTCTTGATT
26-CTTGGTTCTTTATT	STREME-26	Chr8_28821063_28821163	25	38	-	18.9888	2.3e-07	0.00625	TTTGGTTCTTGATT
26-CTTGGTTCTTTATT	STREME-26	Chr9_28844311_28844411	61	74	-	18.9888	2.3e-07	0.00625	TTTGGTTCTTGATT
26-CTTGGTTCTTTATT	STREME-26	Chr5_17533878_17533978	36	49	+	18.9775	2.38e-07	0.00638	ATTGGTTCTTTATT
26-CTTGGTTCTTTATT	STREME-26	Chr10_26911550_26911650	3	16	-	18.8876	2.62e-07	0.00639	CTTGGTTTTTTATT
26-CTTGGTTCTTTATT	STREME-26	Chr1_22060901_22061001	27	40	+	18.8876	2.62e-07	0.00639	CTTGGTTATTTATT
26-CTTGGTTCTTTATT	STREME-26	Chr10_26857308_26857408	51	64	+	18.8876	2.62e-07	0.00639	CTTGGTTTTTTATT
26-CTTGGTTCTTTATT	STREME-26	Chr10_1326325_1326425	25	38	+	18.5618	2.72e-07	0.00639	CTCGGTTCTTGACT
26-CTTGGTTCTTTATT	STREME-26	Chr7_706024_706124	45	58	+	18.5618	2.72e-07	0.00639	CTCGGTTCTTGACT
26-CTTGGTTCTTTATT	STREME-26	Chr1_5919786_5919886	34	47	-	18.5618	2.72e-07	0.00639	CTCGGTTCTTGACT
26-CTTGGTTCTTTATT	STREME-26	Chr13_9340834_9340934	47	60	+	18.5618	2.72e-07	0.00639	CTCGGTTCTTGACT
26-CTTGGTTCTTTATT	STREME-26	Chr6_2544168_2544268	38	51	-	18.5618	2.72e-07	0.00639	CTCGGTTCTTGACT
26-CTTGGTTCTTTATT	STREME-26	Chr2_8748464_8748564	52	65	-	18.5618	2.72e-07	0.00639	CTCGGTTCTTGACT
26-CTTGGTTCTTTATT	STREME-26	Chr2_26695892_26695992	74	87	+	18.5618	2.72e-07	0.00639	CTCGGTTCTTGACT
26-CTTGGTTCTTTATT	STREME-26	Chr6_16991886_16991986	39	52	+	17.618	4.45e-07	0.0103	TTTGGTTCTTTGTT
26-CTTGGTTCTTTATT	STREME-26	Chr2_18668946_18669046	49	62	-	17.6067	4.51e-07	0.0103	TTTGGTCCTTTATT
26-CTTGGTTCTTTATT	STREME-26	Chr14_9951053_9951153	58	71	+	17.2697	4.85e-07	0.011	CTTGGTTCTTGTCT
26-CTTGGTTCTTTATT	STREME-26	Chr10_23982155_23982255	71	84	-	17.191	5.16e-07	0.0115	CTTGGTTCTTATTT
26-CTTGGTTCTTTATT	STREME-26	Chr6_10886838_10886938	20	33	+	17.0225	5.61e-07	0.0124	CTTGATCCTTTATT
26-CTTGGTTCTTTATT	STREME-26	Chr1_47831153_47831253	55	68	+	16.6292	7.11e-07	0.0155	CTTGTTTCTTTGTT
26-CTTGGTTCTTTATT	STREME-26	Chr4_18403709_18403809	8	21	+	16.573	7.53e-07	0.0163	TTTGTTTCTTTATT
26-CTTGGTTCTTTATT	STREME-26	Chr10_14817020_14817120	77	90	-	16.3258	8.41e-07	0.018	TTTGGTACTTTATT
26-CTTGGTTCTTTATT	STREME-26	Chr7_9365689_9365789	21	34	+	16.1011	9.14e-07	0.0191	CTTGGTTCTTCTCT
26-CTTGGTTCTTTATT	STREME-26	Chr10_25974677_25974777	79	92	+	16.1011	9.14e-07	0.0191	CTTGGTTCTTCTCT
26-CTTGGTTCTTTATT	STREME-26	Chr4_10798750_10798850	61	74	-	16	9.64e-07	0.0199	CTTAGTTCTTTGTT
26-CTTGGTTCTTTATT	STREME-26	Chr1_37242078_37242178	62	75	-	15.9213	1.03e-06	0.0211	CTTGTTTCTTTTTT
26-CTTGGTTCTTTATT	STREME-26	Chr9_28089453_28089553	86	99	+	15.8876	1.06e-06	0.0215	CTTGGTCCTTTTCT
26-CTTGGTTCTTTATT	STREME-26	Chr3_10069132_10069232	86	99	+	15.7865	1.13e-06	0.0226	CTTGTTTCTTAACT
26-CTTGGTTCTTTATT	STREME-26	Chr4_1563130_1563230	48	61	-	15.7416	1.16e-06	0.0228	TTTGGTTCTTTAAT
26-CTTGGTTCTTTATT	STREME-26	Chr6_922374_922474	30	43	-	15.7303	1.16e-06	0.0228	CTTGGTCCTTTCTT
26-CTTGGTTCTTTATT	STREME-26	Chr11_21734410_21734510	81	94	-	15.6742	1.2e-06	0.0232	CTTGGTACTTTTTT
26-CTTGGTTCTTTATT	STREME-26	Chr5_5892657_5892757	81	94	-	15.6292	1.22e-06	0.0235	CTGGGTTCTTTGCT
26-CTTGGTTCTTTATT	STREME-26	Chr5_22954183_22954283	24	37	-	15.5056	1.35e-06	0.0257	TTTGTTTCTTTACT
26-CTTGGTTCTTTATT	STREME-26	Chr12_2775713_2775813	70	83	+	15.4045	1.38e-06	0.0259	CTGGGTACTTTATT
26-CTTGGTTCTTTATT	STREME-26	Chr6_5384720_5384820	13	26	+	15.2135	1.55e-06	0.029	CTTGGTTCGTTATT
26-CTTGGTTCTTTATT	STREME-26	Chr4_31409658_31409758	5	18	+	15.1236	1.64e-06	0.0294	TTTGGTTCTTGGTT
26-CTTGGTTCTTTATT	STREME-26	Chr10_26911550_26911650	10	23	-	15.1236	1.64e-06	0.0294	TTTGGTTCTTGGTT
26-CTTGGTTCTTTATT	STREME-26	Chr10_26857308_26857408	44	57	+	15.1236	1.64e-06	0.0294	TTTGGTTCTTGGTT
26-CTTGGTTCTTTATT	STREME-26	Chr6_3848098_3848198	55	68	+	15.1236	1.64e-06	0.0294	TTTGGTTCTTGGTT
26-CTTGGTTCTTTATT	STREME-26	Chr2_6957189_6957289	60	73	-	15.0562	1.69e-06	0.0296	CTCGGTTCTTGTTT
26-CTTGGTTCTTTATT	STREME-26	Chr4_17361215_17361315	73	86	+	15.0562	1.69e-06	0.0296	CTCGGTTCTTGTTT
26-CTTGGTTCTTTATT	STREME-26	Chr14_6149988_6150088	77	90	-	15.0449	1.7e-06	0.0296	CTTGTTTCTTTAGT
26-CTTGGTTCTTTATT	STREME-26	Chr6_24417215_24417315	75	88	-	15.0112	1.74e-06	0.0301	CTTGGTCATTTATT
26-CTTGGTTCTTTATT	STREME-26	Chr8_17654954_17655054	9	22	-	14.7753	1.93e-06	0.0331	CTTGGTTCCTAACT
26-CTTGGTTCTTTATT	STREME-26	Chr1_11066858_11066958	21	34	-	14.7416	1.97e-06	0.0334	CTTGGTTCTCCACT
26-CTTGGTTCTTTATT	STREME-26	Chr5_30846862_30846962	66	79	-	14.3146	2.38e-06	0.04	CTTGGTTATTTTTT
26-CTTGGTTCTTTATT	STREME-26	Chr1_47593543_47593643	44	57	+	14.2809	2.4e-06	0.04	CTTGTTTCATTATT
26-CTTGGTTCTTTATT	STREME-26	Chr7_2560606_2560706	40	53	+	14.0674	2.63e-06	0.0427	CTTAGTTCTTTCTT
26-CTTGGTTCTTTATT	STREME-26	Chr6_10886838_10886938	13	26	+	14.0225	2.71e-06	0.0427	TTTGGTTCTTGATC
26-CTTGGTTCTTTATT	STREME-26	Chr8_29126457_29126557	20	33	-	14	2.73e-06	0.0427	CTTTTTTCTTTATT
26-CTTGGTTCTTTATT	STREME-26	Chr3_25748744_25748844	3	16	+	13.9888	2.74e-06	0.0427	CTCGGTTCTTGTCT
26-CTTGGTTCTTTATT	STREME-26	Chr2_35006498_35006598	25	38	+	13.9888	2.74e-06	0.0427	CTCGGTTCTTGTCT
26-CTTGGTTCTTTATT	STREME-26	Chr3_31935971_31936071	62	75	-	13.9888	2.74e-06	0.0427	CTCGGTTCTTGTCT
26-CTTGGTTCTTTATT	STREME-26	Chr4_19570558_19570658	67	80	-	13.9888	2.74e-06	0.0427	CTCGGTTCTTGTCT
26-CTTGGTTCTTTATT	STREME-26	Chr4_19764972_19765072	83	96	+	13.9888	2.74e-06	0.0427	CTCGGTTCTTGTCT
26-CTTGGTTCTTTATT	STREME-26	Chr11_5876682_5876782	72	85	+	13.9775	2.78e-06	0.0429	CTCGATTCTTAATT
26-CTTGGTTCTTTATT	STREME-26	Chr3_16624488_16624588	59	72	+	13.6067	3.18e-06	0.0481	CTTGTTGCTTTACT
26-CTTGGTTCTTTATT	STREME-26	Chr12_20924856_20924956	7	20	-	13.5955	3.19e-06	0.0481	CTTGGTTCTTGGGT
26-CTTGGTTCTTTATT	STREME-26	Chr12_20924856_20924956	35	48	-	13.5955	3.19e-06	0.0481	CTTGGTTCTTGGGT
26-CTTGGTTCTTTATT	STREME-26	Chr1_32370159_32370259	28	41	+	13.1124	3.82e-06	0.0551	CTTTGTTCTTTCTT
26-CTTGGTTCTTTATT	STREME-26	Chr2_35006498_35006598	37	50	+	13.1124	3.82e-06	0.0551	CTTTGTTCTTTCTT
26-CTTGGTTCTTTATT	STREME-26	Chr9_24268678_24268778	42	55	+	13.1124	3.82e-06	0.0551	CTTTGTTCTTTCTT
26-CTTGGTTCTTTATT	STREME-26	Chr4_19570558_19570658	55	68	-	13.1124	3.82e-06	0.0551	CTTTGTTCTTTCTT
26-CTTGGTTCTTTATT	STREME-26	Chr10_25666339_25666439	56	69	-	13.1124	3.82e-06	0.0551	CTTTGTTCTTTCTT
26-CTTGGTTCTTTATT	STREME-26	Chr5_13412809_13412909	76	89	-	13.1124	3.82e-06	0.0551	CTTTGTTCTTTCTT
26-CTTGGTTCTTTATT	STREME-26	Chr6_15020120_15020220	3	16	+	13.0225	3.98e-06	0.0569	CTCAGTTCTTGACT
26-CTTGGTTCTTTATT	STREME-26	Chr3_31109187_31109287	44	57	+	12.9551	4.14e-06	0.0583	TTTGGTTCTTGACC
26-CTTGGTTCTTTATT	STREME-26	Chr5_469626_469726	76	89	-	12.9551	4.14e-06	0.0583	TTTGGTTCTTGACC
26-CTTGGTTCTTTATT	STREME-26	Chr2_8608827_8608927	6	19	+	12.9101	4.23e-06	0.0592	TTTGGTTCTTAGCT
26-CTTGGTTCTTTATT	STREME-26	Chr1_24751982_24752082	11	24	+	12.8764	4.27e-06	0.0593	CTTTGTTCTTTACC
26-CTTGGTTCTTTATT	STREME-26	Chr4_18392072_18392172	8	21	+	12.7079	4.49e-06	0.0606	TTTGTTTCTTTGTT
26-CTTGGTTCTTTATT	STREME-26	Chr14_23676985_23677085	33	46	+	12.7079	4.49e-06	0.0606	TTTGTTTCTTTGTT
26-CTTGGTTCTTTATT	STREME-26	Chr14_22940966_22941066	44	57	+	12.7079	4.49e-06	0.0606	TTTGTTTCTTTGTT
26-CTTGGTTCTTTATT	STREME-26	Chr15_19982634_19982734	69	82	+	12.7079	4.49e-06	0.0606	TTTGTTTCTTTGTT
26-CTTGGTTCTTTATT	STREME-26	Chr5_15221161_15221261	44	57	-	12.6517	4.64e-06	0.0622	TTTGGTTCTTTGTC
26-CTTGGTTCTTTATT	STREME-26	Chr13_21236141_21236241	36	49	-	12.4157	5.02e-06	0.0668	CTTGGTTGTTGATT
26-CTTGGTTCTTTATT	STREME-26	Chr8_2646002_2646102	49	62	+	12.3258	5.19e-06	0.0685	CTTGGTTCATTCCT
26-CTTGGTTCTTTATT	STREME-26	Chr7_13597558_13597658	58	71	-	12.2584	5.33e-06	0.07	CTTGTTTCTTCTTT
26-CTTGGTTCTTTATT	STREME-26	Chr3_20184994_20185094	39	52	-	12.2135	5.39e-06	0.0702	CTCGGTCCTTTACC
26-CTTGGTTCTTTATT	STREME-26	Chr5_675356_675456	80	93	-	12.0787	5.64e-06	0.0729	TTTAGTTCTTTGTT
26-CTTGGTTCTTTATT	STREME-26	Chr10_16864630_16864730	86	99	+	12.0449	5.75e-06	0.0738	CTCGGTTCATTGTT
26-CTTGGTTCTTTATT	STREME-26	Chr5_11539056_11539156	43	56	+	11.9438	6.05e-06	0.0773	TTTGGTTCTTTTTC
26-CTTGGTTCTTTATT	STREME-26	Chr3_13325122_13325222	13	26	+	11.8989	6.21e-06	0.0788	CTTGTTTCTTCGCT
26-CTTGGTTCTTTATT	STREME-26	Chr11_16711670_16711770	7	20	-	11.8202	6.42e-06	0.0808	CTTGGTTTTTGTTT
26-CTTGGTTCTTTATT	STREME-26	Chr14_21228287_21228387	6	19	-	11.764	6.51e-06	0.0815	CTGGGTACTTAATT
26-CTTGGTTCTTTATT	STREME-26	Chr2_16982229_16982329	14	27	+	11.6404	6.88e-06	0.0819	TTTGTTTCTTTGCT
26-CTTGGTTCTTTATT	STREME-26	Chr1_13213951_13214051	21	34	+	11.6404	6.88e-06	0.0819	TTTGTTTCTTTGCT
26-CTTGGTTCTTTATT	STREME-26	Chr1_21737939_21738039	24	37	+	11.6404	6.88e-06	0.0819	TTTGTTTCTTTGCT
26-CTTGGTTCTTTATT	STREME-26	Chr4_33621923_33622023	26	39	-	11.6404	6.88e-06	0.0819	TTTGTTTCTTTGCT
26-CTTGGTTCTTTATT	STREME-26	Chr6_24890053_24890153	45	58	+	11.6404	6.88e-06	0.0819	TTTGTTTCTTTGCT
26-CTTGGTTCTTTATT	STREME-26	Chr13_6260305_6260405	64	77	-	11.6404	6.88e-06	0.0819	TTTGTTTCTTTGCT
26-CTTGGTTCTTTATT	STREME-26	Chr7_13748775_13748875	65	78	-	11.6404	6.88e-06	0.0819	TTTGTTTCTTTGCT
26-CTTGGTTCTTTATT	STREME-26	Chr1_26392087_26392187	87	100	+	11.6404	6.88e-06	0.0819	TTTGTTTCTTTGCT
26-CTTGGTTCTTTATT	STREME-26	Chr2_17115158_17115258	15	28	+	11.6067	7e-06	0.0823	TTTGGTTCATCATT
26-CTTGGTTCTTTATT	STREME-26	Chr10_17883652_17883752	41	54	+	11.6067	7e-06	0.0823	TTTGGTTCATCATT
26-CTTGGTTCTTTATT	STREME-26	Chr13_22799521_22799621	40	53	-	11.4494	7.46e-06	0.0869	CTTTGTTCTTGATC
26-CTTGGTTCTTTATT	STREME-26	Chr11_23888242_23888342	81	94	+	11.4382	7.51e-06	0.0869	CTTGATTCTTCCTT
26-CTTGGTTCTTTATT	STREME-26	Chr13_2893634_2893734	73	86	-	11.427	7.54e-06	0.0869	TTTTGTTCTTGACT
26-CTTGGTTCTTTATT	STREME-26	Chr1_4334274_4334374	75	88	-	11.2921	8.19e-06	0.0939	CTTAGTTCTTAGCT
26-CTTGGTTCTTTATT	STREME-26	Chr7_12982650_12982750	25	38	-	11.2584	8.34e-06	0.095	TTTGGCTCTTTATT
26-CTTGGTTCTTTATT	STREME-26	Chr15_18937975_18938075	58	71	-	11.1573	8.65e-06	0.0969	CTGAGTTCTTTGTT
26-CTTGGTTCTTTATT	STREME-26	Chr1_28202593_28202693	69	82	-	11.1573	8.65e-06	0.0969	CTGAGTTCTTTGTT
26-CTTGGTTCTTTATT	STREME-26	Chr1_14960214_14960314	40	53	-	11.1461	8.67e-06	0.0969	CTTAGTACTTGACT
26-CTTGGTTCTTTATT	STREME-26	Chr12_17157801_17157901	26	39	+	11.1236	8.76e-06	0.0969	CTCTATTCTTTATT
26-CTTGGTTCTTTATT	STREME-26	Chr2_23057968_23058068	49	62	-	11.1236	8.76e-06	0.0969	CTCTATTCTTTATT
26-CTTGGTTCTTTATT	STREME-26	Chr9_26199976_26200076	68	81	+	11.1011	8.86e-06	0.0974	TTTGGTTTTTTGTT
26-CTTGGTTCTTTATT	STREME-26	Chr7_17999034_17999134	55	68	-	11.0562	9.03e-06	0.0981	CTTGTTTCTTACTT
26-CTTGGTTCTTTATT	STREME-26	Chr9_22903276_22903376	85	98	-	11.0562	9.03e-06	0.0981	CTTGGTTCATGTCT
26-CTTGGTTCTTTATT	STREME-26	Chr10_19717453_19717553	13	26	-	11.0225	9.18e-06	0.0991	CTTGATTCATCATT
26-CTTGGTTCTTTATT	STREME-26	Chr4_33045309_33045409	56	69	-	11.0112	9.22e-06	0.0991	TTTAGTTCTTTGCT
26-CTTGGTTCTTTATT	STREME-26	Chr11_14839151_14839251	1	14	-	10.9775	9.35e-06	0.1	TTTGGTTCTCTTTT
26-CTTGGTTCTTTATT	STREME-26	Chr13_570668_570768	39	52	-	10.9551	9.42e-06	0.1	CTTGGTTCCTGACC
26-CTTGGTTCTTTATT	STREME-26	Chr3_13839220_13839320	27	40	+	10.8315	9.87e-06	0.104	TTTGTTTCTTTAAT
26-CTTGGTTCTTTATT	STREME-26	Chr10_1978759_1978859	61	74	-	10.7753	1.01e-05	0.105	TTTGTTTCTTTCTT
26-CTTGGTTCTTTATT	STREME-26	Chr9_23093648_23093748	78	91	+	10.7753	1.01e-05	0.105	TTTGTTTCTTTCTT
26-CTTGGTTCTTTATT	STREME-26	Chr10_25463847_25463947	2	15	+	10.7303	1.03e-05	0.107	TTTGGTGCTTTGCT
26-CTTGGTTCTTTATT	STREME-26	Chr8_15659128_15659228	77	90	-	10.7191	1.03e-05	0.107	CTCTTTTCTTTATT
26-CTTGGTTCTTTATT	STREME-26	Chr11_14284454_14284554	81	94	+	10.6966	1.05e-05	0.107	CTGGGTACTTAACT
26-CTTGGTTCTTTATT	STREME-26	Chr1_38061090_38061190	55	68	-	10.6404	1.08e-05	0.107	CTTGGTTCTTTTTG
26-CTTGGTTCTTTATT	STREME-26	Chr6_5384720_5384820	6	19	+	10.618	1.09e-05	0.107	TTTGATTCTTGGTT
26-CTTGGTTCTTTATT	STREME-26	Chr7_17042551_17042651	10	23	+	10.618	1.09e-05	0.107	TTTGATTCTTGGTT
26-CTTGGTTCTTTATT	STREME-26	Chr1_22060901_22061001	20	33	+	10.618	1.09e-05	0.107	TTTGATTCTTGGTT
26-CTTGGTTCTTTATT	STREME-26	Chr10_20832158_20832258	31	44	+	10.618	1.09e-05	0.107	TTTGATTCTTGGTT
26-CTTGGTTCTTTATT	STREME-26	Chr14_13798369_13798469	40	53	+	10.618	1.09e-05	0.107	TTTGATTCTTGGTT
26-CTTGGTTCTTTATT	STREME-26	Chr14_9951053_9951153	51	64	+	10.618	1.09e-05	0.107	TTTGATTCTTGGTT
26-CTTGGTTCTTTATT	STREME-26	Chr13_11666756_11666856	50	63	-	10.618	1.09e-05	0.107	TTTGATTCTTGGTT
26-CTTGGTTCTTTATT	STREME-26	Chr13_11655397_11655497	64	77	-	10.618	1.09e-05	0.107	TTTGATTCTTGGTT
26-CTTGGTTCTTTATT	STREME-26	Chr9_6866834_6866934	79	92	+	10.618	1.09e-05	0.107	TTTGATTCTTGGTT
26-CTTGGTTCTTTATT	STREME-26	Chr13_19728764_19728864	79	92	-	10.4157	1.18e-05	0.114	CTGGATTCTTTTCT
26-CTTGGTTCTTTATT	STREME-26	Chr12_14246513_14246613	4	17	-	10.3933	1.2e-05	0.115	TTTGGTTTTTTTTT
26-CTTGGTTCTTTATT	STREME-26	Chr6_25544081_25544181	37	50	+	10.3933	1.2e-05	0.115	TTTGGTTTTTTTTT
26-CTTGGTTCTTTATT	STREME-26	Chr6_13062063_13062163	77	90	-	10.382	1.2e-05	0.115	CTTTGTTCTTGACC
26-CTTGGTTCTTTATT	STREME-26	Chr13_11740766_11740866	14	27	-	10.3596	1.22e-05	0.116	CTTCGTTCTTTTTT
26-CTTGGTTCTTTATT	STREME-26	Chr3_24757627_24757727	11	24	-	10.3146	1.24e-05	0.117	CTTGGTTTTTAGCT
26-CTTGGTTCTTTATT	STREME-26	Chr8_3984288_3984388	87	100	-	10.2247	1.29e-05	0.122	CTTGGTGCTTGCCT
26-CTTGGTTCTTTATT	STREME-26	Chr1_39758466_39758566	62	75	+	10.1685	1.33e-05	0.124	TTCAGTTCTTGATT
26-CTTGGTTCTTTATT	STREME-26	Chr9_28697961_28698061	24	37	-	10.1573	1.33e-05	0.124	TTTGGTTCTTGGTC
26-CTTGGTTCTTTATT	STREME-26	Chr10_25538037_25538137	20	33	+	10.0899	1.37e-05	0.125	GTTGTTTCTTTATT
26-CTTGGTTCTTTATT	STREME-26	Chr1_43730425_43730525	28	41	+	10.0899	1.37e-05	0.125	CTGAGTTCTTTGCT
26-CTTGGTTCTTTATT	STREME-26	Chr3_31171835_31171935	16	29	-	10.0899	1.37e-05	0.125	CTGAGTTCTTTGCT
26-CTTGGTTCTTTATT	STREME-26	Chr9_13293189_13293289	62	75	+	10.0899	1.37e-05	0.125	CTGAGTTCTTTGCT
26-CTTGGTTCTTTATT	STREME-26	Chr15_13687544_13687644	78	91	+	10.0899	1.37e-05	0.125	CTGAGTTCTTTGCT
26-CTTGGTTCTTTATT	STREME-26	Chr10_6734714_6734814	29	42	-	10.0562	1.4e-05	0.126	TTTGTTTATTTATT
26-CTTGGTTCTTTATT	STREME-26	Chr11_3655178_3655278	85	98	+	10.0562	1.4e-05	0.126	TTTGTTTATTTATT
26-CTTGGTTCTTTATT	STREME-26	Chr1_21214725_21214825	25	38	-	10	1.43e-05	0.129	CTTGTTTGTTTATT
26-CTTGGTTCTTTATT	STREME-26	Chr3_30733571_30733671	11	24	+	9.98876	1.44e-05	0.129	CTTGTTTCTCTTTT
26-CTTGGTTCTTTATT	STREME-26	Chr14_23590465_23590565	45	58	+	9.96629	1.46e-05	0.129	CTCGGTTTTTTTCT
26-CTTGGTTCTTTATT	STREME-26	Chr10_5986786_5986886	55	68	+	9.96629	1.46e-05	0.129	CTCGGTTTTTTTCT
26-CTTGGTTCTTTATT	STREME-26	Chr2_4538112_4538212	23	36	-	9.92135	1.47e-05	0.129	CGGGGTTCTTAACT
26-CTTGGTTCTTTATT	STREME-26	Chr3_5989126_5989226	37	50	+	9.92135	1.47e-05	0.129	CGGGGTTCTTAACT
26-CTTGGTTCTTTATT	STREME-26	Chr10_9341034_9341134	47	60	+	9.85393	1.5e-05	0.13	CTGGTTTCTTTCTT
26-CTTGGTTCTTTATT	STREME-26	Chr13_11764009_11764109	45	58	+	9.8427	1.5e-05	0.13	CTGGATTCATTATT
26-CTTGGTTCTTTATT	STREME-26	Chr2_37799961_37800061	44	57	+	9.83146	1.51e-05	0.13	TTTTGTACTTTATT
26-CTTGGTTCTTTATT	STREME-26	Chr5_32869005_32869105	84	97	-	9.83146	1.51e-05	0.13	CGTGTTTCTTCACT
26-CTTGGTTCTTTATT	STREME-26	Chr11_2957165_2957265	78	91	-	9.82022	1.51e-05	0.13	TTTGGTTCATTAGT
26-CTTGGTTCTTTATT	STREME-26	Chr5_27986863_27986963	36	49	+	9.80899	1.52e-05	0.13	CTTGATTTTTTTTT
26-CTTGGTTCTTTATT	STREME-26	Chr7_11495094_11495194	52	65	-	9.79775	1.53e-05	0.13	CTTGGTCCTCTCTT
26-CTTGGTTCTTTATT	STREME-26	Chr12_173433_173533	15	28	+	9.69663	1.58e-05	0.134	ATTGGTTCTTATCT
26-CTTGGTTCTTTATT	STREME-26	Chr8_27245552_27245652	53	66	-	9.68539	1.59e-05	0.134	TTTGTTGCTTTACT
26-CTTGGTTCTTTATT	STREME-26	Chr12_10657788_10657888	36	49	+	9.67416	1.6e-05	0.134	CTCGGTTTTCTATT
26-CTTGGTTCTTTATT	STREME-26	Chr9_10778635_10778735	87	100	-	9.67416	1.6e-05	0.134	CTTGATTATTAACT
26-CTTGGTTCTTTATT	STREME-26	Chr7_29107713_29107813	4	17	-	9.58427	1.66e-05	0.138	CTTGGTTATTCTCT
26-CTTGGTTCTTTATT	STREME-26	Chr2_11573443_11573543	58	71	+	9.57303	1.67e-05	0.138	CTTGGTTATTTGGT
26-CTTGGTTCTTTATT	STREME-26	Chr8_22170888_22170988	1	14	+	9.51685	1.7e-05	0.139	CTCAGTTCTTGTTT
26-CTTGGTTCTTTATT	STREME-26	Chr7_3550252_3550352	11	24	-	9.51685	1.7e-05	0.139	CTTGGTTCATAACC
26-CTTGGTTCTTTATT	STREME-26	Chr8_2292374_2292474	73	86	+	9.50562	1.71e-05	0.139	TTTGTTTCTTGTTT
26-CTTGGTTCTTTATT	STREME-26	Chr4_34233105_34233205	47	60	-	9.47191	1.73e-05	0.14	TTTGATTCTTAGTT
26-CTTGGTTCTTTATT	STREME-26	Chr1_19588516_19588616	50	63	-	9.44944	1.74e-05	0.141	TTTGATTCTTCGTT
26-CTTGGTTCTTTATT	STREME-26	Chr3_13052813_13052913	7	20	+	9.4382	1.75e-05	0.141	TTTGATCCTTCATT
26-CTTGGTTCTTTATT	STREME-26	Chr6_29796707_29796807	52	65	+	9.42697	1.77e-05	0.142	CTTGGTCCTTGGAT
26-CTTGGTTCTTTATT	STREME-26	Chr10_24801052_24801152	49	62	-	9.41573	1.77e-05	0.142	TTTTATTCTTTACT
26-CTTGGTTCTTTATT	STREME-26	Chr2_1309196_1309296	78	91	-	9.40449	1.79e-05	0.142	CTTGTTTTTTTTTT
26-CTTGGTTCTTTATT	STREME-26	Chr7_12127230_12127330	54	67	+	9.37079	1.81e-05	0.143	CTTTGTTCTTTTTC
26-CTTGGTTCTTTATT	STREME-26	Chr6_2420119_2420219	73	86	+	9.37079	1.81e-05	0.143	CTTTGTTCTTTTTC
26-CTTGGTTCTTTATT	STREME-26	Chr11_13100145_13100245	21	34	+	9.35955	1.82e-05	0.143	CTAGTTTCTTTACT
26-CTTGGTTCTTTATT	STREME-26	Chr9_28844311_28844411	12	25	-	9.23596	1.91e-05	0.148	TTGGTTTCTTGATT
26-CTTGGTTCTTTATT	STREME-26	Chr1_19627311_19627411	27	40	+	9.23596	1.91e-05	0.148	TTTGATCCTTTGTT
26-CTTGGTTCTTTATT	STREME-26	Chr1_19638353_19638453	53	66	+	9.23596	1.91e-05	0.148	TTTGATCCTTTGTT
26-CTTGGTTCTTTATT	STREME-26	Chr15_7709548_7709648	82	95	-	9.22472	1.92e-05	0.148	TTTGGTTTTTTAAT
26-CTTGGTTCTTTATT	STREME-26	Chr14_9013725_9013825	48	61	+	9.21348	1.93e-05	0.148	CTTGGTCTTTTCTT
26-CTTGGTTCTTTATT	STREME-26	Chr3_11777469_11777569	4	17	-	9.19101	1.94e-05	0.149	TTTTGTTCTTTCTT
26-CTTGGTTCTTTATT	STREME-26	Chr4_10220160_10220260	40	53	-	9.17978	1.95e-05	0.149	ATCGGTTATTTATT
26-CTTGGTTCTTTATT	STREME-26	Chr14_23994289_23994389	85	98	+	9.17978	1.95e-05	0.149	CTCATTTCTTGATT
26-CTTGGTTCTTTATT	STREME-26	Chr8_16631866_16631966	55	68	+	9.11236	2e-05	0.151	CTTGGTTTATGACT
26-CTTGGTTCTTTATT	STREME-26	Chr4_16790231_16790331	10	23	+	9.07865	2.03e-05	0.151	TTTAGTTCTTTCCT
26-CTTGGTTCTTTATT	STREME-26	Chr2_9622972_9623072	55	68	-	8.98876	2.11e-05	0.151	CCTGGTTCATTATT
26-CTTGGTTCTTTATT	STREME-26	Chr1_34313709_34313809	8	21	-	8.95506	2.13e-05	0.151	CTTGTTTCTTTCAT
26-CTTGGTTCTTTATT	STREME-26	Chr10_12851533_12851633	66	79	+	8.94382	2.13e-05	0.151	TTTAATTCTTGATT
26-CTTGGTTCTTTATT	STREME-26	Chr7_13002603_13002703	46	59	+	8.91011	2.16e-05	0.151	ATTGTTACTTTATT
26-CTTGGTTCTTTATT	STREME-26	Chr10_23706599_23706699	79	92	-	8.91011	2.16e-05	0.151	ATTGTTACTTTATT
26-CTTGGTTCTTTATT	STREME-26	Chr5_3094521_3094621	5	18	+	8.88764	2.17e-05	0.151	CTTTGTTCTTTTGT
26-CTTGGTTCTTTATT	STREME-26	Chr1_15108825_15108925	66	79	+	8.79775	2.23e-05	0.151	ATTGGTTATTCATT
26-CTTGGTTCTTTATT	STREME-26	Chr5_15566521_15566621	42	55	-	8.78652	2.24e-05	0.151	TCTGGTTCTTGATT
26-CTTGGTTCTTTATT	STREME-26	Chr10_18304733_18304833	21	34	-	8.77528	2.25e-05	0.151	CTTAGTTTTTTTTT
26-CTTGGTTCTTTATT	STREME-26	Chr15_22082818_22082918	18	31	+	8.75281	2.27e-05	0.151	TTTGGTTTATTATT
26-CTTGGTTCTTTATT	STREME-26	Chr5_34309190_34309290	7	20	+	8.62921	2.37e-05	0.151	TTTTGTTCTTGGTT
26-CTTGGTTCTTTATT	STREME-26	Chr3_9672213_9672313	15	28	+	8.62921	2.37e-05	0.151	TTTTGTTCTTGGTT
26-CTTGGTTCTTTATT	STREME-26	Chr13_7101905_7102005	20	33	+	8.62921	2.37e-05	0.151	TTTTGTTCTTGGTT
26-CTTGGTTCTTTATT	STREME-26	Chr14_8976820_8976920	26	39	+	8.62921	2.37e-05	0.151	TTTTGTTCTTGGTT
26-CTTGGTTCTTTATT	STREME-26	Chr6_1328195_1328295	26	39	+	8.62921	2.37e-05	0.151	TTTTGTTCTTGGTT
26-CTTGGTTCTTTATT	STREME-26	Chr11_12503822_12503922	14	27	-	8.62921	2.37e-05	0.151	TTTTGTTCTTGGTT
26-CTTGGTTCTTTATT	STREME-26	Chr5_20743611_20743711	31	44	+	8.62921	2.37e-05	0.151	TTTTGTTCTTGGTT
26-CTTGGTTCTTTATT	STREME-26	Chr1_3690152_3690252	41	54	+	8.62921	2.37e-05	0.151	TTTTGTTCTTGGTT
26-CTTGGTTCTTTATT	STREME-26	Chr8_20203227_20203327	47	60	+	8.62921	2.37e-05	0.151	TTTTGTTCTTGGTT
26-CTTGGTTCTTTATT	STREME-26	Chr8_20549169_20549269	38	51	-	8.62921	2.37e-05	0.151	TTTTGTTCTTGGTT
26-CTTGGTTCTTTATT	STREME-26	Chr1_21115808_21115908	46	59	-	8.62921	2.37e-05	0.151	TTTTGTTCTTGGTT
26-CTTGGTTCTTTATT	STREME-26	Chr13_2893634_2893734	47	60	-	8.62921	2.37e-05	0.151	TTTTGTTCTTGGTT
26-CTTGGTTCTTTATT	STREME-26	Chr2_28581867_28581967	52	65	-	8.62921	2.37e-05	0.151	TTTTGTTCTTGGTT
26-CTTGGTTCTTTATT	STREME-26	Chr3_7987531_7987631	56	69	-	8.62921	2.37e-05	0.151	TTTTGTTCTTGGTT
26-CTTGGTTCTTTATT	STREME-26	Chr3_31109187_31109287	70	83	+	8.62921	2.37e-05	0.151	TTTTGTTCTTGGTT
26-CTTGGTTCTTTATT	STREME-26	Chr5_34320483_34320583	74	87	+	8.62921	2.37e-05	0.151	TTTTGTTCTTGGTT
26-CTTGGTTCTTTATT	STREME-26	Chr3_29130620_29130720	76	89	-	8.62921	2.37e-05	0.151	TTTTGTTCTTGGTT
26-CTTGGTTCTTTATT	STREME-26	Chr3_29097549_29097649	80	93	-	8.62921	2.37e-05	0.151	TTTTGTTCTTGGTT
26-CTTGGTTCTTTATT	STREME-26	Chr11_13314207_13314307	32	45	-	8.60674	2.39e-05	0.151	CTTTATTCTTTCTT
26-CTTGGTTCTTTATT	STREME-26	Chr4_29361196_29361296	83	96	-	8.60674	2.39e-05	0.151	TTTGGTTTTTGGTT
26-CTTGGTTCTTTATT	STREME-26	Chr10_14873168_14873268	60	73	-	8.5618	2.43e-05	0.151	TTTGATTCCTGATT
26-CTTGGTTCTTTATT	STREME-26	Chr8_19275531_19275631	17	30	+	8.55056	2.44e-05	0.151	TTTGATTCTCGATT
26-CTTGGTTCTTTATT	STREME-26	Chr1_22776889_22776989	20	33	+	8.55056	2.44e-05	0.151	TTTGATTCTCGATT
26-CTTGGTTCTTTATT	STREME-26	Chr8_29556744_29556844	34	47	+	8.55056	2.44e-05	0.151	TTTGATTCTCGATT
26-CTTGGTTCTTTATT	STREME-26	Chr2_11779981_11780081	34	47	-	8.55056	2.44e-05	0.151	CTGGGTTCATTCTT
26-CTTGGTTCTTTATT	STREME-26	Chr4_26948238_26948338	81	94	+	8.55056	2.44e-05	0.151	CTGGGTTCATTCTT
26-CTTGGTTCTTTATT	STREME-26	Chr10_26276405_26276505	63	76	-	8.53933	2.45e-05	0.151	CTCGGTTTTTGTTT
26-CTTGGTTCTTTATT	STREME-26	Chr14_23625549_23625649	59	72	-	8.51685	2.46e-05	0.151	TTTCGTTCTTGATT
26-CTTGGTTCTTTATT	STREME-26	Chr5_613442_613542	63	76	-	8.44944	2.52e-05	0.151	CTCAGTTCTTGTCT
26-CTTGGTTCTTTATT	STREME-26	Chr8_7474801_7474901	14	27	-	8.4382	2.52e-05	0.151	TTTGTTTCTTGTCT
26-CTTGGTTCTTTATT	STREME-26	Chr8_20517073_20517173	5	18	+	8.35955	2.59e-05	0.151	CTTTTTTCTTTTCT
26-CTTGGTTCTTTATT	STREME-26	Chr15_16530460_16530560	80	93	+	8.35955	2.59e-05	0.151	CTTTTTTCTTTTCT
26-CTTGGTTCTTTATT	STREME-26	Chr9_28242970_28243070	27	40	-	8.34831	2.6e-05	0.151	CTTGTTTCACTATT
26-CTTGGTTCTTTATT	STREME-26	Chr1_18360643_18360743	81	94	-	8.34831	2.6e-05	0.151	CTCAGTTCTTCTTT
26-CTTGGTTCTTTATT	STREME-26	Chr2_4572796_4572896	79	92	+	8.33708	2.61e-05	0.151	TTTGTTTCTTCTTT
26-CTTGGTTCTTTATT	STREME-26	Chr1_16444206_16444306	21	34	+	8.32584	2.62e-05	0.151	CTGTGTTCTTTAAT
26-CTTGGTTCTTTATT	STREME-26	Chr14_14760892_14760992	84	97	+	8.29213	2.64e-05	0.151	TTTGGTCCTTTGGT
26-CTTGGTTCTTTATT	STREME-26	Chr6_23506710_23506810	1	14	+	8.26966	2.66e-05	0.151	CTGTGTTCTTTCTT
26-CTTGGTTCTTTATT	STREME-26	Chr4_11249261_11249361	2	15	+	8.26966	2.66e-05	0.151	CTGTGTTCTTTCTT
26-CTTGGTTCTTTATT	STREME-26	Chr7_15283184_15283284	5	18	+	8.26966	2.66e-05	0.151	CTGTGTTCTTTCTT
26-CTTGGTTCTTTATT	STREME-26	Chr8_12882214_12882314	14	27	+	8.26966	2.66e-05	0.151	CTGTGTTCTTTCTT
26-CTTGGTTCTTTATT	STREME-26	Chr14_17695880_17695980	14	27	+	8.26966	2.66e-05	0.151	CTGTGTTCTTTCTT
26-CTTGGTTCTTTATT	STREME-26	Chr3_25748744_25748844	15	28	+	8.26966	2.66e-05	0.151	CTGTGTTCTTTCTT
26-CTTGGTTCTTTATT	STREME-26	Chr1_4347136_4347236	3	16	-	8.26966	2.66e-05	0.151	CTGTGTTCTTTCTT
26-CTTGGTTCTTTATT	STREME-26	Chr1_22927252_22927352	8	21	-	8.26966	2.66e-05	0.151	CTTGTTACTTGTTT
26-CTTGGTTCTTTATT	STREME-26	Chr8_19859992_19860092	29	42	+	8.26966	2.66e-05	0.151	CTGTGTTCTTTCTT
26-CTTGGTTCTTTATT	STREME-26	Chr10_26004885_26004985	33	46	+	8.26966	2.66e-05	0.151	CTGTGTTCTTTCTT
26-CTTGGTTCTTTATT	STREME-26	Chr1_5919786_5919886	22	35	-	8.26966	2.66e-05	0.151	CTGTGTTCTTTCTT
26-CTTGGTTCTTTATT	STREME-26	Chr8_19275531_19275631	36	49	+	8.26966	2.66e-05	0.151	CTGTGTTCTTTCTT
26-CTTGGTTCTTTATT	STREME-26	Chr10_1326325_1326425	37	50	+	8.26966	2.66e-05	0.151	CTGTGTTCTTTCTT
26-CTTGGTTCTTTATT	STREME-26	Chr8_29403268_29403368	37	50	+	8.26966	2.66e-05	0.151	CTGTGTTCTTTCTT
26-CTTGGTTCTTTATT	STREME-26	Chr1_22776889_22776989	39	52	+	8.26966	2.66e-05	0.151	CTGTGTTCTTTCTT
26-CTTGGTTCTTTATT	STREME-26	Chr6_2544168_2544268	26	39	-	8.26966	2.66e-05	0.151	CTGTGTTCTTTCTT
26-CTTGGTTCTTTATT	STREME-26	Chr3_5599112_5599212	43	56	+	8.26966	2.66e-05	0.151	CTGTGTTCTTTCTT
26-CTTGGTTCTTTATT	STREME-26	Chr6_11278311_11278411	32	45	-	8.26966	2.66e-05	0.151	CTGTGTTCTTTCTT
26-CTTGGTTCTTTATT	STREME-26	Chr13_977651_977751	46	59	+	8.26966	2.66e-05	0.151	CTGTGTTCTTTCTT
26-CTTGGTTCTTTATT	STREME-26	Chr6_1455452_1455552	46	59	+	8.26966	2.66e-05	0.151	CTGTGTTCTTTCTT
26-CTTGGTTCTTTATT	STREME-26	Chr12_19644481_19644581	46	59	+	8.26966	2.66e-05	0.151	CTGTGTTCTTTCTT
26-CTTGGTTCTTTATT	STREME-26	Chr2_8748464_8748564	40	53	-	8.26966	2.66e-05	0.151	CTGTGTTCTTTCTT
26-CTTGGTTCTTTATT	STREME-26	Chr2_34478224_34478324	42	55	-	8.26966	2.66e-05	0.151	CTGTGTTCTTTCTT
26-CTTGGTTCTTTATT	STREME-26	Chr14_23590465_23590565	57	70	+	8.26966	2.66e-05	0.151	CTGTGTTCTTTCTT
26-CTTGGTTCTTTATT	STREME-26	Chr13_9340834_9340934	59	72	+	8.26966	2.66e-05	0.151	CTGTGTTCTTTCTT
26-CTTGGTTCTTTATT	STREME-26	Chr10_23051767_23051867	66	79	+	8.26966	2.66e-05	0.151	CTGTGTTCTTTCTT
26-CTTGGTTCTTTATT	STREME-26	Chr14_9951053_9951153	70	83	+	8.26966	2.66e-05	0.151	CTGTGTTCTTTCTT
26-CTTGGTTCTTTATT	STREME-26	Chr1_35994489_35994589	57	70	-	8.26966	2.66e-05	0.151	CTGTGTTCTTTCTT
26-CTTGGTTCTTTATT	STREME-26	Chr6_16745495_16745595	59	72	-	8.26966	2.66e-05	0.151	CTGTGTTCTTTCTT
26-CTTGGTTCTTTATT	STREME-26	Chr13_1427106_1427206	62	75	-	8.26966	2.66e-05	0.151	CTGTGTTCTTTCTT
26-CTTGGTTCTTTATT	STREME-26	Chr9_23213609_23213709	63	76	-	8.26966	2.66e-05	0.151	CTGTGTTCTTTCTT
26-CTTGGTTCTTTATT	STREME-26	Chr9_1150731_1150831	71	84	-	8.26966	2.66e-05	0.151	CTGTGTTCTTTCTT
26-CTTGGTTCTTTATT	STREME-26	Chr2_26695892_26695992	86	99	+	8.26966	2.66e-05	0.151	CTGTGTTCTTTCTT
26-CTTGGTTCTTTATT	STREME-26	Chr10_23024919_23025019	88	101	+	8.26966	2.66e-05	0.151	CTGTGTTCTTTCTT
26-CTTGGTTCTTTATT	STREME-26	Chr10_23212582_23212682	77	90	-	8.26966	2.66e-05	0.151	CTGTGTTCTTTCTT
26-CTTGGTTCTTTATT	STREME-26	Chr3_21394193_21394293	80	93	-	8.26966	2.66e-05	0.151	CTGTGTTCTTTCTT
26-CTTGGTTCTTTATT	STREME-26	Chr15_11284218_11284318	38	51	+	8.24719	2.68e-05	0.152	ATTGTTGCTTTATT
26-CTTGGTTCTTTATT	STREME-26	Chr7_19270499_19270599	22	35	+	8.23596	2.69e-05	0.152	CTCGATGCTTGACT
26-CTTGGTTCTTTATT	STREME-26	Chr14_20237200_20237300	85	98	-	8.20225	2.72e-05	0.153	CTTTTTTCTTTCTT
26-CTTGGTTCTTTATT	STREME-26	Chr6_23476891_23476991	34	47	-	8.16854	2.75e-05	0.153	TTTGATCCTTTGCT
26-CTTGGTTCTTTATT	STREME-26	Chr14_3655179_3655279	35	48	-	8.16854	2.75e-05	0.153	TTTGATCCTTTGCT
26-CTTGGTTCTTTATT	STREME-26	Chr4_32217811_32217911	57	70	-	8.16854	2.75e-05	0.153	TTTGATCCTTTGCT
26-CTTGGTTCTTTATT	STREME-26	Chr13_23814172_23814272	67	80	-	8.16854	2.75e-05	0.153	TTTGATCCTTTGCT
26-CTTGGTTCTTTATT	STREME-26	Chr3_19977864_19977964	75	88	+	8.11236	2.82e-05	0.156	ATTGATTCTTGGTT
26-CTTGGTTCTTTATT	STREME-26	Chr3_22184302_22184402	26	39	-	8.10112	2.83e-05	0.156	CTTGGTTTATTTTT
26-CTTGGTTCTTTATT	STREME-26	Chr15_20545346_20545446	34	47	-	8.06742	2.86e-05	0.157	CGTTTTTCTTTATT
26-CTTGGTTCTTTATT	STREME-26	Chr1_38097391_38097491	57	70	+	8.06742	2.86e-05	0.157	CGTTTTTCTTTATT
26-CTTGGTTCTTTATT	STREME-26	Chr1_48494264_48494364	57	70	-	8.05618	2.87e-05	0.157	CTTGTTTTCTTATT
26-CTTGGTTCTTTATT	STREME-26	Chr13_1427106_1427206	74	87	-	8.05618	2.87e-05	0.157	CTCGGTTCTCGTCT
26-CTTGGTTCTTTATT	STREME-26	Chr11_17548229_17548329	48	61	-	8.04494	2.89e-05	0.157	TTCTGTTCTTCATT
26-CTTGGTTCTTTATT	STREME-26	Chr10_8727165_8727265	44	57	+	8.02247	2.91e-05	0.157	CTCGATTCTCCATT
26-CTTGGTTCTTTATT	STREME-26	Chr2_19883523_19883623	34	47	-	8.01124	2.93e-05	0.157	CTTGATGCTTGTTT
26-CTTGGTTCTTTATT	STREME-26	Chr12_5690171_5690271	36	49	-	8.01124	2.93e-05	0.157	CTTGATCATTGATT
26-CTTGGTTCTTTATT	STREME-26	Chr15_5657692_5657792	39	52	-	8.01124	2.93e-05	0.157	CTCATTTCTTCATT
26-CTTGGTTCTTTATT	STREME-26	Chr2_6359153_6359253	53	66	-	8.01124	2.93e-05	0.157	CTCATTTCTTCATT
26-CTTGGTTCTTTATT	STREME-26	Chr8_8619141_8619241	58	71	-	8.01124	2.93e-05	0.157	CTTTGTACTTTAAT
26-CTTGGTTCTTTATT	STREME-26	Chr5_8253264_8253364	64	77	+	7.96629	2.97e-05	0.159	TTTGATTATTGATT
26-CTTGGTTCTTTATT	STREME-26	Chr9_24683826_24683926	36	49	+	7.93258	3e-05	0.159	CTAGTTTCTTGATT
26-CTTGGTTCTTTATT	STREME-26	Chr5_31197060_31197160	59	72	-	7.93258	3e-05	0.159	CTTGGTATTTTCTT
26-CTTGGTTCTTTATT	STREME-26	Chr14_10923614_10923714	46	59	+	7.92135	3.01e-05	0.159	CTTGGTTCTTGTGC
26-CTTGGTTCTTTATT	STREME-26	Chr8_26876077_26876177	56	69	+	7.92135	3.01e-05	0.159	ATGGGTTCATTATT
26-CTTGGTTCTTTATT	STREME-26	Chr6_31680185_31680285	8	21	-	7.89888	3.03e-05	0.159	TTTGGTTTTTGTTT
26-CTTGGTTCTTTATT	STREME-26	Chr4_31409658_31409758	19	32	+	7.88764	3.04e-05	0.159	CTTTATTATTTATT
26-CTTGGTTCTTTATT	STREME-26	Chr5_15566521_15566621	28	41	-	7.88764	3.04e-05	0.159	CTTTATTATTTATT
26-CTTGGTTCTTTATT	STREME-26	Chr10_25330566_25330666	58	71	-	7.88764	3.04e-05	0.159	CTTTATTATTTATT
26-CTTGGTTCTTTATT	STREME-26	Chr5_32869005_32869105	50	63	-	7.77528	3.14e-05	0.164	TTTAATTCTTCATT
26-CTTGGTTCTTTATT	STREME-26	Chr7_9162154_9162254	12	25	-	7.73034	3.19e-05	0.165	CTTTGTTCATTATC
26-CTTGGTTCTTTATT	STREME-26	Chr1_20818240_20818340	51	64	+	7.73034	3.19e-05	0.165	TTCAGTTCTTTGCT
26-CTTGGTTCTTTATT	STREME-26	Chr4_1563130_1563230	67	80	-	7.66292	3.27e-05	0.169	CTTTGTTCTTTCGT
26-CTTGGTTCTTTATT	STREME-26	Chr1_42145630_42145730	79	92	-	7.5618	3.39e-05	0.171	CTTAGTCCTCGATT
26-CTTGGTTCTTTATT	STREME-26	Chr12_16338453_16338553	45	58	+	7.49438	3.47e-05	0.171	CTCTGTTCTTGTCT
26-CTTGGTTCTTTATT	STREME-26	Chr13_12603064_12603164	49	62	-	7.49438	3.47e-05	0.171	CTCTGTTCTTGTCT
26-CTTGGTTCTTTATT	STREME-26	Chr8_12882214_12882314	2	15	+	7.47191	3.5e-05	0.171	CTCGGTTTTTGTCT
26-CTTGGTTCTTTATT	STREME-26	Chr14_17695880_17695980	2	15	+	7.47191	3.5e-05	0.171	CTCGGTTTTTGTCT
26-CTTGGTTCTTTATT	STREME-26	Chr1_32370159_32370259	16	29	+	7.47191	3.5e-05	0.171	CTCGGTTTTTGTCT
26-CTTGGTTCTTTATT	STREME-26	Chr8_19859992_19860092	17	30	+	7.47191	3.5e-05	0.171	CTCGGTTTTTGTCT
26-CTTGGTTCTTTATT	STREME-26	Chr10_26004885_26004985	21	34	+	7.47191	3.5e-05	0.171	CTCGGTTTTTGTCT
26-CTTGGTTCTTTATT	STREME-26	Chr1_35983027_35983127	10	23	-	7.47191	3.5e-05	0.171	CTCGGTTTTTGTCT
26-CTTGGTTCTTTATT	STREME-26	Chr1_24735942_24736042	23	36	+	7.47191	3.5e-05	0.171	CTCGGTTTTTGTCT
26-CTTGGTTCTTTATT	STREME-26	Chr8_29403268_29403368	25	38	+	7.47191	3.5e-05	0.171	CTCGGTTTTTGTCT
26-CTTGGTTCTTTATT	STREME-26	Chr3_5599112_5599212	31	44	+	7.47191	3.5e-05	0.171	CTCGGTTTTTGTCT
26-CTTGGTTCTTTATT	STREME-26	Chr13_9172995_9173095	33	46	+	7.47191	3.5e-05	0.171	CTCGGTTTTTGTCT
26-CTTGGTTCTTTATT	STREME-26	Chr13_977651_977751	34	47	+	7.47191	3.5e-05	0.171	CTCGGTTTTTGTCT
26-CTTGGTTCTTTATT	STREME-26	Chr12_19644481_19644581	34	47	+	7.47191	3.5e-05	0.171	CTCGGTTTTTGTCT
26-CTTGGTTCTTTATT	STREME-26	Chr1_36814065_36814165	48	61	+	7.47191	3.5e-05	0.171	CTCGGTTTTTGTCT
26-CTTGGTTCTTTATT	STREME-26	Chr6_11278311_11278411	44	57	-	7.47191	3.5e-05	0.171	CTCGGTTTTTGTCT
26-CTTGGTTCTTTATT	STREME-26	Chr10_23024919_23025019	76	89	+	7.47191	3.5e-05	0.171	CTCGGTTTTTGTCT
26-CTTGGTTCTTTATT	STREME-26	Chr1_35994489_35994589	69	82	-	7.47191	3.5e-05	0.171	CTCGGTTTTTGTCT
26-CTTGGTTCTTTATT	STREME-26	Chr6_16745495_16745595	71	84	-	7.47191	3.5e-05	0.171	CTCGGTTTTTGTCT
26-CTTGGTTCTTTATT	STREME-26	Chr9_1150731_1150831	83	96	-	7.47191	3.5e-05	0.171	CTCGGTTTTTGTCT
26-CTTGGTTCTTTATT	STREME-26	Chr5_613442_613542	70	83	-	7.46067	3.52e-05	0.172	CTTGATTCTCAGTT
26-CTTGGTTCTTTATT	STREME-26	Chr1_33231055_33231155	64	77	-	7.44944	3.53e-05	0.172	CTTGGTTGTTGATC
26-CTTGGTTCTTTATT	STREME-26	Chr10_23862554_23862654	35	48	+	7.40449	3.6e-05	0.174	CTTGGTTGTTAGTT
26-CTTGGTTCTTTATT	STREME-26	Chr12_15391906_15392006	87	100	-	7.40449	3.6e-05	0.174	TCTGGTCCTTTATT
26-CTTGGTTCTTTATT	STREME-26	Chr9_1442949_1443049	79	92	+	7.35955	3.65e-05	0.176	CTGGGTTCTTCTTC
26-CTTGGTTCTTTATT	STREME-26	Chr7_5143674_5143774	19	32	+	7.34831	3.67e-05	0.176	TTTGGTTCCTATTT
26-CTTGGTTCTTTATT	STREME-26	Chr13_19367863_19367963	23	36	-	7.34831	3.67e-05	0.176	CTCGGTTCTGTTTT
26-CTTGGTTCTTTATT	STREME-26	Chr14_8868008_8868108	81	94	+	7.34831	3.67e-05	0.176	TTTGGTTGTTAATT
26-CTTGGTTCTTTATT	STREME-26	Chr2_27985275_27985375	32	45	-	7.31461	3.71e-05	0.177	CTTGGTTATCTTCT
26-CTTGGTTCTTTATT	STREME-26	Chr15_17084758_17084858	86	99	+	7.23596	3.77e-05	0.18	CTTTGTATTTTATT
26-CTTGGTTCTTTATT	STREME-26	Chr15_156086_156186	41	54	+	7.20225	3.82e-05	0.18	CTCTGTTCTCGATT
26-CTTGGTTCTTTATT	STREME-26	Chr11_5916438_5916538	85	98	-	7.20225	3.82e-05	0.18	CTAGGTTCTTGTCT
26-CTTGGTTCTTTATT	STREME-26	Chr1_11147400_11147500	47	60	-	7.17978	3.84e-05	0.18	TTTGATCCCTTATT
26-CTTGGTTCTTTATT	STREME-26	Chr4_7072194_7072294	60	73	+	7.17978	3.84e-05	0.18	CTCAGTTCTTCAAT
26-CTTGGTTCTTTATT	STREME-26	Chr1_22331733_22331833	58	71	-	7.17978	3.84e-05	0.18	TTTGATTCTCTGTT
26-CTTGGTTCTTTATT	STREME-26	Chr2_4650641_4650741	79	92	-	7.17978	3.84e-05	0.18	TTTGATTCTCTGTT
26-CTTGGTTCTTTATT	STREME-26	Chr8_17831982_17832082	31	44	+	7.16854	3.86e-05	0.18	TTTGATCCTCTATT
26-CTTGGTTCTTTATT	STREME-26	Chr1_6549036_6549136	63	76	+	7.1573	3.87e-05	0.18	TTGGTTTCTTTTTT
26-CTTGGTTCTTTATT	STREME-26	Chr13_21757428_21757528	72	85	+	7.1573	3.87e-05	0.18	TTGGTTTCTTTTTT
26-CTTGGTTCTTTATT	STREME-26	Chr3_14637535_14637635	84	97	+	7.1573	3.87e-05	0.18	TTTATTCCTTTATT
26-CTTGGTTCTTTATT	STREME-26	Chr4_29221954_29222054	82	95	+	7.1236	3.92e-05	0.182	CTGGGTTCTCAGTT
26-CTTGGTTCTTTATT	STREME-26	Chr3_22085596_22085696	35	48	-	7.11236	3.94e-05	0.182	TTTGTTTCTTCCTT
26-CTTGGTTCTTTATT	STREME-26	Chr14_4399715_4399815	84	97	+	7.08989	3.96e-05	0.183	CTTGGTTCATGGAT
26-CTTGGTTCTTTATT	STREME-26	Chr2_12347421_12347521	75	88	-	7.06742	3.99e-05	0.184	CCTGGTTCTTGTCT
26-CTTGGTTCTTTATT	STREME-26	Chr3_15284562_15284662	9	22	+	7.02247	4.06e-05	0.187	TTGGGTCCTTTAAT
26-CTTGGTTCTTTATT	STREME-26	Chr9_28375787_28375887	69	82	+	7.01124	4.08e-05	0.187	CTTATTTCTTGAGT
26-CTTGGTTCTTTATT	STREME-26	Chr4_8602842_8602942	29	42	-	6.97753	4.13e-05	0.189	CTTGGTTCGTGAAT
26-CTTGGTTCTTTATT	STREME-26	Chr3_23574399_23574499	15	28	+	6.94382	4.18e-05	0.19	TTTGGTCCTCCACT
26-CTTGGTTCTTTATT	STREME-26	Chr1_38608494_38608594	86	99	+	6.94382	4.18e-05	0.19	CTTGGATCTTCTTT
26-CTTGGTTCTTTATT	STREME-26	Chr15_17747491_17747591	17	30	+	6.85393	4.3e-05	0.195	CTCTTTTCTTTGTT
26-CTTGGTTCTTTATT	STREME-26	Chr2_33347607_33347707	80	93	+	6.8427	4.31e-05	0.195	CTTGATCATTCATT
26-CTTGGTTCTTTATT	STREME-26	Chr15_22006746_22006846	3	16	+	6.83146	4.33e-05	0.195	TTTGGTTTTTGTCT
26-CTTGGTTCTTTATT	STREME-26	Chr10_18159055_18159155	47	60	+	6.83146	4.33e-05	0.195	AGTGGTTCATTATT
26-CTTGGTTCTTTATT	STREME-26	Chr6_20856658_20856758	44	57	-	6.79775	4.38e-05	0.197	ATTGGTGCTTGGTT
26-CTTGGTTCTTTATT	STREME-26	Chr2_25431108_25431208	10	23	-	6.77528	4.42e-05	0.198	TCTGATTCTTTATT
26-CTTGGTTCTTTATT	STREME-26	Chr10_15406037_15406137	23	36	-	6.77528	4.42e-05	0.198	TGTGTTTCTTTGTT
26-CTTGGTTCTTTATT	STREME-26	Chr7_11910114_11910214	35	48	+	6.74157	4.49e-05	0.2	TTGGGTTCTTTGCC
26-CTTGGTTCTTTATT	STREME-26	Chr7_10726493_10726593	75	88	+	6.74157	4.49e-05	0.2	CTCATTTCTTTGCT
26-CTTGGTTCTTTATT	STREME-26	Chr11_8482022_8482122	18	31	-	6.73034	4.52e-05	0.2	TTTGGTTTTTCTTT
26-CTTGGTTCTTTATT	STREME-26	Chr2_1681980_1682080	81	94	-	6.73034	4.52e-05	0.2	TTCGCTTCTTTACT
26-CTTGGTTCTTTATT	STREME-26	Chr13_15017348_15017448	85	98	-	6.73034	4.52e-05	0.2	CTTGTTGCTTGAGT
26-CTTGGTTCTTTATT	STREME-26	Chr15_6770013_6770113	21	34	-	6.70787	4.56e-05	0.201	TTTGGTCCTCTATC
26-CTTGGTTCTTTATT	STREME-26	Chr10_24930815_24930915	39	52	+	6.69663	4.57e-05	0.201	CTGGGTTCTACATT
26-CTTGGTTCTTTATT	STREME-26	Chr3_23140271_23140371	59	72	-	6.69663	4.57e-05	0.201	CTGGGCTCTTAATT
26-CTTGGTTCTTTATT	STREME-26	Chr2_13326456_13326556	22	35	+	6.67416	4.6e-05	0.201	ATGGGTTCTTGATC
26-CTTGGTTCTTTATT	STREME-26	Chr8_9386850_9386950	86	99	-	6.67416	4.6e-05	0.201	CTTGGTTCATGTGT
26-CTTGGTTCTTTATT	STREME-26	Chr6_16141078_16141178	12	25	+	6.66292	4.62e-05	0.202	CTTGGTATTTGTTT
26-CTTGGTTCTTTATT	STREME-26	Chr8_19654332_19654432	51	64	-	6.64045	4.65e-05	0.202	TTTGGTTCATCATC
26-CTTGGTTCTTTATT	STREME-26	Chr6_29984037_29984137	7	20	-	6.59551	4.72e-05	0.202	CTTTGTTATTTCTT
26-CTTGGTTCTTTATT	STREME-26	Chr13_16379660_16379760	20	33	+	6.59551	4.72e-05	0.202	CTTTGTTTTTTCTT
26-CTTGGTTCTTTATT	STREME-26	Chr4_17981653_17981753	42	55	+	6.59551	4.72e-05	0.202	CTTTGTTATTTCTT
26-CTTGGTTCTTTATT	STREME-26	Chr8_17994921_17995021	48	61	-	6.59551	4.72e-05	0.202	CTTTGTTATTTCTT
26-CTTGGTTCTTTATT	STREME-26	Chr3_31935971_31936071	50	63	-	6.59551	4.72e-05	0.202	CTTTGTTTTTTCTT
26-CTTGGTTCTTTATT	STREME-26	Chr3_3839457_3839557	58	71	+	6.58427	4.73e-05	0.202	CTCGGTTCTCTGAT
26-CTTGGTTCTTTATT	STREME-26	Chr13_4593134_4593234	37	50	-	6.57303	4.75e-05	0.202	CATGGTTCTTCATC
26-CTTGGTTCTTTATT	STREME-26	Chr11_16099732_16099832	3	16	+	6.5618	4.77e-05	0.202	TTTTGTTCTCGATT
26-CTTGGTTCTTTATT	STREME-26	Chr2_32501471_32501571	9	22	+	6.5618	4.77e-05	0.202	TTTTGTTCTCGATT
26-CTTGGTTCTTTATT	STREME-26	Chr14_1366797_1366897	52	65	+	6.5618	4.77e-05	0.202	TTGGGTTCATTGTT
26-CTTGGTTCTTTATT	STREME-26	Chr5_28925894_28925994	85	98	-	6.5618	4.77e-05	0.202	TTTTGTTCTCGATT
26-CTTGGTTCTTTATT	STREME-26	Chr2_25431108_25431208	17	30	-	6.55056	4.79e-05	0.202	TTTGGTTTCTGATT
26-CTTGGTTCTTTATT	STREME-26	Chr1_21532453_21532553	48	61	+	6.55056	4.79e-05	0.202	CTCTATTCTTTTTT
26-CTTGGTTCTTTATT	STREME-26	Chr8_17654954_17655054	86	99	+	6.55056	4.79e-05	0.202	TTGGGTACTTTGCT
26-CTTGGTTCTTTATT	STREME-26	Chr1_21543380_21543480	86	99	+	6.55056	4.79e-05	0.202	CTCTATTCTTTTTT
26-CTTGGTTCTTTATT	STREME-26	Chr3_6007849_6007949	87	100	-	6.53933	4.81e-05	0.202	CTTGTTCTTTGACT
26-CTTGGTTCTTTATT	STREME-26	Chr2_5055928_5056028	46	59	-	6.51685	4.85e-05	0.202	CTTGATCCTTACCT
26-CTTGGTTCTTTATT	STREME-26	Chr3_35026695_35026795	76	89	-	6.50562	4.87e-05	0.202	TTTAATTCTTTGCT
26-CTTGGTTCTTTATT	STREME-26	Chr10_3597083_3597183	50	63	+	6.49438	4.9e-05	0.202	CTTGGTTGCTGATT
26-CTTGGTTCTTTATT	STREME-26	Chr9_25103384_25103484	84	97	-	6.49438	4.9e-05	0.202	TTGGATTCTTTTCT
26-CTTGGTTCTTTATT	STREME-26	Chr9_18720707_18720807	21	34	-	6.48315	4.92e-05	0.202	TTAGGTTCTTTGCT
26-CTTGGTTCTTTATT	STREME-26	Chr1_16838178_16838278	85	98	+	6.48315	4.92e-05	0.202	TTTGATTCCTTTTT
26-CTTGGTTCTTTATT	STREME-26	Chr1_30150193_30150293	79	92	-	6.48315	4.92e-05	0.202	TTAGGTTCTTTGCT
26-CTTGGTTCTTTATT	STREME-26	Chr6_3700839_3700939	4	17	+	6.46067	4.97e-05	0.202	TTTTGTTCTTGACC
26-CTTGGTTCTTTATT	STREME-26	Chr11_17726797_17726897	11	24	+	6.46067	4.97e-05	0.202	TTTTGTTCTTGACC
26-CTTGGTTCTTTATT	STREME-26	Chr1_3690152_3690252	15	28	+	6.46067	4.97e-05	0.202	TTTTGTTCTTGACC
26-CTTGGTTCTTTATT	STREME-26	Chr8_20203227_20203327	21	34	+	6.46067	4.97e-05	0.202	TTTTGTTCTTGACC
26-CTTGGTTCTTTATT	STREME-26	Chr6_15867298_15867398	57	70	+	6.46067	4.97e-05	0.202	CTTGGAACTTGACT
26-CTTGGTTCTTTATT	STREME-26	Chr12_8930137_8930237	60	73	-	6.46067	4.97e-05	0.202	TTTTGTTCTTGACC
26-CTTGGTTCTTTATT	STREME-26	Chr12_8915403_8915503	64	77	-	6.46067	4.97e-05	0.202	TTTTGTTCTTGACC
26-CTTGGTTCTTTATT	STREME-26	Chr1_21115808_21115908	72	85	-	6.46067	4.97e-05	0.202	TTTTGTTCTTGACC
26-CTTGGTTCTTTATT	STREME-26	Chr6_200018_200118	75	88	-	6.46067	4.97e-05	0.202	TTTTGTTCTTGACC
26-CTTGGTTCTTTATT	STREME-26	Chr5_30385402_30385502	72	85	+	6.4382	5.01e-05	0.203	CTTGTTGCTTGAAT
26-CTTGGTTCTTTATT	STREME-26	Chr6_24528985_24529085	53	66	-	6.41573	5.06e-05	0.203	ATTGTTACTTGATT
26-CTTGGTTCTTTATT	STREME-26	Chr9_14922251_14922351	21	34	+	6.39326	5.1e-05	0.203	CTGGGTATTTGATT
26-CTTGGTTCTTTATT	STREME-26	Chr9_26199976_26200076	82	95	+	6.39326	5.1e-05	0.203	TTTGTTTTTTCATT
26-CTTGGTTCTTTATT	STREME-26	Chr4_13579624_13579724	81	94	-	6.38202	5.12e-05	0.203	CTTGGTGCTTGAAC
26-CTTGGTTCTTTATT	STREME-26	Chr13_14549534_14549634	26	39	+	6.37079	5.14e-05	0.203	CTTGGTTTTTGTGT
26-CTTGGTTCTTTATT	STREME-26	Chr6_1328195_1328295	33	46	+	6.37079	5.14e-05	0.203	CTTGGTTTTTGTGT
26-CTTGGTTCTTTATT	STREME-26	Chr12_8930137_8930237	26	39	-	6.37079	5.14e-05	0.203	CTTGGTTTTTGTGT
26-CTTGGTTCTTTATT	STREME-26	Chr12_7904385_7904485	54	67	+	6.37079	5.14e-05	0.203	CTTGGTTTTTGTGT
26-CTTGGTTCTTTATT	STREME-26	Chr2_28581867_28581967	45	58	-	6.37079	5.14e-05	0.203	CTTGGTTTTTGTGT
26-CTTGGTTCTTTATT	STREME-26	Chr3_31109187_31109287	77	90	+	6.37079	5.14e-05	0.203	CTTGGTTTTTGTGT
26-CTTGGTTCTTTATT	STREME-26	Chr5_5936292_5936392	83	96	+	6.37079	5.14e-05	0.203	CTTGGTTTTTGTGT
26-CTTGGTTCTTTATT	STREME-26	Chr5_1426597_1426697	88	101	-	6.37079	5.14e-05	0.203	CTTGGTTTTTGTGT
26-CTTGGTTCTTTATT	STREME-26	Chr12_21869172_21869272	77	90	-	6.33708	5.21e-05	0.205	CTTGTTTGTTCATT
26-CTTGGTTCTTTATT	STREME-26	Chr5_23215458_23215558	53	66	+	6.29213	5.28e-05	0.208	CTTGCTTCATGATT
26-CTTGGTTCTTTATT	STREME-26	Chr1_17086739_17086839	31	44	+	6.2809	5.3e-05	0.208	TTGTGTTCTTTGTT
26-CTTGGTTCTTTATT	STREME-26	Chr6_5249247_5249347	8	21	-	6.26966	5.32e-05	0.208	TTTGGTTCTCATCT
26-CTTGGTTCTTTATT	STREME-26	Chr12_7904385_7904485	21	34	+	6.26966	5.32e-05	0.208	CTCTGTTCTTGCCT
26-CTTGGTTCTTTATT	STREME-26	Chr6_20497653_20497753	18	31	-	6.21348	5.41e-05	0.211	TTTTTTTCTTTGTT
26-CTTGGTTCTTTATT	STREME-26	Chr15_19971562_19971662	33	46	+	6.19101	5.46e-05	0.212	TTTGTTTTTTTGTT
26-CTTGGTTCTTTATT	STREME-26	Chr3_4649609_4649709	40	53	+	6.19101	5.46e-05	0.212	CTTGGTTTTGGATT
26-CTTGGTTCTTTATT	STREME-26	Chr12_18181814_18181914	68	81	-	6.19101	5.46e-05	0.212	TTTGATTCATTTTT
26-CTTGGTTCTTTATT	STREME-26	Chr7_28575653_28575753	9	22	-	6.16854	5.51e-05	0.213	TTGAGTTCTTTGCT
26-CTTGGTTCTTTATT	STREME-26	Chr1_2116166_2116266	5	18	-	6.14607	5.56e-05	0.213	TGTAGTTCTTTGTT
26-CTTGGTTCTTTATT	STREME-26	Chr14_20237200_20237300	55	68	-	6.14607	5.56e-05	0.213	CTCTGTGCTTCATT
26-CTTGGTTCTTTATT	STREME-26	Chr8_19065063_19065163	77	90	-	6.14607	5.56e-05	0.213	TTTGCTTCTTTGCT
26-CTTGGTTCTTTATT	STREME-26	Chr11_11603010_11603110	11	24	+	6.13483	5.58e-05	0.213	TTTGGTTTTTTGTC
26-CTTGGTTCTTTATT	STREME-26	Chr10_10021133_10021233	1	14	-	6.13483	5.58e-05	0.213	CTTGTTTGTTTGTT
26-CTTGGTTCTTTATT	STREME-26	Chr11_16711670_16711770	87	100	-	6.13483	5.58e-05	0.213	CTAAGTTCTTCATT
26-CTTGGTTCTTTATT	STREME-26	Chr10_18469012_18469112	29	42	+	6.1236	5.61e-05	0.213	ATTTGTTCTTGGTT
26-CTTGGTTCTTTATT	STREME-26	Chr11_22648529_22648629	53	66	-	6.1236	5.61e-05	0.213	TTTGGTGCTTTTTC
26-CTTGGTTCTTTATT	STREME-26	Chr2_36214571_36214671	22	35	-	6.11236	5.63e-05	0.213	TTTGATTCTCTGCT
26-CTTGGTTCTTTATT	STREME-26	Chr12_13111500_13111600	51	64	-	6.11236	5.63e-05	0.213	CTGGGTTCATGAAT
26-CTTGGTTCTTTATT	STREME-26	Chr10_6950832_6950932	31	44	-	6.10112	5.66e-05	0.214	TTTGGCACTTTATT
26-CTTGGTTCTTTATT	STREME-26	Chr1_8179593_8179693	2	15	+	6.08989	5.68e-05	0.214	CTTGGTACCTGAAT
26-CTTGGTTCTTTATT	STREME-26	Chr8_9649435_9649535	79	92	+	6.07865	5.7e-05	0.214	TTTGTTTGTTTATT
26-CTTGGTTCTTTATT	STREME-26	Chr15_17747491_17747591	10	23	+	6.06742	5.73e-05	0.214	TTTGTTTCTCTTTT
26-CTTGGTTCTTTATT	STREME-26	Chr2_12076827_12076927	18	31	-	6.06742	5.73e-05	0.214	TGTGTTTCTTTTTT
26-CTTGGTTCTTTATT	STREME-26	Chr10_7464588_7464688	64	77	+	6.06742	5.73e-05	0.214	TTTGGTGCTCCATT
26-CTTGGTTCTTTATT	STREME-26	Chr15_20230929_20231029	6	19	+	6.05618	5.74e-05	0.215	CTGGGTTCTCAGCT
26-CTTGGTTCTTTATT	STREME-26	Chr14_23994289_23994389	27	40	+	5.98876	5.86e-05	0.218	CATGATTCTTAACT
26-CTTGGTTCTTTATT	STREME-26	Chr5_1591512_1591612	83	96	-	5.98876	5.86e-05	0.218	ATTGGTTGTTGATT
26-CTTGGTTCTTTATT	STREME-26	Chr3_35026695_35026795	84	97	-	5.98876	5.86e-05	0.218	TTGGTTTCTTTAAT
26-CTTGGTTCTTTATT	STREME-26	Chr2_22367108_22367208	43	56	-	5.92135	5.99e-05	0.22	GTTGATTCTTTTTT
26-CTTGGTTCTTTATT	STREME-26	Chr10_17657809_17657909	52	65	+	5.91011	6.01e-05	0.22	TGTGTTTCTTCACT
26-CTTGGTTCTTTATT	STREME-26	Chr4_27227883_27227983	46	59	-	5.91011	6.01e-05	0.22	TGTGTTTCTTCACT
26-CTTGGTTCTTTATT	STREME-26	Chr8_9265469_9265569	49	62	-	5.91011	6.01e-05	0.22	TGTGTTTCTTCACT
26-CTTGGTTCTTTATT	STREME-26	Chr2_36782738_36782838	68	81	+	5.91011	6.01e-05	0.22	TGTGTTTCTTCACT
26-CTTGGTTCTTTATT	STREME-26	Chr1_25471448_25471548	28	41	+	5.89888	6.03e-05	0.22	CTTGGTTCTTTGGA
26-CTTGGTTCTTTATT	STREME-26	Chr5_8937507_8937607	22	35	-	5.89888	6.03e-05	0.22	ATTGATTCTTAGCT
26-CTTGGTTCTTTATT	STREME-26	Chr7_20554394_20554494	45	58	-	5.89888	6.03e-05	0.22	CTCTGTACTTTTTT
26-CTTGGTTCTTTATT	STREME-26	Chr1_45201668_45201768	18	31	+	5.88764	6.06e-05	0.22	TTTGATTATTTTTT
26-CTTGGTTCTTTATT	STREME-26	Chr6_20089193_20089293	8	21	-	5.88764	6.06e-05	0.22	TTTGATTTTTTTTT
26-CTTGGTTCTTTATT	STREME-26	Chr3_3770337_3770437	58	71	+	5.88764	6.06e-05	0.22	TTTGATTTTTTTTT
26-CTTGGTTCTTTATT	STREME-26	Chr12_11373389_11373489	29	42	+	5.85393	6.13e-05	0.222	CTGGTTTCTCTGTT
26-CTTGGTTCTTTATT	STREME-26	Chr1_43834424_43834524	66	79	+	5.85393	6.13e-05	0.222	TTTCGTACTTTATT
26-CTTGGTTCTTTATT	STREME-26	Chr13_2605973_2606073	2	15	-	5.83146	6.17e-05	0.223	CTCGGTTAATGACT
26-CTTGGTTCTTTATT	STREME-26	Chr8_2292374_2292474	8	21	-	5.82022	6.19e-05	0.223	CTCAGTTCTTTCTC
26-CTTGGTTCTTTATT	STREME-26	Chr15_11632154_11632254	58	71	-	5.82022	6.19e-05	0.223	CTTGGTTCTGAAAT
26-CTTGGTTCTTTATT	STREME-26	Chr2_19229729_19229829	1	14	+	5.79775	6.25e-05	0.224	CTCGGTGCTTACCT
26-CTTGGTTCTTTATT	STREME-26	Chr2_19318630_19318730	52	65	+	5.78652	6.28e-05	0.224	CTCTTTTCTTTGCT
26-CTTGGTTCTTTATT	STREME-26	Chr2_12782143_12782243	27	40	+	5.77528	6.3e-05	0.224	TTTGGTTCACGACT
26-CTTGGTTCTTTATT	STREME-26	Chr2_37771796_37771896	28	41	+	5.77528	6.3e-05	0.224	CTTGGTCCATTTTC
26-CTTGGTTCTTTATT	STREME-26	Chr2_39780049_39780149	82	95	+	5.77528	6.3e-05	0.224	CTTGGTCCATTTTC
26-CTTGGTTCTTTATT	STREME-26	Chr2_39849510_39849610	87	100	+	5.77528	6.3e-05	0.224	CTTGGTCCATTTTC
26-CTTGGTTCTTTATT	STREME-26	Chr7_3366045_3366145	18	31	+	5.76404	6.33e-05	0.224	CGTGTTACTTAATT
26-CTTGGTTCTTTATT	STREME-26	Chr4_12258177_12258277	68	81	+	5.76404	6.33e-05	0.224	CTAGGTTCTCAATT
26-CTTGGTTCTTTATT	STREME-26	Chr7_30329825_30329925	62	75	-	5.76404	6.33e-05	0.224	CTTGATGCTTTGGT
26-CTTGGTTCTTTATT	STREME-26	Chr9_28242970_28243070	49	62	+	5.74157	6.39e-05	0.226	CTTGTTTCCTTGTC
26-CTTGGTTCTTTATT	STREME-26	Chr6_20305511_20305611	67	80	+	5.73034	6.42e-05	0.227	TTCTTTTCTTTACT
26-CTTGGTTCTTTATT	STREME-26	Chr7_16608885_16608985	78	91	+	5.67416	6.56e-05	0.228	TTTGTTACTTTAAT
26-CTTGGTTCTTTATT	STREME-26	Chr7_11347045_11347145	8	21	-	5.65169	6.61e-05	0.228	CTCGGTGCCTCACT
26-CTTGGTTCTTTATT	STREME-26	Chr5_24596177_24596277	25	38	+	5.65169	6.61e-05	0.228	TTTGATTCTTGGTC
26-CTTGGTTCTTTATT	STREME-26	Chr15_7427960_7428060	65	78	+	5.65169	6.61e-05	0.228	TTTGGTTATTTGGT
26-CTTGGTTCTTTATT	STREME-26	Chr10_14817020_14817120	85	98	-	5.65169	6.61e-05	0.228	TTTGGTTTTTTGGT
26-CTTGGTTCTTTATT	STREME-26	Chr13_6625310_6625410	14	27	+	5.62921	6.66e-05	0.228	CTTAATACTTTTTT
26-CTTGGTTCTTTATT	STREME-26	Chr7_6165895_6165995	68	81	+	5.61798	6.69e-05	0.228	CTGTGTCCTTTTTT
26-CTTGGTTCTTTATT	STREME-26	Chr15_457899_457999	83	96	-	5.61798	6.69e-05	0.228	TTGGATTTTTTATT
26-CTTGGTTCTTTATT	STREME-26	Chr9_5289040_5289140	19	32	-	5.60674	6.72e-05	0.228	ATTGGTACTTATTT
26-CTTGGTTCTTTATT	STREME-26	Chr3_8398547_8398647	79	92	+	5.60674	6.72e-05	0.228	CTTGGTGCTTCTAT
26-CTTGGTTCTTTATT	STREME-26	Chr2_9622972_9623072	74	87	-	5.60674	6.72e-05	0.228	CTCTGTTCTTTTGT
26-CTTGGTTCTTTATT	STREME-26	Chr2_16418653_16418753	76	89	-	5.60674	6.72e-05	0.228	CTCTGTTCTTTTGT
26-CTTGGTTCTTTATT	STREME-26	Chr2_14841017_14841117	48	61	-	5.59551	6.74e-05	0.228	CTTGGTATTTGTCT
26-CTTGGTTCTTTATT	STREME-26	Chr1_32172170_32172270	65	78	+	5.59551	6.74e-05	0.228	CTTGGTATTTGTCT
26-CTTGGTTCTTTATT	STREME-26	Chr14_22732445_22732545	69	82	+	5.59551	6.74e-05	0.228	CTTGGTATTTGTCT
26-CTTGGTTCTTTATT	STREME-26	Chr6_23492998_23493098	59	72	-	5.59551	6.74e-05	0.228	CTTGGTATTTGTCT
26-CTTGGTTCTTTATT	STREME-26	Chr8_22506016_22506116	62	75	-	5.59551	6.74e-05	0.228	CTTGGTATTTGTCT
26-CTTGGTTCTTTATT	STREME-26	Chr4_14659575_14659675	78	91	-	5.59551	6.74e-05	0.228	CTTGGTATTTGTCT
26-CTTGGTTCTTTATT	STREME-26	Chr14_21097087_21097187	7	20	-	5.58427	6.77e-05	0.228	ATTGGTACTTGAAT
26-CTTGGTTCTTTATT	STREME-26	Chr3_30733571_30733671	21	34	+	5.58427	6.77e-05	0.228	TTTTGTTCTTCAAT
26-CTTGGTTCTTTATT	STREME-26	Chr6_15822892_15822992	33	46	-	5.58427	6.77e-05	0.228	CTTTATACTTCATT
26-CTTGGTTCTTTATT	STREME-26	Chr7_1756303_1756403	54	67	+	5.58427	6.77e-05	0.228	CTTTATACTTCATT
26-CTTGGTTCTTTATT	STREME-26	Chr3_621905_622005	45	58	-	5.58427	6.77e-05	0.228	CTTTATACTTCATT
26-CTTGGTTCTTTATT	STREME-26	Chr2_11794474_11794574	69	82	+	5.58427	6.77e-05	0.228	CTTGTTTCTGAACT
26-CTTGGTTCTTTATT	STREME-26	Chr5_21715646_21715746	82	95	-	5.58427	6.77e-05	0.228	CTTTATACTTCATT
26-CTTGGTTCTTTATT	STREME-26	Chr6_19441028_19441128	87	100	-	5.58427	6.77e-05	0.228	CTTTATACTTCATT
26-CTTGGTTCTTTATT	STREME-26	Chr4_3300142_3300242	81	94	+	5.57303	6.79e-05	0.228	TTGTGTTCTTTTTT
26-CTTGGTTCTTTATT	STREME-26	Chr8_17139515_17139615	76	89	+	5.5618	6.83e-05	0.229	CCCGGTTCTTGGTT
26-CTTGGTTCTTTATT	STREME-26	Chr14_20543802_20543902	1	14	+	5.53933	6.89e-05	0.231	CTTGATCTTTTATC
26-CTTGGTTCTTTATT	STREME-26	Chr2_1441953_1442053	36	49	+	5.51685	6.96e-05	0.231	ATCGGTTATTCATT
26-CTTGGTTCTTTATT	STREME-26	Chr6_10136987_10137087	31	44	-	5.51685	6.96e-05	0.231	ATCGGTTATTCATT
26-CTTGGTTCTTTATT	STREME-26	Chr9_22929393_22929493	82	95	+	5.51685	6.96e-05	0.231	ATCGGTTATTCATT
26-CTTGGTTCTTTATT	STREME-26	Chr6_10136987_10137087	72	85	-	5.51685	6.96e-05	0.231	ATCGGTTATTCATT
26-CTTGGTTCTTTATT	STREME-26	Chr3_35918047_35918147	20	33	-	5.50562	6.99e-05	0.231	TTTGGTTTTTCCTT
26-CTTGGTTCTTTATT	STREME-26	Chr12_1504256_1504356	67	80	-	5.50562	6.99e-05	0.231	TTTTTTTCTTTTTT
26-CTTGGTTCTTTATT	STREME-26	Chr1_31204013_31204113	69	82	+	5.48315	7.06e-05	0.231	TTTGTTTTTTTTTT
26-CTTGGTTCTTTATT	STREME-26	Chr14_6403778_6403878	87	100	+	5.48315	7.06e-05	0.231	TTTGTTTTTTTTTT
26-CTTGGTTCTTTATT	STREME-26	Chr1_24700490_24700590	79	92	-	5.48315	7.06e-05	0.231	TTTGTTTATTTTTT
26-CTTGGTTCTTTATT	STREME-26	Chr11_6808703_6808803	79	92	-	5.48315	7.06e-05	0.231	TTTGTTTTTTTTTT
26-CTTGGTTCTTTATT	STREME-26	Chr1_6479744_6479844	82	95	-	5.48315	7.06e-05	0.231	TTTGTTTTTTTTTT
26-CTTGGTTCTTTATT	STREME-26	Chr6_29238666_29238766	57	70	-	5.44944	7.15e-05	0.231	TTTGGTCATTTTCT
26-CTTGGTTCTTTATT	STREME-26	Chr3_25192117_25192217	28	41	+	5.4382	7.19e-05	0.231	CTTGGTCATCAATT
26-CTTGGTTCTTTATT	STREME-26	Chr1_48413043_48413143	38	51	-	5.4382	7.19e-05	0.231	CTTGGTATTTGCTT
26-CTTGGTTCTTTATT	STREME-26	Chr3_11708572_11708672	6	19	-	5.42697	7.22e-05	0.231	CTTGGTGCCTGAAT
26-CTTGGTTCTTTATT	STREME-26	Chr15_19971562_19971662	29	42	+	5.42697	7.22e-05	0.231	CTTGTTTGTTTTTT
26-CTTGGTTCTTTATT	STREME-26	Chr10_14803063_14803163	4	17	-	5.41573	7.25e-05	0.231	CTTTTTCCTTAACT
26-CTTGGTTCTTTATT	STREME-26	Chr3_17552428_17552528	48	61	+	5.41573	7.25e-05	0.231	TTTTGTTCTCAATT
26-CTTGGTTCTTTATT	STREME-26	Chr9_13660018_13660118	87	100	-	5.41573	7.25e-05	0.231	TTGTGTTCTTCACT
26-CTTGGTTCTTTATT	STREME-26	Chr10_22100871_22100971	15	28	+	5.39326	7.32e-05	0.231	CTTCGTTCTTTTTC
26-CTTGGTTCTTTATT	STREME-26	Chr10_24605256_24605356	10	23	-	5.39326	7.32e-05	0.231	CTTCGTTCTTTTTC
26-CTTGGTTCTTTATT	STREME-26	Chr14_24201495_24201595	25	38	+	5.39326	7.32e-05	0.231	TTGGGTTTTTCACT
26-CTTGGTTCTTTATT	STREME-26	Chr3_36609264_36609364	14	27	-	5.39326	7.32e-05	0.231	CTTCGTTCTTTTTC
26-CTTGGTTCTTTATT	STREME-26	Chr7_12603616_12603716	31	44	+	5.39326	7.32e-05	0.231	CTTCGTTCTTTTTC
26-CTTGGTTCTTTATT	STREME-26	Chr14_21507714_21507814	49	62	-	5.39326	7.32e-05	0.231	CTTCGTTCTTTTTC
26-CTTGGTTCTTTATT	STREME-26	Chr10_21268335_21268435	55	68	-	5.39326	7.32e-05	0.231	CTTCGTTCTTTTTC
26-CTTGGTTCTTTATT	STREME-26	Chr8_1541422_1541522	70	83	+	5.39326	7.32e-05	0.231	CTTCGTTCTTTTTC
26-CTTGGTTCTTTATT	STREME-26	Chr6_9834882_9834982	71	84	+	5.39326	7.32e-05	0.231	CTTCGTTCTTTTTC
26-CTTGGTTCTTTATT	STREME-26	Chr15_21223333_21223433	60	73	-	5.39326	7.32e-05	0.231	TGTTGTTCTTCATT
26-CTTGGTTCTTTATT	STREME-26	Chr9_2289101_2289201	81	94	+	5.39326	7.32e-05	0.231	CTTCGTTCTTTTTC
26-CTTGGTTCTTTATT	STREME-26	Chr10_26681002_26681102	83	96	+	5.39326	7.32e-05	0.231	CTTCGTTCTTTTTC
26-CTTGGTTCTTTATT	STREME-26	Chr1_23801108_23801208	87	100	+	5.39326	7.32e-05	0.231	CTTCGTTCTTTTTC
26-CTTGGTTCTTTATT	STREME-26	Chr10_21256921_21257021	75	88	-	5.39326	7.32e-05	0.231	CTTCGTTCTTTTTC
26-CTTGGTTCTTTATT	STREME-26	Chr3_14263070_14263170	86	99	-	5.39326	7.32e-05	0.231	CGTGATTCTCAATT
26-CTTGGTTCTTTATT	STREME-26	Chr2_4417606_4417706	29	42	-	5.35955	7.41e-05	0.232	TTTGGTCCATTACC
26-CTTGGTTCTTTATT	STREME-26	Chr9_14733889_14733989	57	70	-	5.35955	7.41e-05	0.232	TTTGGTCCATTACC
26-CTTGGTTCTTTATT	STREME-26	Chr9_6563312_6563412	76	89	+	5.34831	7.44e-05	0.232	ATAGGTTCTTGACT
26-CTTGGTTCTTTATT	STREME-26	Chr3_19903537_19903637	6	19	+	5.32584	7.5e-05	0.232	CTCTATTCTTTCTT
26-CTTGGTTCTTTATT	STREME-26	Chr3_33038793_33038893	18	31	-	5.32584	7.5e-05	0.232	CTCTATTCTTTCTT
26-CTTGGTTCTTTATT	STREME-26	Chr15_5613174_5613274	37	50	+	5.32584	7.5e-05	0.232	CTCTATTCTTTCTT
26-CTTGGTTCTTTATT	STREME-26	Chr3_34067428_34067528	41	54	+	5.32584	7.5e-05	0.232	CTCTATTCTTTCTT
26-CTTGGTTCTTTATT	STREME-26	Chr12_1061540_1061640	42	55	+	5.32584	7.5e-05	0.232	CTCTATTCTTTCTT
26-CTTGGTTCTTTATT	STREME-26	Chr7_21972043_21972143	37	50	-	5.32584	7.5e-05	0.232	CTCTATTCTTTCTT
26-CTTGGTTCTTTATT	STREME-26	Chr5_18076621_18076721	51	64	+	5.32584	7.5e-05	0.232	CTCTATTCTTTCTT
26-CTTGGTTCTTTATT	STREME-26	Chr7_4139801_4139901	41	54	-	5.32584	7.5e-05	0.232	CTCTATTCTTTCTT
26-CTTGGTTCTTTATT	STREME-26	Chr5_16790156_16790256	52	65	-	5.32584	7.5e-05	0.232	CTCTATTCTTTCTT
26-CTTGGTTCTTTATT	STREME-26	Chr6_23232784_23232884	63	76	-	5.32584	7.5e-05	0.232	CTCTATTCTTTCTT
26-CTTGGTTCTTTATT	STREME-26	Chr1_26409484_26409584	78	91	+	5.32584	7.5e-05	0.232	CTCTATTCTTTCTT
26-CTTGGTTCTTTATT	STREME-26	Chr2_28581867_28581967	78	91	-	5.31461	7.53e-05	0.232	TTTTGTTCTTAACC
26-CTTGGTTCTTTATT	STREME-26	Chr13_11764009_11764109	74	87	-	5.30337	7.56e-05	0.233	TATGTTTCTTTACT
26-CTTGGTTCTTTATT	STREME-26	Chr8_28821063_28821163	10	23	-	5.23596	7.72e-05	0.237	TTTATTTCTTTCTT
26-CTTGGTTCTTTATT	STREME-26	Chr11_3258533_3258633	11	24	+	5.22472	7.75e-05	0.238	CTTGGTGGTTTGTT
26-CTTGGTTCTTTATT	STREME-26	Chr11_7188855_7188955	54	67	-	5.16854	7.9e-05	0.242	CTTGATCCATTTCT
26-CTTGGTTCTTTATT	STREME-26	Chr9_9776705_9776805	80	93	+	5.1573	7.93e-05	0.242	TTTGGTCATCTATT
26-CTTGGTTCTTTATT	STREME-26	Chr2_22378752_22378852	68	81	-	5.1573	7.93e-05	0.242	CTGCGTTCTTTGCT
26-CTTGGTTCTTTATT	STREME-26	Chr7_14376158_14376258	2	15	-	5.14607	7.96e-05	0.243	ATGTGTTCTTGATT
26-CTTGGTTCTTTATT	STREME-26	Chr3_24286743_24286843	17	30	-	5.13483	8e-05	0.244	CTCTGTTGTTTATT
26-CTTGGTTCTTTATT	STREME-26	Chr8_5130499_5130599	9	22	+	5.1236	8.04e-05	0.244	CTTGGTTCACGTCT
26-CTTGGTTCTTTATT	STREME-26	Chr12_4146306_4146406	69	82	+	5.08989	8.14e-05	0.247	CTTCTTTCTTTGCT
26-CTTGGTTCTTTATT	STREME-26	Chr15_23328428_23328528	2	15	-	5.07865	8.17e-05	0.247	CTTTGTTCTTAATA
26-CTTGGTTCTTTATT	STREME-26	Chr1_38315018_38315118	57	70	+	5.07865	8.17e-05	0.247	CTTATTTCATCATT
26-CTTGGTTCTTTATT	STREME-26	Chr1_10485853_10485953	73	86	+	5.07865	8.17e-05	0.247	TTCGTTTCTTATTT
26-CTTGGTTCTTTATT	STREME-26	Chr6_22681864_22681964	6	19	-	5	8.41e-05	0.253	TTTATTTCTTTACC
26-CTTGGTTCTTTATT	STREME-26	Chr1_32396018_32396118	23	36	+	5	8.41e-05	0.253	CTTGGATTTTCATT
26-CTTGGTTCTTTATT	STREME-26	Chr15_9803003_9803103	19	32	-	5	8.41e-05	0.253	TGTGTTTCTTTTCT
26-CTTGGTTCTTTATT	STREME-26	Chr5_28000790_28000890	14	27	-	4.95506	8.52e-05	0.256	CTTGATTCTGTAAT
26-CTTGGTTCTTTATT	STREME-26	Chr3_10886036_10886136	31	44	-	4.94382	8.55e-05	0.256	CTTGATTCTCTTGT
26-CTTGGTTCTTTATT	STREME-26	Chr1_39786050_39786150	54	67	+	4.94382	8.55e-05	0.256	CTTGGACCTTGGTT
26-CTTGGTTCTTTATT	STREME-26	Chr2_34478224_34478324	54	67	-	4.93258	8.58e-05	0.256	CTTGGTGTTTGTCT
26-CTTGGTTCTTTATT	STREME-26	Chr10_18515017_18515117	63	76	-	4.92135	8.62e-05	0.256	TTTAATTATTTATT
26-CTTGGTTCTTTATT	STREME-26	Chr10_25330566_25330666	72	85	-	4.92135	8.62e-05	0.256	TCTGGTTCTTGGTT
26-CTTGGTTCTTTATT	STREME-26	Chr4_22970395_22970495	77	90	-	4.92135	8.62e-05	0.256	CTCTTTTCTTTCTT
26-CTTGGTTCTTTATT	STREME-26	Chr13_13977067_13977167	21	34	+	4.91011	8.66e-05	0.257	TTTTGTTTTTGACT
26-CTTGGTTCTTTATT	STREME-26	Chr12_17770789_17770889	6	19	-	4.89888	8.7e-05	0.258	CTAGATTCTCTATT
26-CTTGGTTCTTTATT	STREME-26	Chr5_33171520_33171620	77	90	+	4.89888	8.7e-05	0.258	TTAGGTTTTTTATT
26-CTTGGTTCTTTATT	STREME-26	Chr13_23028073_23028173	7	20	+	4.86517	8.8e-05	0.26	GTTTGTTCTTAATT
26-CTTGGTTCTTTATT	STREME-26	Chr7_8856798_8856898	17	30	+	4.85393	8.84e-05	0.26	TTCGGTGCTTCGTT
26-CTTGGTTCTTTATT	STREME-26	Chr13_20517689_20517789	31	44	+	4.85393	8.84e-05	0.26	CTTGAAGCTTTATT
26-CTTGGTTCTTTATT	STREME-26	Chr11_15564593_15564693	56	69	-	4.85393	8.84e-05	0.26	TTTAGTTTTTTTTT
26-CTTGGTTCTTTATT	STREME-26	Chr13_22799521_22799621	22	35	-	4.8427	8.87e-05	0.26	CATTGTTCTTTGTT
26-CTTGGTTCTTTATT	STREME-26	Chr14_4588422_4588522	51	64	+	4.8427	8.87e-05	0.26	TGTGTTTCTTTCTT
26-CTTGGTTCTTTATT	STREME-26	Chr14_20048089_20048189	45	58	-	4.8427	8.87e-05	0.26	CTTTCTTCTTCATT
26-CTTGGTTCTTTATT	STREME-26	Chr7_11910114_11910214	59	72	+	4.83146	8.91e-05	0.26	CTTGGTTTTTTGTG
26-CTTGGTTCTTTATT	STREME-26	Chr5_3094521_3094621	66	79	+	4.83146	8.91e-05	0.26	CTTGGTTTTTTGTG
26-CTTGGTTCTTTATT	STREME-26	Chr6_31680185_31680285	21	34	-	4.82022	8.96e-05	0.261	TGTGTTGCTTTATT
26-CTTGGTTCTTTATT	STREME-26	Chr13_500783_500883	71	84	+	4.78652	9.07e-05	0.262	TATTGTTCTTTATT
26-CTTGGTTCTTTATT	STREME-26	Chr10_21998404_21998504	34	47	+	4.77528	9.1e-05	0.262	CTTAGTTTTTAGCT
26-CTTGGTTCTTTATT	STREME-26	Chr5_8702959_8703059	57	70	-	4.76404	9.14e-05	0.262	ATTGTTTCTTCTCT
26-CTTGGTTCTTTATT	STREME-26	Chr3_24489602_24489702	37	50	-	4.73034	9.25e-05	0.262	TTGGTTTCTCTACT
26-CTTGGTTCTTTATT	STREME-26	Chr10_25346406_25346506	29	42	-	4.7191	9.29e-05	0.262	CTTAATTCTCAACT
26-CTTGGTTCTTTATT	STREME-26	Chr10_26490095_26490195	63	76	-	4.69663	9.36e-05	0.262	TTTGATTCCTGGTT
26-CTTGGTTCTTTATT	STREME-26	Chr1_32370159_32370259	9	22	+	4.68539	9.39e-05	0.262	TTTGATTCTCGGTT
26-CTTGGTTCTTTATT	STREME-26	Chr8_19859992_19860092	10	23	+	4.68539	9.39e-05	0.262	TTTGATTCTCGGTT
26-CTTGGTTCTTTATT	STREME-26	Chr5_10940987_10941087	11	24	+	4.68539	9.39e-05	0.262	TTTGATTCTCGGTT
26-CTTGGTTCTTTATT	STREME-26	Chr1_24735942_24736042	16	29	+	4.68539	9.39e-05	0.262	TTTGATTCTCGGTT
26-CTTGGTTCTTTATT	STREME-26	Chr8_29403268_29403368	18	31	+	4.68539	9.39e-05	0.262	TTTGATTCTCGGTT
26-CTTGGTTCTTTATT	STREME-26	Chr3_5599112_5599212	24	37	+	4.68539	9.39e-05	0.262	TTTGATTCTCGGTT
26-CTTGGTTCTTTATT	STREME-26	Chr13_9172995_9173095	26	39	+	4.68539	9.39e-05	0.262	TTTGATTCTCGGTT
26-CTTGGTTCTTTATT	STREME-26	Chr13_977651_977751	27	40	+	4.68539	9.39e-05	0.262	TTTGATTCTCGGTT
26-CTTGGTTCTTTATT	STREME-26	Chr12_19644481_19644581	27	40	+	4.68539	9.39e-05	0.262	TTTGATTCTCGGTT
26-CTTGGTTCTTTATT	STREME-26	Chr1_35983027_35983127	17	30	-	4.68539	9.39e-05	0.262	TTTGATTCTCGGTT
26-CTTGGTTCTTTATT	STREME-26	Chr9_26562626_26562726	20	33	-	4.68539	9.39e-05	0.262	TTCGATTATTGATT
26-CTTGGTTCTTTATT	STREME-26	Chr14_23590465_23590565	38	51	+	4.68539	9.39e-05	0.262	TTTGATTCTCGGTT
26-CTTGGTTCTTTATT	STREME-26	Chr1_36814065_36814165	41	54	+	4.68539	9.39e-05	0.262	TTTGATTCTCGGTT
26-CTTGGTTCTTTATT	STREME-26	Chr1_17086739_17086839	43	56	+	4.68539	9.39e-05	0.262	TTTGATTCTCGGTT
26-CTTGGTTCTTTATT	STREME-26	Chr8_18338260_18338360	43	56	-	4.68539	9.39e-05	0.262	CTTTTTTCTTTGGT
26-CTTGGTTCTTTATT	STREME-26	Chr6_11278311_11278411	51	64	-	4.68539	9.39e-05	0.262	TTTGATTCTCGGTT
26-CTTGGTTCTTTATT	STREME-26	Chr4_17361215_17361315	66	79	+	4.68539	9.39e-05	0.262	TTTGATTCTCGGTT
26-CTTGGTTCTTTATT	STREME-26	Chr10_23024919_23025019	69	82	+	4.68539	9.39e-05	0.262	TTTGATTCTCGGTT
26-CTTGGTTCTTTATT	STREME-26	Chr4_19764972_19765072	76	89	+	4.68539	9.39e-05	0.262	TTTGATTCTCGGTT
26-CTTGGTTCTTTATT	STREME-26	Chr2_6957189_6957289	67	80	-	4.68539	9.39e-05	0.262	TTTGATTCTCGGTT
26-CTTGGTTCTTTATT	STREME-26	Chr4_19570558_19570658	74	87	-	4.68539	9.39e-05	0.262	TTTGATTCTCGGTT
26-CTTGGTTCTTTATT	STREME-26	Chr1_35994489_35994589	76	89	-	4.68539	9.39e-05	0.262	TTTGATTCTCGGTT
26-CTTGGTTCTTTATT	STREME-26	Chr6_16745495_16745595	78	91	-	4.68539	9.39e-05	0.262	TTTGATTCTCGGTT
26-CTTGGTTCTTTATT	STREME-26	Chr5_34372313_34372413	11	24	-	4.66292	9.47e-05	0.264	CGTGGTTTTTGCTT
26-CTTGGTTCTTTATT	STREME-26	Chr2_34045440_34045540	45	58	-	4.65169	9.5e-05	0.264	CTTGATATTTTTTT
26-CTTGGTTCTTTATT	STREME-26	Chr4_29597180_29597280	12	25	+	4.64045	9.53e-05	0.264	GTTTGTTCTTTGTT
26-CTTGGTTCTTTATT	STREME-26	Chr2_12409571_12409671	8	21	-	4.64045	9.53e-05	0.264	CTCGGTGCATTAGT
26-CTTGGTTCTTTATT	STREME-26	Chr1_23205220_23205320	84	97	-	4.64045	9.53e-05	0.264	CTCGGTGCATTAGT
26-CTTGGTTCTTTATT	STREME-26	Chr1_45746494_45746594	17	30	-	4.62921	9.56e-05	0.264	CTTTGTTCTTTGGC
26-CTTGGTTCTTTATT	STREME-26	Chr6_5401151_5401251	20	33	-	4.62921	9.56e-05	0.264	CTTGTGTCTTTTCT
26-CTTGGTTCTTTATT	STREME-26	Chr10_10197326_10197426	68	81	-	4.62921	9.56e-05	0.264	TTTGGTTGTTGGTT
26-CTTGGTTCTTTATT	STREME-26	Chr4_32165899_32165999	78	91	+	4.61798	9.59e-05	0.264	TTCGGTTATTGTTT
26-CTTGGTTCTTTATT	STREME-26	Chr10_14377059_14377159	22	35	-	4.60674	9.63e-05	0.264	CTCATTTCTTGTTT
26-CTTGGTTCTTTATT	STREME-26	Chr14_22023778_22023878	85	98	+	4.60674	9.63e-05	0.264	TTTTGTTTTTTGTT
26-CTTGGTTCTTTATT	STREME-26	Chr10_16022401_16022501	83	96	-	4.60674	9.63e-05	0.264	CTCTATTATTTATT
26-CTTGGTTCTTTATT	STREME-26	Chr13_22799521_22799621	59	72	+	4.58427	9.69e-05	0.265	CTTGTTTCATCACC
26-CTTGGTTCTTTATT	STREME-26	Chr14_4399715_4399815	5	18	+	4.5618	9.76e-05	0.266	CTTGTTTCTTTAAA
26-CTTGGTTCTTTATT	STREME-26	Chr9_18020264_18020364	79	92	-	4.5618	9.76e-05	0.266	CTGGTTTTTTTTTT
26-CTTGGTTCTTTATT	STREME-26	Chr2_37193310_37193410	88	101	-	4.5618	9.76e-05	0.266	CTGGTTTTTTTTTT
26-CTTGGTTCTTTATT	STREME-26	Chr8_1021628_1021728	86	99	+	4.55056	9.79e-05	0.267	CTTTGTTGTTTGTT
26-CTTGGTTCTTTATT	STREME-26	Chr12_8441044_8441144	22	35	+	4.52809	9.87e-05	0.267	TTGGGTCCTTCTTT
26-CTTGGTTCTTTATT	STREME-26	Chr13_12237527_12237627	33	46	-	4.52809	9.87e-05	0.267	TTGGGTCCTTCTTT
26-CTTGGTTCTTTATT	STREME-26	Chr5_21783935_21784035	71	84	-	4.52809	9.87e-05	0.267	TTGGGTCCTTCTTT
26-CTTGGTTCTTTATT	STREME-26	Chr3_32010323_32010423	44	57	-	4.49438	9.98e-05	0.27	TTTCGTTTTTTATT

# FIMO (Find Individual Motif Occurrences): Version 5.5.1 compiled on Apr 10 2023 at 16:56:57
# The format of this file is described at https://meme-suite.org/meme/doc/fimo-output-format.html.
# fimo --parse-genomic-coord --verbosity 1 --oc LITCHI007109.meme_chip/fimo_out_24 --bgfile LITCHI007109.meme_chip/background --motif 26-CTTGGTTCTTTATT LITCHI007109.meme_chip/streme_out/streme.xml LITCHI007109.meme_chip/LITCHI007109.peak.region.fa
