motif_id	motif_alt_id	sequence_name	start	stop	strand	score	p-value	q-value	matched_sequence
14-GHAATCATGCAG	STREME-14	Chr3_30554574_30554674	6	17	+	21.4737	5.57e-08	0.00294	GCAATCATGCAG
14-GHAATCATGCAG	STREME-14	Chr2_10268203_10268303	48	59	-	21.4737	5.57e-08	0.00294	GCAATCATGCAG
14-GHAATCATGCAG	STREME-14	Chr7_28593920_28594020	81	92	-	21.4737	5.57e-08	0.00294	GCAATCATGCAG
14-GHAATCATGCAG	STREME-14	Chr12_14807876_14807976	11	22	+	21.1053	1.25e-07	0.00294	GTAATCATGCAG
14-GHAATCATGCAG	STREME-14	Chr2_30659188_30659288	13	24	+	21.1053	1.25e-07	0.00294	GTAATCATGCAG
14-GHAATCATGCAG	STREME-14	Chr5_16916658_16916758	11	22	-	21.1053	1.25e-07	0.00294	GTAATCATGCAG
14-GHAATCATGCAG	STREME-14	Chr1_21588106_21588206	24	35	+	21.1053	1.25e-07	0.00294	GTAATCATGCAG
14-GHAATCATGCAG	STREME-14	Chr11_1969654_1969754	36	47	+	21.1053	1.25e-07	0.00294	GTAATCATGCAG
14-GHAATCATGCAG	STREME-14	Chr14_21522961_21523061	40	51	+	21.1053	1.25e-07	0.00294	GTAATCATGCAG
14-GHAATCATGCAG	STREME-14	Chr14_12511864_12511964	41	52	+	21.1053	1.25e-07	0.00294	GTAATCATGCAG
14-GHAATCATGCAG	STREME-14	Chr5_12712428_12712528	42	53	+	21.1053	1.25e-07	0.00294	GTAATCATGCAG
14-GHAATCATGCAG	STREME-14	Chr2_9647370_9647470	42	53	+	21.1053	1.25e-07	0.00294	GTAATCATGCAG
14-GHAATCATGCAG	STREME-14	Chr3_29240520_29240620	45	56	+	21.1053	1.25e-07	0.00294	GTAATCATGCAG
14-GHAATCATGCAG	STREME-14	Chr6_18515433_18515533	51	62	+	21.1053	1.25e-07	0.00294	GTAATCATGCAG
14-GHAATCATGCAG	STREME-14	Chr10_13997212_13997312	52	63	+	21.1053	1.25e-07	0.00294	GTAATCATGCAG
14-GHAATCATGCAG	STREME-14	Chr3_29701169_29701269	41	52	-	21.1053	1.25e-07	0.00294	GTAATCATGCAG
14-GHAATCATGCAG	STREME-14	Chr9_9153042_9153142	55	66	+	21.1053	1.25e-07	0.00294	GTAATCATGCAG
14-GHAATCATGCAG	STREME-14	Chr4_22944164_22944264	58	69	+	21.1053	1.25e-07	0.00294	GTAATCATGCAG
14-GHAATCATGCAG	STREME-14	Chr1_37689223_37689323	50	61	-	21.1053	1.25e-07	0.00294	GTAATCATGCAG
14-GHAATCATGCAG	STREME-14	Chr11_24363468_24363568	61	72	+	21.1053	1.25e-07	0.00294	GTAATCATGCAG
14-GHAATCATGCAG	STREME-14	Chr14_17023044_17023144	56	67	-	21.1053	1.25e-07	0.00294	GTAATCATGCAG
14-GHAATCATGCAG	STREME-14	Chr12_7606368_7606468	58	69	-	21.1053	1.25e-07	0.00294	GTAATCATGCAG
14-GHAATCATGCAG	STREME-14	Chr10_17818917_17819017	60	71	-	21.1053	1.25e-07	0.00294	GTAATCATGCAG
14-GHAATCATGCAG	STREME-14	Chr4_4755794_4755894	62	73	-	21.1053	1.25e-07	0.00294	GTAATCATGCAG
14-GHAATCATGCAG	STREME-14	Chr1_7258167_7258267	64	75	-	21.1053	1.25e-07	0.00294	GTAATCATGCAG
14-GHAATCATGCAG	STREME-14	Chr2_10932246_10932346	64	75	-	21.1053	1.25e-07	0.00294	GTAATCATGCAG
14-GHAATCATGCAG	STREME-14	Chr7_24643314_24643414	64	75	-	21.1053	1.25e-07	0.00294	GTAATCATGCAG
14-GHAATCATGCAG	STREME-14	Chr8_14274280_14274380	66	77	-	21.1053	1.25e-07	0.00294	GTAATCATGCAG
14-GHAATCATGCAG	STREME-14	Chr10_17432680_17432780	67	78	-	21.1053	1.25e-07	0.00294	GTAATCATGCAG
14-GHAATCATGCAG	STREME-14	Chr1_37792423_37792523	69	80	-	21.1053	1.25e-07	0.00294	GTAATCATGCAG
14-GHAATCATGCAG	STREME-14	Chr9_10659074_10659174	73	84	-	21.1053	1.25e-07	0.00294	GTAATCATGCAG
14-GHAATCATGCAG	STREME-14	Chr9_13012309_13012409	73	84	-	21.1053	1.25e-07	0.00294	GTAATCATGCAG
14-GHAATCATGCAG	STREME-14	Chr8_9847382_9847482	74	85	-	21.1053	1.25e-07	0.00294	GTAATCATGCAG
14-GHAATCATGCAG	STREME-14	Chr8_24399351_24399451	87	98	+	21.1053	1.25e-07	0.00294	GTAATCATGCAG
14-GHAATCATGCAG	STREME-14	Chr7_27926100_27926200	89	100	-	21.1053	1.25e-07	0.00294	GTAATCATGCAG
14-GHAATCATGCAG	STREME-14	Chr14_22472615_22472715	1	12	+	20.6974	1.94e-07	0.00294	GAAATCATGCAG
14-GHAATCATGCAG	STREME-14	Chr11_15969078_15969178	2	13	+	20.6974	1.94e-07	0.00294	GAAATCATGCAG
14-GHAATCATGCAG	STREME-14	Chr4_23307343_23307443	3	14	+	20.6974	1.94e-07	0.00294	GAAATCATGCAG
14-GHAATCATGCAG	STREME-14	Chr2_35016615_35016715	5	16	+	20.6974	1.94e-07	0.00294	GAAATCATGCAG
14-GHAATCATGCAG	STREME-14	Chr13_3178905_3179005	5	16	+	20.6974	1.94e-07	0.00294	GAAATCATGCAG
14-GHAATCATGCAG	STREME-14	Chr9_8345191_8345291	7	18	+	20.6974	1.94e-07	0.00294	GAAATCATGCAG
14-GHAATCATGCAG	STREME-14	Chr3_19913507_19913607	11	22	+	20.6974	1.94e-07	0.00294	GAAATCATGCAG
14-GHAATCATGCAG	STREME-14	Chr13_3076200_3076300	3	14	-	20.6974	1.94e-07	0.00294	GAAATCATGCAG
14-GHAATCATGCAG	STREME-14	Chr1_44226138_44226238	15	26	+	20.6974	1.94e-07	0.00294	GAAATCATGCAG
14-GHAATCATGCAG	STREME-14	Chr12_23891981_23892081	17	28	+	20.6974	1.94e-07	0.00294	GAAATCATGCAG
14-GHAATCATGCAG	STREME-14	Chr4_11039564_11039664	19	30	+	20.6974	1.94e-07	0.00294	GAAATCATGCAG
14-GHAATCATGCAG	STREME-14	Chr7_8026320_8026420	20	31	+	20.6974	1.94e-07	0.00294	GAAATCATGCAG
14-GHAATCATGCAG	STREME-14	Chr7_15070271_15070371	20	31	+	20.6974	1.94e-07	0.00294	GAAATCATGCAG
14-GHAATCATGCAG	STREME-14	Chr3_29940106_29940206	21	32	+	20.6974	1.94e-07	0.00294	GAAATCATGCAG
14-GHAATCATGCAG	STREME-14	Chr13_6323900_6324000	21	32	+	20.6974	1.94e-07	0.00294	GAAATCATGCAG
14-GHAATCATGCAG	STREME-14	Chr1_34807730_34807830	23	34	+	20.6974	1.94e-07	0.00294	GAAATCATGCAG
14-GHAATCATGCAG	STREME-14	Chr11_12203427_12203527	14	25	-	20.6974	1.94e-07	0.00294	GAAATCATGCAG
14-GHAATCATGCAG	STREME-14	Chr15_22633611_22633711	28	39	+	20.6974	1.94e-07	0.00294	GAAATCATGCAG
14-GHAATCATGCAG	STREME-14	Chr14_3270305_3270405	28	39	+	20.6974	1.94e-07	0.00294	GAAATCATGCAG
14-GHAATCATGCAG	STREME-14	Chr10_26516185_26516285	29	40	+	20.6974	1.94e-07	0.00294	GAAATCATGCAG
14-GHAATCATGCAG	STREME-14	Chr7_18436120_18436220	19	30	-	20.6974	1.94e-07	0.00294	GAAATCATGCAG
14-GHAATCATGCAG	STREME-14	Chr6_19069048_19069148	32	43	+	20.6974	1.94e-07	0.00294	GAAATCATGCAG
14-GHAATCATGCAG	STREME-14	Chr7_8560866_8560966	33	44	+	20.6974	1.94e-07	0.00294	GAAATCATGCAG
14-GHAATCATGCAG	STREME-14	Chr2_21826841_21826941	33	44	+	20.6974	1.94e-07	0.00294	GAAATCATGCAG
14-GHAATCATGCAG	STREME-14	Chr7_2223045_2223145	35	46	+	20.6974	1.94e-07	0.00294	GAAATCATGCAG
14-GHAATCATGCAG	STREME-14	Chr9_3374535_3374635	25	36	-	20.6974	1.94e-07	0.00294	GAAATCATGCAG
14-GHAATCATGCAG	STREME-14	Chr2_14477215_14477315	36	47	+	20.6974	1.94e-07	0.00294	GAAATCATGCAG
14-GHAATCATGCAG	STREME-14	Chr11_15474036_15474136	36	47	+	20.6974	1.94e-07	0.00294	GAAATCATGCAG
14-GHAATCATGCAG	STREME-14	Chr14_18222877_18222977	38	49	+	20.6974	1.94e-07	0.00294	GAAATCATGCAG
14-GHAATCATGCAG	STREME-14	Chr15_20149342_20149442	41	52	+	20.6974	1.94e-07	0.00294	GAAATCATGCAG
14-GHAATCATGCAG	STREME-14	Chr3_36177387_36177487	32	43	-	20.6974	1.94e-07	0.00294	GAAATCATGCAG
14-GHAATCATGCAG	STREME-14	Chr5_28602736_28602836	45	56	+	20.6974	1.94e-07	0.00294	GAAATCATGCAG
14-GHAATCATGCAG	STREME-14	Chr13_16863904_16864004	41	52	-	20.6974	1.94e-07	0.00294	GAAATCATGCAG
14-GHAATCATGCAG	STREME-14	Chr11_7671874_7671974	53	64	+	20.6974	1.94e-07	0.00294	GAAATCATGCAG
14-GHAATCATGCAG	STREME-14	Chr1_28396178_28396278	42	53	-	20.6974	1.94e-07	0.00294	GAAATCATGCAG
14-GHAATCATGCAG	STREME-14	Chr14_15558165_15558265	57	68	+	20.6974	1.94e-07	0.00294	GAAATCATGCAG
14-GHAATCATGCAG	STREME-14	Chr5_18061497_18061597	58	69	+	20.6974	1.94e-07	0.00294	GAAATCATGCAG
14-GHAATCATGCAG	STREME-14	Chr9_17195584_17195684	47	58	-	20.6974	1.94e-07	0.00294	GAAATCATGCAG
14-GHAATCATGCAG	STREME-14	Chr9_8051079_8051179	47	58	-	20.6974	1.94e-07	0.00294	GAAATCATGCAG
14-GHAATCATGCAG	STREME-14	Chr9_11789538_11789638	50	61	-	20.6974	1.94e-07	0.00294	GAAATCATGCAG
14-GHAATCATGCAG	STREME-14	Chr1_21919116_21919216	61	72	+	20.6974	1.94e-07	0.00294	GAAATCATGCAG
14-GHAATCATGCAG	STREME-14	Chr6_13432637_13432737	62	73	+	20.6974	1.94e-07	0.00294	GAAATCATGCAG
14-GHAATCATGCAG	STREME-14	Chr1_27835436_27835536	62	73	+	20.6974	1.94e-07	0.00294	GAAATCATGCAG
14-GHAATCATGCAG	STREME-14	Chr5_31553947_31554047	53	64	-	20.6974	1.94e-07	0.00294	GAAATCATGCAG
14-GHAATCATGCAG	STREME-14	Chr15_10588108_10588208	64	75	+	20.6974	1.94e-07	0.00294	GAAATCATGCAG
14-GHAATCATGCAG	STREME-14	Chr3_6575755_6575855	55	66	-	20.6974	1.94e-07	0.00294	GAAATCATGCAG
14-GHAATCATGCAG	STREME-14	Chr3_7444813_7444913	68	79	+	20.6974	1.94e-07	0.00294	GAAATCATGCAG
14-GHAATCATGCAG	STREME-14	Chr2_9925908_9926008	57	68	-	20.6974	1.94e-07	0.00294	GAAATCATGCAG
14-GHAATCATGCAG	STREME-14	Chr12_2698466_2698566	59	70	-	20.6974	1.94e-07	0.00294	GAAATCATGCAG
14-GHAATCATGCAG	STREME-14	Chr8_22566843_22566943	61	72	-	20.6974	1.94e-07	0.00294	GAAATCATGCAG
14-GHAATCATGCAG	STREME-14	Chr8_16532839_16532939	65	76	-	20.6974	1.94e-07	0.00294	GAAATCATGCAG
14-GHAATCATGCAG	STREME-14	Chr7_8192102_8192202	66	77	-	20.6974	1.94e-07	0.00294	GAAATCATGCAG
14-GHAATCATGCAG	STREME-14	Chr1_21465876_21465976	66	77	-	20.6974	1.94e-07	0.00294	GAAATCATGCAG
14-GHAATCATGCAG	STREME-14	Chr1_24352894_24352994	66	77	-	20.6974	1.94e-07	0.00294	GAAATCATGCAG
14-GHAATCATGCAG	STREME-14	Chr7_14587257_14587357	71	82	-	20.6974	1.94e-07	0.00294	GAAATCATGCAG
14-GHAATCATGCAG	STREME-14	Chr5_22552482_22552582	75	86	-	20.6974	1.94e-07	0.00294	GAAATCATGCAG
14-GHAATCATGCAG	STREME-14	Chr3_36074141_36074241	75	86	-	20.6974	1.94e-07	0.00294	GAAATCATGCAG
14-GHAATCATGCAG	STREME-14	Chr13_1889342_1889442	77	88	-	20.6974	1.94e-07	0.00294	GAAATCATGCAG
14-GHAATCATGCAG	STREME-14	Chr5_16780253_16780353	77	88	-	20.6974	1.94e-07	0.00294	GAAATCATGCAG
14-GHAATCATGCAG	STREME-14	Chr13_16302467_16302567	89	100	+	20.6974	1.94e-07	0.00294	GAAATCATGCAG
14-GHAATCATGCAG	STREME-14	Chr1_16315324_16315424	79	90	-	20.6974	1.94e-07	0.00294	GAAATCATGCAG
14-GHAATCATGCAG	STREME-14	Chr14_12098728_12098828	80	91	-	20.6974	1.94e-07	0.00294	GAAATCATGCAG
14-GHAATCATGCAG	STREME-14	Chr6_18311239_18311339	84	95	-	20.6974	1.94e-07	0.00294	GAAATCATGCAG
14-GHAATCATGCAG	STREME-14	Chr6_19842282_19842382	84	95	-	20.6974	1.94e-07	0.00294	GAAATCATGCAG
14-GHAATCATGCAG	STREME-14	Chr6_3594054_3594154	86	97	-	20.6974	1.94e-07	0.00294	GAAATCATGCAG
14-GHAATCATGCAG	STREME-14	Chr11_22184976_22185076	86	97	-	20.6974	1.94e-07	0.00294	GAAATCATGCAG
14-GHAATCATGCAG	STREME-14	Chr8_22106120_22106220	88	99	-	20.6974	1.94e-07	0.00294	GAAATCATGCAG
14-GHAATCATGCAG	STREME-14	Chr6_19842282_19842382	3	14	+	20.4211	2.38e-07	0.00294	GCGATCATGCAG
14-GHAATCATGCAG	STREME-14	Chr6_18311239_18311339	3	14	+	20.4211	2.38e-07	0.00294	GCGATCATGCAG
14-GHAATCATGCAG	STREME-14	Chr11_22184976_22185076	5	16	+	20.4211	2.38e-07	0.00294	GCGATCATGCAG
14-GHAATCATGCAG	STREME-14	Chr6_3594054_3594154	5	16	+	20.4211	2.38e-07	0.00294	GCGATCATGCAG
14-GHAATCATGCAG	STREME-14	Chr5_10366024_10366124	5	16	+	20.4211	2.38e-07	0.00294	GCGATCATGCAG
14-GHAATCATGCAG	STREME-14	Chr8_22106120_22106220	7	18	+	20.4211	2.38e-07	0.00294	GCGATCATGCAG
14-GHAATCATGCAG	STREME-14	Chr15_5734910_5735010	12	23	+	20.4211	2.38e-07	0.00294	GCGATCATGCAG
14-GHAATCATGCAG	STREME-14	Chr11_22091013_22091113	1	12	-	20.4211	2.38e-07	0.00294	GCGATCATGCAG
14-GHAATCATGCAG	STREME-14	Chr15_15655939_15656039	14	25	+	20.4211	2.38e-07	0.00294	GCGATCATGCAG
14-GHAATCATGCAG	STREME-14	Chr6_23589482_23589582	17	28	+	20.4211	2.38e-07	0.00294	GCGATCATGCAG
14-GHAATCATGCAG	STREME-14	Chr9_11854748_11854848	19	30	+	20.4211	2.38e-07	0.00294	GCGATCATGCAG
14-GHAATCATGCAG	STREME-14	Chr4_28425104_28425204	8	19	-	20.4211	2.38e-07	0.00294	GCGATCATGCAG
14-GHAATCATGCAG	STREME-14	Chr6_12333881_12333981	11	22	-	20.4211	2.38e-07	0.00294	GCGATCATGCAG
14-GHAATCATGCAG	STREME-14	Chr7_24329238_24329338	24	35	+	20.4211	2.38e-07	0.00294	GCGATCATGCAG
14-GHAATCATGCAG	STREME-14	Chr4_17736554_17736654	15	26	-	20.4211	2.38e-07	0.00294	GCGATCATGCAG
14-GHAATCATGCAG	STREME-14	Chr4_30592942_30593042	17	28	-	20.4211	2.38e-07	0.00294	GCGATCATGCAG
14-GHAATCATGCAG	STREME-14	Chr1_29444338_29444438	18	29	-	20.4211	2.38e-07	0.00294	GCGATCATGCAG
14-GHAATCATGCAG	STREME-14	Chr5_5222187_5222287	20	31	-	20.4211	2.38e-07	0.00294	GCGATCATGCAG
14-GHAATCATGCAG	STREME-14	Chr3_6987962_6988062	21	32	-	20.4211	2.38e-07	0.00294	GCGATCATGCAG
14-GHAATCATGCAG	STREME-14	Chr6_12151594_12151694	22	33	-	20.4211	2.38e-07	0.00294	GCGATCATGCAG
14-GHAATCATGCAG	STREME-14	Chr2_23107393_23107493	23	34	-	20.4211	2.38e-07	0.00294	GCGATCATGCAG
14-GHAATCATGCAG	STREME-14	Chr9_132022_132122	35	46	+	20.4211	2.38e-07	0.00294	GCGATCATGCAG
14-GHAATCATGCAG	STREME-14	Chr6_18852799_18852899	28	39	-	20.4211	2.38e-07	0.00294	GCGATCATGCAG
14-GHAATCATGCAG	STREME-14	Chr7_17425906_17426006	28	39	-	20.4211	2.38e-07	0.00294	GCGATCATGCAG
14-GHAATCATGCAG	STREME-14	Chr6_13655241_13655341	28	39	-	20.4211	2.38e-07	0.00294	GCGATCATGCAG
14-GHAATCATGCAG	STREME-14	Chr15_16461966_16462066	40	51	+	20.4211	2.38e-07	0.00294	GCGATCATGCAG
14-GHAATCATGCAG	STREME-14	Chr2_14818385_14818485	41	52	+	20.4211	2.38e-07	0.00294	GCGATCATGCAG
14-GHAATCATGCAG	STREME-14	Chr3_29370909_29371009	33	44	-	20.4211	2.38e-07	0.00294	GCGATCATGCAG
14-GHAATCATGCAG	STREME-14	Chr4_26240424_26240524	44	55	+	20.4211	2.38e-07	0.00294	GCGATCATGCAG
14-GHAATCATGCAG	STREME-14	Chr14_300634_300734	49	60	+	20.4211	2.38e-07	0.00294	GCGATCATGCAG
14-GHAATCATGCAG	STREME-14	Chr9_22253457_22253557	38	49	-	20.4211	2.38e-07	0.00294	GCGATCATGCAG
14-GHAATCATGCAG	STREME-14	Chr5_16675010_16675110	41	52	-	20.4211	2.38e-07	0.00294	GCGATCATGCAG
14-GHAATCATGCAG	STREME-14	Chr3_10318443_10318543	53	64	+	20.4211	2.38e-07	0.00294	GCGATCATGCAG
14-GHAATCATGCAG	STREME-14	Chr7_2772319_2772419	46	57	-	20.4211	2.38e-07	0.00294	GCGATCATGCAG
14-GHAATCATGCAG	STREME-14	Chr7_10188054_10188154	48	59	-	20.4211	2.38e-07	0.00294	GCGATCATGCAG
14-GHAATCATGCAG	STREME-14	Chr14_21663798_21663898	49	60	-	20.4211	2.38e-07	0.00294	GCGATCATGCAG
14-GHAATCATGCAG	STREME-14	Chr8_25662093_25662193	50	61	-	20.4211	2.38e-07	0.00294	GCGATCATGCAG
14-GHAATCATGCAG	STREME-14	Chr3_26467424_26467524	53	64	-	20.4211	2.38e-07	0.00294	GCGATCATGCAG
14-GHAATCATGCAG	STREME-14	Chr4_4691911_4692011	58	69	-	20.4211	2.38e-07	0.00294	GCGATCATGCAG
14-GHAATCATGCAG	STREME-14	Chr7_6448011_6448111	58	69	-	20.4211	2.38e-07	0.00294	GCGATCATGCAG
14-GHAATCATGCAG	STREME-14	Chr10_8159412_8159512	70	81	+	20.4211	2.38e-07	0.00294	GCGATCATGCAG
14-GHAATCATGCAG	STREME-14	Chr1_27659059_27659159	71	82	+	20.4211	2.38e-07	0.00294	GCGATCATGCAG
14-GHAATCATGCAG	STREME-14	Chr6_8907215_8907315	75	86	+	20.4211	2.38e-07	0.00294	GCGATCATGCAG
14-GHAATCATGCAG	STREME-14	Chr13_15080644_15080744	77	88	+	20.4211	2.38e-07	0.00294	GCGATCATGCAG
14-GHAATCATGCAG	STREME-14	Chr9_287727_287827	78	89	+	20.4211	2.38e-07	0.00294	GCGATCATGCAG
14-GHAATCATGCAG	STREME-14	Chr3_17052050_17052150	81	92	+	20.4211	2.38e-07	0.00294	GCGATCATGCAG
14-GHAATCATGCAG	STREME-14	Chr6_22467249_22467349	81	92	+	20.4211	2.38e-07	0.00294	GCGATCATGCAG
14-GHAATCATGCAG	STREME-14	Chr4_9659251_9659351	82	93	+	20.4211	2.38e-07	0.00294	GCGATCATGCAG
14-GHAATCATGCAG	STREME-14	Chr11_15725517_15725617	75	86	-	20.4211	2.38e-07	0.00294	GCGATCATGCAG
14-GHAATCATGCAG	STREME-14	Chr2_29945570_29945670	77	88	-	20.4211	2.38e-07	0.00294	GCGATCATGCAG
14-GHAATCATGCAG	STREME-14	Chr9_15376963_15377063	80	91	-	20.4211	2.38e-07	0.00294	GCGATCATGCAG
14-GHAATCATGCAG	STREME-14	Chr14_22805477_22805577	80	91	-	20.4211	2.38e-07	0.00294	GCGATCATGCAG
14-GHAATCATGCAG	STREME-14	Chr13_947074_947174	82	93	-	20.4211	2.38e-07	0.00294	GCGATCATGCAG
14-GHAATCATGCAG	STREME-14	Chr11_15969078_15969178	83	94	-	20.4211	2.38e-07	0.00294	GCGATCATGCAG
14-GHAATCATGCAG	STREME-14	Chr14_12470033_12470133	85	96	-	20.4211	2.38e-07	0.00294	GCGATCATGCAG
14-GHAATCATGCAG	STREME-14	Chr13_3178905_3179005	86	97	-	20.4211	2.38e-07	0.00294	GCGATCATGCAG
14-GHAATCATGCAG	STREME-14	Chr2_35016615_35016715	86	97	-	20.4211	2.38e-07	0.00294	GCGATCATGCAG
14-GHAATCATGCAG	STREME-14	Chr9_8345191_8345291	88	99	-	20.4211	2.38e-07	0.00294	GCGATCATGCAG
14-GHAATCATGCAG	STREME-14	Chr13_2880368_2880468	90	101	-	20.4211	2.38e-07	0.00294	GCGATCATGCAG
14-GHAATCATGCAG	STREME-14	Chr12_7388141_7388241	11	22	+	19.6447	3.5e-07	0.00428	GAGATCATGCAG
14-GHAATCATGCAG	STREME-14	Chr10_23169524_23169624	11	22	+	19.3816	3.95e-07	0.0043	GCAGTCATGCAG
14-GHAATCATGCAG	STREME-14	Chr14_22097024_22097124	22	33	+	19.3816	3.95e-07	0.0043	GCAGTCATGCAG
14-GHAATCATGCAG	STREME-14	Chr14_12278838_12278938	25	36	+	19.3816	3.95e-07	0.0043	GCAGTCATGCAG
14-GHAATCATGCAG	STREME-14	Chr6_1466103_1466203	27	38	-	19.3816	3.95e-07	0.0043	GCAGTCATGCAG
14-GHAATCATGCAG	STREME-14	Chr9_8432711_8432811	38	49	+	19.3816	3.95e-07	0.0043	GCAGTCATGCAG
14-GHAATCATGCAG	STREME-14	Chr10_23202143_23202243	38	49	+	19.3816	3.95e-07	0.0043	GCAGTCATGCAG
14-GHAATCATGCAG	STREME-14	Chr7_24835461_24835561	29	40	-	19.3816	3.95e-07	0.0043	GCAGTCATGCAG
14-GHAATCATGCAG	STREME-14	Chr14_11700768_11700868	38	49	-	19.3816	3.95e-07	0.0043	GCAGTCATGCAG
14-GHAATCATGCAG	STREME-14	Chr1_24843774_24843874	58	69	+	19.3816	3.95e-07	0.0043	GCAGTCATGCAG
14-GHAATCATGCAG	STREME-14	Chr4_16664748_16664848	51	62	-	19.3816	3.95e-07	0.0043	GCAGTCATGCAG
14-GHAATCATGCAG	STREME-14	Chr11_5199793_5199893	65	76	+	19.3816	3.95e-07	0.0043	GCAGTCATGCAG
14-GHAATCATGCAG	STREME-14	Chr1_19456775_19456875	58	69	-	19.3816	3.95e-07	0.0043	GCAGTCATGCAG
14-GHAATCATGCAG	STREME-14	Chr3_25511316_25511416	61	72	-	19.3816	3.95e-07	0.0043	GCAGTCATGCAG
14-GHAATCATGCAG	STREME-14	Chr7_14345357_14345457	63	74	-	19.3816	3.95e-07	0.0043	GCAGTCATGCAG
14-GHAATCATGCAG	STREME-14	Chr4_16685018_16685118	75	86	+	19.3816	3.95e-07	0.0043	GCAGTCATGCAG
14-GHAATCATGCAG	STREME-14	Chr10_19766454_19766554	66	77	-	19.3816	3.95e-07	0.0043	GCAGTCATGCAG
14-GHAATCATGCAG	STREME-14	Chr6_15030792_15030892	68	79	-	19.3816	3.95e-07	0.0043	GCAGTCATGCAG
14-GHAATCATGCAG	STREME-14	Chr15_16248500_16248600	69	80	-	19.3816	3.95e-07	0.0043	GCAGTCATGCAG
14-GHAATCATGCAG	STREME-14	Chr1_23790987_23791087	82	93	-	19.3816	3.95e-07	0.0043	GCAGTCATGCAG
14-GHAATCATGCAG	STREME-14	Chr1_32380689_32380789	84	95	-	19.3816	3.95e-07	0.0043	GCAGTCATGCAG
14-GHAATCATGCAG	STREME-14	Chr8_18913810_18913910	26	37	+	18.3289	5.42e-07	0.00528	GCGGTCATGCAG
14-GHAATCATGCAG	STREME-14	Chr14_23491695_23491795	29	40	+	18.3289	5.42e-07	0.00528	GCGGTCATGCAG
14-GHAATCATGCAG	STREME-14	Chr1_20854823_20854923	20	31	-	18.3289	5.42e-07	0.00528	GCGGTCATGCAG
14-GHAATCATGCAG	STREME-14	Chr10_8453595_8453695	22	33	-	18.3289	5.42e-07	0.00528	GCGGTCATGCAG
14-GHAATCATGCAG	STREME-14	Chr3_1218384_1218484	24	35	-	18.3289	5.42e-07	0.00528	GCGGTCATGCAG
14-GHAATCATGCAG	STREME-14	Chr5_27394976_27395076	38	49	+	18.3289	5.42e-07	0.00528	GCGGTCATGCAG
14-GHAATCATGCAG	STREME-14	Chr8_7550470_7550570	44	55	+	18.3289	5.42e-07	0.00528	GCGGTCATGCAG
14-GHAATCATGCAG	STREME-14	Chr8_23609247_23609347	37	48	-	18.3289	5.42e-07	0.00528	GCGGTCATGCAG
14-GHAATCATGCAG	STREME-14	Chr12_4550599_4550699	43	54	-	18.3289	5.42e-07	0.00528	GCGGTCATGCAG
14-GHAATCATGCAG	STREME-14	Chr3_19176990_19177090	43	54	-	18.3289	5.42e-07	0.00528	GCGGTCATGCAG
14-GHAATCATGCAG	STREME-14	Chr13_1202059_1202159	55	66	+	18.3289	5.42e-07	0.00528	GCGGTCATGCAG
14-GHAATCATGCAG	STREME-14	Chr11_11161119_11161219	44	55	-	18.3289	5.42e-07	0.00528	GCGGTCATGCAG
14-GHAATCATGCAG	STREME-14	Chr1_32217271_32217371	55	66	+	18.3289	5.42e-07	0.00528	GCGGTCATGCAG
14-GHAATCATGCAG	STREME-14	Chr4_13495131_13495231	57	68	+	18.3289	5.42e-07	0.00528	GCGGTCATGCAG
14-GHAATCATGCAG	STREME-14	Chr4_23662615_23662715	68	79	+	18.3289	5.42e-07	0.00528	GCGGTCATGCAG
14-GHAATCATGCAG	STREME-14	Chr1_33780312_33780412	69	80	+	18.3289	5.42e-07	0.00528	GCGGTCATGCAG
14-GHAATCATGCAG	STREME-14	Chr1_23032382_23032482	59	70	-	18.3289	5.42e-07	0.00528	GCGGTCATGCAG
14-GHAATCATGCAG	STREME-14	Chr10_15172535_15172635	75	86	+	18.3289	5.42e-07	0.00528	GCGGTCATGCAG
14-GHAATCATGCAG	STREME-14	Chr5_425067_425167	75	86	-	18.3289	5.42e-07	0.00528	GCGGTCATGCAG
14-GHAATCATGCAG	STREME-14	Chr1_18619104_18619204	76	87	-	18.3289	5.42e-07	0.00528	GCGGTCATGCAG
14-GHAATCATGCAG	STREME-14	Chr11_22167942_22168042	79	90	-	18.3289	5.42e-07	0.00528	GCGGTCATGCAG
14-GHAATCATGCAG	STREME-14	Chr10_26516185_26516285	82	93	-	18.3289	5.42e-07	0.00528	GCGGTCATGCAG
14-GHAATCATGCAG	STREME-14	Chr7_17821988_17822088	74	85	-	18.1184	6.11e-07	0.00592	GCAATCATGTAG
14-GHAATCATGCAG	STREME-14	Chr14_16868988_16869088	41	52	+	17.9605	6.56e-07	0.00632	GTGGTCATGCAG
14-GHAATCATGCAG	STREME-14	Chr14_12470033_12470133	3	14	+	17.75	7.42e-07	0.00669	GTAATCATGTAG
14-GHAATCATGCAG	STREME-14	Chr2_10321046_10321146	6	17	+	17.75	7.42e-07	0.00669	GTAATCATGTAG
14-GHAATCATGCAG	STREME-14	Chr14_10543040_10543140	7	18	+	17.75	7.42e-07	0.00669	GTAATCATGTAG
14-GHAATCATGCAG	STREME-14	Chr4_27137563_27137663	9	20	+	17.75	7.42e-07	0.00669	GTAATCATGTAG
14-GHAATCATGCAG	STREME-14	Chr8_10511911_10512011	29	40	+	17.75	7.42e-07	0.00669	GTAATCATGTAG
14-GHAATCATGCAG	STREME-14	Chr2_18494564_18494664	30	41	+	17.75	7.42e-07	0.00669	GTAATCATGTAG
14-GHAATCATGCAG	STREME-14	Chr13_13694196_13694296	35	46	+	17.75	7.42e-07	0.00669	GTAATCATGTAG
14-GHAATCATGCAG	STREME-14	Chr10_25548236_25548336	42	53	+	17.75	7.42e-07	0.00669	GTAATCATGTAG
14-GHAATCATGCAG	STREME-14	Chr7_10997773_10997873	32	43	-	17.75	7.42e-07	0.00669	GTAATCATGTAG
14-GHAATCATGCAG	STREME-14	Chr9_13074826_13074926	45	56	+	17.75	7.42e-07	0.00669	GTAATCATGTAG
14-GHAATCATGCAG	STREME-14	Chr10_20700216_20700316	35	46	-	17.75	7.42e-07	0.00669	GTAATCATGTAG
14-GHAATCATGCAG	STREME-14	Chr1_969625_969725	66	77	+	17.75	7.42e-07	0.00669	GTAATCATGTAG
14-GHAATCATGCAG	STREME-14	Chr8_21489982_21490082	80	91	-	17.75	7.42e-07	0.00669	GTAATCATGTAG
14-GHAATCATGCAG	STREME-14	Chr5_22980583_22980683	90	101	-	17.75	7.42e-07	0.00669	GTAATCATGTAG
14-GHAATCATGCAG	STREME-14	Chr7_13798898_13798998	78	89	-	17.3421	9.28e-07	0.00833	GAAATCATGTAG
14-GHAATCATGCAG	STREME-14	Chr8_3562624_3562724	81	92	-	17.0658	1.04e-06	0.00912	GCGATCATGTAG
14-GHAATCATGCAG	STREME-14	Chr14_22472615_22472715	82	93	-	17.0658	1.04e-06	0.00912	GCGATCATGTAG
14-GHAATCATGCAG	STREME-14	Chr4_23307343_23307443	84	95	-	17.0658	1.04e-06	0.00912	GCGATCATGTAG
14-GHAATCATGCAG	STREME-14	Chr1_21557923_21558023	1	12	+	17.0263	1.11e-06	0.00912	GTAATCATGGAG
14-GHAATCATGCAG	STREME-14	Chr1_32380689_32380789	3	14	+	17.0263	1.11e-06	0.00912	GTAATCATGGAG
14-GHAATCATGCAG	STREME-14	Chr3_21266729_21266829	16	27	+	17.0263	1.11e-06	0.00912	GTAATCATGGAG
14-GHAATCATGCAG	STREME-14	Chr1_22787499_22787599	16	27	+	17.0263	1.11e-06	0.00912	GTAATCATGGAG
14-GHAATCATGCAG	STREME-14	Chr10_28114568_28114668	18	29	+	17.0263	1.11e-06	0.00912	GTAATCATGGAG
14-GHAATCATGCAG	STREME-14	Chr6_16151372_16151472	21	32	+	17.0263	1.11e-06	0.00912	GTAATCATGGAG
14-GHAATCATGCAG	STREME-14	Chr7_19839554_19839654	35	46	+	17.0263	1.11e-06	0.00912	GTAATCATGGAG
14-GHAATCATGCAG	STREME-14	Chr10_26130501_26130601	32	43	-	17.0263	1.11e-06	0.00912	GTAATCATGGAG
14-GHAATCATGCAG	STREME-14	Chr3_27465494_27465594	34	45	-	17.0263	1.11e-06	0.00912	GTAATCATGGAG
14-GHAATCATGCAG	STREME-14	Chr11_20282491_20282591	51	62	+	17.0263	1.11e-06	0.00912	GTAATCATGGAG
14-GHAATCATGCAG	STREME-14	Chr5_12981902_12982002	56	67	+	17.0263	1.11e-06	0.00912	GTAATCATGGAG
14-GHAATCATGCAG	STREME-14	Chr13_11011227_11011327	57	68	+	17.0263	1.11e-06	0.00912	GTAATCATGGAG
14-GHAATCATGCAG	STREME-14	Chr10_13656621_13656721	46	57	-	17.0263	1.11e-06	0.00912	GTAATCATGGAG
14-GHAATCATGCAG	STREME-14	Chr9_6614176_6614276	58	69	+	17.0263	1.11e-06	0.00912	GTAATCATGGAG
14-GHAATCATGCAG	STREME-14	Chr14_17399880_17399980	64	75	+	17.0263	1.11e-06	0.00912	GTAATCATGGAG
14-GHAATCATGCAG	STREME-14	Chr11_18219472_18219572	66	77	-	17.0263	1.11e-06	0.00912	GTAATCATGGAG
14-GHAATCATGCAG	STREME-14	Chr1_25234486_25234586	79	90	+	17.0263	1.11e-06	0.00912	GTAATCATGGAG
14-GHAATCATGCAG	STREME-14	Chr10_25395318_25395418	18	29	+	16.7763	1.18e-06	0.00957	CTAATCATGCAG
14-GHAATCATGCAG	STREME-14	Chr14_8129124_8129224	21	32	+	16.7763	1.18e-06	0.00957	CTAATCATGCAG
14-GHAATCATGCAG	STREME-14	Chr8_6031178_6031278	54	65	-	16.7763	1.18e-06	0.00957	CTAATCATGCAG
14-GHAATCATGCAG	STREME-14	Chr13_3593672_3593772	5	16	+	16.6974	1.25e-06	0.01	GTGATCATGTAG
14-GHAATCATGCAG	STREME-14	Chr13_3668414_3668514	9	20	+	16.6974	1.25e-06	0.01	GTGATCATGTAG
14-GHAATCATGCAG	STREME-14	Chr15_3194251_3194351	17	28	+	16.5395	1.38e-06	0.0111	GCAATCATGCAA
14-GHAATCATGCAG	STREME-14	Chr4_32165899_32165999	8	19	+	16.1711	1.65e-06	0.0128	GTAATCATGCAA
14-GHAATCATGCAG	STREME-14	Chr14_19390443_19390543	10	21	+	16.1711	1.65e-06	0.0128	GTAATCATGCAA
14-GHAATCATGCAG	STREME-14	Chr12_8225842_8225942	14	25	+	16.1711	1.65e-06	0.0128	GTAATCATGCAA
14-GHAATCATGCAG	STREME-14	Chr7_9304002_9304102	31	42	+	16.1711	1.65e-06	0.0128	GTAATCATGCAA
14-GHAATCATGCAG	STREME-14	Chr2_5605823_5605923	25	36	-	16.1711	1.65e-06	0.0128	GTAATCATGCAA
14-GHAATCATGCAG	STREME-14	Chr6_30175107_30175207	51	62	-	16.1711	1.65e-06	0.0128	GTAATCATGCAA
14-GHAATCATGCAG	STREME-14	Chr2_27469842_27469942	88	99	+	16.1711	1.65e-06	0.0128	GTAATCATGCAA
14-GHAATCATGCAG	STREME-14	Chr14_16141088_16141188	83	94	-	16.1711	1.65e-06	0.0128	GTAATCATGCAA
14-GHAATCATGCAG	STREME-14	Chr14_23340094_23340194	85	96	-	16.1711	1.65e-06	0.0128	GTAATCATGCAA
14-GHAATCATGCAG	STREME-14	Chr14_16141088_16141188	1	12	+	16.0263	1.75e-06	0.0134	GCAGTCATGTAG
14-GHAATCATGCAG	STREME-14	Chr15_14041387_14041487	7	18	+	16.0263	1.75e-06	0.0134	GCAGTCATGTAG
14-GHAATCATGCAG	STREME-14	Chr12_13286730_13286830	21	32	+	16.0263	1.75e-06	0.0134	GCAGTCATGTAG
14-GHAATCATGCAG	STREME-14	Chr11_17602633_17602733	12	23	+	15.9737	1.88e-06	0.0143	ACAATCATGCAG
14-GHAATCATGCAG	STREME-14	Chr8_16243396_16243496	16	27	+	15.9211	1.95e-06	0.0148	GCAATCATGCAT
14-GHAATCATGCAG	STREME-14	Chr10_21674256_21674356	29	40	-	15.7632	2.03e-06	0.0154	GAAATCATGCAA
14-GHAATCATGCAG	STREME-14	Chr15_17230713_17230813	6	17	+	15.6053	2.24e-06	0.0166	ATAATCATGCAG
14-GHAATCATGCAG	STREME-14	Chr11_17740348_17740448	10	21	+	15.6053	2.24e-06	0.0166	ATAATCATGCAG
14-GHAATCATGCAG	STREME-14	Chr10_7913962_7914062	14	25	+	15.6053	2.24e-06	0.0166	ATAATCATGCAG
14-GHAATCATGCAG	STREME-14	Chr14_12811741_12811841	15	26	+	15.6053	2.24e-06	0.0166	ATAATCATGCAG
14-GHAATCATGCAG	STREME-14	Chr12_11022608_11022708	22	33	+	15.6053	2.24e-06	0.0166	ATAATCATGCAG
14-GHAATCATGCAG	STREME-14	Chr3_2646579_2646679	85	96	-	15.6053	2.24e-06	0.0166	ATAATCATGCAG
14-GHAATCATGCAG	STREME-14	Chr10_1809165_1809265	7	18	-	15.5526	2.38e-06	0.0172	GTAATCATGCAT
14-GHAATCATGCAG	STREME-14	Chr1_8773934_8774034	25	36	+	15.5526	2.38e-06	0.0172	GTAATCATGCAT
14-GHAATCATGCAG	STREME-14	Chr5_23494242_23494342	31	42	+	15.5526	2.38e-06	0.0172	GTAATCATGCAT
14-GHAATCATGCAG	STREME-14	Chr3_744051_744151	34	45	-	15.5526	2.38e-06	0.0172	GTAATCATGCAT
14-GHAATCATGCAG	STREME-14	Chr8_21255889_21255989	46	57	+	15.5526	2.38e-06	0.0172	GTAATCATGCAT
14-GHAATCATGCAG	STREME-14	Chr5_24203343_24203443	61	72	+	15.5526	2.38e-06	0.0172	GTAATCATGCAT
14-GHAATCATGCAG	STREME-14	Chr2_30596592_30596692	63	74	+	15.5526	2.38e-06	0.0172	GTAATCATGCAT
14-GHAATCATGCAG	STREME-14	Chr13_12592813_12592913	21	32	+	15.4868	2.44e-06	0.0172	GCGATCATGCAA
14-GHAATCATGCAG	STREME-14	Chr5_22740084_22740184	31	42	-	15.4868	2.44e-06	0.0172	GCGATCATGCAA
14-GHAATCATGCAG	STREME-14	Chr5_25400934_25401034	46	57	+	15.4868	2.44e-06	0.0172	GCGATCATGCAA
14-GHAATCATGCAG	STREME-14	Chr6_668538_668638	70	81	-	15.4868	2.44e-06	0.0172	GCGATCATGCAA
14-GHAATCATGCAG	STREME-14	Chr13_3956338_3956438	80	91	-	15.4868	2.44e-06	0.0172	GCGATCATGCAA
14-GHAATCATGCAG	STREME-14	Chr4_32165899_32165999	90	101	-	15.4868	2.44e-06	0.0172	GCGATCATGCAA
14-GHAATCATGCAG	STREME-14	Chr4_26912537_26912637	29	40	+	15.3158	2.56e-06	0.018	GCAATTATGCAG
14-GHAATCATGCAG	STREME-14	Chr2_12319097_12319197	6	17	-	15.1974	2.76e-06	0.0194	AAAATCATGCAG
14-GHAATCATGCAG	STREME-14	Chr5_9345058_9345158	7	18	-	15.1447	2.85e-06	0.0199	GAAATCATGCAT
14-GHAATCATGCAG	STREME-14	Chr11_22032929_22033029	30	41	+	15.1184	2.92e-06	0.0203	GTGATCATGCAA
14-GHAATCATGCAG	STREME-14	Chr3_19744659_19744759	9	20	-	14.9737	3.01e-06	0.0209	GCGGTCATGTAG
14-GHAATCATGCAG	STREME-14	Chr14_21897147_21897247	11	22	+	14.9474	3.09e-06	0.0213	GTAATTATGCAG
14-GHAATCATGCAG	STREME-14	Chr11_9098382_9098482	76	87	-	14.9474	3.09e-06	0.0213	GTAATTATGCAG
14-GHAATCATGCAG	STREME-14	Chr10_14272381_14272481	30	41	+	14.9211	3.2e-06	0.022	ACGATCATGCAG
14-GHAATCATGCAG	STREME-14	Chr14_425137_425237	10	21	+	14.5526	3.51e-06	0.024	ATGATCATGCAG
14-GHAATCATGCAG	STREME-14	Chr5_23568989_23569089	74	85	-	14.5395	3.59e-06	0.0245	GAAATTATGCAG
14-GHAATCATGCAG	STREME-14	Chr5_3897986_3898086	57	68	+	14.4474	3.77e-06	0.0256	GCAGTCATGCAA
14-GHAATCATGCAG	STREME-14	Chr7_1477623_1477723	5	16	-	13.8816	4.39e-06	0.0296	ACAGTCATGCAG
14-GHAATCATGCAG	STREME-14	Chr2_10321046_10321146	87	98	-	13.8816	4.39e-06	0.0296	ACAGTCATGCAG
14-GHAATCATGCAG	STREME-14	Chr3_106959_107059	42	53	+	13.8289	4.44e-06	0.0298	GCAGTCATGCAT
14-GHAATCATGCAG	STREME-14	Chr7_10859694_10859794	56	67	+	13.8289	4.44e-06	0.0298	GCAGTCATGCAT
14-GHAATCATGCAG	STREME-14	Chr14_21276967_21277067	68	79	-	13.5921	4.7e-06	0.0314	GCAATCATGAAG
14-GHAATCATGCAG	STREME-14	Chr9_339659_339759	14	25	+	13.4211	5.03e-06	0.0327	CTAATCATGTAG
14-GHAATCATGCAG	STREME-14	Chr5_2917075_2917175	38	49	-	13.4211	5.03e-06	0.0327	CTAATCATGTAG
14-GHAATCATGCAG	STREME-14	Chr4_33034704_33034804	47	58	-	13.4211	5.03e-06	0.0327	CTAATCATGTAG
14-GHAATCATGCAG	STREME-14	Chr5_21688180_21688280	55	66	-	13.4211	5.03e-06	0.0327	CTAATCATGTAG
14-GHAATCATGCAG	STREME-14	Chr2_39344296_39344396	60	71	-	13.4211	5.03e-06	0.0327	CTAATCATGTAG
14-GHAATCATGCAG	STREME-14	Chr8_9162968_9163068	62	73	-	13.4211	5.03e-06	0.0327	CTAATCATGTAG
14-GHAATCATGCAG	STREME-14	Chr11_11230322_11230422	68	79	-	13.4211	5.03e-06	0.0327	CTAATCATGTAG
14-GHAATCATGCAG	STREME-14	Chr13_6250048_6250148	72	83	-	13.4211	5.03e-06	0.0327	CTAATCATGTAG
14-GHAATCATGCAG	STREME-14	Chr8_18027816_18027916	1	12	-	13.3947	5.08e-06	0.0327	GCGGTCATGCAA
14-GHAATCATGCAG	STREME-14	Chr13_610754_610854	5	16	-	13.3947	5.08e-06	0.0327	GCGGTCATGCAA
14-GHAATCATGCAG	STREME-14	Chr1_5805740_5805840	62	73	-	13.3947	5.08e-06	0.0327	GCGGTCATGCAA
14-GHAATCATGCAG	STREME-14	Chr12_1807337_1807437	81	92	+	13.3553	5.15e-06	0.033	GCAATCATACAG
14-GHAATCATGCAG	STREME-14	Chr7_9132457_9132557	10	21	+	13.2237	5.33e-06	0.034	GCAGTTATGCAG
14-GHAATCATGCAG	STREME-14	Chr7_24068848_24068948	17	28	-	13.2237	5.33e-06	0.034	GTAATCATGAAG
14-GHAATCATGCAG	STREME-14	Chr1_16154861_16154961	20	31	+	12.8289	5.95e-06	0.0377	ACGGTCATGCAG
14-GHAATCATGCAG	STREME-14	Chr11_17088158_17088258	23	34	-	12.8289	5.95e-06	0.0377	ACGGTCATGCAG
14-GHAATCATGCAG	STREME-14	Chr10_19440907_19441007	16	27	-	12.8158	6.14e-06	0.0387	GAAATCATGAAG
14-GHAATCATGCAG	STREME-14	Chr8_20117744_20117844	72	83	-	12.8158	6.14e-06	0.0387	GTAATCATGTAA
14-GHAATCATGCAG	STREME-14	Chr4_14372247_14372347	23	34	-	12.7763	6.19e-06	0.0387	GCGGTCATGCAT
14-GHAATCATGCAG	STREME-14	Chr6_17136941_17137041	72	83	+	12.7763	6.19e-06	0.0387	GCGGTCATGCAT
14-GHAATCATGCAG	STREME-14	Chr14_4616272_4616372	85	96	+	12.6974	6.31e-06	0.0394	CTAATCATGGAG
14-GHAATCATGCAG	STREME-14	Chr11_12799790_12799890	7	18	+	12.5789	6.54e-06	0.0405	GAAATCATACAG
14-GHAATCATGCAG	STREME-14	Chr10_1336951_1337051	26	37	+	12.5789	6.54e-06	0.0405	GAAATCATACAG
14-GHAATCATGCAG	STREME-14	Chr12_10734677_10734777	11	22	+	12.4079	7.04e-06	0.0433	GTGGTCATGCAT
14-GHAATCATGCAG	STREME-14	Chr4_11936543_11936643	68	79	-	12.4079	7.04e-06	0.0433	GTGGTCATGCAT
14-GHAATCATGCAG	STREME-14	Chr6_9647963_9648063	43	54	-	12.3026	7.16e-06	0.0434	GCGATCATACAG
14-GHAATCATGCAG	STREME-14	Chr5_18086760_18086860	58	69	-	12.3026	7.16e-06	0.0434	GCGATCATACAG
14-GHAATCATGCAG	STREME-14	Chr12_11961939_11962039	89	100	+	12.3026	7.16e-06	0.0434	GCGATCATACAG
14-GHAATCATGCAG	STREME-14	Chr1_29645573_29645673	86	97	-	12.3026	7.16e-06	0.0434	GCGATCATACAG
14-GHAATCATGCAG	STREME-14	Chr15_17230713_17230813	88	99	-	12.3026	7.16e-06	0.0434	GCGATCATACAG
14-GHAATCATGCAG	STREME-14	Chr9_7395208_7395308	12	23	+	12.1711	7.62e-06	0.0461	GCGGTTATGCAG
14-GHAATCATGCAG	STREME-14	Chr2_12681133_12681233	41	52	-	12.0921	7.78e-06	0.0468	GTAATCATGGAA
14-GHAATCATGCAG	STREME-14	Chr7_716072_716172	72	83	+	12.0921	7.78e-06	0.0468	GTAATCATGGAA
14-GHAATCATGCAG	STREME-14	Chr11_16438672_16438772	52	63	-	11.8421	8.49e-06	0.0507	CTAATCATGCAA
14-GHAATCATGCAG	STREME-14	Chr5_22595840_22595940	61	72	-	11.8421	8.49e-06	0.0507	CTAATCATGCAA
14-GHAATCATGCAG	STREME-14	Chr7_16147478_16147578	51	62	+	11.5921	9.17e-06	0.0546	CCAATCATGCAT
14-GHAATCATGCAG	STREME-14	Chr6_6467535_6467635	79	90	-	11.5263	9.4e-06	0.0558	ATAATCATGGAG
14-GHAATCATGCAG	STREME-14	Chr2_17115158_17115258	1	12	-	11.4342	9.69e-06	0.0572	CAAATCATGCAA
14-GHAATCATGCAG	STREME-14	Chr4_18603307_18603407	4	15	-	11.4342	9.69e-06	0.0572	CAAATCATGCAA
14-GHAATCATGCAG	STREME-14	Chr5_1400660_1400760	51	62	-	11.1974	1.03e-05	0.0607	ATGATCATGTAG
14-GHAATCATGCAG	STREME-14	Chr3_31037155_31037255	21	32	-	11.0395	1.1e-05	0.0647	ACAATCATGCAA
14-GHAATCATGCAG	STREME-14	Chr8_17203577_17203677	70	81	-	10.8684	1.14e-05	0.0668	GTAATTATGGAG
14-GHAATCATGCAG	STREME-14	Chr14_23547117_23547217	9	20	+	10.7237	1.21e-05	0.0704	GGAATCATGCAG
14-GHAATCATGCAG	STREME-14	Chr4_10049240_10049340	84	95	+	10.6316	1.23e-05	0.0715	GAGATCATGGAA
14-GHAATCATGCAG	STREME-14	Chr13_23454125_23454225	10	21	-	10.4211	1.31e-05	0.0755	ACAATCATGCAT
14-GHAATCATGCAG	STREME-14	Chr3_26901905_26902005	28	39	-	10.4211	1.31e-05	0.0755	ACAATCATGCAT
14-GHAATCATGCAG	STREME-14	Chr13_2440998_2441098	66	77	+	10.4211	1.31e-05	0.0755	ACAATCATGCAT
14-GHAATCATGCAG	STREME-14	Chr6_22019139_22019239	68	79	-	10.4211	1.31e-05	0.0755	ACAATCATGCAT
14-GHAATCATGCAG	STREME-14	Chr3_30781580_30781680	16	27	+	10.3158	1.34e-05	0.077	GAAGTCATGTAA
14-GHAATCATGCAG	STREME-14	Chr12_6124451_6124551	34	45	+	10.2105	1.37e-05	0.0782	CAAATTATGCAG
14-GHAATCATGCAG	STREME-14	Chr5_19615519_19615619	47	58	-	10.2105	1.37e-05	0.0782	GCGGTCATACAG
14-GHAATCATGCAG	STREME-14	Chr6_25044968_25045068	71	82	+	10.1579	1.4e-05	0.0795	ATAGTCATGTAG
14-GHAATCATGCAG	STREME-14	Chr6_26895943_26896043	7	18	+	10.0526	1.45e-05	0.0824	ATAATCATGCAT
14-GHAATCATGCAG	STREME-14	Chr3_32172737_32172837	84	95	+	10.0132	1.48e-05	0.0835	GAGATCATGGAT
14-GHAATCATGCAG	STREME-14	Chr3_20562157_20562257	43	54	+	9.85526	1.53e-05	0.0863	GCATTCATGCAG
14-GHAATCATGCAG	STREME-14	Chr7_4922219_4922319	35	46	+	9.64474	1.64e-05	0.0916	AAAATCATGCAT
14-GHAATCATGCAG	STREME-14	Chr7_21268764_21268864	73	84	+	9.64474	1.64e-05	0.0916	AAAATCATGCAT
14-GHAATCATGCAG	STREME-14	Chr4_16809579_16809679	85	96	-	9.64474	1.64e-05	0.0916	AAAATCATGCAT
14-GHAATCATGCAG	STREME-14	Chr3_19865655_19865755	22	33	+	9.63158	1.65e-05	0.0916	GTAATCATATAG
14-GHAATCATGCAG	STREME-14	Chr1_19756409_19756509	36	47	+	9.63158	1.65e-05	0.0916	GTAATCATATAG
14-GHAATCATGCAG	STREME-14	Chr12_15381481_15381581	68	79	-	9.63158	1.65e-05	0.0916	GTAATCATATAG
14-GHAATCATGCAG	STREME-14	Chr13_6909809_6909909	16	27	+	9.60526	1.73e-05	0.0948	GCAAGCATGCAG
14-GHAATCATGCAG	STREME-14	Chr7_22752855_22752955	62	73	+	9.60526	1.73e-05	0.0948	GCAAACATGCAG
14-GHAATCATGCAG	STREME-14	Chr3_11014987_11015087	86	97	+	9.60526	1.73e-05	0.0948	GAAATTATGCAA
14-GHAATCATGCAG	STREME-14	Chr7_18115068_18115168	82	93	-	9.60526	1.73e-05	0.0948	GCAAACATGCAG
14-GHAATCATGCAG	STREME-14	Chr12_7238451_7238551	68	79	+	9.39474	1.84e-05	0.101	GTAATTATGCAT
14-GHAATCATGCAG	STREME-14	Chr3_12654565_12654665	87	98	-	9.34211	1.86e-05	0.101	CAAGTCATGCAA
14-GHAATCATGCAG	STREME-14	Chr3_25355877_25355977	32	43	-	9.26316	1.93e-05	0.105	GAGGTCATGTAA
14-GHAATCATGCAG	STREME-14	Chr5_23215458_23215558	57	68	-	9.26316	1.93e-05	0.105	CCAATCATGAAG
14-GHAATCATGCAG	STREME-14	Chr4_22291867_22291967	18	29	+	9.15789	2.03e-05	0.11	CAGATTATGCAG
14-GHAATCATGCAG	STREME-14	Chr15_19282172_19282272	36	47	-	8.89474	2.23e-05	0.12	CCAGTTATGCAG
14-GHAATCATGCAG	STREME-14	Chr14_4093490_4093590	10	21	-	8.85526	2.24e-05	0.12	CCAATCATGTAA
14-GHAATCATGCAG	STREME-14	Chr6_20192077_20192177	69	80	+	8.85526	2.24e-05	0.12	CCAATCATGTAA
14-GHAATCATGCAG	STREME-14	Chr1_26742523_26742623	18	29	+	8.82895	2.31e-05	0.123	GAAATCATGCGG
14-GHAATCATGCAG	STREME-14	Chr2_15716988_15717088	45	56	-	8.82895	2.31e-05	0.123	GAAATCGTGCAG
14-GHAATCATGCAG	STREME-14	Chr3_15108397_15108497	90	101	+	8.82895	2.31e-05	0.123	GAAACCATGCAG
14-GHAATCATGCAG	STREME-14	Chr5_10366024_10366124	86	97	-	8.82895	2.31e-05	0.123	GAAATCATGCGG
14-GHAATCATGCAG	STREME-14	Chr12_8576378_8576478	52	63	+	8.81579	2.32e-05	0.123	GCGGTTATGTAG
14-GHAATCATGCAG	STREME-14	Chr1_22549113_22549213	11	22	-	8.69737	2.37e-05	0.125	CTGGTCATGCAA
14-GHAATCATGCAG	STREME-14	Chr6_28717851_28717951	26	37	-	8.55263	2.51e-05	0.132	GAAATGATGCAG
14-GHAATCATGCAG	STREME-14	Chr10_24909820_24909920	27	38	-	8.55263	2.51e-05	0.132	GCGATCTTGCAG
14-GHAATCATGCAG	STREME-14	Chr7_28463604_28463704	38	49	+	8.55263	2.51e-05	0.132	GCGATCACGCAG
14-GHAATCATGCAG	STREME-14	Chr15_4813463_4813563	16	27	-	8.43421	2.59e-05	0.135	GTGTTCATGCAG
14-GHAATCATGCAG	STREME-14	Chr15_4829315_4829415	68	79	-	8.43421	2.59e-05	0.135	GTGTTCATGCAG
14-GHAATCATGCAG	STREME-14	Chr15_21906446_21906546	71	82	+	8.32895	2.65e-05	0.138	ACAGTCATGCAT
14-GHAATCATGCAG	STREME-14	Chr1_45231450_45231550	35	46	-	8.28947	2.68e-05	0.139	GTAATCATGAAA
14-GHAATCATGCAG	STREME-14	Chr8_952192_952292	71	82	+	8.18421	2.78e-05	0.144	GTGAACATGCAG
14-GHAATCATGCAG	STREME-14	Chr10_664901_665001	31	42	+	8.17105	2.8e-05	0.144	GAGATCATATAG
14-GHAATCATGCAG	STREME-14	Chr15_19847786_19847886	59	70	-	8.13158	2.81e-05	0.144	CCAATCATGGAA
14-GHAATCATGCAG	STREME-14	Chr10_6374703_6374803	8	19	+	8.11842	2.81e-05	0.144	CAAGTTATGCAG
14-GHAATCATGCAG	STREME-14	Chr2_26321355_26321455	79	90	+	8.09211	2.83e-05	0.144	ACAATCATGAAG
14-GHAATCATGCAG	STREME-14	Chr2_15029257_15029357	24	35	+	8.05263	2.85e-05	0.145	GTAATCATACAA
14-GHAATCATGCAG	STREME-14	Chr4_24384283_24384383	88	99	-	8.03947	2.87e-05	0.146	GCAATCATGAAT
14-GHAATCATGCAG	STREME-14	Chr1_46752878_46752978	5	16	+	7.97368	2.92e-05	0.148	GTGATCATGCAC
14-GHAATCATGCAG	STREME-14	Chr13_14274212_14274312	45	56	-	7.97368	2.92e-05	0.148	AAGGTCATGGAG
14-GHAATCATGCAG	STREME-14	Chr10_22670226_22670326	39	50	+	7.90789	2.97e-05	0.149	GTGATGATGCAG
14-GHAATCATGCAG	STREME-14	Chr10_3317444_3317544	58	69	+	7.90789	2.97e-05	0.149	GTGATGATGCAG
14-GHAATCATGCAG	STREME-14	Chr5_22980583_22980683	8	19	+	7.89474	2.97e-05	0.149	ACGGTCATGCAA
14-GHAATCATGCAG	STREME-14	Chr4_34053764_34053864	71	82	-	7.85526	3.02e-05	0.151	ACAATCATACAG
14-GHAATCATGCAG	STREME-14	Chr15_10373755_10373855	83	94	-	7.77632	3.11e-05	0.155	GAGATCAAGCAG
14-GHAATCATGCAG	STREME-14	Chr1_24810910_24811010	18	29	-	7.52632	3.26e-05	0.162	ATGGTCATGCAA
14-GHAATCATGCAG	STREME-14	Chr11_21093598_21093698	21	32	-	7.14474	3.66e-05	0.182	GTAGTCGTGCAG
14-GHAATCATGCAG	STREME-14	Chr8_3005982_3006082	24	35	-	7.02632	3.76e-05	0.186	GCAATTATGTAA
14-GHAATCATGCAG	STREME-14	Chr13_20133750_20133850	2	13	+	6.82895	3.91e-05	0.193	GTAATTATACAG
14-GHAATCATGCAG	STREME-14	Chr9_29770295_29770395	67	78	+	6.65789	4.09e-05	0.201	GAAATTATGAAG
14-GHAATCATGCAG	STREME-14	Chr11_18901088_18901188	79	90	+	6.65789	4.09e-05	0.201	GTAATTATGTAA
14-GHAATCATGCAG	STREME-14	Chr8_3600930_3601030	17	28	-	6.40789	4.34e-05	0.212	GAAGTCATAGAG
14-GHAATCATGCAG	STREME-14	Chr7_22589987_22590087	82	93	+	6.40789	4.34e-05	0.212	GAAGTCATAGAG
14-GHAATCATGCAG	STREME-14	Chr5_25640189_25640289	73	84	-	6.40789	4.34e-05	0.212	GAAGTCATAGAG
14-GHAATCATGCAG	STREME-14	Chr5_20655534_20655634	14	25	+	6.30263	4.43e-05	0.216	ATGGTTATGCAG
14-GHAATCATGCAG	STREME-14	Chr3_7388691_7388791	79	90	+	6.28947	4.44e-05	0.216	AAAATCATGTAT
14-GHAATCATGCAG	STREME-14	Chr10_18985653_18985753	13	24	+	6.26316	4.47e-05	0.217	ATGATCATGTAA
14-GHAATCATGCAG	STREME-14	Chr14_23340094_23340194	4	15	+	6.25	4.56e-05	0.22	GCGGTCATGCAC
14-GHAATCATGCAG	STREME-14	Chr8_17438461_17438561	85	96	-	6.25	4.56e-05	0.22	GTGGTTATGCAT
14-GHAATCATGCAG	STREME-14	Chr1_1252527_1252627	8	19	-	6.09211	4.74e-05	0.228	CTGATCATGGAT
14-GHAATCATGCAG	STREME-14	Chr7_12765704_12765804	73	84	+	5.72368	5.2e-05	0.25	GAACTCATGTAG
14-GHAATCATGCAG	STREME-14	Chr5_18471164_18471264	75	86	+	5.68421	5.31e-05	0.254	TTAATCATGTAG
14-GHAATCATGCAG	STREME-14	Chr5_27062245_27062345	90	101	+	5.63158	5.38e-05	0.257	GAAATTATGTAT
14-GHAATCATGCAG	STREME-14	Chr3_35744103_35744203	10	21	+	5.60526	5.42e-05	0.258	GTAATAATGTAG
14-GHAATCATGCAG	STREME-14	Chr8_28127530_28127630	5	16	-	5.60526	5.42e-05	0.258	GAGATTATGAAG
14-GHAATCATGCAG	STREME-14	Chr10_427784_427884	61	72	-	5.52632	5.57e-05	0.264	GCAATCAAGGAG
14-GHAATCATGCAG	STREME-14	Chr14_18353752_18353852	78	89	-	5.52632	5.57e-05	0.264	GCAAGCATGGAG
14-GHAATCATGCAG	STREME-14	Chr6_20815972_20816072	22	33	-	5.47368	5.7e-05	0.269	GAAATCATGTTG
14-GHAATCATGCAG	STREME-14	Chr9_15524772_15524872	24	35	+	5.44737	5.71e-05	0.269	GCGTTCATGTAG
14-GHAATCATGCAG	STREME-14	Chr5_27678826_27678926	26	37	+	5.38158	5.78e-05	0.27	GAGGTCATCCAG
14-GHAATCATGCAG	STREME-14	Chr13_753723_753823	80	91	+	5.38158	5.78e-05	0.27	CTCATCATGCAG
14-GHAATCATGCAG	STREME-14	Chr14_8166395_8166495	28	39	+	5.35526	5.82e-05	0.27	GAGGTCATAGAG
14-GHAATCATGCAG	STREME-14	Chr11_5199793_5199893	10	21	-	5.34211	5.86e-05	0.27	GCAGTTATGAAG
14-GHAATCATGCAG	STREME-14	Chr9_21328379_21328479	28	39	+	5.34211	5.86e-05	0.27	GCAGTTATGAAG
14-GHAATCATGCAG	STREME-14	Chr5_14615170_14615270	51	62	+	5.34211	5.86e-05	0.27	GCAGTTATGAAG
14-GHAATCATGCAG	STREME-14	Chr4_30592942_30593042	72	83	+	5.34211	5.86e-05	0.27	GCAGTTATGAAG
14-GHAATCATGCAG	STREME-14	Chr7_12042762_12042862	75	86	+	5.34211	5.86e-05	0.27	GCAGTTATGAAG
14-GHAATCATGCAG	STREME-14	Chr6_1466103_1466203	82	93	+	5.34211	5.86e-05	0.27	GCAGTTATGAAG
14-GHAATCATGCAG	STREME-14	Chr5_553624_553724	54	65	-	5.26316	6e-05	0.276	GAAATCATGTAC
14-GHAATCATGCAG	STREME-14	Chr5_25974380_25974480	75	86	-	5.22368	6.08e-05	0.279	GATATCATGGAG
14-GHAATCATGCAG	STREME-14	Chr12_1526506_1526606	52	63	-	5.19737	6.17e-05	0.283	GCGATCAAGTAG
14-GHAATCATGCAG	STREME-14	Chr6_28740651_28740751	78	89	+	5.17105	6.22e-05	0.284	GAAATCATCTAG
14-GHAATCATGCAG	STREME-14	Chr7_10364757_10364857	27	38	-	5.15789	6.3e-05	0.286	GTAATCATGGGG
14-GHAATCATGCAG	STREME-14	Chr13_12860367_12860467	62	73	-	5.15789	6.3e-05	0.286	GTAATCACGGAG
14-GHAATCATGCAG	STREME-14	Chr11_13263826_13263926	68	79	-	5.15789	6.3e-05	0.286	GTAATCATGGGG
14-GHAATCATGCAG	STREME-14	Chr12_309661_309761	76	87	+	5.14474	6.32e-05	0.286	GCCATCATGCAA
14-GHAATCATGCAG	STREME-14	Chr14_20509206_20509306	2	13	-	5.13158	6.33e-05	0.286	AAGATCATGGAA
14-GHAATCATGCAG	STREME-14	Chr13_4244285_4244385	6	17	+	5.05263	6.41e-05	0.289	CTAGTCATGGAT
14-GHAATCATGCAG	STREME-14	Chr15_8667306_8667406	38	49	-	5.03947	6.42e-05	0.289	ATGATTATGTAG
14-GHAATCATGCAG	STREME-14	Chr8_23657261_23657361	14	25	+	4.97368	6.53e-05	0.293	ACAGTCATGTAT
14-GHAATCATGCAG	STREME-14	Chr13_1051761_1051861	43	54	+	4.90789	6.72e-05	0.301	CTAATCCTGCAG
14-GHAATCATGCAG	STREME-14	Chr4_18017294_18017394	82	93	-	4.89474	6.74e-05	0.301	GCGATCATTTAG
14-GHAATCATGCAG	STREME-14	Chr7_14740282_14740382	67	78	+	4.88158	6.78e-05	0.302	GTGATTATGGAA
14-GHAATCATGCAG	STREME-14	Chr4_10510632_10510732	16	27	+	4.85526	6.8e-05	0.303	GTAATCATTGAG
14-GHAATCATGCAG	STREME-14	Chr4_29910874_29910974	31	42	-	4.75	7e-05	0.309	CAATTCATGCAG
14-GHAATCATGCAG	STREME-14	Chr12_19699127_19699227	45	56	+	4.75	7e-05	0.309	GAAAGCATGGAG
14-GHAATCATGCAG	STREME-14	Chr1_40099826_40099926	90	101	-	4.75	7e-05	0.309	GAAATCCTGGAG
14-GHAATCATGCAG	STREME-14	Chr3_9995313_9995413	15	26	+	4.67105	7.16e-05	0.314	GCAATCACGCAA
14-GHAATCATGCAG	STREME-14	Chr11_9935111_9935211	18	29	-	4.67105	7.16e-05	0.314	GCAAACATGCAA
14-GHAATCATGCAG	STREME-14	Chr8_6837588_6837688	37	48	+	4.67105	7.16e-05	0.314	GCAATCCTGCAA
14-GHAATCATGCAG	STREME-14	Chr5_31175313_31175413	52	63	+	4.67105	7.16e-05	0.314	GCAAACATGCAA
14-GHAATCATGCAG	STREME-14	Chr4_19948572_19948672	11	22	-	4.61842	7.26e-05	0.317	CTGGTCATGGAA
14-GHAATCATGCAG	STREME-14	Chr15_22420620_22420720	17	28	-	4.61842	7.26e-05	0.317	CTGGTCATGGAA
14-GHAATCATGCAG	STREME-14	Chr13_4627537_4627637	68	79	+	4.55263	7.4e-05	0.32	GGAGTCATGGAG
14-GHAATCATGCAG	STREME-14	Chr10_27566006_27566106	88	99	+	4.55263	7.4e-05	0.32	GTACTCATGCAA
14-GHAATCATGCAG	STREME-14	Chr13_3513925_3514025	30	41	-	4.52632	7.45e-05	0.32	GCCATCATGCAT
14-GHAATCATGCAG	STREME-14	Chr13_1835132_1835232	45	56	+	4.52632	7.45e-05	0.32	GCCATCATGCAT
14-GHAATCATGCAG	STREME-14	Chr6_24822892_24822992	42	53	-	4.52632	7.45e-05	0.32	GCCATCATGCAT
14-GHAATCATGCAG	STREME-14	Chr2_10139967_10140067	54	65	+	4.52632	7.45e-05	0.32	GCCATCATGCAT
14-GHAATCATGCAG	STREME-14	Chr13_3559785_3559885	68	79	+	4.52632	7.45e-05	0.32	GCCATCATGCAT
14-GHAATCATGCAG	STREME-14	Chr9_17974775_17974875	54	65	+	4.5	7.57e-05	0.324	GAGGTCATACAA
14-GHAATCATGCAG	STREME-14	Chr5_5629121_5629221	23	34	+	4.47368	7.66e-05	0.327	GCGATCTTGGAG
14-GHAATCATGCAG	STREME-14	Chr11_13683379_13683479	54	65	-	4.44737	7.69e-05	0.327	CTAGTTATGGAG
14-GHAATCATGCAG	STREME-14	Chr14_23976130_23976230	75	86	+	4.44737	7.69e-05	0.327	GAAATCATCGAG
14-GHAATCATGCAG	STREME-14	Chr10_26806822_26806922	40	51	-	4.42105	7.77e-05	0.329	GAGATCATGTTG
14-GHAATCATGCAG	STREME-14	Chr10_22619541_22619641	41	52	-	4.42105	7.77e-05	0.329	GAGATCATGTTG
14-GHAATCATGCAG	STREME-14	Chr9_3978423_3978523	71	82	-	4.42105	7.77e-05	0.329	GAGATCAGGTAG
14-GHAATCATGCAG	STREME-14	Chr1_35670867_35670967	42	53	-	4.35526	7.86e-05	0.332	GTGTTCATGGAG
14-GHAATCATGCAG	STREME-14	Chr5_18221666_18221766	45	56	+	4.31579	7.92e-05	0.333	GCAGTTATGTAT
14-GHAATCATGCAG	STREME-14	Chr8_23517440_23517540	82	93	+	4.28947	8.06e-05	0.339	CAAATCATGCAC
14-GHAATCATGCAG	STREME-14	Chr6_1770083_1770183	25	36	+	4.26316	8.1e-05	0.34	ACAATTATGCAT
14-GHAATCATGCAG	STREME-14	Chr3_22169059_22169159	11	22	+	4.21053	8.23e-05	0.345	ATCATCATGCAG
14-GHAATCATGCAG	STREME-14	Chr9_23501030_23501130	40	51	+	4.17105	8.31e-05	0.347	GCGATCATCGAG
14-GHAATCATGCAG	STREME-14	Chr6_29505663_29505763	74	85	+	4.15789	8.39e-05	0.35	GTTATCATGCAT
14-GHAATCATGCAG	STREME-14	Chr6_19542178_19542278	26	37	+	4.14474	8.42e-05	0.35	GAGATAATGTAG
14-GHAATCATGCAG	STREME-14	Chr15_14041387_14041487	89	100	-	4.13158	8.43e-05	0.35	ATAATCATATAG
14-GHAATCATGCAG	STREME-14	Chr10_16435030_16435130	15	26	-	4.11842	8.47e-05	0.351	GAGGTCATGAAT
14-GHAATCATGCAG	STREME-14	Chr10_8854678_8854778	24	35	-	4.10526	8.63e-05	0.356	ACAATCAAGCAG
14-GHAATCATGCAG	STREME-14	Chr15_6428552_6428652	68	79	-	4.10526	8.63e-05	0.356	GTGATCTTGGAG
14-GHAATCATGCAG	STREME-14	Chr2_21003601_21003701	46	57	+	4.07895	8.66e-05	0.357	GTAATCATATAT
14-GHAATCATGCAG	STREME-14	Chr5_24537984_24538084	44	55	-	4.05263	8.75e-05	0.357	GCAATCATGCGT
14-GHAATCATGCAG	STREME-14	Chr8_27744042_27744142	71	82	-	4.05263	8.75e-05	0.357	GCAATCAAGCAT
14-GHAATCATGCAG	STREME-14	Chr12_16347733_16347833	75	86	-	4.05263	8.75e-05	0.357	GCAATCATGCGT
14-GHAATCATGCAG	STREME-14	Chr4_27680006_27680106	78	89	-	4.05263	8.75e-05	0.357	GCAATCATGCGT
14-GHAATCATGCAG	STREME-14	Chr9_2877463_2877563	12	23	+	3.98684	8.85e-05	0.36	ATATTCATGCAG
14-GHAATCATGCAG	STREME-14	Chr9_1484697_1484797	67	78	+	3.93421	8.94e-05	0.364	GTATTCATGCAT
14-GHAATCATGCAG	STREME-14	Chr1_8717167_8717267	68	79	-	3.92105	8.98e-05	0.364	GTGGTTATGAAG
14-GHAATCATGCAG	STREME-14	Chr6_23169833_23169933	35	46	+	3.90789	9e-05	0.364	TTGATCATGGAG
14-GHAATCATGCAG	STREME-14	Chr1_18556409_18556509	21	32	+	3.89474	9.12e-05	0.367	GAAAACATGCAA
14-GHAATCATGCAG	STREME-14	Chr1_48865720_48865820	53	64	-	3.89474	9.12e-05	0.367	GAAATCATGCCA
14-GHAATCATGCAG	STREME-14	Chr9_5402676_5402776	54	65	-	3.89474	9.12e-05	0.367	GAAATCGTGCAA
14-GHAATCATGCAG	STREME-14	Chr3_11369401_11369501	31	42	+	3.88158	9.16e-05	0.368	GCAGTGATGTAG
14-GHAATCATGCAG	STREME-14	Chr9_924310_924410	13	24	+	3.85526	9.27e-05	0.368	TCAATCATGCAT
14-GHAATCATGCAG	STREME-14	Chr9_16918155_16918255	19	30	+	3.85526	9.27e-05	0.368	CTGATCAAGCAG
14-GHAATCATGCAG	STREME-14	Chr4_3110660_3110760	36	47	+	3.85526	9.27e-05	0.368	GAGATTATGGAT
14-GHAATCATGCAG	STREME-14	Chr6_8002372_8002472	43	54	+	3.85526	9.27e-05	0.368	CTGATCCTGCAG
14-GHAATCATGCAG	STREME-14	Chr2_15420111_15420211	75	86	-	3.85526	9.27e-05	0.368	CTGATCTTGCAG
14-GHAATCATGCAG	STREME-14	Chr13_9422340_9422440	37	48	-	3.82895	9.33e-05	0.37	GTGATGATGGAG
14-GHAATCATGCAG	STREME-14	Chr3_27937574_27937674	15	26	+	3.77632	9.48e-05	0.374	GCAATAATGCAT
14-GHAATCATGCAG	STREME-14	Chr2_18292004_18292104	49	60	-	3.77632	9.48e-05	0.374	GCAATAATGCAT
14-GHAATCATGCAG	STREME-14	Chr3_17262315_17262415	7	18	-	3.75	9.52e-05	0.375	GATATCATGCAT
14-GHAATCATGCAG	STREME-14	Chr9_21635683_21635783	10	21	+	3.73684	9.61e-05	0.375	ATAAACATGCAG
14-GHAATCATGCAG	STREME-14	Chr1_17491768_17491868	11	22	+	3.73684	9.61e-05	0.375	ATAAACATGCAG
14-GHAATCATGCAG	STREME-14	Chr10_23344144_23344244	5	16	-	3.73684	9.61e-05	0.375	ATAAACATGCAG
14-GHAATCATGCAG	STREME-14	Chr2_3418900_3419000	7	18	-	3.73684	9.61e-05	0.375	ATAAACATGCAG
14-GHAATCATGCAG	STREME-14	Chr13_3896007_3896107	43	54	+	3.73684	9.61e-05	0.375	ATAAACATGCAG
14-GHAATCATGCAG	STREME-14	Chr6_18243839_18243939	72	83	-	3.73684	9.61e-05	0.375	ATAATCCTGCAG
14-GHAATCATGCAG	STREME-14	Chr9_20562800_20562900	38	49	+	3.72368	9.64e-05	0.375	AAAATCATATAG
14-GHAATCATGCAG	STREME-14	Chr10_2556444_2556544	2	13	-	3.69737	9.75e-05	0.378	CAGTTCATGCAG
14-GHAATCATGCAG	STREME-14	Chr2_10527891_10527991	69	80	+	3.69737	9.75e-05	0.378	CAGTTCATGCAG
14-GHAATCATGCAG	STREME-14	Chr5_24652868_24652968	68	79	-	3.64474	9.9e-05	0.38	GAGATCATAAAG
14-GHAATCATGCAG	STREME-14	Chr2_19870429_19870529	81	92	+	3.64474	9.9e-05	0.38	GAGATCATAAAG
14-GHAATCATGCAG	STREME-14	Chr15_6166580_6166680	72	83	-	3.64474	9.9e-05	0.38	GAGATCATAAAG
14-GHAATCATGCAG	STREME-14	Chr12_13441628_13441728	88	99	-	3.64474	9.9e-05	0.38	GAGATCATAAAG
14-GHAATCATGCAG	STREME-14	Chr12_8576378_8576478	90	101	-	3.64474	9.9e-05	0.38	ACAGTTATGGAG

# FIMO (Find Individual Motif Occurrences): Version 5.5.1 compiled on Apr 10 2023 at 16:56:57
# The format of this file is described at https://meme-suite.org/meme/doc/fimo-output-format.html.
# fimo --parse-genomic-coord --verbosity 1 --oc LITCHI007109.meme_chip/fimo_out_15 --bgfile LITCHI007109.meme_chip/background --motif 14-GHAATCATGCAG LITCHI007109.meme_chip/streme_out/streme.xml LITCHI007109.meme_chip/LITCHI007109.peak.region.fa
