prim_db	prim_id	prim_alt	prim_cons	sec_db	sec_id	sec_alt	sec_cons	trim_left	trim_right	red_db	red_id	red_alt	E-value	gap	orient	count	total	adj_p-value	p-value

# SpaMo (Spaced Motif Analysis Tool): Version 5.5.1 compiled on Apr 10 2023 at 16:57:00
# The format of this file is described at https://meme-suite.org/meme/doc/spamo-output-format.html.
# spamo -verbosity 1 -oc LITCHI007109.meme_chip/spamo_out_20 -bgfile LITCHI007109.meme_chip/background -keepprimary -primary 21-ACGACCT LITCHI007109.meme_chip/LITCHI007109.peak.region.fa LITCHI007109.meme_chip/streme_out/streme.xml LITCHI007109.meme_chip/meme_out/meme.xml LITCHI007109.meme_chip/streme_out/streme.xml
