motif_id	motif_alt_id	sequence_name	start	stop	strand	score	p-value	q-value	matched_sequence
GSRCCTACGTCCACG	MEME-1	Chr15_19982634_19982734	12	26	-	28.2429	4.05e-10	1.29e-05	GCGCCTACGTCCACG
GSRCCTACGTCCACG	MEME-1	Chr3_22657861_22657961	21	35	-	28.2429	4.05e-10	1.29e-05	GCGCCTACGTCCACG
GSRCCTACGTCCACG	MEME-1	Chr5_34320483_34320583	22	36	-	28.2429	4.05e-10	1.29e-05	GCGCCTACGTCCACG
GSRCCTACGTCCACG	MEME-1	Chr1_26392087_26392187	30	44	-	28.2429	4.05e-10	1.29e-05	GCGCCTACGTCCACG
GSRCCTACGTCCACG	MEME-1	Chr12_7350386_7350486	46	60	+	28.2429	4.05e-10	1.29e-05	GCGCCTACGTCCACG
GSRCCTACGTCCACG	MEME-1	Chr15_4588449_4588549	36	50	-	28.2429	4.05e-10	1.29e-05	GCGCCTACGTCCACG
GSRCCTACGTCCACG	MEME-1	Chr10_6638368_6638468	50	64	+	28.2429	4.05e-10	1.29e-05	GCGCCTACGTCCACG
GSRCCTACGTCCACG	MEME-1	Chr11_12503822_12503922	65	79	+	28.2429	4.05e-10	1.29e-05	GCGCCTACGTCCACG
GSRCCTACGTCCACG	MEME-1	Chr3_13273453_13273553	66	80	+	28.2429	4.05e-10	1.29e-05	GCGCCTACGTCCACG
GSRCCTACGTCCACG	MEME-1	Chr3_19385000_19385100	68	82	+	28.2429	4.05e-10	1.29e-05	GCGCCTACGTCCACG
GSRCCTACGTCCACG	MEME-1	Chr5_22954183_22954283	80	94	+	28.2429	4.05e-10	1.29e-05	GCGCCTACGTCCACG
GSRCCTACGTCCACG	MEME-1	Chr13_24017319_24017419	81	95	+	28.2429	4.05e-10	1.29e-05	GCGCCTACGTCCACG
GSRCCTACGTCCACG	MEME-1	Chr7_7650123_7650223	85	99	+	28.2429	4.05e-10	1.29e-05	GCGCCTACGTCCACG
GSRCCTACGTCCACG	MEME-1	Chr2_7522658_7522758	87	101	+	28.2429	4.05e-10	1.29e-05	GCGCCTACGTCCACG
GSRCCTACGTCCACG	MEME-1	Chr15_23381916_23382016	1	15	+	28.1857	9.06e-10	1.29e-05	GCACCTACGTCCACG
GSRCCTACGTCCACG	MEME-1	Chr3_12578096_12578196	3	17	+	28.1857	9.06e-10	1.29e-05	GCACCTACGTCCACG
GSRCCTACGTCCACG	MEME-1	Chr15_17488170_17488270	4	18	+	28.1857	9.06e-10	1.29e-05	GCACCTACGTCCACG
GSRCCTACGTCCACG	MEME-1	Chr12_20156253_20156353	7	21	+	28.1857	9.06e-10	1.29e-05	GCACCTACGTCCACG
GSRCCTACGTCCACG	MEME-1	Chr10_17052241_17052341	15	29	+	28.1857	9.06e-10	1.29e-05	GCACCTACGTCCACG
GSRCCTACGTCCACG	MEME-1	Chr3_3994006_3994106	2	16	-	28.1857	9.06e-10	1.29e-05	GCACCTACGTCCACG
GSRCCTACGTCCACG	MEME-1	Chr1_28325814_28325914	16	30	+	28.1857	9.06e-10	1.29e-05	GCACCTACGTCCACG
GSRCCTACGTCCACG	MEME-1	Chr1_4586820_4586920	20	34	+	28.1857	9.06e-10	1.29e-05	GCACCTACGTCCACG
GSRCCTACGTCCACG	MEME-1	Chr13_5686064_5686164	7	21	-	28.1857	9.06e-10	1.29e-05	GCACCTACGTCCACG
GSRCCTACGTCCACG	MEME-1	Chr1_8953762_8953862	7	21	-	28.1857	9.06e-10	1.29e-05	GCACCTACGTCCACG
GSRCCTACGTCCACG	MEME-1	Chr10_24776984_24777084	8	22	-	28.1857	9.06e-10	1.29e-05	GCACCTACGTCCACG
GSRCCTACGTCCACG	MEME-1	Chr2_36126735_36126835	9	23	-	28.1857	9.06e-10	1.29e-05	GCACCTACGTCCACG
GSRCCTACGTCCACG	MEME-1	Chr2_14402713_14402813	10	24	-	28.1857	9.06e-10	1.29e-05	GCACCTACGTCCACG
GSRCCTACGTCCACG	MEME-1	Chr5_16019920_16020020	25	39	+	28.1857	9.06e-10	1.29e-05	GCACCTACGTCCACG
GSRCCTACGTCCACG	MEME-1	Chr1_47800285_47800385	11	25	-	28.1857	9.06e-10	1.29e-05	GCACCTACGTCCACG
GSRCCTACGTCCACG	MEME-1	Chr10_17657809_17657909	12	26	-	28.1857	9.06e-10	1.29e-05	GCACCTACGTCCACG
GSRCCTACGTCCACG	MEME-1	Chr8_8290508_8290608	13	27	-	28.1857	9.06e-10	1.29e-05	GCACCTACGTCCACG
GSRCCTACGTCCACG	MEME-1	Chr2_39110623_39110723	28	42	+	28.1857	9.06e-10	1.29e-05	GCACCTACGTCCACG
GSRCCTACGTCCACG	MEME-1	Chr8_7935615_7935715	15	29	-	28.1857	9.06e-10	1.29e-05	GCACCTACGTCCACG
GSRCCTACGTCCACG	MEME-1	Chr10_9655752_9655852	16	30	-	28.1857	9.06e-10	1.29e-05	GCACCTACGTCCACG
GSRCCTACGTCCACG	MEME-1	Chr2_287191_287291	16	30	-	28.1857	9.06e-10	1.29e-05	GCACCTACGTCCACG
GSRCCTACGTCCACG	MEME-1	Chr5_10922321_10922421	17	31	-	28.1857	9.06e-10	1.29e-05	GCACCTACGTCCACG
GSRCCTACGTCCACG	MEME-1	Chr14_12016989_12017089	31	45	+	28.1857	9.06e-10	1.29e-05	GCACCTACGTCCACG
GSRCCTACGTCCACG	MEME-1	Chr13_18631136_18631236	18	32	-	28.1857	9.06e-10	1.29e-05	GCACCTACGTCCACG
GSRCCTACGTCCACG	MEME-1	Chr15_7880470_7880570	18	32	-	28.1857	9.06e-10	1.29e-05	GCACCTACGTCCACG
GSRCCTACGTCCACG	MEME-1	Chr4_29255383_29255483	32	46	+	28.1857	9.06e-10	1.29e-05	GCACCTACGTCCACG
GSRCCTACGTCCACG	MEME-1	Chr11_7732363_7732463	33	47	+	28.1857	9.06e-10	1.29e-05	GCACCTACGTCCACG
GSRCCTACGTCCACG	MEME-1	Chr8_18741863_18741963	20	34	-	28.1857	9.06e-10	1.29e-05	GCACCTACGTCCACG
GSRCCTACGTCCACG	MEME-1	Chr9_21833174_21833274	20	34	-	28.1857	9.06e-10	1.29e-05	GCACCTACGTCCACG
GSRCCTACGTCCACG	MEME-1	Chr14_20987098_20987198	20	34	-	28.1857	9.06e-10	1.29e-05	GCACCTACGTCCACG
GSRCCTACGTCCACG	MEME-1	Chr1_5699197_5699297	20	34	-	28.1857	9.06e-10	1.29e-05	GCACCTACGTCCACG
GSRCCTACGTCCACG	MEME-1	Chr4_24502350_24502450	22	36	-	28.1857	9.06e-10	1.29e-05	GCACCTACGTCCACG
GSRCCTACGTCCACG	MEME-1	Chr7_24483317_24483417	23	37	-	28.1857	9.06e-10	1.29e-05	GCACCTACGTCCACG
GSRCCTACGTCCACG	MEME-1	Chr1_13756633_13756733	23	37	-	28.1857	9.06e-10	1.29e-05	GCACCTACGTCCACG
GSRCCTACGTCCACG	MEME-1	Chr13_18683230_18683330	23	37	-	28.1857	9.06e-10	1.29e-05	GCACCTACGTCCACG
GSRCCTACGTCCACG	MEME-1	Chr1_27737543_27737643	24	38	-	28.1857	9.06e-10	1.29e-05	GCACCTACGTCCACG
GSRCCTACGTCCACG	MEME-1	Chr10_10848689_10848789	25	39	-	28.1857	9.06e-10	1.29e-05	GCACCTACGTCCACG
GSRCCTACGTCCACG	MEME-1	Chr3_18106396_18106496	40	54	+	28.1857	9.06e-10	1.29e-05	GCACCTACGTCCACG
GSRCCTACGTCCACG	MEME-1	Chr1_14453030_14453130	27	41	-	28.1857	9.06e-10	1.29e-05	GCACCTACGTCCACG
GSRCCTACGTCCACG	MEME-1	Chr6_3251473_3251573	28	42	-	28.1857	9.06e-10	1.29e-05	GCACCTACGTCCACG
GSRCCTACGTCCACG	MEME-1	Chr4_23080287_23080387	29	43	-	28.1857	9.06e-10	1.29e-05	GCACCTACGTCCACG
GSRCCTACGTCCACG	MEME-1	Chr12_12842975_12843075	29	43	-	28.1857	9.06e-10	1.29e-05	GCACCTACGTCCACG
GSRCCTACGTCCACG	MEME-1	Chr7_20762296_20762396	30	44	-	28.1857	9.06e-10	1.29e-05	GCACCTACGTCCACG
GSRCCTACGTCCACG	MEME-1	Chr10_16423733_16423833	30	44	-	28.1857	9.06e-10	1.29e-05	GCACCTACGTCCACG
GSRCCTACGTCCACG	MEME-1	Chr2_1475084_1475184	30	44	-	28.1857	9.06e-10	1.29e-05	GCACCTACGTCCACG
GSRCCTACGTCCACG	MEME-1	Chr13_18257493_18257593	30	44	-	28.1857	9.06e-10	1.29e-05	GCACCTACGTCCACG
GSRCCTACGTCCACG	MEME-1	Chr1_8941974_8942074	30	44	-	28.1857	9.06e-10	1.29e-05	GCACCTACGTCCACG
GSRCCTACGTCCACG	MEME-1	Chr13_18246128_18246228	32	46	-	28.1857	9.06e-10	1.29e-05	GCACCTACGTCCACG
GSRCCTACGTCCACG	MEME-1	Chr1_5687575_5687675	32	46	-	28.1857	9.06e-10	1.29e-05	GCACCTACGTCCACG
GSRCCTACGTCCACG	MEME-1	Chr9_13821336_13821436	47	61	+	28.1857	9.06e-10	1.29e-05	GCACCTACGTCCACG
GSRCCTACGTCCACG	MEME-1	Chr3_3982417_3982517	33	47	-	28.1857	9.06e-10	1.29e-05	GCACCTACGTCCACG
GSRCCTACGTCCACG	MEME-1	Chr8_18401260_18401360	35	49	-	28.1857	9.06e-10	1.29e-05	GCACCTACGTCCACG
GSRCCTACGTCCACG	MEME-1	Chr1_47557323_47557423	35	49	-	28.1857	9.06e-10	1.29e-05	GCACCTACGTCCACG
GSRCCTACGTCCACG	MEME-1	Chr1_14464497_14464597	36	50	-	28.1857	9.06e-10	1.29e-05	GCACCTACGTCCACG
GSRCCTACGTCCACG	MEME-1	Chr12_14863482_14863582	36	50	-	28.1857	9.06e-10	1.29e-05	GCACCTACGTCCACG
GSRCCTACGTCCACG	MEME-1	Chr5_12652737_12652837	50	64	+	28.1857	9.06e-10	1.29e-05	GCACCTACGTCCACG
GSRCCTACGTCCACG	MEME-1	Chr4_23091712_23091812	36	50	-	28.1857	9.06e-10	1.29e-05	GCACCTACGTCCACG
GSRCCTACGTCCACG	MEME-1	Chr2_26575197_26575297	37	51	-	28.1857	9.06e-10	1.29e-05	GCACCTACGTCCACG
GSRCCTACGTCCACG	MEME-1	Chr2_26563742_26563842	37	51	-	28.1857	9.06e-10	1.29e-05	GCACCTACGTCCACG
GSRCCTACGTCCACG	MEME-1	Chr13_12957414_12957514	38	52	-	28.1857	9.06e-10	1.29e-05	GCACCTACGTCCACG
GSRCCTACGTCCACG	MEME-1	Chr10_25614555_25614655	52	66	+	28.1857	9.06e-10	1.29e-05	GCACCTACGTCCACG
GSRCCTACGTCCACG	MEME-1	Chr6_10824092_10824192	39	53	-	28.1857	9.06e-10	1.29e-05	GCACCTACGTCCACG
GSRCCTACGTCCACG	MEME-1	Chr11_5956163_5956263	53	67	+	28.1857	9.06e-10	1.29e-05	GCACCTACGTCCACG
GSRCCTACGTCCACG	MEME-1	Chr7_9531544_9531644	54	68	+	28.1857	9.06e-10	1.29e-05	GCACCTACGTCCACG
GSRCCTACGTCCACG	MEME-1	Chr12_14283364_14283464	41	55	-	28.1857	9.06e-10	1.29e-05	GCACCTACGTCCACG
GSRCCTACGTCCACG	MEME-1	Chr8_7341432_7341532	41	55	-	28.1857	9.06e-10	1.29e-05	GCACCTACGTCCACG
GSRCCTACGTCCACG	MEME-1	Chr11_7743855_7743955	56	70	+	28.1857	9.06e-10	1.29e-05	GCACCTACGTCCACG
GSRCCTACGTCCACG	MEME-1	Chr15_10868245_10868345	57	71	+	28.1857	9.06e-10	1.29e-05	GCACCTACGTCCACG
GSRCCTACGTCCACG	MEME-1	Chr6_5401151_5401251	57	71	+	28.1857	9.06e-10	1.29e-05	GCACCTACGTCCACG
GSRCCTACGTCCACG	MEME-1	Chr8_19370557_19370657	57	71	+	28.1857	9.06e-10	1.29e-05	GCACCTACGTCCACG
GSRCCTACGTCCACG	MEME-1	Chr15_15003856_15003956	58	72	+	28.1857	9.06e-10	1.29e-05	GCACCTACGTCCACG
GSRCCTACGTCCACG	MEME-1	Chr1_14257813_14257913	44	58	-	28.1857	9.06e-10	1.29e-05	GCACCTACGTCCACG
GSRCCTACGTCCACG	MEME-1	Chr12_4994377_4994477	58	72	+	28.1857	9.06e-10	1.29e-05	GCACCTACGTCCACG
GSRCCTACGTCCACG	MEME-1	Chr1_49137075_49137175	58	72	+	28.1857	9.06e-10	1.29e-05	GCACCTACGTCCACG
GSRCCTACGTCCACG	MEME-1	Chr1_31533015_31533115	59	73	+	28.1857	9.06e-10	1.29e-05	GCACCTACGTCCACG
GSRCCTACGTCCACG	MEME-1	Chr6_31627368_31627468	45	59	-	28.1857	9.06e-10	1.29e-05	GCACCTACGTCCACG
GSRCCTACGTCCACG	MEME-1	Chr2_320850_320950	60	74	+	28.1857	9.06e-10	1.29e-05	GCACCTACGTCCACG
GSRCCTACGTCCACG	MEME-1	Chr12_18747969_18748069	61	75	+	28.1857	9.06e-10	1.29e-05	GCACCTACGTCCACG
GSRCCTACGTCCACG	MEME-1	Chr10_10116311_10116411	61	75	+	28.1857	9.06e-10	1.29e-05	GCACCTACGTCCACG
GSRCCTACGTCCACG	MEME-1	Chr15_22299438_22299538	62	76	+	28.1857	9.06e-10	1.29e-05	GCACCTACGTCCACG
GSRCCTACGTCCACG	MEME-1	Chr7_1778586_1778686	62	76	+	28.1857	9.06e-10	1.29e-05	GCACCTACGTCCACG
GSRCCTACGTCCACG	MEME-1	Chr14_1459749_1459849	63	77	+	28.1857	9.06e-10	1.29e-05	GCACCTACGTCCACG
GSRCCTACGTCCACG	MEME-1	Chr15_19129006_19129106	64	78	+	28.1857	9.06e-10	1.29e-05	GCACCTACGTCCACG
GSRCCTACGTCCACG	MEME-1	Chr1_13355195_13355295	65	79	+	28.1857	9.06e-10	1.29e-05	GCACCTACGTCCACG
GSRCCTACGTCCACG	MEME-1	Chr13_4310987_4311087	66	80	+	28.1857	9.06e-10	1.29e-05	GCACCTACGTCCACG
GSRCCTACGTCCACG	MEME-1	Chr4_22502305_22502405	52	66	-	28.1857	9.06e-10	1.29e-05	GCACCTACGTCCACG
GSRCCTACGTCCACG	MEME-1	Chr1_13929644_13929744	66	80	+	28.1857	9.06e-10	1.29e-05	GCACCTACGTCCACG
GSRCCTACGTCCACG	MEME-1	Chr15_93315_93415	67	81	+	28.1857	9.06e-10	1.29e-05	GCACCTACGTCCACG
GSRCCTACGTCCACG	MEME-1	Chr15_15015298_15015398	67	81	+	28.1857	9.06e-10	1.29e-05	GCACCTACGTCCACG
GSRCCTACGTCCACG	MEME-1	Chr1_33246692_33246792	68	82	+	28.1857	9.06e-10	1.29e-05	GCACCTACGTCCACG
GSRCCTACGTCCACG	MEME-1	Chr10_5477611_5477711	69	83	+	28.1857	9.06e-10	1.29e-05	GCACCTACGTCCACG
GSRCCTACGTCCACG	MEME-1	Chr14_20998939_20999039	55	69	-	28.1857	9.06e-10	1.29e-05	GCACCTACGTCCACG
GSRCCTACGTCCACG	MEME-1	Chr10_8085748_8085848	70	84	+	28.1857	9.06e-10	1.29e-05	GCACCTACGTCCACG
GSRCCTACGTCCACG	MEME-1	Chr2_10351005_10351105	70	84	+	28.1857	9.06e-10	1.29e-05	GCACCTACGTCCACG
GSRCCTACGTCCACG	MEME-1	Chr11_19142401_19142501	71	85	+	28.1857	9.06e-10	1.29e-05	GCACCTACGTCCACG
GSRCCTACGTCCACG	MEME-1	Chr5_11948474_11948574	71	85	+	28.1857	9.06e-10	1.29e-05	GCACCTACGTCCACG
GSRCCTACGTCCACG	MEME-1	Chr8_19381886_19381986	72	86	+	28.1857	9.06e-10	1.29e-05	GCACCTACGTCCACG
GSRCCTACGTCCACG	MEME-1	Chr4_12616859_12616959	73	87	+	28.1857	9.06e-10	1.29e-05	GCACCTACGTCCACG
GSRCCTACGTCCACG	MEME-1	Chr10_4128740_4128840	60	74	-	28.1857	9.06e-10	1.29e-05	GCACCTACGTCCACG
GSRCCTACGTCCACG	MEME-1	Chr13_3025266_3025366	60	74	-	28.1857	9.06e-10	1.29e-05	GCACCTACGTCCACG
GSRCCTACGTCCACG	MEME-1	Chr14_5893747_5893847	60	74	-	28.1857	9.06e-10	1.29e-05	GCACCTACGTCCACG
GSRCCTACGTCCACG	MEME-1	Chr7_17094728_17094828	75	89	+	28.1857	9.06e-10	1.29e-05	GCACCTACGTCCACG
GSRCCTACGTCCACG	MEME-1	Chr10_8073806_8073906	75	89	+	28.1857	9.06e-10	1.29e-05	GCACCTACGTCCACG
GSRCCTACGTCCACG	MEME-1	Chr14_2579042_2579142	75	89	+	28.1857	9.06e-10	1.29e-05	GCACCTACGTCCACG
GSRCCTACGTCCACG	MEME-1	Chr10_9818625_9818725	77	91	+	28.1857	9.06e-10	1.29e-05	GCACCTACGTCCACG
GSRCCTACGTCCACG	MEME-1	Chr10_20593199_20593299	77	91	+	28.1857	9.06e-10	1.29e-05	GCACCTACGTCCACG
GSRCCTACGTCCACG	MEME-1	Chr3_16190854_16190954	77	91	+	28.1857	9.06e-10	1.29e-05	GCACCTACGTCCACG
GSRCCTACGTCCACG	MEME-1	Chr13_12664620_12664720	78	92	+	28.1857	9.06e-10	1.29e-05	GCACCTACGTCCACG
GSRCCTACGTCCACG	MEME-1	Chr15_23283459_23283559	78	92	+	28.1857	9.06e-10	1.29e-05	GCACCTACGTCCACG
GSRCCTACGTCCACG	MEME-1	Chr14_8544219_8544319	78	92	+	28.1857	9.06e-10	1.29e-05	GCACCTACGTCCACG
GSRCCTACGTCCACG	MEME-1	Chr5_22374969_22375069	79	93	+	28.1857	9.06e-10	1.29e-05	GCACCTACGTCCACG
GSRCCTACGTCCACG	MEME-1	Chr14_5940279_5940379	79	93	+	28.1857	9.06e-10	1.29e-05	GCACCTACGTCCACG
GSRCCTACGTCCACG	MEME-1	Chr15_22872387_22872487	80	94	+	28.1857	9.06e-10	1.29e-05	GCACCTACGTCCACG
GSRCCTACGTCCACG	MEME-1	Chr15_19117506_19117606	82	96	+	28.1857	9.06e-10	1.29e-05	GCACCTACGTCCACG
GSRCCTACGTCCACG	MEME-1	Chr2_29164919_29165019	70	84	-	28.1857	9.06e-10	1.29e-05	GCACCTACGTCCACG
GSRCCTACGTCCACG	MEME-1	Chr8_9810749_9810849	70	84	-	28.1857	9.06e-10	1.29e-05	GCACCTACGTCCACG
GSRCCTACGTCCACG	MEME-1	Chr15_4388113_4388213	85	99	+	28.1857	9.06e-10	1.29e-05	GCACCTACGTCCACG
GSRCCTACGTCCACG	MEME-1	Chr13_10931546_10931646	85	99	+	28.1857	9.06e-10	1.29e-05	GCACCTACGTCCACG
GSRCCTACGTCCACG	MEME-1	Chr1_21808253_21808353	86	100	+	28.1857	9.06e-10	1.29e-05	GCACCTACGTCCACG
GSRCCTACGTCCACG	MEME-1	Chr13_3035929_3036029	84	98	-	28.1857	9.06e-10	1.29e-05	GCACCTACGTCCACG
GSRCCTACGTCCACG	MEME-1	Chr1_41355565_41355665	86	100	-	28.1857	9.06e-10	1.29e-05	GCACCTACGTCCACG
GSRCCTACGTCCACG	MEME-1	Chr12_6230960_6231060	5	19	-	27.2429	1.31e-09	1.83e-05	GGGCCTACGTCCACG
GSRCCTACGTCCACG	MEME-1	Chr1_11864002_11864102	6	20	-	27.2429	1.31e-09	1.83e-05	GGGCCTACGTCCACG
GSRCCTACGTCCACG	MEME-1	Chr13_4169548_4169648	16	30	+	26.3429	3.44e-09	3.09e-05	GCGCCTACATCCACG
GSRCCTACGTCCACG	MEME-1	Chr13_7541452_7541552	8	22	-	26.3429	3.44e-09	3.09e-05	GCGCCTACATCCACG
GSRCCTACGTCCACG	MEME-1	Chr2_7088615_7088715	9	23	-	26.3429	3.44e-09	3.09e-05	GCGCCTACATCCACG
GSRCCTACGTCCACG	MEME-1	Chr9_18079306_18079406	14	28	-	26.3429	3.44e-09	3.09e-05	GCGCCTACATCCACG
GSRCCTACGTCCACG	MEME-1	Chr3_12393061_12393161	36	50	-	26.3429	3.44e-09	3.09e-05	GCGCCTACATCCACG
GSRCCTACGTCCACG	MEME-1	Chr13_14650758_14650858	56	70	+	26.3429	3.44e-09	3.09e-05	GCGCCTACATCCACG
GSRCCTACGTCCACG	MEME-1	Chr3_2605453_2605553	48	62	-	26.3429	3.44e-09	3.09e-05	GCGCCTACATCCACG
GSRCCTACGTCCACG	MEME-1	Chr12_2618780_2618880	80	94	+	26.3429	3.44e-09	3.09e-05	GCGCCTACATCCACG
GSRCCTACGTCCACG	MEME-1	Chr11_10468605_10468705	83	97	-	26.3429	3.44e-09	3.09e-05	GCGCCTACATCCACG
GSRCCTACGTCCACG	MEME-1	Chr10_10130720_10130820	8	22	+	26.2857	4.06e-09	3.09e-05	GCACCTACATCCACG
GSRCCTACGTCCACG	MEME-1	Chr9_11340576_11340676	10	24	+	26.2857	4.06e-09	3.09e-05	GCACCTACATCCACG
GSRCCTACGTCCACG	MEME-1	Chr11_18439988_18440088	1	15	-	26.2857	4.06e-09	3.09e-05	GCACCTACATCCACG
GSRCCTACGTCCACG	MEME-1	Chr3_30678841_30678941	2	16	-	26.2857	4.06e-09	3.09e-05	GCACCTACATCCACG
GSRCCTACGTCCACG	MEME-1	Chr10_25989121_25989221	4	18	-	26.2857	4.06e-09	3.09e-05	GCACCTACATCCACG
GSRCCTACGTCCACG	MEME-1	Chr4_13770801_13770901	18	32	+	26.2857	4.06e-09	3.09e-05	GCACCTACATCCACG
GSRCCTACGTCCACG	MEME-1	Chr3_34999541_34999641	7	21	-	26.2857	4.06e-09	3.09e-05	GCACCTACATCCACG
GSRCCTACGTCCACG	MEME-1	Chr12_19803464_19803564	8	22	-	26.2857	4.06e-09	3.09e-05	GCACCTACATCCACG
GSRCCTACGTCCACG	MEME-1	Chr12_11716918_11717018	10	24	-	26.2857	4.06e-09	3.09e-05	GCACCTACATCCACG
GSRCCTACGTCCACG	MEME-1	Chr8_29726417_29726517	10	24	-	26.2857	4.06e-09	3.09e-05	GCACCTACATCCACG
GSRCCTACGTCCACG	MEME-1	Chr11_20786317_20786417	25	39	+	26.2857	4.06e-09	3.09e-05	GCACCTACATCCACG
GSRCCTACGTCCACG	MEME-1	Chr14_4588422_4588522	11	25	-	26.2857	4.06e-09	3.09e-05	GCACCTACATCCACG
GSRCCTACGTCCACG	MEME-1	Chr2_22745959_22746059	26	40	+	26.2857	4.06e-09	3.09e-05	GCACCTACATCCACG
GSRCCTACGTCCACG	MEME-1	Chr15_21985027_21985127	30	44	+	26.2857	4.06e-09	3.09e-05	GCACCTACATCCACG
GSRCCTACGTCCACG	MEME-1	Chr2_36928048_36928148	16	30	-	26.2857	4.06e-09	3.09e-05	GCACCTACATCCACG
GSRCCTACGTCCACG	MEME-1	Chr3_10823932_10824032	17	31	-	26.2857	4.06e-09	3.09e-05	GCACCTACATCCACG
GSRCCTACGTCCACG	MEME-1	Chr10_18118122_18118222	17	31	-	26.2857	4.06e-09	3.09e-05	GCACCTACATCCACG
GSRCCTACGTCCACG	MEME-1	Chr10_25578466_25578566	18	32	-	26.2857	4.06e-09	3.09e-05	GCACCTACATCCACG
GSRCCTACGTCCACG	MEME-1	Chr12_16647531_16647631	19	33	-	26.2857	4.06e-09	3.09e-05	GCACCTACATCCACG
GSRCCTACGTCCACG	MEME-1	Chr8_6322400_6322500	20	34	-	26.2857	4.06e-09	3.09e-05	GCACCTACATCCACG
GSRCCTACGTCCACG	MEME-1	Chr9_19277557_19277657	23	37	-	26.2857	4.06e-09	3.09e-05	GCACCTACATCCACG
GSRCCTACGTCCACG	MEME-1	Chr1_7519957_7520057	25	39	-	26.2857	4.06e-09	3.09e-05	GCACCTACATCCACG
GSRCCTACGTCCACG	MEME-1	Chr10_14657569_14657669	40	54	+	26.2857	4.06e-09	3.09e-05	GCACCTACATCCACG
GSRCCTACGTCCACG	MEME-1	Chr10_28074955_28075055	27	41	-	26.2857	4.06e-09	3.09e-05	GCACCTACATCCACG
GSRCCTACGTCCACG	MEME-1	Chr14_9855508_9855608	41	55	+	26.2857	4.06e-09	3.09e-05	GCACCTACATCCACG
GSRCCTACGTCCACG	MEME-1	Chr2_36782738_36782838	28	42	-	26.2857	4.06e-09	3.09e-05	GCACCTACATCCACG
GSRCCTACGTCCACG	MEME-1	Chr3_15624052_15624152	28	42	-	26.2857	4.06e-09	3.09e-05	GCACCTACATCCACG
GSRCCTACGTCCACG	MEME-1	Chr3_15127602_15127702	44	58	+	26.2857	4.06e-09	3.09e-05	GCACCTACATCCACG
GSRCCTACGTCCACG	MEME-1	Chr1_42825096_42825196	30	44	-	26.2857	4.06e-09	3.09e-05	GCACCTACATCCACG
GSRCCTACGTCCACG	MEME-1	Chr15_20407391_20407491	30	44	-	26.2857	4.06e-09	3.09e-05	GCACCTACATCCACG
GSRCCTACGTCCACG	MEME-1	Chr13_7383189_7383289	33	47	-	26.2857	4.06e-09	3.09e-05	GCACCTACATCCACG
GSRCCTACGTCCACG	MEME-1	Chr7_5319511_5319611	33	47	-	26.2857	4.06e-09	3.09e-05	GCACCTACATCCACG
GSRCCTACGTCCACG	MEME-1	Chr3_31182334_31182434	34	48	-	26.2857	4.06e-09	3.09e-05	GCACCTACATCCACG
GSRCCTACGTCCACG	MEME-1	Chr3_16002541_16002641	35	49	-	26.2857	4.06e-09	3.09e-05	GCACCTACATCCACG
GSRCCTACGTCCACG	MEME-1	Chr8_1643089_1643189	36	50	-	26.2857	4.06e-09	3.09e-05	GCACCTACATCCACG
GSRCCTACGTCCACG	MEME-1	Chr13_22577796_22577896	52	66	+	26.2857	4.06e-09	3.09e-05	GCACCTACATCCACG
GSRCCTACGTCCACG	MEME-1	Chr8_23891314_23891414	52	66	+	26.2857	4.06e-09	3.09e-05	GCACCTACATCCACG
GSRCCTACGTCCACG	MEME-1	Chr10_26104810_26104910	54	68	+	26.2857	4.06e-09	3.09e-05	GCACCTACATCCACG
GSRCCTACGTCCACG	MEME-1	Chr13_156856_156956	42	56	-	26.2857	4.06e-09	3.09e-05	GCACCTACATCCACG
GSRCCTACGTCCACG	MEME-1	Chr10_2626118_2626218	42	56	-	26.2857	4.06e-09	3.09e-05	GCACCTACATCCACG
GSRCCTACGTCCACG	MEME-1	Chr15_9803003_9803103	58	72	+	26.2857	4.06e-09	3.09e-05	GCACCTACATCCACG
GSRCCTACGTCCACG	MEME-1	Chr3_26247682_26247782	45	59	-	26.2857	4.06e-09	3.09e-05	GCACCTACATCCACG
GSRCCTACGTCCACG	MEME-1	Chr15_7340035_7340135	60	74	+	26.2857	4.06e-09	3.09e-05	GCACCTACATCCACG
GSRCCTACGTCCACG	MEME-1	Chr8_711161_711261	46	60	-	26.2857	4.06e-09	3.09e-05	GCACCTACATCCACG
GSRCCTACGTCCACG	MEME-1	Chr7_23507713_23507813	46	60	-	26.2857	4.06e-09	3.09e-05	GCACCTACATCCACG
GSRCCTACGTCCACG	MEME-1	Chr3_20411740_20411840	46	60	-	26.2857	4.06e-09	3.09e-05	GCACCTACATCCACG
GSRCCTACGTCCACG	MEME-1	Chr1_36144380_36144480	50	64	-	26.2857	4.06e-09	3.09e-05	GCACCTACATCCACG
GSRCCTACGTCCACG	MEME-1	Chr12_11297402_11297502	50	64	-	26.2857	4.06e-09	3.09e-05	GCACCTACATCCACG
GSRCCTACGTCCACG	MEME-1	Chr3_15785968_15786068	66	80	+	26.2857	4.06e-09	3.09e-05	GCACCTACATCCACG
GSRCCTACGTCCACG	MEME-1	Chr10_14803063_14803163	69	83	+	26.2857	4.06e-09	3.09e-05	GCACCTACATCCACG
GSRCCTACGTCCACG	MEME-1	Chr10_17619123_17619223	70	84	+	26.2857	4.06e-09	3.09e-05	GCACCTACATCCACG
GSRCCTACGTCCACG	MEME-1	Chr15_2338314_2338414	71	85	+	26.2857	4.06e-09	3.09e-05	GCACCTACATCCACG
GSRCCTACGTCCACG	MEME-1	Chr7_5308001_5308101	57	71	-	26.2857	4.06e-09	3.09e-05	GCACCTACATCCACG
GSRCCTACGTCCACG	MEME-1	Chr12_9806584_9806684	58	72	-	26.2857	4.06e-09	3.09e-05	GCACCTACATCCACG
GSRCCTACGTCCACG	MEME-1	Chr4_10915179_10915279	58	72	-	26.2857	4.06e-09	3.09e-05	GCACCTACATCCACG
GSRCCTACGTCCACG	MEME-1	Chr14_15675430_15675530	74	88	+	26.2857	4.06e-09	3.09e-05	GCACCTACATCCACG
GSRCCTACGTCCACG	MEME-1	Chr1_21795871_21795971	74	88	+	26.2857	4.06e-09	3.09e-05	GCACCTACATCCACG
GSRCCTACGTCCACG	MEME-1	Chr13_22589054_22589154	75	89	+	26.2857	4.06e-09	3.09e-05	GCACCTACATCCACG
GSRCCTACGTCCACG	MEME-1	Chr14_1643397_1643497	75	89	+	26.2857	4.06e-09	3.09e-05	GCACCTACATCCACG
GSRCCTACGTCCACG	MEME-1	Chr4_9709961_9710061	75	89	+	26.2857	4.06e-09	3.09e-05	GCACCTACATCCACG
GSRCCTACGTCCACG	MEME-1	Chr3_32751623_32751723	75	89	+	26.2857	4.06e-09	3.09e-05	GCACCTACATCCACG
GSRCCTACGTCCACG	MEME-1	Chr1_14724835_14724935	76	90	+	26.2857	4.06e-09	3.09e-05	GCACCTACATCCACG
GSRCCTACGTCCACG	MEME-1	Chr5_26324707_26324807	64	78	-	26.2857	4.06e-09	3.09e-05	GCACCTACATCCACG
GSRCCTACGTCCACG	MEME-1	Chr10_17670543_17670643	82	96	+	26.2857	4.06e-09	3.09e-05	GCACCTACATCCACG
GSRCCTACGTCCACG	MEME-1	Chr9_23632369_23632469	82	96	+	26.2857	4.06e-09	3.09e-05	GCACCTACATCCACG
GSRCCTACGTCCACG	MEME-1	Chr4_27227883_27227983	85	99	+	26.2857	4.06e-09	3.09e-05	GCACCTACATCCACG
GSRCCTACGTCCACG	MEME-1	Chr10_10208423_10208523	73	87	-	26.2857	4.06e-09	3.09e-05	GCACCTACATCCACG
GSRCCTACGTCCACG	MEME-1	Chr1_33219510_33219610	76	90	-	26.2857	4.06e-09	3.09e-05	GCACCTACATCCACG
GSRCCTACGTCCACG	MEME-1	Chr10_11554523_11554623	76	90	-	26.2857	4.06e-09	3.09e-05	GCACCTACATCCACG
GSRCCTACGTCCACG	MEME-1	Chr2_36972656_36972756	1	15	-	25.4	4.56e-09	3.09e-05	AGGCCTACGTCCACG
GSRCCTACGTCCACG	MEME-1	Chr7_11125546_11125646	1	15	-	25.4	4.56e-09	3.09e-05	AGGCCTACGTCCACG
GSRCCTACGTCCACG	MEME-1	Chr10_16593419_16593519	2	16	-	25.4	4.56e-09	3.09e-05	AGGCCTACGTCCACG
GSRCCTACGTCCACG	MEME-1	Chr5_11044658_11044758	3	17	-	25.4	4.56e-09	3.09e-05	AGGCCTACGTCCACG
GSRCCTACGTCCACG	MEME-1	Chr7_6437715_6437815	3	17	-	25.4	4.56e-09	3.09e-05	AGGCCTACGTCCACG
GSRCCTACGTCCACG	MEME-1	Chr3_16357525_16357625	4	18	-	25.4	4.56e-09	3.09e-05	AGGCCTACGTCCACG
GSRCCTACGTCCACG	MEME-1	Chr1_26409484_26409584	7	21	-	25.4	4.56e-09	3.09e-05	AGGCCTACGTCCACG
GSRCCTACGTCCACG	MEME-1	Chr7_15976002_15976102	9	23	-	25.4	4.56e-09	3.09e-05	AGGCCTACGTCCACG
GSRCCTACGTCCACG	MEME-1	Chr1_19383066_19383166	10	24	-	25.4	4.56e-09	3.09e-05	AGGCCTACGTCCACG
GSRCCTACGTCCACG	MEME-1	Chr15_7140858_7140958	10	24	-	25.4	4.56e-09	3.09e-05	AGGCCTACGTCCACG
GSRCCTACGTCCACG	MEME-1	Chr7_8015534_8015634	10	24	-	25.4	4.56e-09	3.09e-05	AGGCCTACGTCCACG
GSRCCTACGTCCACG	MEME-1	Chr15_11458750_11458850	11	25	-	25.4	4.56e-09	3.09e-05	AGGCCTACGTCCACG
GSRCCTACGTCCACG	MEME-1	Chr3_31960564_31960664	12	26	-	25.4	4.56e-09	3.09e-05	AGGCCTACGTCCACG
GSRCCTACGTCCACG	MEME-1	Chr12_4118513_4118613	14	28	-	25.4	4.56e-09	3.09e-05	AGGCCTACGTCCACG
GSRCCTACGTCCACG	MEME-1	Chr3_24088869_24088969	14	28	-	25.4	4.56e-09	3.09e-05	AGGCCTACGTCCACG
GSRCCTACGTCCACG	MEME-1	Chr1_26420816_26420916	15	29	-	25.4	4.56e-09	3.09e-05	AGGCCTACGTCCACG
GSRCCTACGTCCACG	MEME-1	Chr10_3150079_3150179	16	30	-	25.4	4.56e-09	3.09e-05	AGGCCTACGTCCACG
GSRCCTACGTCCACG	MEME-1	Chr4_7733312_7733412	16	30	-	25.4	4.56e-09	3.09e-05	AGGCCTACGTCCACG
GSRCCTACGTCCACG	MEME-1	Chr7_26338380_26338480	16	30	-	25.4	4.56e-09	3.09e-05	AGGCCTACGTCCACG
GSRCCTACGTCCACG	MEME-1	Chr10_23024919_23025019	17	31	-	25.4	4.56e-09	3.09e-05	AGGCCTACGTCCACG
GSRCCTACGTCCACG	MEME-1	Chr12_19455420_19455520	19	33	-	25.4	4.56e-09	3.09e-05	AGGCCTACGTCCACG
GSRCCTACGTCCACG	MEME-1	Chr3_31834147_31834247	19	33	-	25.4	4.56e-09	3.09e-05	AGGCCTACGTCCACG
GSRCCTACGTCCACG	MEME-1	Chr13_13061230_13061330	19	33	-	25.4	4.56e-09	3.09e-05	AGGCCTACGTCCACG
GSRCCTACGTCCACG	MEME-1	Chr1_31753194_31753294	21	35	-	25.4	4.56e-09	3.09e-05	AGGCCTACGTCCACG
GSRCCTACGTCCACG	MEME-1	Chr10_8189101_8189201	21	35	-	25.4	4.56e-09	3.09e-05	AGGCCTACGTCCACG
GSRCCTACGTCCACG	MEME-1	Chr7_23876098_23876198	35	49	+	25.4	4.56e-09	3.09e-05	AGGCCTACGTCCACG
GSRCCTACGTCCACG	MEME-1	Chr5_12201812_12201912	22	36	-	25.4	4.56e-09	3.09e-05	AGGCCTACGTCCACG
GSRCCTACGTCCACG	MEME-1	Chr3_10983250_10983350	22	36	-	25.4	4.56e-09	3.09e-05	AGGCCTACGTCCACG
GSRCCTACGTCCACG	MEME-1	Chr14_14069959_14070059	23	37	-	25.4	4.56e-09	3.09e-05	AGGCCTACGTCCACG
GSRCCTACGTCCACG	MEME-1	Chr14_12127052_12127152	23	37	-	25.4	4.56e-09	3.09e-05	AGGCCTACGTCCACG
GSRCCTACGTCCACG	MEME-1	Chr4_19764972_19765072	24	38	-	25.4	4.56e-09	3.09e-05	AGGCCTACGTCCACG
GSRCCTACGTCCACG	MEME-1	Chr10_12751718_12751818	46	60	+	25.4	4.56e-09	3.09e-05	AGGCCTACGTCCACG
GSRCCTACGTCCACG	MEME-1	Chr15_11273275_11273375	35	49	-	25.4	4.56e-09	3.09e-05	AGGCCTACGTCCACG
GSRCCTACGTCCACG	MEME-1	Chr1_15052784_15052884	50	64	+	25.4	4.56e-09	3.09e-05	AGGCCTACGTCCACG
GSRCCTACGTCCACG	MEME-1	Chr10_19592551_19592651	36	50	-	25.4	4.56e-09	3.09e-05	AGGCCTACGTCCACG
GSRCCTACGTCCACG	MEME-1	Chr1_33913664_33913764	40	54	-	25.4	4.56e-09	3.09e-05	AGGCCTACGTCCACG
GSRCCTACGTCCACG	MEME-1	Chr4_1538272_1538372	54	68	+	25.4	4.56e-09	3.09e-05	AGGCCTACGTCCACG
GSRCCTACGTCCACG	MEME-1	Chr1_23465958_23466058	42	56	-	25.4	4.56e-09	3.09e-05	AGGCCTACGTCCACG
GSRCCTACGTCCACG	MEME-1	Chr7_8355853_8355953	42	56	-	25.4	4.56e-09	3.09e-05	AGGCCTACGTCCACG
GSRCCTACGTCCACG	MEME-1	Chr4_1119714_1119814	57	71	+	25.4	4.56e-09	3.09e-05	AGGCCTACGTCCACG
GSRCCTACGTCCACG	MEME-1	Chr12_3887719_3887819	61	75	+	25.4	4.56e-09	3.09e-05	AGGCCTACGTCCACG
GSRCCTACGTCCACG	MEME-1	Chr14_6533277_6533377	62	76	+	25.4	4.56e-09	3.09e-05	AGGCCTACGTCCACG
GSRCCTACGTCCACG	MEME-1	Chr10_27646736_27646836	65	79	+	25.4	4.56e-09	3.09e-05	AGGCCTACGTCCACG
GSRCCTACGTCCACG	MEME-1	Chr7_30743020_30743120	67	81	+	25.4	4.56e-09	3.09e-05	AGGCCTACGTCCACG
GSRCCTACGTCCACG	MEME-1	Chr9_4119475_4119575	70	84	+	25.4	4.56e-09	3.09e-05	AGGCCTACGTCCACG
GSRCCTACGTCCACG	MEME-1	Chr2_7815365_7815465	70	84	+	25.4	4.56e-09	3.09e-05	AGGCCTACGTCCACG
GSRCCTACGTCCACG	MEME-1	Chr2_36214571_36214671	73	87	+	25.4	4.56e-09	3.09e-05	AGGCCTACGTCCACG
GSRCCTACGTCCACG	MEME-1	Chr1_14538858_14538958	73	87	+	25.4	4.56e-09	3.09e-05	AGGCCTACGTCCACG
GSRCCTACGTCCACG	MEME-1	Chr1_4347136_4347236	73	87	+	25.4	4.56e-09	3.09e-05	AGGCCTACGTCCACG
GSRCCTACGTCCACG	MEME-1	Chr14_11367363_11367463	75	89	+	25.4	4.56e-09	3.09e-05	AGGCCTACGTCCACG
GSRCCTACGTCCACG	MEME-1	Chr9_19320525_19320625	76	90	+	25.4	4.56e-09	3.09e-05	AGGCCTACGTCCACG
GSRCCTACGTCCACG	MEME-1	Chr11_2729772_2729872	77	91	+	25.4	4.56e-09	3.09e-05	AGGCCTACGTCCACG
GSRCCTACGTCCACG	MEME-1	Chr2_7803695_7803795	77	91	+	25.4	4.56e-09	3.09e-05	AGGCCTACGTCCACG
GSRCCTACGTCCACG	MEME-1	Chr8_29317533_29317633	78	92	+	25.4	4.56e-09	3.09e-05	AGGCCTACGTCCACG
GSRCCTACGTCCACG	MEME-1	Chr7_12028396_12028496	78	92	+	25.4	4.56e-09	3.09e-05	AGGCCTACGTCCACG
GSRCCTACGTCCACG	MEME-1	Chr7_3700934_3701034	78	92	+	25.4	4.56e-09	3.09e-05	AGGCCTACGTCCACG
GSRCCTACGTCCACG	MEME-1	Chr4_9738666_9738766	80	94	+	25.4	4.56e-09	3.09e-05	AGGCCTACGTCCACG
GSRCCTACGTCCACG	MEME-1	Chr14_10764655_10764755	80	94	+	25.4	4.56e-09	3.09e-05	AGGCCTACGTCCACG
GSRCCTACGTCCACG	MEME-1	Chr7_13506588_13506688	82	96	+	25.4	4.56e-09	3.09e-05	AGGCCTACGTCCACG
GSRCCTACGTCCACG	MEME-1	Chr6_29580292_29580392	83	97	+	25.4	4.56e-09	3.09e-05	AGGCCTACGTCCACG
GSRCCTACGTCCACG	MEME-1	Chr14_4042554_4042654	84	98	+	25.4	4.56e-09	3.09e-05	AGGCCTACGTCCACG
GSRCCTACGTCCACG	MEME-1	Chr8_15740238_15740338	84	98	+	25.4	4.56e-09	3.09e-05	AGGCCTACGTCCACG
GSRCCTACGTCCACG	MEME-1	Chr12_13413862_13413962	85	99	+	25.4	4.56e-09	3.09e-05	AGGCCTACGTCCACG
GSRCCTACGTCCACG	MEME-1	Chr2_35305726_35305826	86	100	+	25.4	4.56e-09	3.09e-05	AGGCCTACGTCCACG
GSRCCTACGTCCACG	MEME-1	Chr2_31636998_31637098	86	100	+	25.4	4.56e-09	3.09e-05	AGGCCTACGTCCACG
GSRCCTACGTCCACG	MEME-1	Chr6_22923242_22923342	87	101	+	25.4	4.56e-09	3.09e-05	AGGCCTACGTCCACG
GSRCCTACGTCCACG	MEME-1	Chr2_18575996_18576096	87	101	+	25.4	4.56e-09	3.09e-05	AGGCCTACGTCCACG
GSRCCTACGTCCACG	MEME-1	Chr9_11392487_11392587	87	101	+	25.4	4.56e-09	3.09e-05	AGGCCTACGTCCACG
GSRCCTACGTCCACG	MEME-1	Chr5_24864042_24864142	6	20	-	25.3429	5.68e-09	3.82e-05	AGACCTACGTCCACG
GSRCCTACGTCCACG	MEME-1	Chr1_21543380_21543480	15	29	-	25.3429	5.68e-09	3.82e-05	AGACCTACGTCCACG
GSRCCTACGTCCACG	MEME-1	Chr5_5936292_5936392	3	17	-	24.6286	8.42e-09	5.35e-05	GTGCCTACGTCCACG
GSRCCTACGTCCACG	MEME-1	Chr14_22732445_22732545	10	24	-	24.6286	8.42e-09	5.35e-05	GAGCCTACGTCCACG
GSRCCTACGTCCACG	MEME-1	Chr1_38561578_38561678	14	28	-	24.6286	8.42e-09	5.35e-05	GTGCCTACGTCCACG
GSRCCTACGTCCACG	MEME-1	Chr10_12851533_12851633	14	28	-	24.6286	8.42e-09	5.35e-05	GTGCCTACGTCCACG
GSRCCTACGTCCACG	MEME-1	Chr1_46672067_46672167	34	48	+	24.6286	8.42e-09	5.35e-05	GTGCCTACGTCCACG
GSRCCTACGTCCACG	MEME-1	Chr3_19977864_19977964	22	36	-	24.6286	8.42e-09	5.35e-05	GTGCCTACGTCCACG
GSRCCTACGTCCACG	MEME-1	Chr9_6866834_6866934	27	41	-	24.6286	8.42e-09	5.35e-05	GTGCCTACGTCCACG
GSRCCTACGTCCACG	MEME-1	Chr11_18399762_18399862	47	61	+	24.6286	8.42e-09	5.35e-05	GTGCCTACGTCCACG
GSRCCTACGTCCACG	MEME-1	Chr10_19267407_19267507	43	57	-	24.6286	8.42e-09	5.35e-05	GTGCCTACGTCCACG
GSRCCTACGTCCACG	MEME-1	Chr6_87727_87827	44	58	-	24.6286	8.42e-09	5.35e-05	GTGCCTACGTCCACG
GSRCCTACGTCCACG	MEME-1	Chr1_35983027_35983127	68	82	+	24.6286	8.42e-09	5.35e-05	GAGCCTACGTCCACG
GSRCCTACGTCCACG	MEME-1	Chr3_7575528_7575628	55	69	-	24.6286	8.42e-09	5.35e-05	GTGCCTACGTCCACG
GSRCCTACGTCCACG	MEME-1	Chr3_31171835_31171935	74	88	+	24.6286	8.42e-09	5.35e-05	GTGCCTACGTCCACG
GSRCCTACGTCCACG	MEME-1	Chr9_28697961_28698061	75	89	+	24.6286	8.42e-09	5.35e-05	GTGCCTACGTCCACG
GSRCCTACGTCCACG	MEME-1	Chr5_15694744_15694844	75	89	+	24.6286	8.42e-09	5.35e-05	GAGCCTACGTCCACG
GSRCCTACGTCCACG	MEME-1	Chr8_28821063_28821163	78	92	+	24.6286	8.42e-09	5.35e-05	GAGCCTACGTCCACG
GSRCCTACGTCCACG	MEME-1	Chr11_1400086_1400186	87	101	+	24.6286	8.42e-09	5.35e-05	GTGCCTACGTCCACG
GSRCCTACGTCCACG	MEME-1	Chr7_10310409_10310509	15	29	-	24.4429	1.11e-08	6.44e-05	ACACCTACATCCACG
GSRCCTACGTCCACG	MEME-1	Chr14_4061698_4061798	32	46	+	24.4429	1.11e-08	6.44e-05	ACACCTACATCCACG
GSRCCTACGTCCACG	MEME-1	Chr4_15131974_15132074	24	38	-	24.4429	1.11e-08	6.44e-05	ACACCTACATCCACG
GSRCCTACGTCCACG	MEME-1	Chr1_19638353_19638453	1	15	-	24.3143	1.16e-08	6.44e-05	TGGCCTACGTCCACG
GSRCCTACGTCCACG	MEME-1	Chr6_8645818_8645918	3	17	-	24.3143	1.16e-08	6.44e-05	TGGCCTACGTCCACG
GSRCCTACGTCCACG	MEME-1	Chr14_9969962_9970062	19	33	+	24.3143	1.16e-08	6.44e-05	TGGCCTACGTCCACG
GSRCCTACGTCCACG	MEME-1	Chr12_14037345_14037445	6	20	-	24.3143	1.16e-08	6.44e-05	TGGCCTACGTCCACG
GSRCCTACGTCCACG	MEME-1	Chr12_983923_984023	7	21	-	24.3143	1.16e-08	6.44e-05	TGGCCTACGTCCACG
GSRCCTACGTCCACG	MEME-1	Chr10_1798790_1798890	7	21	-	24.3143	1.16e-08	6.44e-05	TGGCCTACGTCCACG
GSRCCTACGTCCACG	MEME-1	Chr8_24908678_24908778	7	21	-	24.3143	1.16e-08	6.44e-05	TGGCCTACGTCCACG
GSRCCTACGTCCACG	MEME-1	Chr15_16278743_16278843	8	22	-	24.3143	1.16e-08	6.44e-05	TGGCCTACGTCCACG
GSRCCTACGTCCACG	MEME-1	Chr4_28301955_28302055	24	38	+	24.3143	1.16e-08	6.44e-05	TGGCCTACGTCCACG
GSRCCTACGTCCACG	MEME-1	Chr10_2416345_2416445	13	27	-	24.3143	1.16e-08	6.44e-05	TGGCCTACGTCCACG
GSRCCTACGTCCACG	MEME-1	Chr4_208895_208995	13	27	-	24.3143	1.16e-08	6.44e-05	TGGCCTACGTCCACG
GSRCCTACGTCCACG	MEME-1	Chr4_17361215_17361315	14	28	-	24.3143	1.16e-08	6.44e-05	TGGCCTACGTCCACG
GSRCCTACGTCCACG	MEME-1	Chr6_10546194_10546294	16	30	-	24.3143	1.16e-08	6.44e-05	TGGCCTACGTCCACG
GSRCCTACGTCCACG	MEME-1	Chr11_3640888_3640988	16	30	-	24.3143	1.16e-08	6.44e-05	TGGCCTACGTCCACG
GSRCCTACGTCCACG	MEME-1	Chr7_4361826_4361926	30	44	+	24.3143	1.16e-08	6.44e-05	TGGCCTACGTCCACG
GSRCCTACGTCCACG	MEME-1	Chr9_1362453_1362553	17	31	-	24.3143	1.16e-08	6.44e-05	TGGCCTACGTCCACG
GSRCCTACGTCCACG	MEME-1	Chr1_38937399_38937499	18	32	-	24.3143	1.16e-08	6.44e-05	TGGCCTACGTCCACG
GSRCCTACGTCCACG	MEME-1	Chr9_22338557_22338657	18	32	-	24.3143	1.16e-08	6.44e-05	TGGCCTACGTCCACG
GSRCCTACGTCCACG	MEME-1	Chr1_49705704_49705804	23	37	-	24.3143	1.16e-08	6.44e-05	TGGCCTACGTCCACG
GSRCCTACGTCCACG	MEME-1	Chr2_29639273_29639373	24	38	-	24.3143	1.16e-08	6.44e-05	TGGCCTACGTCCACG
GSRCCTACGTCCACG	MEME-1	Chr6_22969670_22969770	26	40	-	24.3143	1.16e-08	6.44e-05	TGGCCTACGTCCACG
GSRCCTACGTCCACG	MEME-1	Chr5_16885608_16885708	56	70	+	24.3143	1.16e-08	6.44e-05	TGGCCTACGTCCACG
GSRCCTACGTCCACG	MEME-1	Chr2_21296487_21296587	45	59	-	24.3143	1.16e-08	6.44e-05	TGGCCTACGTCCACG
GSRCCTACGTCCACG	MEME-1	Chr7_24939825_24939925	63	77	+	24.3143	1.16e-08	6.44e-05	TGGCCTACGTCCACG
GSRCCTACGTCCACG	MEME-1	Chr12_16037040_16037140	64	78	+	24.3143	1.16e-08	6.44e-05	TGGCCTACGTCCACG
GSRCCTACGTCCACG	MEME-1	Chr5_15714932_15715032	64	78	+	24.3143	1.16e-08	6.44e-05	TGGCCTACGTCCACG
GSRCCTACGTCCACG	MEME-1	Chr4_28844732_28844832	65	79	+	24.3143	1.16e-08	6.44e-05	TGGCCTACGTCCACG
GSRCCTACGTCCACG	MEME-1	Chr8_5361735_5361835	65	79	+	24.3143	1.16e-08	6.44e-05	TGGCCTACGTCCACG
GSRCCTACGTCCACG	MEME-1	Chr12_13162579_13162679	70	84	+	24.3143	1.16e-08	6.44e-05	TGGCCTACGTCCACG
GSRCCTACGTCCACG	MEME-1	Chr8_27790498_27790598	71	85	+	24.3143	1.16e-08	6.44e-05	TGGCCTACGTCCACG
GSRCCTACGTCCACG	MEME-1	Chr5_24797137_24797237	74	88	+	24.3143	1.16e-08	6.44e-05	TGGCCTACGTCCACG
GSRCCTACGTCCACG	MEME-1	Chr2_10831949_10832049	76	90	+	24.3143	1.16e-08	6.44e-05	TGGCCTACGTCCACG
GSRCCTACGTCCACG	MEME-1	Chr8_5373168_5373268	81	95	+	24.3143	1.16e-08	6.44e-05	TGGCCTACGTCCACG
GSRCCTACGTCCACG	MEME-1	Chr6_21358295_21358395	82	96	+	24.3143	1.16e-08	6.44e-05	TGGCCTACGTCCACG
GSRCCTACGTCCACG	MEME-1	Chr13_23825079_23825179	83	97	+	24.3143	1.16e-08	6.44e-05	TGGCCTACGTCCACG
GSRCCTACGTCCACG	MEME-1	Chr1_30408478_30408578	83	97	+	24.3143	1.16e-08	6.44e-05	TGGCCTACGTCCACG
GSRCCTACGTCCACG	MEME-1	Chr7_26141036_26141136	84	98	+	24.3143	1.16e-08	6.44e-05	TGGCCTACGTCCACG
GSRCCTACGTCCACG	MEME-1	Chr6_23476891_23476991	85	99	+	24.3143	1.16e-08	6.44e-05	TGGCCTACGTCCACG
GSRCCTACGTCCACG	MEME-1	Chr11_14900225_14900325	87	101	+	24.3143	1.16e-08	6.44e-05	TGGCCTACGTCCACG
GSRCCTACGTCCACG	MEME-1	Chr7_15138284_15138384	5	19	-	24.2571	1.22e-08	6.77e-05	TGACCTACGTCCACG
GSRCCTACGTCCACG	MEME-1	Chr11_23920690_23920790	22	36	-	23.4429	1.36e-08	7.52e-05	AGACCTACATCCACG
GSRCCTACGTCCACG	MEME-1	Chr10_25928992_25929092	2	16	-	22.7857	1.62e-08	8.77e-05	AAGCCTACGTCCACG
GSRCCTACGTCCACG	MEME-1	Chr14_14344281_14344381	30	44	-	22.7857	1.62e-08	8.77e-05	AAGCCTACGTCCACG
GSRCCTACGTCCACG	MEME-1	Chr1_32792380_32792480	53	67	+	22.7857	1.62e-08	8.77e-05	AAGCCTACGTCCACG
GSRCCTACGTCCACG	MEME-1	Chr5_32514578_32514678	54	68	+	22.7857	1.62e-08	8.77e-05	AAGCCTACGTCCACG
GSRCCTACGTCCACG	MEME-1	Chr14_9470154_9470254	50	64	-	22.7857	1.62e-08	8.77e-05	AAGCCTACGTCCACG
GSRCCTACGTCCACG	MEME-1	Chr8_18605937_18606037	69	83	+	22.7857	1.62e-08	8.77e-05	AAGCCTACGTCCACG
GSRCCTACGTCCACG	MEME-1	Chr6_17999340_17999440	71	85	+	22.7857	1.62e-08	8.77e-05	AAGCCTACGTCCACG
GSRCCTACGTCCACG	MEME-1	Chr9_18720707_18720807	79	93	+	22.7857	1.62e-08	8.77e-05	AAGCCTACGTCCACG
GSRCCTACGTCCACG	MEME-1	Chr5_23162937_23163037	24	38	+	22.7286	1.9e-08	9.83e-05	AAACCTACGTCCACG
GSRCCTACGTCCACG	MEME-1	Chr8_10397346_10397446	11	25	-	22.7286	1.9e-08	9.83e-05	GTGCCTACATCCACG
GSRCCTACGTCCACG	MEME-1	Chr6_24802029_24802129	12	26	-	22.7286	1.9e-08	9.83e-05	GTGCCTACATCCACG
GSRCCTACGTCCACG	MEME-1	Chr11_9193137_9193237	27	41	+	22.7286	1.9e-08	9.83e-05	AAACCTACGTCCACG
GSRCCTACGTCCACG	MEME-1	Chr3_7464637_7464737	28	42	+	22.7286	1.9e-08	9.83e-05	GTGCCTACATCCACG
GSRCCTACGTCCACG	MEME-1	Chr12_19720951_19721051	16	30	-	22.7286	1.9e-08	9.83e-05	AAACCTACGTCCACG
GSRCCTACGTCCACG	MEME-1	Chr8_161731_161831	17	31	-	22.7286	1.9e-08	9.83e-05	AAACCTACGTCCACG
GSRCCTACGTCCACG	MEME-1	Chr7_30613340_30613440	39	53	+	22.7286	1.9e-08	9.83e-05	AAACCTACGTCCACG
GSRCCTACGTCCACG	MEME-1	Chr5_9486621_9486721	31	45	-	22.7286	1.9e-08	9.83e-05	AAACCTACGTCCACG
GSRCCTACGTCCACG	MEME-1	Chr11_10987098_10987198	51	65	+	22.7286	1.9e-08	9.83e-05	AAACCTACGTCCACG
GSRCCTACGTCCACG	MEME-1	Chr1_37699625_37699725	59	73	+	22.7286	1.9e-08	9.83e-05	GAGCCTACATCCACG
GSRCCTACGTCCACG	MEME-1	Chr3_3598811_3598911	47	61	-	22.7286	1.9e-08	9.83e-05	GTGCCTACATCCACG
GSRCCTACGTCCACG	MEME-1	Chr2_38831378_38831478	66	80	+	22.7286	1.9e-08	9.83e-05	AAACCTACGTCCACG
GSRCCTACGTCCACG	MEME-1	Chr8_25403631_25403731	68	82	+	22.7286	1.9e-08	9.83e-05	GTGCCTACATCCACG
GSRCCTACGTCCACG	MEME-1	Chr10_16560276_16560376	83	97	+	22.7286	1.9e-08	9.83e-05	GTGCCTACATCCACG
GSRCCTACGTCCACG	MEME-1	Chr15_7922967_7923067	85	99	-	22.7286	1.9e-08	9.83e-05	GTGCCTACATCCACG
GSRCCTACGTCCACG	MEME-1	Chr10_13211320_13211420	62	76	+	22.6714	2.05e-08	0.000106	GTACCTACATCCACG
GSRCCTACGTCCACG	MEME-1	Chr4_480288_480388	2	16	+	22.4143	2.11e-08	0.000109	TGGCCTACATCCACG
GSRCCTACGTCCACG	MEME-1	Chr7_17415748_17415848	5	19	-	22.4143	2.11e-08	0.000109	TGGCCTACATCCACG
GSRCCTACGTCCACG	MEME-1	Chr1_7165615_7165715	3	17	-	22.1714	2.24e-08	0.000115	GCGTCTACGTCCACG
GSRCCTACGTCCACG	MEME-1	Chr2_31130116_31130216	40	54	+	21.3571	2.63e-08	0.000134	GCGCCTACGTTCACG
GSRCCTACGTCCACG	MEME-1	Chr7_28575653_28575753	68	82	+	20.9429	2.9e-08	0.000148	GCGCCTATGTCCACG
GSRCCTACGTCCACG	MEME-1	Chr10_12277425_12277525	74	88	+	20.9429	2.9e-08	0.000148	GCGCCTATGTCCACG
GSRCCTACGTCCACG	MEME-1	Chr6_3848098_3848198	3	17	-	20.8857	3.18e-08	0.00016	GCACCTACGTCTACG
GSRCCTACGTCCACG	MEME-1	Chr1_5981307_5981407	15	29	-	20.8857	3.18e-08	0.00016	GCACCTACGTCTACG
GSRCCTACGTCCACG	MEME-1	Chr10_11416165_11416265	27	41	-	20.8857	3.18e-08	0.00016	GCACCTATGTCCACG
GSRCCTACGTCCACG	MEME-1	Chr3_20631583_20631683	28	42	-	20.8857	3.18e-08	0.00016	GCACCTACGTCTACG
GSRCCTACGTCCACG	MEME-1	Chr15_13687544_13687644	19	33	-	20.3571	3.47e-08	0.000174	GCGCCTACGTCCACA
GSRCCTACGTCCACG	MEME-1	Chr2_25431108_25431208	68	82	+	20.3571	3.47e-08	0.000174	GCGCCTACGTCCACA
GSRCCTACGTCCACG	MEME-1	Chr1_5161111_5161211	4	18	-	20.3	3.66e-08	0.000182	GCACCTACGTCCACA
GSRCCTACGTCCACG	MEME-1	Chr12_19077818_19077918	74	88	+	20.3	3.66e-08	0.000182	GCACCTACGTCCACA
GSRCCTACGTCCACG	MEME-1	Chr9_13293189_13293289	3	17	-	20.2714	3.8e-08	0.000189	GCGTCTACATCCACG
GSRCCTACGTCCACG	MEME-1	Chr4_25355922_25356022	11	25	-	19.7429	4.56e-08	0.000225	GCACCTACTTCCACG
GSRCCTACGTCCACG	MEME-1	Chr3_7700221_7700321	86	100	+	19.7429	4.56e-08	0.000225	GCACCTACTTCCACG
GSRCCTACGTCCACG	MEME-1	Chr4_33621923_33622023	82	96	+	19.3857	4.88e-08	0.000241	GCGCTTACGTCCACG
GSRCCTACGTCCACG	MEME-1	Chr2_26695892_26695992	15	29	-	19.3286	5.06e-08	0.000249	AGGTCTACGTCCACG
GSRCCTACGTCCACG	MEME-1	Chr3_34364538_34364638	15	29	-	18.9857	6.03e-08	0.000294	GCACCTATATCCACG
GSRCCTACGTCCACG	MEME-1	Chr7_4586279_4586379	76	90	+	18.9857	6.03e-08	0.000294	GCACCTATATCCACG
GSRCCTACGTCCACG	MEME-1	Chr9_23386482_23386582	86	100	+	18.9857	6.03e-08	0.000294	GCACCTATATCCACG
GSRCCTACGTCCACG	MEME-1	Chr5_8593895_8593995	13	27	-	18.5571	6.27e-08	0.000304	GAGTCTACGTCCACG
GSRCCTACGTCCACG	MEME-1	Chr10_11973991_11974091	60	74	-	18.5571	6.27e-08	0.000304	GAGTCTACGTCCACG
GSRCCTACGTCCACG	MEME-1	Chr2_36096563_36096663	31	45	-	18.5143	6.39e-08	0.000309	AGGCCTACGTTCACG
GSRCCTACGTCCACG	MEME-1	Chr15_2201940_2202040	1	15	-	18.1	7.66e-08	0.00037	AGGCCTATGTCCACG
GSRCCTACGTCCACG	MEME-1	Chr5_15385555_15385655	76	90	-	17.7429	8.63e-08	0.000416	GTGCCTACGTTCACG
GSRCCTACGTCCACG	MEME-1	Chr6_29984037_29984137	77	91	+	17.5143	9.08e-08	0.000436	AGGCCTACGTCCACA
GSRCCTACGTCCACG	MEME-1	Chr8_16510258_16510358	27	41	-	17.4286	9.64e-08	0.000462	TGGCCTACGTTCACG
GSRCCTACGTCCACG	MEME-1	Chr1_25900468_25900568	36	50	-	16.6571	1.24e-07	0.00059	GTGTCTACATCCACG
GSRCCTACGTCCACG	MEME-1	Chr14_16498726_16498826	58	72	-	16.6571	1.24e-07	0.00059	GTGTCTACATCCACG
GSRCCTACGTCCACG	MEME-1	Chr9_28767253_28767353	23	37	+	15.5857	1.63e-07	0.000774	ACACTTACATCCACG
GSRCCTACGTCCACG	MEME-1	Chr6_13490000_13490100	50	64	-	14.8429	1.96e-07	0.000931	AAACCTACGTCCACA
GSRCCTACGTCCACG	MEME-1	Chr15_23096646_23096746	9	23	+	14.6857	2.08e-07	0.000985	CCACCTACGTCCACG
GSRCCTACGTCCACG	MEME-1	Chr1_32172170_32172270	6	20	-	13.7429	2.74e-07	0.00129	CGGCCTACGTCCACG
GSRCCTACGTCCACG	MEME-1	Chr11_5945383_5945483	9	23	-	12.2	4.52e-07	0.00212	GCACCTACATCCATG
GSRCCTACGTCCACG	MEME-1	Chr10_11048080_11048180	17	31	-	12.2	4.52e-07	0.00212	GCACCTACATCCATG
GSRCCTACGTCCACG	MEME-1	Chr8_11472943_11473043	83	97	+	12.2	4.52e-07	0.00212	GCACCTACATCCATG
GSRCCTACGTCCACG	MEME-1	Chr14_21382392_21382492	3	17	-	11.3143	5.64e-07	0.00264	AGGCCTACGTCCATG
GSRCCTACGTCCACG	MEME-1	Chr10_26911550_26911650	61	75	+	10.5429	7.44e-07	0.00347	GTGCCTACGTCCATG
GSRCCTACGTCCACG	MEME-1	Chr7_565476_565576	75	89	+	10.2286	8.37e-07	0.00389	TGGCCTACGTCCATG
GSRCCTACGTCCACG	MEME-1	Chr1_30215951_30216051	55	69	+	9.22857	1.06e-06	0.00493	CAGCCTACATCCACG
GSRCCTACGTCCACG	MEME-1	Chr8_15622777_15622877	68	82	-	8.74286	1.18e-06	0.00546	TTTCCTACGTCCACG
GSRCCTACGTCCACG	MEME-1	Chr3_33277363_33277463	69	83	+	8.7	1.2e-06	0.00556	ATGCATACGTCCACG
GSRCCTACGTCCACG	MEME-1	Chr4_23045070_23045170	18	32	+	7.08571	1.74e-06	0.00803	GGGTCTACGTCCACC
GSRCCTACGTCCACG	MEME-1	Chr10_1905397_1905497	53	67	+	6.87143	1.82e-06	0.00835	ATATCTACATCCACA
GSRCCTACGTCCACG	MEME-1	Chr6_17979050_17979150	18	32	-	6.84286	1.84e-06	0.00842	TTCCCTACATCCACG
GSRCCTACGTCCACG	MEME-1	Chr12_409616_409716	15	29	-	6.74286	1.92e-06	0.00879	ATACCTACATCCAAG
GSRCCTACGTCCACG	MEME-1	Chr14_23113250_23113350	8	22	-	4.9	2.95e-06	0.0134	GCACCTACATCTAGG
GSRCCTACGTCCACG	MEME-1	Chr8_18245778_18245878	75	89	+	4.08571	3.59e-06	0.0163	AGATCTACGTCTACA
GSRCCTACGTCCACG	MEME-1	Chr2_26457220_26457320	1	15	-	3.47143	4.18e-06	0.019	GCATTTACATCCACA
GSRCCTACGTCCACG	MEME-1	Chr1_453747_453847	57	71	-	2.98571	4.69e-06	0.0213	ATATCTACCTCCACG
GSRCCTACGTCCACG	MEME-1	Chr6_9211414_9211514	43	57	+	2.67143	5.05e-06	0.0227	TTTTCTACGTCCACG
GSRCCTACGTCCACG	MEME-1	Chr5_24549212_24549312	33	47	-	2.67143	5.05e-06	0.0227	TTCTCTACGTCCACG
GSRCCTACGTCCACG	MEME-1	Chr10_4776348_4776448	34	48	-	2.67143	5.05e-06	0.0227	TTCTCTACGTCCACG
GSRCCTACGTCCACG	MEME-1	Chr12_18430378_18430478	27	41	+	1.74286	6.23e-06	0.028	TGAGCTACTTCCACG
GSRCCTACGTCCACG	MEME-1	Chr3_8520190_8520290	38	52	-	1.55714	6.55e-06	0.0292	ACGCTTACATCAACG
GSRCCTACGTCCACG	MEME-1	Chr14_10251930_10252030	72	86	-	1.55714	6.55e-06	0.0292	TTGTCTACGTACACG
GSRCCTACGTCCACG	MEME-1	Chr15_7164226_7164326	84	98	-	0.614286	7.94e-06	0.0354	TTGCCTATGTCCTCG
GSRCCTACGTCCACG	MEME-1	Chr15_5899020_5899120	7	21	-	-0.257143	9.52e-06	0.0423	AAACCTACAACTACG
GSRCCTACGTCCACG	MEME-1	Chr3_30131330_30131430	44	58	-	-0.328571	9.66e-06	0.0428	TTACCTAAGTCCACA
GSRCCTACGTCCACG	MEME-1	Chr7_26480868_26480968	40	54	-	-0.385714	9.77e-06	0.0433	GGACCTCCGGCCACG
GSRCCTACGTCCACG	MEME-1	Chr4_20291245_20291345	43	57	+	-0.457143	9.92e-06	0.0438	TTCCCTACATCTACG
GSRCCTACGTCCACG	MEME-1	Chr5_4548900_4549000	40	54	-	-0.671429	1.04e-05	0.0457	GGAGCGACGTCCACG
GSRCCTACGTCCACG	MEME-1	Chr8_6837588_6837688	23	37	+	-1.34286	1.19e-05	0.0522	GCACCAATTTCCACG
GSRCCTACGTCCACG	MEME-1	Chr12_3223298_3223398	45	59	+	-1.45714	1.21e-05	0.0531	ACGACTACGACCACG
GSRCCTACGTCCACG	MEME-1	Chr2_11573443_11573543	84	98	-	-1.7	1.3e-05	0.0567	GGGTCTACATTCATG
GSRCCTACGTCCACG	MEME-1	Chr15_5073800_5073900	63	77	-	-2.52857	1.55e-05	0.0675	GTGTCTATGACCACG
GSRCCTACGTCCACG	MEME-1	Chr15_6281168_6281268	55	69	-	-2.58571	1.58e-05	0.0689	GGACCTACACCAACG
GSRCCTACGTCCACG	MEME-1	Chr13_15457299_15457399	78	92	+	-2.82857	1.67e-05	0.0727	GAGCCAACCTCCACG
GSRCCTACGTCCACG	MEME-1	Chr3_10595291_10595391	12	26	-	-3.22857	1.82e-05	0.0789	GAGGCTACGTCCTCG
GSRCCTACGTCCACG	MEME-1	Chr5_5704772_5704872	63	77	-	-3.22857	1.82e-05	0.0789	GAGGCTACGTCCTCG
GSRCCTACGTCCACG	MEME-1	Chr10_10263248_10263348	13	27	-	-3.42857	1.94e-05	0.0836	TCACCTATGTCTAAG
GSRCCTACGTCCACG	MEME-1	Chr15_11099795_11099895	84	98	+	-3.42857	1.94e-05	0.0836	ACACATACACCCACG
GSRCCTACGTCCACG	MEME-1	Chr11_4430930_4431030	72	86	-	-3.6	2.03e-05	0.087	GAACCTAGGTCCAAG
GSRCCTACGTCCACG	MEME-1	Chr9_15524772_15524872	25	39	-	-3.65714	2.06e-05	0.0883	ACGCCTACATGAACG
GSRCCTACGTCCACG	MEME-1	Chr4_14213092_14213192	44	58	+	-4.15714	2.25e-05	0.0962	TCACCTAATTTCACG
GSRCCTACGTCCACG	MEME-1	Chr12_4226754_4226854	26	40	+	-4.37143	2.34e-05	0.0995	AGGCCAACATCCATG
GSRCCTACGTCCACG	MEME-1	Chr4_11916055_11916155	87	101	+	-4.37143	2.34e-05	0.0995	AGGCCGACATCAACG
GSRCCTACGTCCACG	MEME-1	Chr4_6105769_6105869	32	46	+	-4.74286	2.54e-05	0.108	GAGCCTATGTTTACA
GSRCCTACGTCCACG	MEME-1	Chr10_20018739_20018839	24	38	-	-4.74286	2.54e-05	0.108	TGATTTACGTGCACG
GSRCCTACGTCCACG	MEME-1	Chr12_3223298_3223398	27	41	+	-5.07143	2.7e-05	0.114	ATGACCACGTCCACG
GSRCCTACGTCCACG	MEME-1	Chr6_30853777_30853877	27	41	+	-5.37143	2.92e-05	0.123	GAATCTAAATCCACA
GSRCCTACGTCCACG	MEME-1	Chr12_3223298_3223398	63	77	+	-5.4	2.94e-05	0.124	GCGTCCACGACCACG
GSRCCTACGTCCACG	MEME-1	Chr5_1909273_1909373	6	20	-	-5.47143	3.01e-05	0.126	GTATCTACATTTACA
GSRCCTACGTCCACG	MEME-1	Chr5_6938524_6938624	42	56	-	-5.51429	3.06e-05	0.128	AAGTCGACTTCCACG
GSRCCTACGTCCACG	MEME-1	Chr11_15069813_15069913	49	63	-	-5.51429	3.06e-05	0.128	AAGTCGACTTCCACG
GSRCCTACGTCCACG	MEME-1	Chr15_18570169_18570269	2	16	-	-5.57143	3.1e-05	0.129	AGATTTACATCCAAG
GSRCCTACGTCCACG	MEME-1	Chr8_697754_697854	49	63	+	-5.7	3.15e-05	0.131	GCGTCTACGGCCAGG
GSRCCTACGTCCACG	MEME-1	Chr8_22985496_22985596	38	52	+	-5.85714	3.24e-05	0.135	TGGCCTATATTCACC
GSRCCTACGTCCACG	MEME-1	Chr15_4698349_4698449	23	37	-	-6.15714	3.38e-05	0.14	TAGCCTATCTTCACG
GSRCCTACGTCCACG	MEME-1	Chr12_21781306_21781406	58	72	-	-6.17143	3.4e-05	0.141	TTGCCTTCGTCCACC
GSRCCTACGTCCACG	MEME-1	Chr10_8727165_8727265	19	33	+	-6.45714	3.56e-05	0.147	TTGCCTACGTGGACG
GSRCCTACGTCCACG	MEME-1	Chr14_21936060_21936160	27	41	-	-6.47143	3.58e-05	0.147	TAGCCTAAGTCCACT
GSRCCTACGTCCACG	MEME-1	Chr15_4016744_4016844	36	50	+	-6.68571	3.73e-05	0.153	GCACCCACGTCTGCG
GSRCCTACGTCCACG	MEME-1	Chr1_32654167_32654267	23	37	-	-6.68571	3.73e-05	0.153	GCACCCACGTCTGCG
GSRCCTACGTCCACG	MEME-1	Chr11_24074550_24074650	33	47	-	-6.68571	3.73e-05	0.153	GCACCCACGTCTGCG
GSRCCTACGTCCACG	MEME-1	Chr6_26017295_26017395	14	28	+	-7.04286	3.99e-05	0.162	AAACCAAAATCCACG
GSRCCTACGTCCACG	MEME-1	Chr15_9324495_9324595	22	36	+	-7.04286	3.99e-05	0.162	AAACCTCCATCGACG
GSRCCTACGTCCACG	MEME-1	Chr8_11206864_11206964	40	54	+	-7.04286	3.99e-05	0.162	AAACCTCCATCCACT
GSRCCTACGTCCACG	MEME-1	Chr3_2806614_2806714	4	18	-	-7.1	4.03e-05	0.164	GGTCATATGTCCACG
GSRCCTACGTCCACG	MEME-1	Chr6_15531633_15531733	71	85	+	-7.21429	4.09e-05	0.166	ATATCTACATCAACA
GSRCCTACGTCCACG	MEME-1	Chr12_3223298_3223398	33	47	+	-7.24286	4.11e-05	0.166	ACGTCCACGACCACG
GSRCCTACGTCCACG	MEME-1	Chr7_23243364_23243464	80	94	+	-7.24286	4.11e-05	0.166	GCCCCTACTTCCAAG
GSRCCTACGTCCACG	MEME-1	Chr8_26744790_26744890	5	19	-	-7.35714	4.23e-05	0.17	GCGTCTTTTTCCACG
GSRCCTACGTCCACG	MEME-1	Chr5_6938524_6938624	29	43	+	-7.47143	4.29e-05	0.172	GGTTCTACATCCTCG
GSRCCTACGTCCACG	MEME-1	Chr1_5981307_5981407	9	23	-	-7.54286	4.34e-05	0.173	ACGTCTACGGCCACT
GSRCCTACGTCCACG	MEME-1	Chr3_20631583_20631683	22	36	-	-7.54286	4.34e-05	0.173	ACGTCTACGGCCACT
GSRCCTACGTCCACG	MEME-1	Chr5_425067_425167	37	51	-	-7.54286	4.34e-05	0.173	ACGTCTAGGGCCACG
GSRCCTACGTCCACG	MEME-1	Chr8_25340209_25340309	21	35	-	-7.72857	4.5e-05	0.179	ATACCTACAATCACA
GSRCCTACGTCCACG	MEME-1	Chr14_7310162_7310262	82	96	-	-7.82857	4.57e-05	0.182	TTGCTAACGTTCACG
GSRCCTACGTCCACG	MEME-1	Chr2_32638503_32638603	46	60	+	-7.97143	4.68e-05	0.184	ATGCCTACATTCATA
GSRCCTACGTCCACG	MEME-1	Chr13_20712652_20712752	17	31	-	-8.01429	4.71e-05	0.184	AAAGCTACATTCACA
GSRCCTACGTCCACG	MEME-1	Chr8_20728834_20728934	1	15	-	-8.07143	4.76e-05	0.184	GCGCCCACTTCCACC
GSRCCTACGTCCACG	MEME-1	Chr3_29382422_29382522	2	16	-	-8.07143	4.76e-05	0.184	TAGCCAACATCCATG
GSRCCTACGTCCACG	MEME-1	Chr15_10613406_10613506	27	41	+	-8.07143	4.76e-05	0.184	TAGCCGACATCCAAG
GSRCCTACGTCCACG	MEME-1	Chr7_21667972_21668072	14	28	-	-8.07143	4.76e-05	0.184	TAGCCAACATCCATG
GSRCCTACGTCCACG	MEME-1	Chr7_12884835_12884935	28	42	+	-8.07143	4.76e-05	0.184	TAGCCAACATCCATG
GSRCCTACGTCCACG	MEME-1	Chr10_27150961_27151061	33	47	+	-8.07143	4.76e-05	0.184	TAGCCAACATCCATG
GSRCCTACGTCCACG	MEME-1	Chr6_2375537_2375637	45	59	+	-8.07143	4.76e-05	0.184	TAGCCAACATCCATG
GSRCCTACGTCCACG	MEME-1	Chr5_4304993_4305093	74	88	+	-8.07143	4.76e-05	0.184	TAGCCAACATCCATG
GSRCCTACGTCCACG	MEME-1	Chr1_32440824_32440924	74	88	+	-8.07143	4.76e-05	0.184	TAGCCAACATCCATG
GSRCCTACGTCCACG	MEME-1	Chr1_31287021_31287121	82	96	+	-8.07143	4.76e-05	0.184	TAGCCAACATCCATG
GSRCCTACGTCCACG	MEME-1	Chr4_28239359_28239459	84	98	-	-8.07143	4.76e-05	0.184	TAGCCAACATCCATG
GSRCCTACGTCCACG	MEME-1	Chr2_33217309_33217409	70	84	-	-8.11429	4.8e-05	0.186	TAAGCTTCATCCACG
GSRCCTACGTCCACG	MEME-1	Chr2_5357731_5357831	33	47	+	-8.22857	4.93e-05	0.19	TTGTCTACATGCACA
GSRCCTACGTCCACG	MEME-1	Chr10_14219376_14219476	2	16	-	-8.35714	5.04e-05	0.194	AAACTTACTTCCTCG
GSRCCTACGTCCACG	MEME-1	Chr10_3111879_3111979	27	41	-	-8.41429	5.11e-05	0.196	TTACCTAGATACACG
GSRCCTACGTCCACG	MEME-1	Chr1_39786050_39786150	18	32	-	-8.47143	5.17e-05	0.198	GCACCAACATTAACG
GSRCCTACGTCCACG	MEME-1	Chr9_27317669_27317769	55	69	+	-8.52857	5.23e-05	0.2	TTACCTAGATTTACG
GSRCCTACGTCCACG	MEME-1	Chr10_18785714_18785814	46	60	-	-8.58571	5.29e-05	0.202	TTGCCTTTATCTACG
GSRCCTACGTCCACG	MEME-1	Chr3_14117527_14117627	66	80	-	-8.65714	5.38e-05	0.205	AAACTTACTTCCATG
GSRCCTACGTCCACG	MEME-1	Chr7_14179072_14179172	66	80	-	-8.68571	5.39e-05	0.205	TCATCTAGGTCCTCG
GSRCCTACGTCCACG	MEME-1	Chr3_338841_338941	62	76	+	-8.82857	5.56e-05	0.211	ACACCGATGTCGACG
GSRCCTACGTCCACG	MEME-1	Chr10_613564_613664	71	85	-	-8.82857	5.56e-05	0.211	GGACCCACTGCCACG
GSRCCTACGTCCACG	MEME-1	Chr3_21321722_21321822	2	16	-	-8.91429	5.64e-05	0.213	GGGCCTAAGTTTACA
GSRCCTACGTCCACG	MEME-1	Chr1_3724950_3725050	34	48	-	-8.94286	5.67e-05	0.213	AGGTCTATGTTGACG
GSRCCTACGTCCACG	MEME-1	Chr1_28850501_28850601	37	51	-	-8.94286	5.67e-05	0.213	AGGTCTATGTTGACG
GSRCCTACGTCCACG	MEME-1	Chr8_7443114_7443214	69	83	+	-9.05714	5.76e-05	0.216	AGGTCTATGTCTTCG
GSRCCTACGTCCACG	MEME-1	Chr11_24074550_24074650	39	53	-	-9.2	5.92e-05	0.222	ACATCTGCACCCACG
GSRCCTACGTCCACG	MEME-1	Chr12_20658518_20658618	67	81	-	-9.2	5.92e-05	0.222	TCACCGCCGTTCACG
GSRCCTACGTCCACG	MEME-1	Chr13_23053338_23053438	49	63	+	-9.22857	5.95e-05	0.222	AGTCCTACGTCCCCA
GSRCCTACGTCCACG	MEME-1	Chr5_22218306_22218406	38	52	+	-9.31429	6.02e-05	0.224	GCATTAACATTCACG
GSRCCTACGTCCACG	MEME-1	Chr6_594216_594316	25	39	+	-9.34286	6.03e-05	0.224	ACGCCTATCTTCACA
GSRCCTACGTCCACG	MEME-1	Chr5_5512807_5512907	15	29	-	-9.41429	6.16e-05	0.229	GGGCCTCGATTCACG
GSRCCTACGTCCACG	MEME-1	Chr1_2277705_2277805	16	30	+	-9.47143	6.25e-05	0.232	GCACCAACATCAACA
GSRCCTACGTCCACG	MEME-1	Chr5_16653475_16653575	13	27	-	-9.55714	6.36e-05	0.235	TTGTTTACTTCCACA
GSRCCTACGTCCACG	MEME-1	Chr12_21997086_21997186	4	18	+	-9.58571	6.38e-05	0.235	GGACCTCCATCTCCG
GSRCCTACGTCCACG	MEME-1	Chr6_14471173_14471273	82	96	-	-9.61429	6.42e-05	0.236	TCACCTCTGTCCTCG
GSRCCTACGTCCACG	MEME-1	Chr10_11374102_11374202	27	41	+	-9.84286	6.74e-05	0.248	TCGACTTCGTCTACG
GSRCCTACGTCCACG	MEME-1	Chr14_12633896_12633996	13	27	+	-9.92857	6.86e-05	0.252	TGGTCTAGGTCCACC
GSRCCTACGTCCACG	MEME-1	Chr1_26267489_26267589	29	43	+	-9.97143	6.9e-05	0.253	ACACCTACTGCCAAG
GSRCCTACGTCCACG	MEME-1	Chr4_15301687_15301787	37	51	-	-10.1714	7.13e-05	0.261	GAAACCACGTTCACG
GSRCCTACGTCCACG	MEME-1	Chr4_12161610_12161710	23	37	+	-10.2286	7.23e-05	0.264	AGGCCTACCTGCACA
GSRCCTACGTCCACG	MEME-1	Chr2_28817133_28817233	18	32	-	-10.2571	7.28e-05	0.265	ACAACTACTTCCAAG
GSRCCTACGTCCACG	MEME-1	Chr6_1726163_1726263	28	42	-	-10.3143	7.35e-05	0.267	ACACCTTGATTCACG
GSRCCTACGTCCACG	MEME-1	Chr1_25500549_25500649	73	87	-	-10.3429	7.37e-05	0.268	AGGCCGACGTGCACA
GSRCCTACGTCCACG	MEME-1	Chr13_16682958_16683058	79	93	+	-10.4429	7.54e-05	0.273	AGGTCAACATCAACG
GSRCCTACGTCCACG	MEME-1	Chr5_22394234_22394334	1	15	-	-10.5	7.65e-05	0.276	TCACCAAAGTCCACA
GSRCCTACGTCCACG	MEME-1	Chr9_523759_523859	30	44	-	-10.5857	7.79e-05	0.281	TCATCTAGATCCTCG
GSRCCTACGTCCACG	MEME-1	Chr1_14795318_14795418	27	41	+	-10.6	7.84e-05	0.282	ACATCAACATCTACA
GSRCCTACGTCCACG	MEME-1	Chr12_1504256_1504356	34	48	+	-10.6	7.84e-05	0.282	GAACCAATGTCAACG
GSRCCTACGTCCACG	MEME-1	Chr11_24227994_24228094	59	73	-	-10.6714	7.93e-05	0.285	ACAATTACGTCCAAG
GSRCCTACGTCCACG	MEME-1	Chr5_30910601_30910701	66	80	+	-10.7	7.96e-05	0.285	TCGCCTTCTCCCACG
GSRCCTACGTCCACG	MEME-1	Chr10_3681353_3681453	74	88	+	-10.7	7.96e-05	0.285	GTACCTCTGTTTACG
GSRCCTACGTCCACG	MEME-1	Chr9_29375195_29375295	74	88	+	-10.7286	8.03e-05	0.286	ACACCTGCATCTAGG
GSRCCTACGTCCACG	MEME-1	Chr3_35600959_35601059	86	100	+	-10.7286	8.03e-05	0.286	ACACCTACACCTAGG
GSRCCTACGTCCACG	MEME-1	Chr1_5302006_5302106	33	47	-	-10.7429	8.04e-05	0.286	AGGTCTAGATCCATG
GSRCCTACGTCCACG	MEME-1	Chr13_17800983_17801083	33	47	+	-10.7857	8.09e-05	0.287	ACACTTATGTTCAGG
GSRCCTACGTCCACG	MEME-1	Chr7_30810166_30810266	51	65	+	-10.8	8.11e-05	0.287	AGATCTAAATCCATG
GSRCCTACGTCCACG	MEME-1	Chr2_17667916_17668016	82	96	-	-10.8286	8.15e-05	0.288	GAGCCAACGTCCCCA
GSRCCTACGTCCACG	MEME-1	Chr10_8042539_8042639	15	29	-	-10.8571	8.21e-05	0.289	GTCCCTACTTCCAAG
GSRCCTACGTCCACG	MEME-1	Chr13_4871031_4871131	81	95	+	-10.8571	8.21e-05	0.289	GTCCCTACTTCCAAG
GSRCCTACGTCCACG	MEME-1	Chr3_17818264_17818364	86	100	+	-10.8571	8.21e-05	0.289	GTCCCTACTTCCAAG
GSRCCTACGTCCACG	MEME-1	Chr10_25241248_25241348	32	46	+	-10.8714	8.22e-05	0.289	TCATCTACATACACC
GSRCCTACGTCCACG	MEME-1	Chr10_3818923_3819023	7	21	+	-10.9143	8.34e-05	0.292	TGACCTATGGCAACG
GSRCCTACGTCCACG	MEME-1	Chr3_8583270_8583370	53	67	-	-10.9571	8.38e-05	0.293	GGGTTTATATACACG
GSRCCTACGTCCACG	MEME-1	Chr2_30495900_30496000	6	20	-	-11.0571	8.53e-05	0.295	TCACCTACTCCCATG
GSRCCTACGTCCACG	MEME-1	Chr15_13779440_13779540	24	38	+	-11.0571	8.53e-05	0.295	TCACCTACTCCCATG
GSRCCTACGTCCACG	MEME-1	Chr8_26253073_26253173	25	39	+	-11.0571	8.53e-05	0.295	TCACCTACTCCCATG
GSRCCTACGTCCACG	MEME-1	Chr4_27289997_27290097	33	47	+	-11.0571	8.53e-05	0.295	TCACCTACTCCCATG
GSRCCTACGTCCACG	MEME-1	Chr1_37579337_37579437	57	71	+	-11.0571	8.53e-05	0.295	TCACCTACTCCCATG
GSRCCTACGTCCACG	MEME-1	Chr12_22850805_22850905	23	37	-	-11.1571	8.66e-05	0.3	CAACCAACTTCCACG
GSRCCTACGTCCACG	MEME-1	Chr15_7724927_7725027	47	61	-	-11.2714	8.91e-05	0.308	GAATCCAAATCCACG
GSRCCTACGTCCACG	MEME-1	Chr2_28696504_28696604	30	44	-	-11.3143	8.99e-05	0.309	AGACGTACAGTCACG
GSRCCTACGTCCACG	MEME-1	Chr1_1756435_1756535	52	66	-	-11.3143	8.99e-05	0.309	GTTCCAACATCTACG
GSRCCTACGTCCACG	MEME-1	Chr2_7890572_7890672	31	45	+	-11.3857	9.1e-05	0.312	CAGCCTACTTGCACG
GSRCCTACGTCCACG	MEME-1	Chr1_42094535_42094635	70	84	-	-11.4286	9.17e-05	0.315	GTGCGTAGGTCCACA
GSRCCTACGTCCACG	MEME-1	Chr5_3051499_3051599	24	38	-	-11.4429	9.21e-05	0.315	GGACTTCCATCAACG
GSRCCTACGTCCACG	MEME-1	Chr3_11469192_11469292	69	83	-	-11.4429	9.21e-05	0.315	GGACTTCCATCAACG
GSRCCTACGTCCACG	MEME-1	Chr11_693981_694081	46	60	+	-11.5143	9.34e-05	0.319	TCACCAATAACCACG
GSRCCTACGTCCACG	MEME-1	Chr4_15257842_15257942	21	35	+	-11.5286	9.36e-05	0.319	TGGTCTACAGCCAAG
GSRCCTACGTCCACG	MEME-1	Chr5_18221666_18221766	29	43	-	-11.5714	9.44e-05	0.32	TCACCTCTTTCTACG
GSRCCTACGTCCACG	MEME-1	Chr15_22691208_22691308	44	58	-	-11.5714	9.44e-05	0.32	TGATCTACAGGCACG
GSRCCTACGTCCACG	MEME-1	Chr1_47593543_47593643	85	99	-	-11.5857	9.46e-05	0.32	TGATCTACATCATCG
GSRCCTACGTCCACG	MEME-1	Chr5_20596573_20596673	80	94	+	-11.8	9.86e-05	0.333	GAGCTAACGTCCCCG

# FIMO (Find Individual Motif Occurrences): Version 5.5.1 compiled on Apr 10 2023 at 16:56:57
# The format of this file is described at https://meme-suite.org/meme/doc/fimo-output-format.html.
# fimo --parse-genomic-coord --verbosity 1 --oc LITCHI007109.meme_chip/fimo_out_3 --bgfile LITCHI007109.meme_chip/background --motif GSRCCTACGTCCACG LITCHI007109.meme_chip/meme_out/meme.xml LITCHI007109.meme_chip/LITCHI007109.peak.region.fa
