motif_id	motif_alt_id	sequence_name	start	stop	strand	score	p-value	q-value	matched_sequence
15-CACTCTGGART	STREME-15	Chr8_5960799_5960899	1	11	+	20.939	2.01e-07	0.00792	CACTCTGGAGT
15-CACTCTGGART	STREME-15	Chr10_16385356_16385456	2	12	+	20.939	2.01e-07	0.00792	CACTCTGGAGT
15-CACTCTGGART	STREME-15	Chr10_9655752_9655852	3	13	-	20.939	2.01e-07	0.00792	CACTCTGGAGT
15-CACTCTGGART	STREME-15	Chr10_11048080_11048180	4	14	-	20.939	2.01e-07	0.00792	CACTCTGGAGT
15-CACTCTGGART	STREME-15	Chr10_18118122_18118222	4	14	-	20.939	2.01e-07	0.00792	CACTCTGGAGT
15-CACTCTGGART	STREME-15	Chr10_25899445_25899545	14	24	+	20.939	2.01e-07	0.00792	CACTCTGGAGT
15-CACTCTGGART	STREME-15	Chr10_25578466_25578566	5	15	-	20.939	2.01e-07	0.00792	CACTCTGGAGT
15-CACTCTGGART	STREME-15	Chr15_7880470_7880570	5	15	-	20.939	2.01e-07	0.00792	CACTCTGGAGT
15-CACTCTGGART	STREME-15	Chr12_16647531_16647631	6	16	-	20.939	2.01e-07	0.00792	CACTCTGGAGT
15-CACTCTGGART	STREME-15	Chr9_21833174_21833274	7	17	-	20.939	2.01e-07	0.00792	CACTCTGGAGT
15-CACTCTGGART	STREME-15	Chr15_23381916_23382016	18	28	+	20.939	2.01e-07	0.00792	CACTCTGGAGT
15-CACTCTGGART	STREME-15	Chr9_19277557_19277657	10	20	-	20.939	2.01e-07	0.00792	CACTCTGGAGT
15-CACTCTGGART	STREME-15	Chr4_15131974_15132074	11	21	-	20.939	2.01e-07	0.00792	CACTCTGGAGT
15-CACTCTGGART	STREME-15	Chr1_27737543_27737643	11	21	-	20.939	2.01e-07	0.00792	CACTCTGGAGT
15-CACTCTGGART	STREME-15	Chr1_7519957_7520057	12	22	-	20.939	2.01e-07	0.00792	CACTCTGGAGT
15-CACTCTGGART	STREME-15	Chr10_10130720_10130820	25	35	+	20.939	2.01e-07	0.00792	CACTCTGGAGT
15-CACTCTGGART	STREME-15	Chr3_20631583_20631683	15	25	-	20.939	2.01e-07	0.00792	CACTCTGGAGT
15-CACTCTGGART	STREME-15	Chr3_15624052_15624152	15	25	-	20.939	2.01e-07	0.00792	CACTCTGGAGT
15-CACTCTGGART	STREME-15	Chr2_36782738_36782838	15	25	-	20.939	2.01e-07	0.00792	CACTCTGGAGT
15-CACTCTGGART	STREME-15	Chr12_12842975_12843075	16	26	-	20.939	2.01e-07	0.00792	CACTCTGGAGT
15-CACTCTGGART	STREME-15	Chr15_20407391_20407491	17	27	-	20.939	2.01e-07	0.00792	CACTCTGGAGT
15-CACTCTGGART	STREME-15	Chr9_11340576_11340676	27	37	+	20.939	2.01e-07	0.00792	CACTCTGGAGT
15-CACTCTGGART	STREME-15	Chr10_16423733_16423833	17	27	-	20.939	2.01e-07	0.00792	CACTCTGGAGT
15-CACTCTGGART	STREME-15	Chr1_8941974_8942074	17	27	-	20.939	2.01e-07	0.00792	CACTCTGGAGT
15-CACTCTGGART	STREME-15	Chr3_31182334_31182434	21	31	-	20.939	2.01e-07	0.00792	CACTCTGGAGT
15-CACTCTGGART	STREME-15	Chr8_18401260_18401360	22	32	-	20.939	2.01e-07	0.00792	CACTCTGGAGT
15-CACTCTGGART	STREME-15	Chr8_1643089_1643189	23	33	-	20.939	2.01e-07	0.00792	CACTCTGGAGT
15-CACTCTGGART	STREME-15	Chr12_14863482_14863582	23	33	-	20.939	2.01e-07	0.00792	CACTCTGGAGT
15-CACTCTGGART	STREME-15	Chr1_28325814_28325914	33	43	+	20.939	2.01e-07	0.00792	CACTCTGGAGT
15-CACTCTGGART	STREME-15	Chr13_12957414_12957514	25	35	-	20.939	2.01e-07	0.00792	CACTCTGGAGT
15-CACTCTGGART	STREME-15	Chr4_13770801_13770901	35	45	+	20.939	2.01e-07	0.00792	CACTCTGGAGT
15-CACTCTGGART	STREME-15	Chr10_2626118_2626218	29	39	-	20.939	2.01e-07	0.00792	CACTCTGGAGT
15-CACTCTGGART	STREME-15	Chr13_156856_156956	29	39	-	20.939	2.01e-07	0.00792	CACTCTGGAGT
15-CACTCTGGART	STREME-15	Chr2_39110623_39110723	45	55	+	20.939	2.01e-07	0.00792	CACTCTGGAGT
15-CACTCTGGART	STREME-15	Chr12_11297402_11297502	37	47	-	20.939	2.01e-07	0.00792	CACTCTGGAGT
15-CACTCTGGART	STREME-15	Chr7_5308001_5308101	44	54	-	20.939	2.01e-07	0.00792	CACTCTGGAGT
15-CACTCTGGART	STREME-15	Chr10_25614555_25614655	69	79	+	20.939	2.01e-07	0.00792	CACTCTGGAGT
15-CACTCTGGART	STREME-15	Chr8_19370557_19370657	74	84	+	20.939	2.01e-07	0.00792	CACTCTGGAGT
15-CACTCTGGART	STREME-15	Chr6_5401151_5401251	74	84	+	20.939	2.01e-07	0.00792	CACTCTGGAGT
15-CACTCTGGART	STREME-15	Chr15_9803003_9803103	75	85	+	20.939	2.01e-07	0.00792	CACTCTGGAGT
15-CACTCTGGART	STREME-15	Chr12_4994377_4994477	75	85	+	20.939	2.01e-07	0.00792	CACTCTGGAGT
15-CACTCTGGART	STREME-15	Chr15_19129006_19129106	81	91	+	20.939	2.01e-07	0.00792	CACTCTGGAGT
15-CACTCTGGART	STREME-15	Chr1_13929644_13929744	83	93	+	20.939	2.01e-07	0.00792	CACTCTGGAGT
15-CACTCTGGART	STREME-15	Chr13_4310987_4311087	83	93	+	20.939	2.01e-07	0.00792	CACTCTGGAGT
15-CACTCTGGART	STREME-15	Chr10_14803063_14803163	86	96	+	20.939	2.01e-07	0.00792	CACTCTGGAGT
15-CACTCTGGART	STREME-15	Chr9_19911774_19911874	77	87	-	20.939	2.01e-07	0.00792	CACTCTGGAGT
15-CACTCTGGART	STREME-15	Chr4_12616859_12616959	90	100	+	20.939	2.01e-07	0.00792	CACTCTGGAGT
15-CACTCTGGART	STREME-15	Chr14_15675430_15675530	91	101	+	20.939	2.01e-07	0.00792	CACTCTGGAGT
15-CACTCTGGART	STREME-15	Chr1_27449141_27449241	82	92	-	20.939	2.01e-07	0.00792	CACTCTGGAGT
15-CACTCTGGART	STREME-15	Chr9_25863043_25863143	88	98	-	20.939	2.01e-07	0.00792	CACTCTGGAGT
15-CACTCTGGART	STREME-15	Chr1_47979078_47979178	90	100	-	20.939	2.01e-07	0.00792	CACTCTGGAGT
15-CACTCTGGART	STREME-15	Chr2_287191_287291	3	13	-	19.8171	4.5e-07	0.00895	CACTCTGGAAT
15-CACTCTGGART	STREME-15	Chr5_10922321_10922421	4	14	-	19.8171	4.5e-07	0.00895	CACTCTGGAAT
15-CACTCTGGART	STREME-15	Chr8_18741863_18741963	7	17	-	19.8171	4.5e-07	0.00895	CACTCTGGAAT
15-CACTCTGGART	STREME-15	Chr1_5699197_5699297	7	17	-	19.8171	4.5e-07	0.00895	CACTCTGGAAT
15-CACTCTGGART	STREME-15	Chr13_1051761_1051861	18	28	+	19.8171	4.5e-07	0.00895	CACTCTGGAAT
15-CACTCTGGART	STREME-15	Chr3_12578096_12578196	20	30	+	19.8171	4.5e-07	0.00895	CACTCTGGAAT
15-CACTCTGGART	STREME-15	Chr15_17488170_17488270	21	31	+	19.8171	4.5e-07	0.00895	CACTCTGGAAT
15-CACTCTGGART	STREME-15	Chr10_10848689_10848789	12	22	-	19.8171	4.5e-07	0.00895	CACTCTGGAAT
15-CACTCTGGART	STREME-15	Chr1_14453030_14453130	14	24	-	19.8171	4.5e-07	0.00895	CACTCTGGAAT
15-CACTCTGGART	STREME-15	Chr12_20156253_20156353	24	34	+	19.8171	4.5e-07	0.00895	CACTCTGGAAT
15-CACTCTGGART	STREME-15	Chr10_28074955_28075055	14	24	-	19.8171	4.5e-07	0.00895	CACTCTGGAAT
15-CACTCTGGART	STREME-15	Chr4_23080287_23080387	16	26	-	19.8171	4.5e-07	0.00895	CACTCTGGAAT
15-CACTCTGGART	STREME-15	Chr13_18257493_18257593	17	27	-	19.8171	4.5e-07	0.00895	CACTCTGGAAT
15-CACTCTGGART	STREME-15	Chr1_5687575_5687675	19	29	-	19.8171	4.5e-07	0.00895	CACTCTGGAAT
15-CACTCTGGART	STREME-15	Chr13_18246128_18246228	19	29	-	19.8171	4.5e-07	0.00895	CACTCTGGAAT
15-CACTCTGGART	STREME-15	Chr3_3982417_3982517	20	30	-	19.8171	4.5e-07	0.00895	CACTCTGGAAT
15-CACTCTGGART	STREME-15	Chr1_47557323_47557423	22	32	-	19.8171	4.5e-07	0.00895	CACTCTGGAAT
15-CACTCTGGART	STREME-15	Chr4_23091712_23091812	23	33	-	19.8171	4.5e-07	0.00895	CACTCTGGAAT
15-CACTCTGGART	STREME-15	Chr1_14464497_14464597	23	33	-	19.8171	4.5e-07	0.00895	CACTCTGGAAT
15-CACTCTGGART	STREME-15	Chr2_26563742_26563842	24	34	-	19.8171	4.5e-07	0.00895	CACTCTGGAAT
15-CACTCTGGART	STREME-15	Chr2_26575197_26575297	24	34	-	19.8171	4.5e-07	0.00895	CACTCTGGAAT
15-CACTCTGGART	STREME-15	Chr1_4586820_4586920	37	47	+	19.8171	4.5e-07	0.00895	CACTCTGGAAT
15-CACTCTGGART	STREME-15	Chr8_7341432_7341532	28	38	-	19.8171	4.5e-07	0.00895	CACTCTGGAAT
15-CACTCTGGART	STREME-15	Chr1_14257813_14257913	31	41	-	19.8171	4.5e-07	0.00895	CACTCTGGAAT
15-CACTCTGGART	STREME-15	Chr6_31627368_31627468	32	42	-	19.8171	4.5e-07	0.00895	CACTCTGGAAT
15-CACTCTGGART	STREME-15	Chr1_36144380_36144480	37	47	-	19.8171	4.5e-07	0.00895	CACTCTGGAAT
15-CACTCTGGART	STREME-15	Chr4_22502305_22502405	39	49	-	19.8171	4.5e-07	0.00895	CACTCTGGAAT
15-CACTCTGGART	STREME-15	Chr11_7732363_7732463	50	60	+	19.8171	4.5e-07	0.00895	CACTCTGGAAT
15-CACTCTGGART	STREME-15	Chr3_18106396_18106496	57	67	+	19.8171	4.5e-07	0.00895	CACTCTGGAAT
15-CACTCTGGART	STREME-15	Chr9_13821336_13821436	64	74	+	19.8171	4.5e-07	0.00895	CACTCTGGAAT
15-CACTCTGGART	STREME-15	Chr13_22577796_22577896	69	79	+	19.8171	4.5e-07	0.00895	CACTCTGGAAT
15-CACTCTGGART	STREME-15	Chr11_5956163_5956263	70	80	+	19.8171	4.5e-07	0.00895	CACTCTGGAAT
15-CACTCTGGART	STREME-15	Chr10_26104810_26104910	71	81	+	19.8171	4.5e-07	0.00895	CACTCTGGAAT
15-CACTCTGGART	STREME-15	Chr11_7743855_7743955	73	83	+	19.8171	4.5e-07	0.00895	CACTCTGGAAT
15-CACTCTGGART	STREME-15	Chr1_33219510_33219610	63	73	-	19.8171	4.5e-07	0.00895	CACTCTGGAAT
15-CACTCTGGART	STREME-15	Chr1_49137075_49137175	75	85	+	19.8171	4.5e-07	0.00895	CACTCTGGAAT
15-CACTCTGGART	STREME-15	Chr14_23527036_23527136	76	86	+	19.8171	4.5e-07	0.00895	CACTCTGGAAT
15-CACTCTGGART	STREME-15	Chr2_320850_320950	77	87	+	19.8171	4.5e-07	0.00895	CACTCTGGAAT
15-CACTCTGGART	STREME-15	Chr10_10116311_10116411	78	88	+	19.8171	4.5e-07	0.00895	CACTCTGGAAT
15-CACTCTGGART	STREME-15	Chr12_18747969_18748069	78	88	+	19.8171	4.5e-07	0.00895	CACTCTGGAAT
15-CACTCTGGART	STREME-15	Chr7_1778586_1778686	79	89	+	19.8171	4.5e-07	0.00895	CACTCTGGAAT
15-CACTCTGGART	STREME-15	Chr14_1459749_1459849	80	90	+	19.8171	4.5e-07	0.00895	CACTCTGGAAT
15-CACTCTGGART	STREME-15	Chr3_15785968_15786068	83	93	+	19.8171	4.5e-07	0.00895	CACTCTGGAAT
15-CACTCTGGART	STREME-15	Chr1_41355565_41355665	73	83	-	19.8171	4.5e-07	0.00895	CACTCTGGAAT
15-CACTCTGGART	STREME-15	Chr15_93315_93415	84	94	+	19.8171	4.5e-07	0.00895	CACTCTGGAAT
15-CACTCTGGART	STREME-15	Chr10_5477611_5477711	86	96	+	19.8171	4.5e-07	0.00895	CACTCTGGAAT
15-CACTCTGGART	STREME-15	Chr2_10351005_10351105	87	97	+	19.8171	4.5e-07	0.00895	CACTCTGGAAT
15-CACTCTGGART	STREME-15	Chr5_11948474_11948574	88	98	+	19.8171	4.5e-07	0.00895	CACTCTGGAAT
15-CACTCTGGART	STREME-15	Chr8_19381886_19381986	89	99	+	19.8171	4.5e-07	0.00895	CACTCTGGAAT
15-CACTCTGGART	STREME-15	Chr3_3649287_3649387	83	93	-	19.8171	4.5e-07	0.00895	CACTCTGGAAT
15-CACTCTGGART	STREME-15	Chr8_7935615_7935715	2	12	-	19.561	6.13e-07	0.00925	CACTCTGGGGT
15-CACTCTGGART	STREME-15	Chr3_10823932_10824032	4	14	-	19.561	6.13e-07	0.00925	CACTCTGGGGT
15-CACTCTGGART	STREME-15	Chr13_18683230_18683330	10	20	-	19.561	6.13e-07	0.00925	CACTCTGGGGT
15-CACTCTGGART	STREME-15	Chr6_3251473_3251573	15	25	-	19.561	6.13e-07	0.00925	CACTCTGGGGT
15-CACTCTGGART	STREME-15	Chr15_23096646_23096746	26	36	+	19.561	6.13e-07	0.00925	CACTCTGGGGT
15-CACTCTGGART	STREME-15	Chr2_1475084_1475184	17	27	-	19.561	6.13e-07	0.00925	CACTCTGGGGT
15-CACTCTGGART	STREME-15	Chr13_7383189_7383289	20	30	-	19.561	6.13e-07	0.00925	CACTCTGGGGT
15-CACTCTGGART	STREME-15	Chr10_17052241_17052341	32	42	+	19.561	6.13e-07	0.00925	CACTCTGGGGT
15-CACTCTGGART	STREME-15	Chr12_14283364_14283464	28	38	-	19.561	6.13e-07	0.00925	CACTCTGGGGT
15-CACTCTGGART	STREME-15	Chr3_26247682_26247782	32	42	-	19.561	6.13e-07	0.00925	CACTCTGGGGT
15-CACTCTGGART	STREME-15	Chr2_22745959_22746059	43	53	+	19.561	6.13e-07	0.00925	CACTCTGGGGT
15-CACTCTGGART	STREME-15	Chr3_20411740_20411840	33	43	-	19.561	6.13e-07	0.00925	CACTCTGGGGT
15-CACTCTGGART	STREME-15	Chr7_23507713_23507813	33	43	-	19.561	6.13e-07	0.00925	CACTCTGGGGT
15-CACTCTGGART	STREME-15	Chr14_12016989_12017089	48	58	+	19.561	6.13e-07	0.00925	CACTCTGGGGT
15-CACTCTGGART	STREME-15	Chr4_29255383_29255483	49	59	+	19.561	6.13e-07	0.00925	CACTCTGGGGT
15-CACTCTGGART	STREME-15	Chr12_9806584_9806684	45	55	-	19.561	6.13e-07	0.00925	CACTCTGGGGT
15-CACTCTGGART	STREME-15	Chr13_3025266_3025366	47	57	-	19.561	6.13e-07	0.00925	CACTCTGGGGT
15-CACTCTGGART	STREME-15	Chr10_4128740_4128840	47	57	-	19.561	6.13e-07	0.00925	CACTCTGGGGT
15-CACTCTGGART	STREME-15	Chr14_9855508_9855608	58	68	+	19.561	6.13e-07	0.00925	CACTCTGGGGT
15-CACTCTGGART	STREME-15	Chr3_15127602_15127702	61	71	+	19.561	6.13e-07	0.00925	CACTCTGGGGT
15-CACTCTGGART	STREME-15	Chr5_26324707_26324807	51	61	-	19.561	6.13e-07	0.00925	CACTCTGGGGT
15-CACTCTGGART	STREME-15	Chr8_9810749_9810849	57	67	-	19.561	6.13e-07	0.00925	CACTCTGGGGT
15-CACTCTGGART	STREME-15	Chr8_23891314_23891414	69	79	+	19.561	6.13e-07	0.00925	CACTCTGGGGT
15-CACTCTGGART	STREME-15	Chr13_14650758_14650858	73	83	+	19.561	6.13e-07	0.00925	CACTCTGGGGT
15-CACTCTGGART	STREME-15	Chr15_10868245_10868345	74	84	+	19.561	6.13e-07	0.00925	CACTCTGGGGT
15-CACTCTGGART	STREME-15	Chr15_15003856_15003956	75	85	+	19.561	6.13e-07	0.00925	CACTCTGGGGT
15-CACTCTGGART	STREME-15	Chr15_7340035_7340135	77	87	+	19.561	6.13e-07	0.00925	CACTCTGGGGT
15-CACTCTGGART	STREME-15	Chr15_22299438_22299538	79	89	+	19.561	6.13e-07	0.00925	CACTCTGGGGT
15-CACTCTGGART	STREME-15	Chr13_3035929_3036029	71	81	-	19.561	6.13e-07	0.00925	CACTCTGGGGT
15-CACTCTGGART	STREME-15	Chr15_15015298_15015398	84	94	+	19.561	6.13e-07	0.00925	CACTCTGGGGT
15-CACTCTGGART	STREME-15	Chr1_33246692_33246792	85	95	+	19.561	6.13e-07	0.00925	CACTCTGGGGT
15-CACTCTGGART	STREME-15	Chr1_11746279_11746379	79	89	-	19.561	6.13e-07	0.00925	CACTCTGGGGT
15-CACTCTGGART	STREME-15	Chr10_17619123_17619223	87	97	+	18.439	8.14e-07	0.0122	CACTCTGGGAT
15-CACTCTGGART	STREME-15	Chr1_5981307_5981407	2	12	-	17.3902	1.06e-06	0.015	CACTCTGAAGT
15-CACTCTGGART	STREME-15	Chr2_36928048_36928148	3	13	-	17.3902	1.06e-06	0.015	CACTCTGAAGT
15-CACTCTGGART	STREME-15	Chr8_6322400_6322500	7	17	-	17.3902	1.06e-06	0.015	CACTCTGAAGT
15-CACTCTGGART	STREME-15	Chr7_5319511_5319611	20	30	-	17.3902	1.06e-06	0.015	CACTCTGAAGT
15-CACTCTGGART	STREME-15	Chr3_7575528_7575628	42	52	-	17.3902	1.06e-06	0.015	CACTCTGAAGT
15-CACTCTGGART	STREME-15	Chr10_13211320_13211420	79	89	+	17.3902	1.06e-06	0.015	CACTCTGAAGT
15-CACTCTGGART	STREME-15	Chr3_13273453_13273553	83	93	+	17.3902	1.06e-06	0.015	CACTCTGAAGT
15-CACTCTGGART	STREME-15	Chr1_2296798_2296898	82	92	-	17.3902	1.06e-06	0.015	CACTCTGAAGT
15-CACTCTGGART	STREME-15	Chr7_10310409_10310509	2	12	-	16.6585	1.23e-06	0.0171	CACTCTGGAGC
15-CACTCTGGART	STREME-15	Chr7_24483317_24483417	10	20	-	16.6585	1.23e-06	0.0171	CACTCTGGAGC
15-CACTCTGGART	STREME-15	Chr3_9137641_9137741	2	12	+	16.0122	1.74e-06	0.0231	CACTCTGAGGT
15-CACTCTGGART	STREME-15	Chr9_18079306_18079406	1	11	-	16.0122	1.74e-06	0.0231	CACTCTGAGGT
15-CACTCTGGART	STREME-15	Chr10_11416165_11416265	14	24	-	16.0122	1.74e-06	0.0231	CACTCTGAGGT
15-CACTCTGGART	STREME-15	Chr3_16002541_16002641	22	32	-	16.0122	1.74e-06	0.0231	CACTCTGAGGT
15-CACTCTGGART	STREME-15	Chr8_711161_711261	33	43	-	16.0122	1.74e-06	0.0231	CACTCTGAGGT
15-CACTCTGGART	STREME-15	Chr10_6638368_6638468	68	78	+	16.0122	1.74e-06	0.0231	CACTCTGAGGT
15-CACTCTGGART	STREME-15	Chr10_12277425_12277525	91	101	+	16.0122	1.74e-06	0.0231	CACTCTGAGGT
15-CACTCTGGART	STREME-15	Chr13_18631136_18631236	5	15	-	15.5366	1.94e-06	0.0251	CACTCTGGAAC
15-CACTCTGGART	STREME-15	Chr5_16019920_16020020	42	52	+	15.5366	1.94e-06	0.0251	CACTCTGGAAC
15-CACTCTGGART	STREME-15	Chr14_5893747_5893847	47	57	-	15.5366	1.94e-06	0.0251	CACTCTGGAAC
15-CACTCTGGART	STREME-15	Chr10_8085748_8085848	87	97	+	15.5366	1.94e-06	0.0251	CACTCTGGAAC
15-CACTCTGGART	STREME-15	Chr3_22657861_22657961	8	18	-	14.8902	2.32e-06	0.0298	CACTCTGAGAT
15-CACTCTGGART	STREME-15	Chr9_7990294_7990394	65	75	-	14.3415	2.48e-06	0.0317	CGCTCTGGAGT
15-CACTCTGGART	STREME-15	Chr14_20987098_20987198	7	17	-	14.1585	2.64e-06	0.0327	CACTCTGGGAC
15-CACTCTGGART	STREME-15	Chr14_20998939_20999039	42	52	-	14.1585	2.64e-06	0.0327	CACTCTGGGAC
15-CACTCTGGART	STREME-15	Chr6_31391841_31391941	66	76	-	14.1585	2.64e-06	0.0327	CACTCTGGGAC
15-CACTCTGGART	STREME-15	Chr12_19077818_19077918	91	101	+	14.1585	2.64e-06	0.0327	CACTCTGGGAC
15-CACTCTGGART	STREME-15	Chr13_6156990_6157090	91	101	-	14.1585	2.64e-06	0.0327	CACTCTGGGAC
15-CACTCTGGART	STREME-15	Chr4_11334935_11335035	7	17	+	14.0366	2.84e-06	0.035	CACTGTGGAGT
15-CACTCTGGART	STREME-15	Chr1_31533015_31533115	76	86	+	13.7439	3.09e-06	0.0378	CACTCTAGAGT
15-CACTCTGGART	STREME-15	Chr1_33622005_33622105	66	76	-	12.6585	4.04e-06	0.0491	CACTGTGGGGT
15-CACTCTGGART	STREME-15	Chr3_11801558_11801658	2	12	+	11.8415	4.96e-06	0.0596	CGCTCTGGGAT
15-CACTCTGGART	STREME-15	Chr6_20002219_20002319	86	96	-	11.8415	4.96e-06	0.0596	CGCTCTGGGAT
15-CACTCTGGART	STREME-15	Chr2_22367108_22367208	21	31	+	10.4878	6.22e-06	0.0739	CACTGTGAAGT
15-CACTCTGGART	STREME-15	Chr15_18744288_18744388	27	37	-	10.4878	6.22e-06	0.0739	CACTGTGAAGT
15-CACTCTGGART	STREME-15	Chr14_10217493_10217593	14	24	-	9.9878	7.84e-06	0.0909	CACTCTGGAGG
15-CACTCTGGART	STREME-15	Chr4_10915179_10915279	45	55	-	9.9878	7.84e-06	0.0909	CACTCTGGAGA
15-CACTCTGGART	STREME-15	Chr3_5114374_5114474	45	55	-	9.9878	7.84e-06	0.0909	CACTCTGGAGG
15-CACTCTGGART	STREME-15	Chr10_9979134_9979234	62	72	+	9.9878	7.84e-06	0.0909	CACTCTGGAGG
15-CACTCTGGART	STREME-15	Chr2_29154159_29154259	23	33	-	9.93902	8.21e-06	0.0935	CCCTCTGGAGT
15-CACTCTGGART	STREME-15	Chr13_4836066_4836166	63	73	-	9.93902	8.21e-06	0.0935	CCCTCTGGAGT
15-CACTCTGGART	STREME-15	Chr1_13673182_13673282	75	85	+	9.93902	8.21e-06	0.0935	CCCTCTGGAGT
15-CACTCTGGART	STREME-15	Chr10_14657569_14657669	57	67	+	9.92683	9.26e-06	0.105	CACCCTGGAGT
15-CACTCTGGART	STREME-15	Chr3_34364538_34364638	2	12	-	9.63415	1.11e-05	0.124	CACTTTGGAGT
15-CACTCTGGART	STREME-15	Chr1_13756633_13756733	10	20	-	9.63415	1.11e-05	0.124	CACTTTGGAGT
15-CACTCTGGART	STREME-15	Chr10_10208423_10208523	60	70	-	8.89024	1.47e-05	0.164	CACTCTGGGTT
15-CACTCTGGART	STREME-15	Chr6_2083405_2083505	36	46	-	8.86585	1.52e-05	0.167	CACTCTGGAAG
15-CACTCTGGART	STREME-15	Chr15_2338314_2338414	88	98	+	8.86585	1.52e-05	0.167	CACTCTGGAAA
15-CACTCTGGART	STREME-15	Chr10_273212_273312	58	68	+	8.81707	1.59e-05	0.174	CTCTCTGGAAT
15-CACTCTGGART	STREME-15	Chr15_20649128_20649228	39	49	+	8.80488	1.72e-05	0.183	CACTCAGGAAT
15-CACTCTGGART	STREME-15	Chr4_15851791_15851891	41	51	+	8.80488	1.72e-05	0.183	CACTCAGGAAT
15-CACTCTGGART	STREME-15	Chr7_15995232_15995332	58	68	-	8.80488	1.72e-05	0.183	CACTCAGGAAT
15-CACTCTGGART	STREME-15	Chr12_3914271_3914371	72	82	+	8.80488	1.72e-05	0.183	CACTCAGGAAT
15-CACTCTGGART	STREME-15	Chr11_19550087_19550187	85	95	+	8.80488	1.72e-05	0.183	CACTCAGGAAT
15-CACTCTGGART	STREME-15	Chr15_20584896_20584996	72	82	-	8.64634	1.78e-05	0.189	CACTCTGCAAT
15-CACTCTGGART	STREME-15	Chr9_24891594_24891694	21	31	-	8.54878	1.95e-05	0.203	CACACTGGGGT
15-CACTCTGGART	STREME-15	Chr3_11213789_11213889	24	34	-	8.54878	1.95e-05	0.203	CACACTGGGGT
15-CACTCTGGART	STREME-15	Chr7_13832459_13832559	37	47	-	8.54878	1.95e-05	0.203	CACACTGGGGT
15-CACTCTGGART	STREME-15	Chr1_45201668_45201768	7	17	+	8.5122	2.06e-05	0.209	CACTCTTGAAT
15-CACTCTGGART	STREME-15	Chr3_15540004_15540104	15	25	+	8.5122	2.06e-05	0.209	CACTATGGAAT
15-CACTCTGGART	STREME-15	Chr2_5029596_5029696	28	38	+	8.5122	2.06e-05	0.209	CACTCTCGAAT
15-CACTCTGGART	STREME-15	Chr11_3440784_3440884	60	70	-	8.5122	2.06e-05	0.209	CACTTTGGAAT
15-CACTCTGGART	STREME-15	Chr5_12081566_12081666	74	84	+	8.5122	2.06e-05	0.209	CACTTTGGAAT
15-CACTCTGGART	STREME-15	Chr11_19142401_19142501	88	98	+	8.5122	2.06e-05	0.209	CACTCTCGAAT
15-CACTCTGGART	STREME-15	Chr14_1284911_1285011	12	22	-	8.5	2.24e-05	0.221	AACTCTGGAAT
15-CACTCTGGART	STREME-15	Chr2_21498238_21498338	24	34	-	8.5	2.24e-05	0.221	AACTCTGGAAT
15-CACTCTGGART	STREME-15	Chr11_20786317_20786417	42	52	+	8.5	2.24e-05	0.221	TACTCTGGAAT
15-CACTCTGGART	STREME-15	Chr10_8400068_8400168	44	54	+	8.5	2.24e-05	0.221	TACTCTGGAAT
15-CACTCTGGART	STREME-15	Chr2_13872129_13872229	59	69	-	8.5	2.24e-05	0.221	AACTCTGGAAT
15-CACTCTGGART	STREME-15	Chr12_14326451_14326551	9	19	+	8.37805	2.29e-05	0.224	CACTGTGGGGC
15-CACTCTGGART	STREME-15	Chr2_29164919_29165019	27	37	+	8.34146	2.31e-05	0.224	CACTCTAGAAC
15-CACTCTGGART	STREME-15	Chr15_12516713_12516813	50	60	+	8.34146	2.31e-05	0.224	CACTCTAGAAC
15-CACTCTGGART	STREME-15	Chr15_17488170_17488270	50	60	-	8.34146	2.31e-05	0.224	CACTCTAGAAC
15-CACTCTGGART	STREME-15	Chr3_12393061_12393161	23	33	-	8.2561	2.41e-05	0.231	CACTCTCGGGT
15-CACTCTGGART	STREME-15	Chr2_9282294_9282394	58	68	-	8.2561	2.41e-05	0.231	CACTCTTGGGT
15-CACTCTGGART	STREME-15	Chr1_42825096_42825196	17	27	-	8.2439	2.52e-05	0.237	CATTCTGGGGT
15-CACTCTGGART	STREME-15	Chr15_21962807_21962907	70	80	-	8.2439	2.52e-05	0.237	CAATCTGGGGT
15-CACTCTGGART	STREME-15	Chr14_17299674_17299774	73	83	-	8.2439	2.52e-05	0.237	CATTCTGGGGT
15-CACTCTGGART	STREME-15	Chr8_20903109_20903209	88	98	-	8.2439	2.52e-05	0.237	CAATCTGGGGT
15-CACTCTGGART	STREME-15	Chr15_19339851_19339951	63	73	+	7.4878	2.64e-05	0.248	CACTCTGGGAA
15-CACTCTGGART	STREME-15	Chr6_10824092_10824192	26	36	-	7.42683	2.8e-05	0.259	CACCCTGGGAT
15-CACTCTGGART	STREME-15	Chr15_21985027_21985127	47	57	+	7.42683	2.8e-05	0.259	CACCCTGGGAT
15-CACTCTGGART	STREME-15	Chr5_12652737_12652837	67	77	+	7.42683	2.8e-05	0.259	CACCCTGGGAT
15-CACTCTGGART	STREME-15	Chr6_12102568_12102668	43	53	+	7.26829	2.85e-05	0.262	CACTCTGTGAT
15-CACTCTGGART	STREME-15	Chr4_29221954_29222054	4	14	+	7.13415	2.98e-05	0.27	CACTTTGGGAT
15-CACTCTGGART	STREME-15	Chr14_22955346_22955446	12	22	+	7.13415	2.98e-05	0.27	CACTCTTGGAT
15-CACTCTGGART	STREME-15	Chr2_13995335_13995435	60	70	+	7.13415	2.98e-05	0.27	CACTTTGGGAT
15-CACTCTGGART	STREME-15	Chr10_10369510_10369610	55	65	+	7.12195	3.12e-05	0.278	CAATCTGGGAT
15-CACTCTGGART	STREME-15	Chr6_11974847_11974947	46	56	-	7.12195	3.12e-05	0.278	CAATCTGGGAT
15-CACTCTGGART	STREME-15	Chr12_17908830_17908930	63	73	+	7.12195	3.12e-05	0.278	GACTCTGGGAT
15-CACTCTGGART	STREME-15	Chr14_15438189_15438289	64	74	+	7.12195	3.12e-05	0.278	CAGTCTGGGAT
15-CACTCTGGART	STREME-15	Chr14_4061698_4061798	49	59	+	6.76829	3.21e-05	0.285	CACTCTGATGT
15-CACTCTGGART	STREME-15	Chr10_23473245_23473345	32	42	-	6.43902	3.32e-05	0.292	CACTCTGAAGG
15-CACTCTGGART	STREME-15	Chr11_6779328_6779428	81	91	-	6.43902	3.32e-05	0.292	CACTCTGAAGA
15-CACTCTGGART	STREME-15	Chr6_4740159_4740259	12	22	+	6.37805	3.5e-05	0.305	CACCCTGAAGT
15-CACTCTGGART	STREME-15	Chr3_14994579_14994679	26	36	-	6.37805	3.5e-05	0.305	CACGCTGAAGT
15-CACTCTGGART	STREME-15	Chr3_25455865_25455965	46	56	-	6.20732	3.54e-05	0.307	CACTGTGAAGC
15-CACTCTGGART	STREME-15	Chr1_1482414_1482514	30	40	-	6.08537	3.66e-05	0.312	CACTTTGAAGT
15-CACTCTGGART	STREME-15	Chr10_18218022_18218122	34	44	-	6.08537	3.66e-05	0.312	CACTCTTAAGT
15-CACTCTGGART	STREME-15	Chr3_1178533_1178633	74	84	-	6.08537	3.66e-05	0.312	CACTCTCAAGT
15-CACTCTGGART	STREME-15	Chr5_27917997_27918097	84	94	+	6.08537	3.66e-05	0.312	CACTCTCAAGT
15-CACTCTGGART	STREME-15	Chr2_6743672_6743772	20	30	+	6.07317	3.83e-05	0.32	GACTCTGAAGT
15-CACTCTGGART	STREME-15	Chr5_18769698_18769798	23	33	+	6.07317	3.83e-05	0.32	CAATCTGAAGT
15-CACTCTGGART	STREME-15	Chr3_15380837_15380937	34	44	+	6.07317	3.83e-05	0.32	CAATCTGAAGT
15-CACTCTGGART	STREME-15	Chr5_6263527_6263627	56	66	-	6.07317	3.83e-05	0.32	CAATCTGAAGT
15-CACTCTGGART	STREME-15	Chr2_17902821_17902921	61	71	-	6.07317	3.83e-05	0.32	CAATCTGAAGT
15-CACTCTGGART	STREME-15	Chr5_15641288_15641388	75	85	+	6.03659	3.87e-05	0.322	CACTCTGGTGC
15-CACTCTGGART	STREME-15	Chr14_21763034_21763134	90	100	+	6.02439	3.9e-05	0.323	CGCTCTAGAAT
15-CACTCTGGART	STREME-15	Chr4_27506015_27506115	77	87	+	5.91463	3.96e-05	0.327	CACTCTAAAGC
15-CACTCTGGART	STREME-15	Chr14_21675719_21675819	51	61	-	5.71951	4.01e-05	0.329	CACTGTAGAAT
15-CACTCTGGART	STREME-15	Chr6_13796111_13796211	2	12	+	5.64634	4.18e-05	0.342	CACTCTGACAT
15-CACTCTGGART	STREME-15	Chr13_7887803_7887903	70	80	-	5.4878	4.21e-05	0.344	CACTCTGTAGC
15-CACTCTGGART	STREME-15	Chr9_9572399_9572499	17	27	-	5.34146	4.49e-05	0.359	CATTCTGGAGC
15-CACTCTGGART	STREME-15	Chr3_3598811_3598911	19	29	+	5.31707	4.54e-05	0.359	CACTCTGAAAA
15-CACTCTGGART	STREME-15	Chr14_16498726_16498826	29	39	+	5.31707	4.54e-05	0.359	CACTCTGAAAA
15-CACTCTGGART	STREME-15	Chr15_7922967_7923067	56	66	+	5.31707	4.54e-05	0.359	CACTCTGAAAA
15-CACTCTGGART	STREME-15	Chr2_29164919_29165019	57	67	-	5.31707	4.54e-05	0.359	CACTCTGAAAA
15-CACTCTGGART	STREME-15	Chr3_7464637_7464737	61	71	-	5.31707	4.54e-05	0.359	CACTCTGAAAA
15-CACTCTGGART	STREME-15	Chr2_32638503_32638603	79	89	-	5.31707	4.54e-05	0.359	CACTCTGAAAA
15-CACTCTGGART	STREME-15	Chr7_4266909_4267009	88	98	-	5.31707	4.54e-05	0.359	CACTCTGAAAA
15-CACTCTGGART	STREME-15	Chr1_3244673_3244773	30	40	+	5.2561	4.76e-05	0.375	CACACTGAAAT
15-CACTCTGGART	STREME-15	Chr11_13827329_13827429	43	53	+	5.08537	4.8e-05	0.376	CACTGTGAAAC
15-CACTCTGGART	STREME-15	Chr12_13232118_13232218	12	22	+	5.06098	4.83e-05	0.376	CACTCTGAGGG
15-CACTCTGGART	STREME-15	Chr8_14632438_14632538	59	69	-	5.06098	4.83e-05	0.376	CACTCTGAGGG
15-CACTCTGGART	STREME-15	Chr7_20762296_20762396	17	27	-	4.96341	5.12e-05	0.397	CACTTTGAAAT
15-CACTCTGGART	STREME-15	Chr1_47237583_47237683	29	39	+	4.95122	5.34e-05	0.409	AACTCTGAAAT
15-CACTCTGGART	STREME-15	Chr14_20048089_20048189	38	48	-	4.95122	5.34e-05	0.409	CATTCTGAAAT
15-CACTCTGGART	STREME-15	Chr2_20414638_20414738	75	85	+	4.95122	5.34e-05	0.409	AACTCTGAAAT
15-CACTCTGGART	STREME-15	Chr11_20713440_20713540	9	19	+	4.70732	5.53e-05	0.414	CACTCTCAGGT
15-CACTCTGGART	STREME-15	Chr13_4169548_4169648	33	43	+	4.70732	5.53e-05	0.414	CACTCTCAGGT
15-CACTCTGGART	STREME-15	Chr3_2605453_2605553	35	45	-	4.70732	5.53e-05	0.414	CACTCTCAGGT
15-CACTCTGGART	STREME-15	Chr11_10468605_10468705	70	80	-	4.70732	5.53e-05	0.414	CACTCTCAGGT
15-CACTCTGGART	STREME-15	Chr1_32033167_32033267	82	92	+	4.70732	5.53e-05	0.414	CACTATGAGGT
15-CACTCTGGART	STREME-15	Chr11_18956555_18956655	75	85	-	4.70732	5.53e-05	0.414	CACTCTCAGGT
15-CACTCTGGART	STREME-15	Chr14_17299674_17299774	50	60	+	4.69512	5.67e-05	0.421	GACTCTGAGGT
15-CACTCTGGART	STREME-15	Chr5_7646221_7646321	53	63	+	4.69512	5.67e-05	0.421	CAATCTGAGGT
15-CACTCTGGART	STREME-15	Chr3_13943693_13943793	25	35	+	4.52439	5.88e-05	0.434	CACGCTGGAAC
15-CACTCTGGART	STREME-15	Chr5_5731108_5731208	28	38	-	4.52439	5.88e-05	0.434	CACACTGGAAC
15-CACTCTGGART	STREME-15	Chr13_4193463_4193563	36	46	-	4.28049	5.98e-05	0.439	CTCTCTGGGGC
15-CACTCTGGART	STREME-15	Chr3_34298767_34298867	52	62	+	4.23171	6.14e-05	0.446	CACTTTGGAAC
15-CACTCTGGART	STREME-15	Chr14_13506403_13506503	86	96	+	4.23171	6.14e-05	0.446	CACTTTGGAAC
15-CACTCTGGART	STREME-15	Chr11_4154661_4154761	82	92	-	4.23171	6.14e-05	0.446	CACTCTCGAAC
15-CACTCTGGART	STREME-15	Chr15_22064875_22064975	86	96	-	4.21951	6.28e-05	0.455	CAGTCTGGAAC
15-CACTCTGGART	STREME-15	Chr7_13399762_13399862	88	98	-	3.97561	6.39e-05	0.461	CACTCTTGGGC
15-CACTCTGGART	STREME-15	Chr6_19738910_19739010	2	12	+	3.96341	6.48e-05	0.461	CAGTCTGGGGC
15-CACTCTGGART	STREME-15	Chr14_22107446_22107546	11	21	+	3.96341	6.48e-05	0.461	CAGTCTGGGGC
15-CACTCTGGART	STREME-15	Chr6_15128518_15128618	13	23	+	3.96341	6.48e-05	0.461	CAGTCTGGGGC
15-CACTCTGGART	STREME-15	Chr5_4961039_4961139	64	74	-	3.96341	6.48e-05	0.461	CAGTCTGGGGC
15-CACTCTGGART	STREME-15	Chr1_17426247_17426347	13	23	+	3.93902	6.52e-05	0.461	CACTCTGAGAG
15-CACTCTGGART	STREME-15	Chr5_33493467_33493567	41	51	-	3.93902	6.52e-05	0.461	CACTCTGAGAG
15-CACTCTGGART	STREME-15	Chr7_30444188_30444288	5	15	-	3.89024	6.59e-05	0.462	CCCTCTGAGAT
15-CACTCTGGART	STREME-15	Chr15_17084758_17084858	36	46	+	3.89024	6.59e-05	0.462	CCCTCTGAGAT
15-CACTCTGGART	STREME-15	Chr15_13607514_13607614	1	11	-	3.87805	6.72e-05	0.466	CACTCAGAGAT
15-CACTCTGGART	STREME-15	Chr3_34283668_34283768	77	87	-	3.87805	6.72e-05	0.466	CACGCTGAGAT
15-CACTCTGGART	STREME-15	Chr5_7444866_7444966	79	89	-	3.87805	6.72e-05	0.466	CACTCGGAGAT
15-CACTCTGGART	STREME-15	Chr2_15176559_15176659	50	60	+	3.58537	6.95e-05	0.477	CACTTTGAGAT
15-CACTCTGGART	STREME-15	Chr1_46672067_46672167	52	62	+	3.58537	6.95e-05	0.477	CACTTTGAGAT
15-CACTCTGGART	STREME-15	Chr15_13501058_13501158	91	101	+	3.58537	6.95e-05	0.477	CACTTTGAGAT
15-CACTCTGGART	STREME-15	Chr14_16498726_16498826	3	13	+	3.57317	7.12e-05	0.484	AACTCTGAGAT
15-CACTCTGGART	STREME-15	Chr12_495192_495292	67	77	+	3.57317	7.12e-05	0.484	CAATCTGAGAT
15-CACTCTGGART	STREME-15	Chr3_7464637_7464737	87	97	-	3.57317	7.12e-05	0.484	AACTCTGAGAT
15-CACTCTGGART	STREME-15	Chr8_3984288_3984388	21	31	-	3.41463	7.18e-05	0.487	CACTGTGGTGT
15-CACTCTGGART	STREME-15	Chr3_7343203_7343303	10	20	-	3.36585	7.26e-05	0.488	CACTGTGGACT
15-CACTCTGGART	STREME-15	Chr7_16045338_16045438	32	42	+	3.36585	7.26e-05	0.488	CACTGTGGATT
15-CACTCTGGART	STREME-15	Chr8_18555187_18555287	23	33	+	3.32927	7.34e-05	0.491	CGCTCAGGAGT
15-CACTCTGGART	STREME-15	Chr3_20572615_20572715	68	78	-	3.32927	7.34e-05	0.491	CGCTCAGGAGT
15-CACTCTGGART	STREME-15	Chr3_31761657_31761757	18	28	-	3.29268	7.37e-05	0.491	CACTGTAAAGT
15-CACTCTGGART	STREME-15	Chr7_9531544_9531644	71	81	+	3.14634	7.54e-05	0.501	CACCCTGGGAC
15-CACTCTGGART	STREME-15	Chr13_12551242_12551342	31	41	-	3.08537	7.62e-05	0.504	CACTGTGGAGA
15-CACTCTGGART	STREME-15	Chr9_14162649_14162749	68	78	-	3.07317	7.67e-05	0.506	CACTCTAGACT
15-CACTCTGGART	STREME-15	Chr6_4089504_4089604	42	52	-	3.03659	7.79e-05	0.512	CTCTGTGGAGT
15-CACTCTGGART	STREME-15	Chr3_26400508_26400608	68	78	-	3.02439	8e-05	0.523	AGCTCTGGAGT
15-CACTCTGGART	STREME-15	Chr4_6059405_6059505	85	95	+	3.02439	8e-05	0.523	CACAGTGGAGT
15-CACTCTGGART	STREME-15	Chr14_1408535_1408635	46	56	-	2.71951	8.72e-05	0.568	CAATGTGGAGT
15-CACTCTGGART	STREME-15	Chr1_4769784_4769884	25	35	-	2.57317	8.81e-05	0.57	CACTCTACAGT
15-CACTCTGGART	STREME-15	Chr15_15452886_15452986	85	95	-	2.57317	8.81e-05	0.57	CACTCTATAGT
15-CACTCTGGART	STREME-15	Chr2_6643816_6643916	59	69	+	2.4878	8.89e-05	0.573	CACTCTGATGC
15-CACTCTGGART	STREME-15	Chr10_11554523_11554623	62	72	+	2.42683	9.2e-05	0.588	TACTCTAGAGT
15-CACTCTGGART	STREME-15	Chr10_11554523_11554623	63	73	-	2.42683	9.2e-05	0.588	TACTCTAGAGT
15-CACTCTGGART	STREME-15	Chr1_31533015_31533115	77	87	-	2.42683	9.2e-05	0.588	TACTCTAGAGT
15-CACTCTGGART	STREME-15	Chr6_21542435_21542535	12	22	-	2.26829	9.31e-05	0.588	CGCTCTGGAAG
15-CACTCTGGART	STREME-15	Chr1_5035376_5035476	9	19	+	2.20732	9.43e-05	0.588	CGCTCAGGAAT
15-CACTCTGGART	STREME-15	Chr13_19667292_19667392	8	18	-	2.20732	9.43e-05	0.588	CGCTCAGGAAT
15-CACTCTGGART	STREME-15	Chr13_18672474_18672574	23	33	+	2.20732	9.43e-05	0.588	CGCTCAGGAAT
15-CACTCTGGART	STREME-15	Chr14_6135524_6135624	34	44	-	2.20732	9.43e-05	0.588	CGCTCCGGAAT
15-CACTCTGGART	STREME-15	Chr3_14994579_14994679	45	55	-	2.20732	9.43e-05	0.588	CGCGCTGGAAT
15-CACTCTGGART	STREME-15	Chr7_453055_453155	58	68	+	2.20732	9.43e-05	0.588	CGCTCCGGAAT
15-CACTCTGGART	STREME-15	Chr14_1830670_1830770	63	73	+	2.20732	9.43e-05	0.588	CGCTCAGGAAT
15-CACTCTGGART	STREME-15	Chr3_5019737_5019837	90	100	-	2.04878	9.66e-05	0.6	CGCTCTGCAAT
15-CACTCTGGART	STREME-15	Chr3_15108397_15108497	83	93	+	1.96341	9.84e-05	0.609	CACTGTGGAAA

# FIMO (Find Individual Motif Occurrences): Version 5.5.1 compiled on Apr 10 2023 at 16:56:57
# The format of this file is described at https://meme-suite.org/meme/doc/fimo-output-format.html.
# fimo --parse-genomic-coord --verbosity 1 --oc LITCHI007109.meme_chip/fimo_out_16 --bgfile LITCHI007109.meme_chip/background --motif 15-CACTCTGGART LITCHI007109.meme_chip/streme_out/streme.xml LITCHI007109.meme_chip/LITCHI007109.peak.region.fa
