motif_id	motif_alt_id	sequence_name	start	stop	strand	score	p-value	q-value	matched_sequence
23-TAGCGCCAAA	STREME-23	Chr14_12288948_12289048	1	10	+	18.7561	9.01e-07	0.0273	TAGCGCCAAA
23-TAGCGCCAAA	STREME-23	Chr5_22605869_22605969	3	12	+	18.7561	9.01e-07	0.0273	TAGCGCCAAA
23-TAGCGCCAAA	STREME-23	Chr13_8548108_8548208	3	12	+	18.7561	9.01e-07	0.0273	TAGCGCCAAA
23-TAGCGCCAAA	STREME-23	Chr5_15348336_15348436	3	12	+	18.7561	9.01e-07	0.0273	TAGCGCCAAA
23-TAGCGCCAAA	STREME-23	Chr14_20039_20139	6	15	+	18.7561	9.01e-07	0.0273	TAGCGCCAAA
23-TAGCGCCAAA	STREME-23	Chr8_22577088_22577188	6	15	+	18.7561	9.01e-07	0.0273	TAGCGCCAAA
23-TAGCGCCAAA	STREME-23	Chr1_35274337_35274437	6	15	+	18.7561	9.01e-07	0.0273	TAGCGCCAAA
23-TAGCGCCAAA	STREME-23	Chr13_15197488_15197588	9	18	+	18.7561	9.01e-07	0.0273	TAGCGCCAAA
23-TAGCGCCAAA	STREME-23	Chr2_22147514_22147614	10	19	+	18.7561	9.01e-07	0.0273	TAGCGCCAAA
23-TAGCGCCAAA	STREME-23	Chr2_30606512_30606612	11	20	+	18.7561	9.01e-07	0.0273	TAGCGCCAAA
23-TAGCGCCAAA	STREME-23	Chr5_23504678_23504778	11	20	+	18.7561	9.01e-07	0.0273	TAGCGCCAAA
23-TAGCGCCAAA	STREME-23	Chr12_14166568_14166668	11	20	+	18.7561	9.01e-07	0.0273	TAGCGCCAAA
23-TAGCGCCAAA	STREME-23	Chr1_12464200_12464300	11	20	+	18.7561	9.01e-07	0.0273	TAGCGCCAAA
23-TAGCGCCAAA	STREME-23	Chr7_24824255_24824355	3	12	-	18.7561	9.01e-07	0.0273	TAGCGCCAAA
23-TAGCGCCAAA	STREME-23	Chr14_17172963_17173063	14	23	+	18.7561	9.01e-07	0.0273	TAGCGCCAAA
23-TAGCGCCAAA	STREME-23	Chr5_22990861_22990961	14	23	+	18.7561	9.01e-07	0.0273	TAGCGCCAAA
23-TAGCGCCAAA	STREME-23	Chr8_29328300_29328400	14	23	+	18.7561	9.01e-07	0.0273	TAGCGCCAAA
23-TAGCGCCAAA	STREME-23	Chr4_17232474_17232574	14	23	+	18.7561	9.01e-07	0.0273	TAGCGCCAAA
23-TAGCGCCAAA	STREME-23	Chr1_21475894_21475994	14	23	+	18.7561	9.01e-07	0.0273	TAGCGCCAAA
23-TAGCGCCAAA	STREME-23	Chr3_13725872_13725972	15	24	+	18.7561	9.01e-07	0.0273	TAGCGCCAAA
23-TAGCGCCAAA	STREME-23	Chr6_19738910_19739010	21	30	+	18.7561	9.01e-07	0.0273	TAGCGCCAAA
23-TAGCGCCAAA	STREME-23	Chr3_27695240_27695340	22	31	+	18.7561	9.01e-07	0.0273	TAGCGCCAAA
23-TAGCGCCAAA	STREME-23	Chr15_827606_827706	23	32	+	18.7561	9.01e-07	0.0273	TAGCGCCAAA
23-TAGCGCCAAA	STREME-23	Chr10_20711217_20711317	24	33	+	18.7561	9.01e-07	0.0273	TAGCGCCAAA
23-TAGCGCCAAA	STREME-23	Chr15_13674942_13675042	26	35	+	18.7561	9.01e-07	0.0273	TAGCGCCAAA
23-TAGCGCCAAA	STREME-23	Chr2_23096999_23097099	19	28	-	18.7561	9.01e-07	0.0273	TAGCGCCAAA
23-TAGCGCCAAA	STREME-23	Chr2_38002850_38002950	29	38	+	18.7561	9.01e-07	0.0273	TAGCGCCAAA
23-TAGCGCCAAA	STREME-23	Chr14_22107446_22107546	30	39	+	18.7561	9.01e-07	0.0273	TAGCGCCAAA
23-TAGCGCCAAA	STREME-23	Chr6_15128518_15128618	32	41	+	18.7561	9.01e-07	0.0273	TAGCGCCAAA
23-TAGCGCCAAA	STREME-23	Chr6_16501558_16501658	34	43	+	18.7561	9.01e-07	0.0273	TAGCGCCAAA
23-TAGCGCCAAA	STREME-23	Chr13_8049924_8050024	35	44	+	18.7561	9.01e-07	0.0273	TAGCGCCAAA
23-TAGCGCCAAA	STREME-23	Chr7_10178153_10178253	26	35	-	18.7561	9.01e-07	0.0273	TAGCGCCAAA
23-TAGCGCCAAA	STREME-23	Chr13_16368936_16369036	31	40	-	18.7561	9.01e-07	0.0273	TAGCGCCAAA
23-TAGCGCCAAA	STREME-23	Chr3_266827_266927	33	42	-	18.7561	9.01e-07	0.0273	TAGCGCCAAA
23-TAGCGCCAAA	STREME-23	Chr10_13666864_13666964	42	51	+	18.7561	9.01e-07	0.0273	TAGCGCCAAA
23-TAGCGCCAAA	STREME-23	Chr1_27669209_27669309	43	52	+	18.7561	9.01e-07	0.0273	TAGCGCCAAA
23-TAGCGCCAAA	STREME-23	Chr2_22275741_22275841	43	52	+	18.7561	9.01e-07	0.0273	TAGCGCCAAA
23-TAGCGCCAAA	STREME-23	Chr3_17062670_17062770	48	57	+	18.7561	9.01e-07	0.0273	TAGCGCCAAA
23-TAGCGCCAAA	STREME-23	Chr5_4961039_4961139	46	55	-	18.7561	9.01e-07	0.0273	TAGCGCCAAA
23-TAGCGCCAAA	STREME-23	Chr4_197964_198064	53	62	-	18.7561	9.01e-07	0.0273	TAGCGCCAAA
23-TAGCGCCAAA	STREME-23	Chr8_22116388_22116488	62	71	+	18.7561	9.01e-07	0.0273	TAGCGCCAAA
23-TAGCGCCAAA	STREME-23	Chr6_9440172_9440272	55	64	-	18.7561	9.01e-07	0.0273	TAGCGCCAAA
23-TAGCGCCAAA	STREME-23	Chr2_37912358_37912458	63	72	-	18.7561	9.01e-07	0.0273	TAGCGCCAAA
23-TAGCGCCAAA	STREME-23	Chr14_12459442_12459542	65	74	-	18.7561	9.01e-07	0.0273	TAGCGCCAAA
23-TAGCGCCAAA	STREME-23	Chr2_23355383_23355483	67	76	-	18.7561	9.01e-07	0.0273	TAGCGCCAAA
23-TAGCGCCAAA	STREME-23	Chr7_2212875_2212975	72	81	-	18.7561	9.01e-07	0.0273	TAGCGCCAAA
23-TAGCGCCAAA	STREME-23	Chr4_1432605_1432705	81	90	+	18.7561	9.01e-07	0.0273	TAGCGCCAAA
23-TAGCGCCAAA	STREME-23	Chr2_10842715_10842815	83	92	+	18.7561	9.01e-07	0.0273	TAGCGCCAAA
23-TAGCGCCAAA	STREME-23	Chr1_39218050_39218150	77	86	-	18.7561	9.01e-07	0.0273	TAGCGCCAAA
23-TAGCGCCAAA	STREME-23	Chr8_25340209_25340309	78	87	-	18.7561	9.01e-07	0.0273	TAGCGCCAAA
23-TAGCGCCAAA	STREME-23	Chr12_6432717_6432817	78	87	-	18.7561	9.01e-07	0.0273	TAGCGCCAAA
23-TAGCGCCAAA	STREME-23	Chr3_28206506_28206606	89	98	+	18.7561	9.01e-07	0.0273	TAGCGCCAAA
23-TAGCGCCAAA	STREME-23	Chr5_31150748_31150848	80	89	-	18.7561	9.01e-07	0.0273	TAGCGCCAAA
23-TAGCGCCAAA	STREME-23	Chr10_26231167_26231267	82	91	-	18.7561	9.01e-07	0.0273	TAGCGCCAAA
23-TAGCGCCAAA	STREME-23	Chr1_18668550_18668650	83	92	-	18.7561	9.01e-07	0.0273	TAGCGCCAAA
23-TAGCGCCAAA	STREME-23	Chr5_4105867_4105967	83	92	-	18.7561	9.01e-07	0.0273	TAGCGCCAAA
23-TAGCGCCAAA	STREME-23	Chr8_10155764_10155864	83	92	-	18.7561	9.01e-07	0.0273	TAGCGCCAAA
23-TAGCGCCAAA	STREME-23	Chr4_23646149_23646249	85	94	-	18.7561	9.01e-07	0.0273	TAGCGCCAAA
23-TAGCGCCAAA	STREME-23	Chr1_23454668_23454768	86	95	-	18.7561	9.01e-07	0.0273	TAGCGCCAAA
23-TAGCGCCAAA	STREME-23	Chr10_22495920_22496020	88	97	-	18.7561	9.01e-07	0.0273	TAGCGCCAAA
23-TAGCGCCAAA	STREME-23	Chr1_11656527_11656627	89	98	-	18.7561	9.01e-07	0.0273	TAGCGCCAAA
23-TAGCGCCAAA	STREME-23	Chr2_38443012_38443112	90	99	-	18.7561	9.01e-07	0.0273	TAGCGCCAAA
23-TAGCGCCAAA	STREME-23	Chr4_28414815_28414915	90	99	-	18.7561	9.01e-07	0.0273	TAGCGCCAAA
23-TAGCGCCAAA	STREME-23	Chr9_13281369_13281469	90	99	-	18.7561	9.01e-07	0.0273	TAGCGCCAAA
23-TAGCGCCAAA	STREME-23	Chr15_3524314_3524414	90	99	-	18.7561	9.01e-07	0.0273	TAGCGCCAAA
23-TAGCGCCAAA	STREME-23	Chr4_11249261_11249361	91	100	-	18.7561	9.01e-07	0.0273	TAGCGCCAAA
23-TAGCGCCAAA	STREME-23	Chr3_15077131_15077231	91	100	-	18.7561	9.01e-07	0.0273	TAGCGCCAAA
23-TAGCGCCAAA	STREME-23	Chr2_8654471_8654571	61	70	-	16.1951	3.26e-06	0.0971	TAGCGCCAAC
23-TAGCGCCAAA	STREME-23	Chr10_26922923_26923023	3	12	+	16.1341	4.37e-06	0.123	TAGCGCTAAA
23-TAGCGCCAAA	STREME-23	Chr15_21507355_21507455	28	37	-	16.1341	4.37e-06	0.123	TAGCGCTAAA
23-TAGCGCCAAA	STREME-23	Chr1_32455241_32455341	75	84	+	16.1341	4.37e-06	0.123	TAGCGCTAAA
23-TAGCGCCAAA	STREME-23	Chr10_22988342_22988442	83	92	+	16.1341	4.37e-06	0.123	TAGCGCTAAA
23-TAGCGCCAAA	STREME-23	Chr4_20872699_20872799	27	36	+	14.378	6.39e-06	0.149	TAGTGCCAAA
23-TAGCGCCAAA	STREME-23	Chr13_420638_420738	20	29	-	14.378	6.39e-06	0.149	TAGTGCCAAA
23-TAGCGCCAAA	STREME-23	Chr3_6669827_6669927	43	52	+	14.378	6.39e-06	0.149	TAGTGCCAAA
23-TAGCGCCAAA	STREME-23	Chr13_3489534_3489634	60	69	+	14.378	6.39e-06	0.149	TAGTGCCAAA
23-TAGCGCCAAA	STREME-23	Chr15_19501618_19501718	73	82	+	14.378	6.39e-06	0.149	TAGTGCCAAA
23-TAGCGCCAAA	STREME-23	Chr15_23411234_23411334	75	84	-	14.378	6.39e-06	0.149	TAGTGCCAAA
23-TAGCGCCAAA	STREME-23	Chr5_32364507_32364607	85	94	-	14.378	6.39e-06	0.149	TAGTGCCAAA
23-TAGCGCCAAA	STREME-23	Chr3_30202708_30202808	8	17	+	14.1585	7.12e-06	0.149	TAGCGCCCTA
23-TAGCGCCAAA	STREME-23	Chr7_13070586_13070686	3	12	-	14.1585	7.12e-06	0.149	TAGCGCCCTA
23-TAGCGCCAAA	STREME-23	Chr10_24114974_24115074	5	14	-	14.1585	7.12e-06	0.149	TAGCGCCCTA
23-TAGCGCCAAA	STREME-23	Chr13_3848656_3848756	8	17	-	14.1585	7.12e-06	0.149	TAGCGCCCTA
23-TAGCGCCAAA	STREME-23	Chr7_12944372_12944472	17	26	+	14.1585	7.12e-06	0.149	TAGCGCCCTA
23-TAGCGCCAAA	STREME-23	Chr3_32133856_32133956	10	19	-	14.1585	7.12e-06	0.149	TAGCGCCCTA
23-TAGCGCCAAA	STREME-23	Chr2_20124648_20124748	12	21	-	14.1585	7.12e-06	0.149	TAGCGCCCTA
23-TAGCGCCAAA	STREME-23	Chr1_4098181_4098281	25	34	+	14.1585	7.12e-06	0.149	TAGCGCCCTA
23-TAGCGCCAAA	STREME-23	Chr1_32455241_32455341	16	25	-	14.1585	7.12e-06	0.149	TAGCGCCCTA
23-TAGCGCCAAA	STREME-23	Chr7_13673381_13673481	22	31	-	14.1585	7.12e-06	0.149	TAGCGCCCTA
23-TAGCGCCAAA	STREME-23	Chr15_10389759_10389859	40	49	+	14.1585	7.12e-06	0.149	TAGCGCCCTA
23-TAGCGCCAAA	STREME-23	Chr1_23295893_23295993	62	71	+	14.1585	7.12e-06	0.149	TAGCGCCCTA
23-TAGCGCCAAA	STREME-23	Chr1_22538531_22538631	64	73	+	14.1585	7.12e-06	0.149	TAGCGCCCTA
23-TAGCGCCAAA	STREME-23	Chr4_22225073_22225173	61	70	-	14.1585	7.12e-06	0.149	TAGCGCCCTA
23-TAGCGCCAAA	STREME-23	Chr5_3838922_3839022	74	83	+	14.1585	7.12e-06	0.149	TAGCGCCCTA
23-TAGCGCCAAA	STREME-23	Chr10_18631266_18631366	76	85	+	14.1585	7.12e-06	0.149	TAGCGCCCTA
23-TAGCGCCAAA	STREME-23	Chr2_33576941_33577041	85	94	+	14.1585	7.12e-06	0.149	TAGCGCCCTA
23-TAGCGCCAAA	STREME-23	Chr15_21507355_21507455	87	96	+	14.1585	7.12e-06	0.149	TAGCGCCCTA
23-TAGCGCCAAA	STREME-23	Chr10_23460824_23460924	14	23	+	13.9146	8.96e-06	0.168	TAGCGCTATA
23-TAGCGCCAAA	STREME-23	Chr10_18862749_18862849	18	27	+	13.9146	8.96e-06	0.168	TAGCGCTATA
23-TAGCGCCAAA	STREME-23	Chr10_23113599_23113699	16	25	-	13.9146	8.96e-06	0.168	TAGCGCTATA
23-TAGCGCCAAA	STREME-23	Chr10_7095547_7095647	27	36	-	13.9146	8.96e-06	0.168	TAGCGCTATA
23-TAGCGCCAAA	STREME-23	Chr5_3742625_3742725	33	42	-	13.9146	8.96e-06	0.168	TAGCGCTATA
23-TAGCGCCAAA	STREME-23	Chr3_21511347_21511447	34	43	-	13.9146	8.96e-06	0.168	TAGCGCTATA
23-TAGCGCCAAA	STREME-23	Chr10_18684923_18685023	36	45	-	13.9146	8.96e-06	0.168	TAGCGCTATA
23-TAGCGCCAAA	STREME-23	Chr11_8323602_8323702	47	56	-	13.9146	8.96e-06	0.168	TAGCGCTATA
23-TAGCGCCAAA	STREME-23	Chr2_15397968_15398068	60	69	+	13.9146	8.96e-06	0.168	TAGCGCTATA
23-TAGCGCCAAA	STREME-23	Chr8_18808730_18808830	69	78	-	13.9146	8.96e-06	0.168	TAGCGCTATA
23-TAGCGCCAAA	STREME-23	Chr7_8048735_8048835	88	97	+	13.9146	8.96e-06	0.168	TAGCGCTATA
23-TAGCGCCAAA	STREME-23	Chr10_12347416_12347516	10	19	-	13.878	1.01e-05	0.181	TAGCGTCAAA
23-TAGCGCCAAA	STREME-23	Chr3_27442439_27442539	26	35	+	13.878	1.01e-05	0.181	TAGCGTCAAA
23-TAGCGCCAAA	STREME-23	Chr14_23018319_23018419	35	44	+	13.878	1.01e-05	0.181	TAGCGTCAAA
23-TAGCGCCAAA	STREME-23	Chr15_16289279_16289379	39	48	+	13.878	1.01e-05	0.181	TAGCGTCAAA
23-TAGCGCCAAA	STREME-23	Chr1_13185630_13185730	89	98	-	13.878	1.01e-05	0.181	TAGCGTCAAA
23-TAGCGCCAAA	STREME-23	Chr15_23514257_23514357	6	15	+	13.5732	1.25e-05	0.186	TAGCGCTAAC
23-TAGCGCCAAA	STREME-23	Chr1_23513756_23513856	7	16	+	13.5732	1.25e-05	0.186	TAGCGCTAAC
23-TAGCGCCAAA	STREME-23	Chr2_15397968_15398068	7	16	+	13.5732	1.25e-05	0.186	TAGCGCTAAC
23-TAGCGCCAAA	STREME-23	Chr9_986014_986114	19	28	+	13.5732	1.25e-05	0.186	TAGCGCTAAC
23-TAGCGCCAAA	STREME-23	Chr6_15102240_15102340	24	33	+	13.5732	1.25e-05	0.186	TAGCGCTAAC
23-TAGCGCCAAA	STREME-23	Chr7_12727645_12727745	18	27	-	13.5732	1.25e-05	0.186	TAGCGCTAAC
23-TAGCGCCAAA	STREME-23	Chr6_2312640_2312740	23	32	-	13.5732	1.25e-05	0.186	TAGCGCTAAC
23-TAGCGCCAAA	STREME-23	Chr4_28595764_28595864	26	35	-	13.5732	1.25e-05	0.186	TAGCGCTAAC
23-TAGCGCCAAA	STREME-23	Chr7_8048735_8048835	35	44	+	13.5732	1.25e-05	0.186	TAGCGCTAAC
23-TAGCGCCAAA	STREME-23	Chr1_25408951_25409051	32	41	-	13.5732	1.25e-05	0.186	TAGCGCTAAC
23-TAGCGCCAAA	STREME-23	Chr9_3431888_3431988	34	43	-	13.5732	1.25e-05	0.186	TAGCGCTAAC
23-TAGCGCCAAA	STREME-23	Chr10_19221750_19221850	49	58	+	13.5732	1.25e-05	0.186	TAGCGCTAAC
23-TAGCGCCAAA	STREME-23	Chr9_7661361_7661461	51	60	+	13.5732	1.25e-05	0.186	TAGCGCTAAC
23-TAGCGCCAAA	STREME-23	Chr2_9302572_9302672	43	52	-	13.5732	1.25e-05	0.186	TAGCGCTAAC
23-TAGCGCCAAA	STREME-23	Chr7_14910284_14910384	44	53	-	13.5732	1.25e-05	0.186	TAGCGCTAAC
23-TAGCGCCAAA	STREME-23	Chr14_22863941_22864041	64	73	-	13.5732	1.25e-05	0.186	TAGCGCTAAC
23-TAGCGCCAAA	STREME-23	Chr9_22000275_22000375	67	76	-	13.5732	1.25e-05	0.186	TAGCGCTAAC
23-TAGCGCCAAA	STREME-23	Chr10_23113599_23113699	69	78	-	13.5732	1.25e-05	0.186	TAGCGCTAAC
23-TAGCGCCAAA	STREME-23	Chr6_14563158_14563258	82	91	+	13.5732	1.25e-05	0.186	TAGCGCTAAC
23-TAGCGCCAAA	STREME-23	Chr5_3742625_3742725	86	95	-	13.5732	1.25e-05	0.186	TAGCGCTAAC
23-TAGCGCCAAA	STREME-23	Chr3_21511347_21511447	87	96	-	13.5732	1.25e-05	0.186	TAGCGCTAAC
23-TAGCGCCAAA	STREME-23	Chr10_18684923_18685023	89	98	-	13.5732	1.25e-05	0.186	TAGCGCTAAC
23-TAGCGCCAAA	STREME-23	Chr7_3932000_3932100	90	99	-	13.5732	1.25e-05	0.186	TAGCGCTAAC
23-TAGCGCCAAA	STREME-23	Chr8_20620485_20620585	68	77	-	13.4146	1.32e-05	0.195	TAGCGCCGAA
23-TAGCGCCAAA	STREME-23	Chr8_7962365_7962465	7	16	+	13.2439	1.43e-05	0.204	TAGCTCCAAA
23-TAGCGCCAAA	STREME-23	Chr2_24400507_24400607	10	19	+	13.2439	1.43e-05	0.204	TAGCTCCAAA
23-TAGCGCCAAA	STREME-23	Chr6_22568526_22568626	23	32	+	13.2439	1.43e-05	0.204	TAGCTCCAAA
23-TAGCGCCAAA	STREME-23	Chr5_14246164_14246264	71	80	-	13.2439	1.43e-05	0.204	TAGCTCCAAA
23-TAGCGCCAAA	STREME-23	Chr8_15482671_15482771	80	89	+	13.2439	1.43e-05	0.204	TAGCTCCAAA
23-TAGCGCCAAA	STREME-23	Chr10_13606343_13606443	40	49	-	13.1463	1.5e-05	0.212	TCGCGCCAAA
23-TAGCGCCAAA	STREME-23	Chr4_30736401_30736501	50	59	-	13.1463	1.5e-05	0.212	TCGCGCCAAA
23-TAGCGCCAAA	STREME-23	Chr1_13370951_13371051	14	23	+	13.061	1.62e-05	0.218	TAGCACCAAA
23-TAGCGCCAAA	STREME-23	Chr11_12062537_12062637	21	30	+	13.061	1.62e-05	0.218	TAGCACCAAA
23-TAGCGCCAAA	STREME-23	Chr1_6229453_6229553	43	52	-	13.061	1.62e-05	0.218	TAGCACCAAA
23-TAGCGCCAAA	STREME-23	Chr6_10629892_10629992	84	93	+	13.061	1.62e-05	0.218	TAGCACCAAA
23-TAGCGCCAAA	STREME-23	Chr10_11669068_11669168	77	86	-	13.061	1.62e-05	0.218	TAGCACCAAA
23-TAGCGCCAAA	STREME-23	Chr8_29392808_29392908	82	91	-	13.061	1.62e-05	0.218	TAGCACCAAA
23-TAGCGCCAAA	STREME-23	Chr14_22072606_22072706	81	90	+	12.1829	1.71e-05	0.229	TAGCGCCTTA
23-TAGCGCCAAA	STREME-23	Chr14_4935530_4935630	7	16	-	12	2e-05	0.266	TAGTGCCCAA
23-TAGCGCCAAA	STREME-23	Chr5_25338217_25338317	19	28	-	11.9268	2.09e-05	0.277	TAGCGGCAAA
23-TAGCGCCAAA	STREME-23	Chr14_23202836_23202936	13	22	+	11.8415	2.27e-05	0.298	TAGCGCAAAA
23-TAGCGCCAAA	STREME-23	Chr9_7661361_7661461	1	10	+	11.7561	2.61e-05	0.298	TAGTGCTAAA
23-TAGCGCCAAA	STREME-23	Chr7_14095850_14095950	1	10	+	11.7561	2.61e-05	0.298	TAGTGCTAAA
23-TAGCGCCAAA	STREME-23	Chr13_3489534_3489634	10	19	+	11.7561	2.61e-05	0.298	TAGTGCTAAA
23-TAGCGCCAAA	STREME-23	Chr1_23295893_23295993	3	12	-	11.7561	2.61e-05	0.298	TAGTGCTAAA
23-TAGCGCCAAA	STREME-23	Chr1_22538531_22538631	5	14	-	11.7561	2.61e-05	0.298	TAGTGCTAAA
23-TAGCGCCAAA	STREME-23	Chr15_19501618_19501718	23	32	+	11.7561	2.61e-05	0.298	TAGTGCTAAA
23-TAGCGCCAAA	STREME-23	Chr10_22988342_22988442	25	34	+	11.7561	2.61e-05	0.298	TAGTGCTAAA
23-TAGCGCCAAA	STREME-23	Chr10_18631266_18631366	18	27	-	11.7561	2.61e-05	0.298	TAGTGCTAAA
23-TAGCGCCAAA	STREME-23	Chr6_14563158_14563258	32	41	+	11.7561	2.61e-05	0.298	TAGTGCTAAA
23-TAGCGCCAAA	STREME-23	Chr2_33576941_33577041	26	35	-	11.7561	2.61e-05	0.298	TAGTGCTAAA
23-TAGCGCCAAA	STREME-23	Chr1_31669063_31669163	30	39	-	11.7561	2.61e-05	0.298	TAGTGCTAAA
23-TAGCGCCAAA	STREME-23	Chr11_14142574_14142674	46	55	-	11.7561	2.61e-05	0.298	TAGTGCTAAA
23-TAGCGCCAAA	STREME-23	Chr7_13070586_13070686	62	71	+	11.7561	2.61e-05	0.298	TAGTGCTAAA
23-TAGCGCCAAA	STREME-23	Chr10_24114974_24115074	63	72	+	11.7561	2.61e-05	0.298	TAGTGCTAAA
23-TAGCGCCAAA	STREME-23	Chr13_3848656_3848756	66	75	+	11.7561	2.61e-05	0.298	TAGTGCTAAA
23-TAGCGCCAAA	STREME-23	Chr3_32133856_32133956	69	78	+	11.7561	2.61e-05	0.298	TAGTGCTAAA
23-TAGCGCCAAA	STREME-23	Chr2_20124648_20124748	71	80	+	11.7561	2.61e-05	0.298	TAGTGCTAAA
23-TAGCGCCAAA	STREME-23	Chr3_27514963_27515063	62	71	-	11.7561	2.61e-05	0.298	TAGTGCTAAA
23-TAGCGCCAAA	STREME-23	Chr7_13673381_13673481	81	90	+	11.7561	2.61e-05	0.298	TAGTGCTAAA
23-TAGCGCCAAA	STREME-23	Chr6_2312640_2312740	73	82	-	11.7561	2.61e-05	0.298	TAGTGCTAAA
23-TAGCGCCAAA	STREME-23	Chr4_28595764_28595864	76	85	-	11.7561	2.61e-05	0.298	TAGTGCTAAA
23-TAGCGCCAAA	STREME-23	Chr1_24124004_24124104	89	98	+	11.7561	2.61e-05	0.298	TAGTGCTAAA
23-TAGCGCCAAA	STREME-23	Chr1_25408951_25409051	82	91	-	11.7561	2.61e-05	0.298	TAGTGCTAAA
23-TAGCGCCAAA	STREME-23	Chr10_14246091_14246191	90	99	-	11.7561	2.61e-05	0.298	TAGTGCTAAA
23-TAGCGCCAAA	STREME-23	Chr1_8191489_8191589	90	99	-	11.5	2.96e-05	0.336	TAGCGTCCAA
23-TAGCGCCAAA	STREME-23	Chr6_22366047_22366147	52	61	+	11.3171	3.14e-05	0.354	TAGCGTCAAC
23-TAGCGCCAAA	STREME-23	Chr3_19780183_19780283	20	29	-	11.2561	3.28e-05	0.366	TAGCGTTAAA
23-TAGCGCCAAA	STREME-23	Chr10_22670226_22670326	28	37	-	11.2561	3.28e-05	0.366	TAGCGTTAAA
23-TAGCGCCAAA	STREME-23	Chr2_10248265_10248365	9	18	+	11.1951	3.43e-05	0.38	TAGCGCCGTA
23-TAGCGCCAAA	STREME-23	Chr3_31687961_31688061	18	27	-	11.1098	3.52e-05	0.385	TAGGGCCAAA
23-TAGCGCCAAA	STREME-23	Chr3_34340538_34340638	76	85	+	11.1098	3.52e-05	0.385	TAGGGCCAAA
23-TAGCGCCAAA	STREME-23	Chr11_17617685_17617785	54	63	-	11	3.7e-05	0.401	CAGCGCCAAA
23-TAGCGCCAAA	STREME-23	Chr13_19478331_19478431	76	85	+	11	3.7e-05	0.401	CAGCGCCAAA
23-TAGCGCCAAA	STREME-23	Chr3_34653645_34653745	81	90	-	10.9268	3.77e-05	0.404	TCGCGCCATA
23-TAGCGCCAAA	STREME-23	Chr14_18353752_18353852	8	17	+	10.8659	3.86e-05	0.404	TAGCTCCCAA
23-TAGCGCCAAA	STREME-23	Chr4_3316890_3316990	22	31	-	10.8659	3.86e-05	0.404	TAGCTCCCAA
23-TAGCGCCAAA	STREME-23	Chr5_13067276_13067376	33	42	-	10.8659	3.86e-05	0.404	TAGCTCCCAA
23-TAGCGCCAAA	STREME-23	Chr2_5574612_5574712	40	49	-	10.8659	3.86e-05	0.404	TAGCTCCCAA
23-TAGCGCCAAA	STREME-23	Chr11_14444392_14444492	61	70	-	10.8659	3.86e-05	0.404	TAGCTCCCAA
23-TAGCGCCAAA	STREME-23	Chr14_21311839_21311939	84	93	-	10.8659	3.86e-05	0.404	TAGCTCCCAA
23-TAGCGCCAAA	STREME-23	Chr3_5158319_5158419	46	55	-	10.8415	4.03e-05	0.419	TAGCACCATA
23-TAGCGCCAAA	STREME-23	Chr10_3729991_3730091	21	30	+	10.7561	4.27e-05	0.442	TAGCCCCAAA
23-TAGCGCCAAA	STREME-23	Chr1_7312403_7312503	48	57	-	10.7317	4.36e-05	0.449	AAGCGCCAAA
23-TAGCGCCAAA	STREME-23	Chr13_8354864_8354964	28	37	+	10.6829	4.54e-05	0.456	TAGCTCCAAC
23-TAGCGCCAAA	STREME-23	Chr8_4922875_4922975	23	32	-	10.6829	4.54e-05	0.456	TAGCTCCAAC
23-TAGCGCCAAA	STREME-23	Chr2_24353228_24353328	44	53	+	10.6829	4.54e-05	0.456	TAGCTCCAAC
23-TAGCGCCAAA	STREME-23	Chr4_31169793_31169893	40	49	-	10.6829	4.54e-05	0.456	TAGCTCCAAC
23-TAGCGCCAAA	STREME-23	Chr10_24720902_24721002	77	86	-	10.6829	4.54e-05	0.456	TAGCACCCAA
23-TAGCGCCAAA	STREME-23	Chr11_4816229_4816329	36	45	-	10.622	4.68e-05	0.465	TAGCTCTAAA
23-TAGCGCCAAA	STREME-23	Chr6_11573609_11573709	64	73	-	10.622	4.68e-05	0.465	TAGCTCTAAA
23-TAGCGCCAAA	STREME-23	Chr2_20980959_20981059	4	13	+	10.5	4.92e-05	0.479	TAGCACCAAC
23-TAGCGCCAAA	STREME-23	Chr15_17102257_17102357	56	65	+	10.5	4.92e-05	0.479	TAGCACCAAC
23-TAGCGCCAAA	STREME-23	Chr7_16305811_16305911	6	15	-	10.439	5.06e-05	0.479	TAGCACTAAA
23-TAGCGCCAAA	STREME-23	Chr8_18664301_18664401	9	18	-	10.439	5.06e-05	0.479	TAGCACTAAA
23-TAGCGCCAAA	STREME-23	Chr13_549685_549785	19	28	+	10.439	5.06e-05	0.479	TAGCACTAAA
23-TAGCGCCAAA	STREME-23	Chr1_30340475_30340575	11	20	-	10.439	5.06e-05	0.479	TAGCACTAAA
23-TAGCGCCAAA	STREME-23	Chr1_6229453_6229553	20	29	+	10.439	5.06e-05	0.479	TAGCACTAAA
23-TAGCGCCAAA	STREME-23	Chr11_18727578_18727678	41	50	-	10.439	5.06e-05	0.479	TAGCACTAAA
23-TAGCGCCAAA	STREME-23	Chr15_352822_352922	47	56	-	10.439	5.06e-05	0.479	TAGCACTAAA
23-TAGCGCCAAA	STREME-23	Chr5_20982502_20982602	54	63	-	10.439	5.06e-05	0.479	TAGCACTAAA
23-TAGCGCCAAA	STREME-23	Chr12_570752_570852	27	36	-	10.0244	5.17e-05	0.488	TAGTGCCTAA
23-TAGCGCCAAA	STREME-23	Chr4_16148365_16148465	65	74	-	9.78049	5.35e-05	0.502	TAGTGCCCTA
23-TAGCGCCAAA	STREME-23	Chr12_14298539_14298639	30	39	-	9.7561	5.51e-05	0.515	TACCGCCAAA
23-TAGCGCCAAA	STREME-23	Chr15_11318591_11318691	44	53	+	9.60976	5.9e-05	0.549	TAGAGCCAAA
23-TAGCGCCAAA	STREME-23	Chr7_12929454_12929554	56	65	-	9.59756	5.99e-05	0.555	TAGTGCCATC
23-TAGCGCCAAA	STREME-23	Chr9_13559799_13559899	14	23	+	9.53659	6.38e-05	0.583	TAGTGCTATA
23-TAGCGCCAAA	STREME-23	Chr1_16262609_16262709	46	55	+	9.53659	6.38e-05	0.583	TAGTGCTATA
23-TAGCGCCAAA	STREME-23	Chr4_23286848_23286948	37	46	-	9.53659	6.38e-05	0.583	TAGTGCTATA
23-TAGCGCCAAA	STREME-23	Chr3_3037717_3037817	15	24	-	9.5	6.63e-05	0.595	TAGTGTCAAA
23-TAGCGCCAAA	STREME-23	Chr2_10367864_10367964	46	55	-	9.5	6.63e-05	0.595	TAGTGTCAAA
23-TAGCGCCAAA	STREME-23	Chr9_12612350_12612450	66	75	-	9.5	6.63e-05	0.595	TAGTGTCAAA
23-TAGCGCCAAA	STREME-23	Chr10_7095547_7095647	82	91	-	9.5	6.63e-05	0.595	TAGTGTCAAA
23-TAGCGCCAAA	STREME-23	Chr3_30065565_30065665	19	28	+	9.46341	6.72e-05	0.601	TAGCGCACAA
23-TAGCGCCAAA	STREME-23	Chr14_17389869_17389969	16	25	-	9.43902	6.8e-05	0.605	TAGTGCCCAC
23-TAGCGCCAAA	STREME-23	Chr2_17278940_17279040	17	26	+	9.37805	6.91e-05	0.609	TAGTGCTCAA
23-TAGCGCCAAA	STREME-23	Chr15_22804302_22804402	44	53	-	9.37805	6.91e-05	0.609	TAGTGCTCAA
23-TAGCGCCAAA	STREME-23	Chr13_4836066_4836166	75	84	-	9.36585	6.98e-05	0.613	TAGCGGCAAC
23-TAGCGCCAAA	STREME-23	Chr7_14538444_14538544	13	22	-	9.19512	7.47e-05	0.653	TAGTGCTAAC
23-TAGCGCCAAA	STREME-23	Chr15_16141730_16141830	15	24	+	9.03659	7.79e-05	0.663	TAGCGTTATA
23-TAGCGCCAAA	STREME-23	Chr6_1053002_1053102	65	74	-	9.03659	7.79e-05	0.663	TAGCGTTATA
23-TAGCGCCAAA	STREME-23	Chr13_10532138_10532238	77	86	+	8.97561	7.86e-05	0.663	TAGCGCTCTC
23-TAGCGCCAAA	STREME-23	Chr13_195306_195406	5	14	+	8.89024	8.14e-05	0.663	TAGCTCCTAA
23-TAGCGCCAAA	STREME-23	Chr3_31977265_31977365	5	14	+	8.89024	8.14e-05	0.663	TAGGGCCATA
23-TAGCGCCAAA	STREME-23	Chr6_8707575_8707675	6	15	+	8.89024	8.14e-05	0.663	TAGCTCCTAA
23-TAGCGCCAAA	STREME-23	Chr4_20491582_20491682	24	33	+	8.89024	8.14e-05	0.663	TAGCTCCTAA
23-TAGCGCCAAA	STREME-23	Chr1_22493164_22493264	46	55	+	8.89024	8.14e-05	0.663	TAGCTCCTAA
23-TAGCGCCAAA	STREME-23	Chr10_24634147_24634247	49	58	+	8.89024	8.14e-05	0.663	TAGGGCCATA
23-TAGCGCCAAA	STREME-23	Chr3_28561119_28561219	54	63	-	8.89024	8.14e-05	0.663	TAGCTCCTAA
23-TAGCGCCAAA	STREME-23	Chr7_14974446_14974546	72	81	+	8.89024	8.14e-05	0.663	TAGCTCCTAA
23-TAGCGCCAAA	STREME-23	Chr10_27922173_27922273	68	77	-	8.89024	8.14e-05	0.663	TAGCTCCTAA
23-TAGCGCCAAA	STREME-23	Chr2_9516050_9516150	78	87	+	8.89024	8.14e-05	0.663	TAGCTCCTAA
23-TAGCGCCAAA	STREME-23	Chr1_23836540_23836640	81	90	+	8.89024	8.14e-05	0.663	TAGCTCCTAA
23-TAGCGCCAAA	STREME-23	Chr5_4809914_4810014	85	94	-	8.89024	8.14e-05	0.663	TAGCTCCTAA
23-TAGCGCCAAA	STREME-23	Chr1_3922940_3923040	86	95	-	8.89024	8.14e-05	0.663	TAGCTCCTAA
23-TAGCGCCAAA	STREME-23	Chr1_15505276_15505376	89	98	-	8.89024	8.14e-05	0.663	TAGCTCCTAA
23-TAGCGCCAAA	STREME-23	Chr7_4922219_4922319	75	84	+	8.87805	8.25e-05	0.667	TAGCGTTCAA
23-TAGCGCCAAA	STREME-23	Chr13_15187526_15187626	86	95	+	8.87805	8.25e-05	0.667	TAGCGTTCAA
23-TAGCGCCAAA	STREME-23	Chr9_15681570_15681670	68	77	-	8.86585	8.39e-05	0.672	TAGTTCCAAA
23-TAGCGCCAAA	STREME-23	Chr2_3514707_3514807	88	97	-	8.86585	8.39e-05	0.672	TAGTTCCAAA
23-TAGCGCCAAA	STREME-23	Chr15_23141448_23141548	36	45	+	8.79268	8.46e-05	0.673	TCGCGCCTAA
23-TAGCGCCAAA	STREME-23	Chr3_31430907_31431007	52	61	-	8.79268	8.46e-05	0.673	TCGCGCCTAA
23-TAGCGCCAAA	STREME-23	Chr3_24757627_24757727	39	48	+	8.76829	8.62e-05	0.673	TCGTGCCAAA
23-TAGCGCCAAA	STREME-23	Chr10_17334632_17334732	41	50	-	8.76829	8.62e-05	0.673	TCGTGCCAAA
23-TAGCGCCAAA	STREME-23	Chr1_5740815_5740915	62	71	+	8.76829	8.62e-05	0.673	TCGTGCCAAA
23-TAGCGCCAAA	STREME-23	Chr9_3506834_3506934	91	100	-	8.76829	8.62e-05	0.673	TCGTGCCAAA
23-TAGCGCCAAA	STREME-23	Chr5_16355516_16355616	58	67	+	8.73171	8.7e-05	0.673	TAGGGCCCAA
23-TAGCGCCAAA	STREME-23	Chr3_32146417_32146517	67	76	-	8.73171	8.7e-05	0.673	TAGGGCCCAA
23-TAGCGCCAAA	STREME-23	Chr1_22992446_22992546	72	81	-	8.73171	8.7e-05	0.673	TAGGGCCCAA
23-TAGCGCCAAA	STREME-23	Chr2_29867358_29867458	27	36	+	8.70732	8.81e-05	0.677	TAGCACCTAA
23-TAGCGCCAAA	STREME-23	Chr9_16103326_16103426	25	34	-	8.70732	8.81e-05	0.677	TAGCACCTAA
23-TAGCGCCAAA	STREME-23	Chr15_8955925_8956025	22	31	-	8.69512	8.92e-05	0.68	TAGCGTTAAC
23-TAGCGCCAAA	STREME-23	Chr7_14095850_14095950	51	60	+	8.69512	8.92e-05	0.68	TAGCGTTAAC
23-TAGCGCCAAA	STREME-23	Chr10_19699086_19699186	4	13	+	8.68293	9.06e-05	0.683	TAGTACCAAA
23-TAGCGCCAAA	STREME-23	Chr12_19494342_19494442	91	100	+	8.68293	9.06e-05	0.683	TAGTACCAAA
23-TAGCGCCAAA	STREME-23	Chr1_30512363_30512463	90	99	-	8.68293	9.06e-05	0.683	TAGTACCAAA
23-TAGCGCCAAA	STREME-23	Chr9_3187559_3187659	6	15	-	8.64634	9.15e-05	0.687	TAGCTCCCTA
23-TAGCGCCAAA	STREME-23	Chr1_46499337_46499437	86	95	-	8.57317	9.36e-05	0.7	TAGCGCTGTA

# FIMO (Find Individual Motif Occurrences): Version 5.5.1 compiled on Apr 10 2023 at 16:56:57
# The format of this file is described at https://meme-suite.org/meme/doc/fimo-output-format.html.
# fimo --parse-genomic-coord --verbosity 1 --oc LITCHI007109.meme_chip/fimo_out_22 --bgfile LITCHI007109.meme_chip/background --motif 23-TAGCGCCAAA LITCHI007109.meme_chip/streme_out/streme.xml LITCHI007109.meme_chip/LITCHI007109.peak.region.fa
