motif_id	motif_alt_id	sequence_name	start	stop	strand	score	p-value	q-value	matched_sequence
11-CAGTYACCG	STREME-11	Chr4_14023888_14023988	9	17	+	15.9737	3.26e-06	0.0533	CAGTTACCG
11-CAGTYACCG	STREME-11	Chr7_16022308_16022408	31	39	-	15.9737	3.26e-06	0.0533	CAGTTACCG
11-CAGTYACCG	STREME-11	Chr14_9855508_9855608	33	41	-	15.9737	3.26e-06	0.0533	CAGTTACCG
11-CAGTYACCG	STREME-11	Chr11_10281435_10281535	44	52	-	15.9737	3.26e-06	0.0533	CAGTTACCG
11-CAGTYACCG	STREME-11	Chr8_711161_711261	60	68	+	15.9737	3.26e-06	0.0533	CAGTTACCG
11-CAGTYACCG	STREME-11	Chr14_6309419_6309519	75	83	-	15.9737	3.26e-06	0.0533	CAGTTACCG
11-CAGTYACCG	STREME-11	Chr1_12252473_12252573	86	94	-	15.9737	3.26e-06	0.0533	CAGTTACCG
11-CAGTYACCG	STREME-11	Chr2_352179_352279	1	9	+	15.9211	5.89e-06	0.0533	CAGTCACCG
11-CAGTYACCG	STREME-11	Chr11_5161768_5161868	2	10	+	15.9211	5.89e-06	0.0533	CAGTCACCG
11-CAGTYACCG	STREME-11	Chr1_5046593_5046693	3	11	+	15.9211	5.89e-06	0.0533	CAGTCACCG
11-CAGTYACCG	STREME-11	Chr13_12946159_12946259	4	12	+	15.9211	5.89e-06	0.0533	CAGTCACCG
11-CAGTYACCG	STREME-11	Chr1_40133084_40133184	8	16	+	15.9211	5.89e-06	0.0533	CAGTCACCG
11-CAGTYACCG	STREME-11	Chr3_5126303_5126403	9	17	+	15.9211	5.89e-06	0.0533	CAGTCACCG
11-CAGTYACCG	STREME-11	Chr9_11340576_11340676	2	10	-	15.9211	5.89e-06	0.0533	CAGTCACCG
11-CAGTYACCG	STREME-11	Chr12_21153685_21153785	11	19	+	15.9211	5.89e-06	0.0533	CAGTCACCG
11-CAGTYACCG	STREME-11	Chr10_19373734_19373834	11	19	+	15.9211	5.89e-06	0.0533	CAGTCACCG
11-CAGTYACCG	STREME-11	Chr8_19128329_19128429	11	19	+	15.9211	5.89e-06	0.0533	CAGTCACCG
11-CAGTYACCG	STREME-11	Chr14_24007789_24007889	13	21	+	15.9211	5.89e-06	0.0533	CAGTCACCG
11-CAGTYACCG	STREME-11	Chr5_13586865_13586965	13	21	+	15.9211	5.89e-06	0.0533	CAGTCACCG
11-CAGTYACCG	STREME-11	Chr10_17052241_17052341	7	15	-	15.9211	5.89e-06	0.0533	CAGTCACCG
11-CAGTYACCG	STREME-11	Chr11_18439988_18440088	15	23	+	15.9211	5.89e-06	0.0533	CAGTCACCG
11-CAGTYACCG	STREME-11	Chr1_28325814_28325914	8	16	-	15.9211	5.89e-06	0.0533	CAGTCACCG
11-CAGTYACCG	STREME-11	Chr3_3994006_3994106	16	24	+	15.9211	5.89e-06	0.0533	CAGTCACCG
11-CAGTYACCG	STREME-11	Chr3_30678841_30678941	16	24	+	15.9211	5.89e-06	0.0533	CAGTCACCG
11-CAGTYACCG	STREME-11	Chr1_5161111_5161211	18	26	+	15.9211	5.89e-06	0.0533	CAGTCACCG
11-CAGTYACCG	STREME-11	Chr10_25989121_25989221	18	26	+	15.9211	5.89e-06	0.0533	CAGTCACCG
11-CAGTYACCG	STREME-11	Chr4_13770801_13770901	10	18	-	15.9211	5.89e-06	0.0533	CAGTCACCG
11-CAGTYACCG	STREME-11	Chr1_4586820_4586920	12	20	-	15.9211	5.89e-06	0.0533	CAGTCACCG
11-CAGTYACCG	STREME-11	Chr3_34999541_34999641	21	29	+	15.9211	5.89e-06	0.0533	CAGTCACCG
11-CAGTYACCG	STREME-11	Chr1_8953762_8953862	21	29	+	15.9211	5.89e-06	0.0533	CAGTCACCG
11-CAGTYACCG	STREME-11	Chr13_5686064_5686164	21	29	+	15.9211	5.89e-06	0.0533	CAGTCACCG
11-CAGTYACCG	STREME-11	Chr10_24776984_24777084	22	30	+	15.9211	5.89e-06	0.0533	CAGTCACCG
11-CAGTYACCG	STREME-11	Chr12_19803464_19803564	22	30	+	15.9211	5.89e-06	0.0533	CAGTCACCG
11-CAGTYACCG	STREME-11	Chr2_36126735_36126835	23	31	+	15.9211	5.89e-06	0.0533	CAGTCACCG
11-CAGTYACCG	STREME-11	Chr11_5945383_5945483	23	31	+	15.9211	5.89e-06	0.0533	CAGTCACCG
11-CAGTYACCG	STREME-11	Chr2_7088615_7088715	23	31	+	15.9211	5.89e-06	0.0533	CAGTCACCG
11-CAGTYACCG	STREME-11	Chr2_14402713_14402813	24	32	+	15.9211	5.89e-06	0.0533	CAGTCACCG
11-CAGTYACCG	STREME-11	Chr12_11716918_11717018	24	32	+	15.9211	5.89e-06	0.0533	CAGTCACCG
11-CAGTYACCG	STREME-11	Chr8_29726417_29726517	24	32	+	15.9211	5.89e-06	0.0533	CAGTCACCG
11-CAGTYACCG	STREME-11	Chr4_25355922_25356022	25	33	+	15.9211	5.89e-06	0.0533	CAGTCACCG
11-CAGTYACCG	STREME-11	Chr1_47800285_47800385	25	33	+	15.9211	5.89e-06	0.0533	CAGTCACCG
11-CAGTYACCG	STREME-11	Chr14_4588422_4588522	25	33	+	15.9211	5.89e-06	0.0533	CAGTCACCG
11-CAGTYACCG	STREME-11	Chr5_16019920_16020020	17	25	-	15.9211	5.89e-06	0.0533	CAGTCACCG
11-CAGTYACCG	STREME-11	Chr11_20786317_20786417	17	25	-	15.9211	5.89e-06	0.0533	CAGTCACCG
11-CAGTYACCG	STREME-11	Chr2_22745959_22746059	18	26	-	15.9211	5.89e-06	0.0533	CAGTCACCG
11-CAGTYACCG	STREME-11	Chr10_17657809_17657909	26	34	+	15.9211	5.89e-06	0.0533	CAGTCACCG
11-CAGTYACCG	STREME-11	Chr2_39110623_39110723	20	28	-	15.9211	5.89e-06	0.0533	CAGTCACCG
11-CAGTYACCG	STREME-11	Chr1_5981307_5981407	29	37	+	15.9211	5.89e-06	0.0533	CAGTCACCG
11-CAGTYACCG	STREME-11	Chr8_7935615_7935715	29	37	+	15.9211	5.89e-06	0.0533	CAGTCACCG
11-CAGTYACCG	STREME-11	Chr2_287191_287291	30	38	+	15.9211	5.89e-06	0.0533	CAGTCACCG
11-CAGTYACCG	STREME-11	Chr10_9655752_9655852	30	38	+	15.9211	5.89e-06	0.0533	CAGTCACCG
11-CAGTYACCG	STREME-11	Chr15_21985027_21985127	22	30	-	15.9211	5.89e-06	0.0533	CAGTCACCG
11-CAGTYACCG	STREME-11	Chr2_36928048_36928148	30	38	+	15.9211	5.89e-06	0.0533	CAGTCACCG
11-CAGTYACCG	STREME-11	Chr10_11048080_11048180	31	39	+	15.9211	5.89e-06	0.0533	CAGTCACCG
11-CAGTYACCG	STREME-11	Chr3_10823932_10824032	31	39	+	15.9211	5.89e-06	0.0533	CAGTCACCG
11-CAGTYACCG	STREME-11	Chr14_12016989_12017089	23	31	-	15.9211	5.89e-06	0.0533	CAGTCACCG
11-CAGTYACCG	STREME-11	Chr10_18118122_18118222	31	39	+	15.9211	5.89e-06	0.0533	CAGTCACCG
11-CAGTYACCG	STREME-11	Chr5_10922321_10922421	31	39	+	15.9211	5.89e-06	0.0533	CAGTCACCG
11-CAGTYACCG	STREME-11	Chr13_18631136_18631236	32	40	+	15.9211	5.89e-06	0.0533	CAGTCACCG
11-CAGTYACCG	STREME-11	Chr10_25578466_25578566	32	40	+	15.9211	5.89e-06	0.0533	CAGTCACCG
11-CAGTYACCG	STREME-11	Chr15_7880470_7880570	32	40	+	15.9211	5.89e-06	0.0533	CAGTCACCG
11-CAGTYACCG	STREME-11	Chr4_29255383_29255483	24	32	-	15.9211	5.89e-06	0.0533	CAGTCACCG
11-CAGTYACCG	STREME-11	Chr11_7732363_7732463	25	33	-	15.9211	5.89e-06	0.0533	CAGTCACCG
11-CAGTYACCG	STREME-11	Chr12_16647531_16647631	33	41	+	15.9211	5.89e-06	0.0533	CAGTCACCG
11-CAGTYACCG	STREME-11	Chr14_20987098_20987198	34	42	+	15.9211	5.89e-06	0.0533	CAGTCACCG
11-CAGTYACCG	STREME-11	Chr1_46672067_46672167	26	34	-	15.9211	5.89e-06	0.0533	CAGTCACCG
11-CAGTYACCG	STREME-11	Chr1_5699197_5699297	34	42	+	15.9211	5.89e-06	0.0533	CAGTCACCG
11-CAGTYACCG	STREME-11	Chr8_6322400_6322500	34	42	+	15.9211	5.89e-06	0.0533	CAGTCACCG
11-CAGTYACCG	STREME-11	Chr8_18741863_18741963	34	42	+	15.9211	5.89e-06	0.0533	CAGTCACCG
11-CAGTYACCG	STREME-11	Chr8_17949974_17950074	26	34	-	15.9211	5.89e-06	0.0533	CAGTCACCG
11-CAGTYACCG	STREME-11	Chr9_21833174_21833274	34	42	+	15.9211	5.89e-06	0.0533	CAGTCACCG
11-CAGTYACCG	STREME-11	Chr4_24502350_24502450	36	44	+	15.9211	5.89e-06	0.0533	CAGTCACCG
11-CAGTYACCG	STREME-11	Chr1_13756633_13756733	37	45	+	15.9211	5.89e-06	0.0533	CAGTCACCG
11-CAGTYACCG	STREME-11	Chr9_19277557_19277657	37	45	+	15.9211	5.89e-06	0.0533	CAGTCACCG
11-CAGTYACCG	STREME-11	Chr13_18683230_18683330	37	45	+	15.9211	5.89e-06	0.0533	CAGTCACCG
11-CAGTYACCG	STREME-11	Chr7_24483317_24483417	37	45	+	15.9211	5.89e-06	0.0533	CAGTCACCG
11-CAGTYACCG	STREME-11	Chr1_27737543_27737643	38	46	+	15.9211	5.89e-06	0.0533	CAGTCACCG
11-CAGTYACCG	STREME-11	Chr1_7519957_7520057	39	47	+	15.9211	5.89e-06	0.0533	CAGTCACCG
11-CAGTYACCG	STREME-11	Chr10_10848689_10848789	39	47	+	15.9211	5.89e-06	0.0533	CAGTCACCG
11-CAGTYACCG	STREME-11	Chr10_14657569_14657669	32	40	-	15.9211	5.89e-06	0.0533	CAGTCACCG
11-CAGTYACCG	STREME-11	Chr3_18106396_18106496	32	40	-	15.9211	5.89e-06	0.0533	CAGTCACCG
11-CAGTYACCG	STREME-11	Chr1_14453030_14453130	41	49	+	15.9211	5.89e-06	0.0533	CAGTCACCG
11-CAGTYACCG	STREME-11	Chr10_11416165_11416265	41	49	+	15.9211	5.89e-06	0.0533	CAGTCACCG
11-CAGTYACCG	STREME-11	Chr10_28074955_28075055	41	49	+	15.9211	5.89e-06	0.0533	CAGTCACCG
11-CAGTYACCG	STREME-11	Chr2_36782738_36782838	42	50	+	15.9211	5.89e-06	0.0533	CAGTCACCG
11-CAGTYACCG	STREME-11	Chr6_3251473_3251573	42	50	+	15.9211	5.89e-06	0.0533	CAGTCACCG
11-CAGTYACCG	STREME-11	Chr3_15624052_15624152	42	50	+	15.9211	5.89e-06	0.0533	CAGTCACCG
11-CAGTYACCG	STREME-11	Chr3_20631583_20631683	42	50	+	15.9211	5.89e-06	0.0533	CAGTCACCG
11-CAGTYACCG	STREME-11	Chr12_12842975_12843075	43	51	+	15.9211	5.89e-06	0.0533	CAGTCACCG
11-CAGTYACCG	STREME-11	Chr4_23080287_23080387	43	51	+	15.9211	5.89e-06	0.0533	CAGTCACCG
11-CAGTYACCG	STREME-11	Chr13_18257493_18257593	44	52	+	15.9211	5.89e-06	0.0533	CAGTCACCG
11-CAGTYACCG	STREME-11	Chr1_8941974_8942074	44	52	+	15.9211	5.89e-06	0.0533	CAGTCACCG
11-CAGTYACCG	STREME-11	Chr15_20407391_20407491	44	52	+	15.9211	5.89e-06	0.0533	CAGTCACCG
11-CAGTYACCG	STREME-11	Chr3_15127602_15127702	36	44	-	15.9211	5.89e-06	0.0533	CAGTCACCG
11-CAGTYACCG	STREME-11	Chr2_1475084_1475184	44	52	+	15.9211	5.89e-06	0.0533	CAGTCACCG
11-CAGTYACCG	STREME-11	Chr7_20762296_20762396	44	52	+	15.9211	5.89e-06	0.0533	CAGTCACCG
11-CAGTYACCG	STREME-11	Chr10_16423733_16423833	44	52	+	15.9211	5.89e-06	0.0533	CAGTCACCG
11-CAGTYACCG	STREME-11	Chr1_42825096_42825196	44	52	+	15.9211	5.89e-06	0.0533	CAGTCACCG
11-CAGTYACCG	STREME-11	Chr1_5687575_5687675	46	54	+	15.9211	5.89e-06	0.0533	CAGTCACCG
11-CAGTYACCG	STREME-11	Chr13_18246128_18246228	46	54	+	15.9211	5.89e-06	0.0533	CAGTCACCG
11-CAGTYACCG	STREME-11	Chr13_7383189_7383289	47	55	+	15.9211	5.89e-06	0.0533	CAGTCACCG
11-CAGTYACCG	STREME-11	Chr9_13821336_13821436	39	47	-	15.9211	5.89e-06	0.0533	CAGTCACCG
11-CAGTYACCG	STREME-11	Chr7_5319511_5319611	47	55	+	15.9211	5.89e-06	0.0533	CAGTCACCG
11-CAGTYACCG	STREME-11	Chr3_3982417_3982517	47	55	+	15.9211	5.89e-06	0.0533	CAGTCACCG
11-CAGTYACCG	STREME-11	Chr3_31182334_31182434	48	56	+	15.9211	5.89e-06	0.0533	CAGTCACCG
11-CAGTYACCG	STREME-11	Chr1_47557323_47557423	49	57	+	15.9211	5.89e-06	0.0533	CAGTCACCG
11-CAGTYACCG	STREME-11	Chr8_18401260_18401360	49	57	+	15.9211	5.89e-06	0.0533	CAGTCACCG
11-CAGTYACCG	STREME-11	Chr3_16002541_16002641	49	57	+	15.9211	5.89e-06	0.0533	CAGTCACCG
11-CAGTYACCG	STREME-11	Chr12_14863482_14863582	50	58	+	15.9211	5.89e-06	0.0533	CAGTCACCG
11-CAGTYACCG	STREME-11	Chr5_12652737_12652837	42	50	-	15.9211	5.89e-06	0.0533	CAGTCACCG
11-CAGTYACCG	STREME-11	Chr1_14464497_14464597	50	58	+	15.9211	5.89e-06	0.0533	CAGTCACCG
11-CAGTYACCG	STREME-11	Chr8_1643089_1643189	50	58	+	15.9211	5.89e-06	0.0533	CAGTCACCG
11-CAGTYACCG	STREME-11	Chr7_16132260_16132360	42	50	-	15.9211	5.89e-06	0.0533	CAGTCACCG
11-CAGTYACCG	STREME-11	Chr10_6638368_6638468	42	50	-	15.9211	5.89e-06	0.0533	CAGTCACCG
11-CAGTYACCG	STREME-11	Chr4_23091712_23091812	50	58	+	15.9211	5.89e-06	0.0533	CAGTCACCG
11-CAGTYACCG	STREME-11	Chr2_26575197_26575297	51	59	+	15.9211	5.89e-06	0.0533	CAGTCACCG
11-CAGTYACCG	STREME-11	Chr2_26563742_26563842	51	59	+	15.9211	5.89e-06	0.0533	CAGTCACCG
11-CAGTYACCG	STREME-11	Chr10_25614555_25614655	44	52	-	15.9211	5.89e-06	0.0533	CAGTCACCG
11-CAGTYACCG	STREME-11	Chr8_23891314_23891414	44	52	-	15.9211	5.89e-06	0.0533	CAGTCACCG
11-CAGTYACCG	STREME-11	Chr13_12957414_12957514	52	60	+	15.9211	5.89e-06	0.0533	CAGTCACCG
11-CAGTYACCG	STREME-11	Chr13_22577796_22577896	44	52	-	15.9211	5.89e-06	0.0533	CAGTCACCG
11-CAGTYACCG	STREME-11	Chr6_10824092_10824192	53	61	+	15.9211	5.89e-06	0.0533	CAGTCACCG
11-CAGTYACCG	STREME-11	Chr11_5956163_5956263	45	53	-	15.9211	5.89e-06	0.0533	CAGTCACCG
11-CAGTYACCG	STREME-11	Chr10_26104810_26104910	46	54	-	15.9211	5.89e-06	0.0533	CAGTCACCG
11-CAGTYACCG	STREME-11	Chr7_9531544_9531644	46	54	-	15.9211	5.89e-06	0.0533	CAGTCACCG
11-CAGTYACCG	STREME-11	Chr4_4282827_4282927	46	54	-	15.9211	5.89e-06	0.0533	CAGTCACCG
11-CAGTYACCG	STREME-11	Chr8_7341432_7341532	55	63	+	15.9211	5.89e-06	0.0533	CAGTCACCG
11-CAGTYACCG	STREME-11	Chr12_14283364_14283464	55	63	+	15.9211	5.89e-06	0.0533	CAGTCACCG
11-CAGTYACCG	STREME-11	Chr13_156856_156956	56	64	+	15.9211	5.89e-06	0.0533	CAGTCACCG
11-CAGTYACCG	STREME-11	Chr13_14650758_14650858	48	56	-	15.9211	5.89e-06	0.0533	CAGTCACCG
11-CAGTYACCG	STREME-11	Chr11_7743855_7743955	48	56	-	15.9211	5.89e-06	0.0533	CAGTCACCG
11-CAGTYACCG	STREME-11	Chr10_2626118_2626218	56	64	+	15.9211	5.89e-06	0.0533	CAGTCACCG
11-CAGTYACCG	STREME-11	Chr15_10868245_10868345	49	57	-	15.9211	5.89e-06	0.0533	CAGTCACCG
11-CAGTYACCG	STREME-11	Chr8_19370557_19370657	49	57	-	15.9211	5.89e-06	0.0533	CAGTCACCG
11-CAGTYACCG	STREME-11	Chr6_5401151_5401251	49	57	-	15.9211	5.89e-06	0.0533	CAGTCACCG
11-CAGTYACCG	STREME-11	Chr12_4994377_4994477	50	58	-	15.9211	5.89e-06	0.0533	CAGTCACCG
11-CAGTYACCG	STREME-11	Chr15_15003856_15003956	50	58	-	15.9211	5.89e-06	0.0533	CAGTCACCG
11-CAGTYACCG	STREME-11	Chr1_14257813_14257913	58	66	+	15.9211	5.89e-06	0.0533	CAGTCACCG
11-CAGTYACCG	STREME-11	Chr1_49137075_49137175	50	58	-	15.9211	5.89e-06	0.0533	CAGTCACCG
11-CAGTYACCG	STREME-11	Chr13_669473_669573	50	58	-	15.9211	5.89e-06	0.0533	CAGTCACCG
11-CAGTYACCG	STREME-11	Chr1_31533015_31533115	51	59	-	15.9211	5.89e-06	0.0533	CAGTCACCG
11-CAGTYACCG	STREME-11	Chr6_31627368_31627468	59	67	+	15.9211	5.89e-06	0.0533	CAGTCACCG
11-CAGTYACCG	STREME-11	Chr3_26247682_26247782	59	67	+	15.9211	5.89e-06	0.0533	CAGTCACCG
11-CAGTYACCG	STREME-11	Chr3_20411740_20411840	60	68	+	15.9211	5.89e-06	0.0533	CAGTCACCG
11-CAGTYACCG	STREME-11	Chr2_320850_320950	52	60	-	15.9211	5.89e-06	0.0533	CAGTCACCG
11-CAGTYACCG	STREME-11	Chr7_23507713_23507813	60	68	+	15.9211	5.89e-06	0.0533	CAGTCACCG
11-CAGTYACCG	STREME-11	Chr15_7340035_7340135	52	60	-	15.9211	5.89e-06	0.0533	CAGTCACCG
11-CAGTYACCG	STREME-11	Chr10_10116311_10116411	53	61	-	15.9211	5.89e-06	0.0533	CAGTCACCG
11-CAGTYACCG	STREME-11	Chr12_18747969_18748069	53	61	-	15.9211	5.89e-06	0.0533	CAGTCACCG
11-CAGTYACCG	STREME-11	Chr15_22299438_22299538	54	62	-	15.9211	5.89e-06	0.0533	CAGTCACCG
11-CAGTYACCG	STREME-11	Chr12_13368505_13368605	62	70	+	15.9211	5.89e-06	0.0533	CAGTCACCG
11-CAGTYACCG	STREME-11	Chr7_1778586_1778686	54	62	-	15.9211	5.89e-06	0.0533	CAGTCACCG
11-CAGTYACCG	STREME-11	Chr10_13211320_13211420	54	62	-	15.9211	5.89e-06	0.0533	CAGTCACCG
11-CAGTYACCG	STREME-11	Chr14_1459749_1459849	55	63	-	15.9211	5.89e-06	0.0533	CAGTCACCG
11-CAGTYACCG	STREME-11	Chr1_36144380_36144480	64	72	+	15.9211	5.89e-06	0.0533	CAGTCACCG
11-CAGTYACCG	STREME-11	Chr15_19129006_19129106	56	64	-	15.9211	5.89e-06	0.0533	CAGTCACCG
11-CAGTYACCG	STREME-11	Chr12_11297402_11297502	64	72	+	15.9211	5.89e-06	0.0533	CAGTCACCG
11-CAGTYACCG	STREME-11	Chr1_13355195_13355295	57	65	-	15.9211	5.89e-06	0.0533	CAGTCACCG
11-CAGTYACCG	STREME-11	Chr1_13929644_13929744	58	66	-	15.9211	5.89e-06	0.0533	CAGTCACCG
11-CAGTYACCG	STREME-11	Chr4_22502305_22502405	66	74	+	15.9211	5.89e-06	0.0533	CAGTCACCG
11-CAGTYACCG	STREME-11	Chr3_15785968_15786068	58	66	-	15.9211	5.89e-06	0.0533	CAGTCACCG
11-CAGTYACCG	STREME-11	Chr13_4310987_4311087	58	66	-	15.9211	5.89e-06	0.0533	CAGTCACCG
11-CAGTYACCG	STREME-11	Chr15_15015298_15015398	59	67	-	15.9211	5.89e-06	0.0533	CAGTCACCG
11-CAGTYACCG	STREME-11	Chr15_93315_93415	59	67	-	15.9211	5.89e-06	0.0533	CAGTCACCG
11-CAGTYACCG	STREME-11	Chr1_33246692_33246792	60	68	-	15.9211	5.89e-06	0.0533	CAGTCACCG
11-CAGTYACCG	STREME-11	Chr10_14803063_14803163	61	69	-	15.9211	5.89e-06	0.0533	CAGTCACCG
11-CAGTYACCG	STREME-11	Chr3_7575528_7575628	69	77	+	15.9211	5.89e-06	0.0533	CAGTCACCG
11-CAGTYACCG	STREME-11	Chr10_5477611_5477711	61	69	-	15.9211	5.89e-06	0.0533	CAGTCACCG
11-CAGTYACCG	STREME-11	Chr10_17619123_17619223	62	70	-	15.9211	5.89e-06	0.0533	CAGTCACCG
11-CAGTYACCG	STREME-11	Chr10_8085748_8085848	62	70	-	15.9211	5.89e-06	0.0533	CAGTCACCG
11-CAGTYACCG	STREME-11	Chr2_10351005_10351105	62	70	-	15.9211	5.89e-06	0.0533	CAGTCACCG
11-CAGTYACCG	STREME-11	Chr5_11948474_11948574	63	71	-	15.9211	5.89e-06	0.0533	CAGTCACCG
11-CAGTYACCG	STREME-11	Chr11_19142401_19142501	63	71	-	15.9211	5.89e-06	0.0533	CAGTCACCG
11-CAGTYACCG	STREME-11	Chr7_5308001_5308101	71	79	+	15.9211	5.89e-06	0.0533	CAGTCACCG
11-CAGTYACCG	STREME-11	Chr15_2338314_2338414	63	71	-	15.9211	5.89e-06	0.0533	CAGTCACCG
11-CAGTYACCG	STREME-11	Chr8_19381886_19381986	64	72	-	15.9211	5.89e-06	0.0533	CAGTCACCG
11-CAGTYACCG	STREME-11	Chr12_9806584_9806684	72	80	+	15.9211	5.89e-06	0.0533	CAGTCACCG
11-CAGTYACCG	STREME-11	Chr4_12616859_12616959	65	73	-	15.9211	5.89e-06	0.0533	CAGTCACCG
11-CAGTYACCG	STREME-11	Chr10_4128740_4128840	74	82	+	15.9211	5.89e-06	0.0533	CAGTCACCG
11-CAGTYACCG	STREME-11	Chr13_3025266_3025366	74	82	+	15.9211	5.89e-06	0.0533	CAGTCACCG
11-CAGTYACCG	STREME-11	Chr14_5893747_5893847	74	82	+	15.9211	5.89e-06	0.0533	CAGTCACCG
11-CAGTYACCG	STREME-11	Chr12_19077818_19077918	66	74	-	15.9211	5.89e-06	0.0533	CAGTCACCG
11-CAGTYACCG	STREME-11	Chr14_1643397_1643497	67	75	-	15.9211	5.89e-06	0.0533	CAGTCACCG
11-CAGTYACCG	STREME-11	Chr10_8073806_8073906	67	75	-	15.9211	5.89e-06	0.0533	CAGTCACCG
11-CAGTYACCG	STREME-11	Chr4_9709961_9710061	67	75	-	15.9211	5.89e-06	0.0533	CAGTCACCG
11-CAGTYACCG	STREME-11	Chr14_2579042_2579142	67	75	-	15.9211	5.89e-06	0.0533	CAGTCACCG
11-CAGTYACCG	STREME-11	Chr3_32751623_32751723	67	75	-	15.9211	5.89e-06	0.0533	CAGTCACCG
11-CAGTYACCG	STREME-11	Chr7_17094728_17094828	67	75	-	15.9211	5.89e-06	0.0533	CAGTCACCG
11-CAGTYACCG	STREME-11	Chr13_22589054_22589154	67	75	-	15.9211	5.89e-06	0.0533	CAGTCACCG
11-CAGTYACCG	STREME-11	Chr7_4586279_4586379	68	76	-	15.9211	5.89e-06	0.0533	CAGTCACCG
11-CAGTYACCG	STREME-11	Chr1_14724835_14724935	68	76	-	15.9211	5.89e-06	0.0533	CAGTCACCG
11-CAGTYACCG	STREME-11	Chr10_9818625_9818725	69	77	-	15.9211	5.89e-06	0.0533	CAGTCACCG
11-CAGTYACCG	STREME-11	Chr10_20593199_20593299	69	77	-	15.9211	5.89e-06	0.0533	CAGTCACCG
11-CAGTYACCG	STREME-11	Chr15_23283459_23283559	70	78	-	15.9211	5.89e-06	0.0533	CAGTCACCG
11-CAGTYACCG	STREME-11	Chr13_12664620_12664720	70	78	-	15.9211	5.89e-06	0.0533	CAGTCACCG
11-CAGTYACCG	STREME-11	Chr5_26324707_26324807	78	86	+	15.9211	5.89e-06	0.0533	CAGTCACCG
11-CAGTYACCG	STREME-11	Chr14_8544219_8544319	70	78	-	15.9211	5.89e-06	0.0533	CAGTCACCG
11-CAGTYACCG	STREME-11	Chr5_22374969_22375069	71	79	-	15.9211	5.89e-06	0.0533	CAGTCACCG
11-CAGTYACCG	STREME-11	Chr14_5940279_5940379	71	79	-	15.9211	5.89e-06	0.0533	CAGTCACCG
11-CAGTYACCG	STREME-11	Chr12_2618780_2618880	72	80	-	15.9211	5.89e-06	0.0533	CAGTCACCG
11-CAGTYACCG	STREME-11	Chr15_22872387_22872487	72	80	-	15.9211	5.89e-06	0.0533	CAGTCACCG
11-CAGTYACCG	STREME-11	Chr9_23632369_23632469	74	82	-	15.9211	5.89e-06	0.0533	CAGTCACCG
11-CAGTYACCG	STREME-11	Chr15_19117506_19117606	74	82	-	15.9211	5.89e-06	0.0533	CAGTCACCG
11-CAGTYACCG	STREME-11	Chr2_29164919_29165019	84	92	+	15.9211	5.89e-06	0.0533	CAGTCACCG
11-CAGTYACCG	STREME-11	Chr8_9810749_9810849	84	92	+	15.9211	5.89e-06	0.0533	CAGTCACCG
11-CAGTYACCG	STREME-11	Chr4_27227883_27227983	77	85	-	15.9211	5.89e-06	0.0533	CAGTCACCG
11-CAGTYACCG	STREME-11	Chr15_4388113_4388213	77	85	-	15.9211	5.89e-06	0.0533	CAGTCACCG
11-CAGTYACCG	STREME-11	Chr13_10931546_10931646	77	85	-	15.9211	5.89e-06	0.0533	CAGTCACCG
11-CAGTYACCG	STREME-11	Chr9_23386482_23386582	78	86	-	15.9211	5.89e-06	0.0533	CAGTCACCG
11-CAGTYACCG	STREME-11	Chr3_7700221_7700321	78	86	-	15.9211	5.89e-06	0.0533	CAGTCACCG
11-CAGTYACCG	STREME-11	Chr1_21808253_21808353	78	86	-	15.9211	5.89e-06	0.0533	CAGTCACCG
11-CAGTYACCG	STREME-11	Chr10_10208423_10208523	87	95	+	15.9211	5.89e-06	0.0533	CAGTCACCG
11-CAGTYACCG	STREME-11	Chr8_9265469_9265569	80	88	-	15.9211	5.89e-06	0.0533	CAGTCACCG
11-CAGTYACCG	STREME-11	Chr10_11554523_11554623	90	98	+	15.9211	5.89e-06	0.0533	CAGTCACCG
11-CAGTYACCG	STREME-11	Chr1_33219510_33219610	90	98	+	15.9211	5.89e-06	0.0533	CAGTCACCG
11-CAGTYACCG	STREME-11	Chr1_10213127_10213227	82	90	-	15.9211	5.89e-06	0.0533	CAGTCACCG
11-CAGTYACCG	STREME-11	Chr14_3668299_3668399	82	90	-	15.9211	5.89e-06	0.0533	CAGTCACCG
11-CAGTYACCG	STREME-11	Chr15_17476435_17476535	84	92	-	15.9211	5.89e-06	0.0533	CAGTCACCG
11-CAGTYACCG	STREME-11	Chr9_9856701_9856801	84	92	-	15.9211	5.89e-06	0.0533	CAGTCACCG
11-CAGTYACCG	STREME-11	Chr10_20265734_20265834	88	96	-	15.9211	5.89e-06	0.0533	CAGTCACCG
11-CAGTYACCG	STREME-11	Chr3_5906929_5907029	89	97	-	15.9211	5.89e-06	0.0533	CAGTCACCG
11-CAGTYACCG	STREME-11	Chr10_9883988_9884088	90	98	-	15.9211	5.89e-06	0.0533	CAGTCACCG
11-CAGTYACCG	STREME-11	Chr12_22652660_22652760	90	98	-	15.9211	5.89e-06	0.0533	CAGTCACCG
11-CAGTYACCG	STREME-11	Chr9_20625342_20625442	92	100	-	15.9211	5.89e-06	0.0533	CAGTCACCG
11-CAGTYACCG	STREME-11	Chr1_47208445_47208545	93	101	-	15.9211	5.89e-06	0.0533	CAGTCACCG
11-CAGTYACCG	STREME-11	Chr12_22589224_22589324	93	101	-	15.9211	5.89e-06	0.0533	CAGTCACCG
11-CAGTYACCG	STREME-11	Chr14_12061019_12061119	31	39	-	14.5921	8.52e-06	0.0764	CCGTTACCG
11-CAGTYACCG	STREME-11	Chr13_15341711_15341811	56	64	+	14.5921	8.52e-06	0.0764	CCGTTACCG
11-CAGTYACCG	STREME-11	Chr1_6884605_6884705	13	21	+	14.5395	1.06e-05	0.0939	CCGTCACCG
11-CAGTYACCG	STREME-11	Chr1_6884605_6884705	19	27	+	14.5395	1.06e-05	0.0939	CCGTCACCG
11-CAGTYACCG	STREME-11	Chr13_23785598_23785698	18	26	-	14.5395	1.06e-05	0.0939	CCGTCACCG
11-CAGTYACCG	STREME-11	Chr5_5549371_5549471	40	48	+	14.5395	1.06e-05	0.0939	CCGTCACCG
11-CAGTYACCG	STREME-11	Chr13_19049088_19049188	25	33	+	14.25	1.39e-05	0.106	CAGATACCG
11-CAGTYACCG	STREME-11	Chr7_21972043_21972143	52	60	+	14.25	1.39e-05	0.106	CAGATACCG
11-CAGTYACCG	STREME-11	Chr14_23625549_23625649	93	101	+	14.25	1.39e-05	0.106	CAGATACCG
11-CAGTYACCG	STREME-11	Chr1_29064137_29064237	5	13	+	14.1974	1.65e-05	0.106	CAGACACCG
11-CAGTYACCG	STREME-11	Chr5_25477099_25477199	4	12	-	14.1974	1.65e-05	0.106	CAGACACCG
11-CAGTYACCG	STREME-11	Chr8_23166708_23166808	33	41	+	14.1974	1.65e-05	0.106	CAGACACCG
11-CAGTYACCG	STREME-11	Chr6_12333881_12333981	1	9	+	12.8816	2.06e-05	0.106	CAGTTACCA
11-CAGTYACCG	STREME-11	Chr4_17736554_17736654	5	13	+	12.8816	2.06e-05	0.106	CAGTTACCA
11-CAGTYACCG	STREME-11	Chr4_30592942_30593042	7	15	+	12.8816	2.06e-05	0.106	CAGTTACCA
11-CAGTYACCG	STREME-11	Chr1_29444338_29444438	8	16	+	12.8816	2.06e-05	0.106	CAGTTACCA
11-CAGTYACCG	STREME-11	Chr10_24080037_24080137	8	16	+	12.8816	2.06e-05	0.106	CAGTTACCA
11-CAGTYACCG	STREME-11	Chr5_5222187_5222287	10	18	+	12.8816	2.06e-05	0.106	CAGTTACCA
11-CAGTYACCG	STREME-11	Chr7_12042762_12042862	11	19	+	12.8816	2.06e-05	0.106	CAGTTACCA
11-CAGTYACCG	STREME-11	Chr7_14587257_14587357	3	11	-	12.8816	2.06e-05	0.106	CAGTTACCA
11-CAGTYACCG	STREME-11	Chr3_6987962_6988062	11	19	+	12.8816	2.06e-05	0.106	CAGTTACCA
11-CAGTYACCG	STREME-11	Chr6_12151594_12151694	12	20	+	12.8816	2.06e-05	0.106	CAGTTACCA
11-CAGTYACCG	STREME-11	Chr2_23107393_23107493	13	21	+	12.8816	2.06e-05	0.106	CAGTTACCA
11-CAGTYACCG	STREME-11	Chr5_22552482_22552582	7	15	-	12.8816	2.06e-05	0.106	CAGTTACCA
11-CAGTYACCG	STREME-11	Chr6_9304796_9304896	7	15	-	12.8816	2.06e-05	0.106	CAGTTACCA
11-CAGTYACCG	STREME-11	Chr5_16780253_16780353	9	17	-	12.8816	2.06e-05	0.106	CAGTTACCA
11-CAGTYACCG	STREME-11	Chr13_1889342_1889442	9	17	-	12.8816	2.06e-05	0.106	CAGTTACCA
11-CAGTYACCG	STREME-11	Chr6_13655241_13655341	18	26	+	12.8816	2.06e-05	0.106	CAGTTACCA
11-CAGTYACCG	STREME-11	Chr4_9165395_9165495	10	18	-	12.8816	2.06e-05	0.106	CAGTTACCA
11-CAGTYACCG	STREME-11	Chr7_17425906_17426006	18	26	+	12.8816	2.06e-05	0.106	CAGTTACCA
11-CAGTYACCG	STREME-11	Chr7_13798898_13798998	10	18	-	12.8816	2.06e-05	0.106	CAGTTACCA
11-CAGTYACCG	STREME-11	Chr6_18852799_18852899	18	26	+	12.8816	2.06e-05	0.106	CAGTTACCA
11-CAGTYACCG	STREME-11	Chr1_16315324_16315424	11	19	-	12.8816	2.06e-05	0.106	CAGTTACCA
11-CAGTYACCG	STREME-11	Chr14_12098728_12098828	12	20	-	12.8816	2.06e-05	0.106	CAGTTACCA
11-CAGTYACCG	STREME-11	Chr8_24677701_24677801	12	20	-	12.8816	2.06e-05	0.106	CAGTTACCA
11-CAGTYACCG	STREME-11	Chr5_22740084_22740184	21	29	+	12.8816	2.06e-05	0.106	CAGTTACCA
11-CAGTYACCG	STREME-11	Chr13_19711273_19711373	15	23	-	12.8816	2.06e-05	0.106	CAGTTACCA
11-CAGTYACCG	STREME-11	Chr1_49036856_49036956	16	24	-	12.8816	2.06e-05	0.106	CAGTTACCA
11-CAGTYACCG	STREME-11	Chr6_18311239_18311339	16	24	-	12.8816	2.06e-05	0.106	CAGTTACCA
11-CAGTYACCG	STREME-11	Chr11_22184976_22185076	18	26	-	12.8816	2.06e-05	0.106	CAGTTACCA
11-CAGTYACCG	STREME-11	Chr6_3594054_3594154	18	26	-	12.8816	2.06e-05	0.106	CAGTTACCA
11-CAGTYACCG	STREME-11	Chr9_22253457_22253557	28	36	+	12.8816	2.06e-05	0.106	CAGTTACCA
11-CAGTYACCG	STREME-11	Chr8_22106120_22106220	20	28	-	12.8816	2.06e-05	0.106	CAGTTACCA
11-CAGTYACCG	STREME-11	Chr12_4550599_4550699	33	41	+	12.8816	2.06e-05	0.106	CAGTTACCA
11-CAGTYACCG	STREME-11	Chr15_5734910_5735010	25	33	-	12.8816	2.06e-05	0.106	CAGTTACCA
11-CAGTYACCG	STREME-11	Chr6_9647963_9648063	33	41	+	12.8816	2.06e-05	0.106	CAGTTACCA
11-CAGTYACCG	STREME-11	Chr11_11161119_11161219	34	42	+	12.8816	2.06e-05	0.106	CAGTTACCA
11-CAGTYACCG	STREME-11	Chr15_15655939_15656039	27	35	-	12.8816	2.06e-05	0.106	CAGTTACCA
11-CAGTYACCG	STREME-11	Chr13_17418012_17418112	36	44	+	12.8816	2.06e-05	0.106	CAGTTACCA
11-CAGTYACCG	STREME-11	Chr5_13687535_13687635	28	36	-	12.8816	2.06e-05	0.106	CAGTTACCA
11-CAGTYACCG	STREME-11	Chr7_10188054_10188154	38	46	+	12.8816	2.06e-05	0.106	CAGTTACCA
11-CAGTYACCG	STREME-11	Chr6_23589482_23589582	30	38	-	12.8816	2.06e-05	0.106	CAGTTACCA
11-CAGTYACCG	STREME-11	Chr14_21663798_21663898	39	47	+	12.8816	2.06e-05	0.106	CAGTTACCA
11-CAGTYACCG	STREME-11	Chr14_17941163_17941263	31	39	-	12.8816	2.06e-05	0.106	CAGTTACCA
11-CAGTYACCG	STREME-11	Chr9_11854748_11854848	32	40	-	12.8816	2.06e-05	0.106	CAGTTACCA
11-CAGTYACCG	STREME-11	Chr8_25662093_25662193	40	48	+	12.8816	2.06e-05	0.106	CAGTTACCA
11-CAGTYACCG	STREME-11	Chr13_12592813_12592913	34	42	-	12.8816	2.06e-05	0.106	CAGTTACCA
11-CAGTYACCG	STREME-11	Chr11_3748519_3748619	36	44	-	12.8816	2.06e-05	0.106	CAGTTACCA
11-CAGTYACCG	STREME-11	Chr6_23771151_23771251	36	44	-	12.8816	2.06e-05	0.106	CAGTTACCA
11-CAGTYACCG	STREME-11	Chr7_24329238_24329338	37	45	-	12.8816	2.06e-05	0.106	CAGTTACCA
11-CAGTYACCG	STREME-11	Chr5_18086760_18086860	48	56	+	12.8816	2.06e-05	0.106	CAGTTACCA
11-CAGTYACCG	STREME-11	Chr7_6448011_6448111	48	56	+	12.8816	2.06e-05	0.106	CAGTTACCA
11-CAGTYACCG	STREME-11	Chr4_4691911_4692011	48	56	+	12.8816	2.06e-05	0.106	CAGTTACCA
11-CAGTYACCG	STREME-11	Chr1_23032382_23032482	49	57	+	12.8816	2.06e-05	0.106	CAGTTACCA
11-CAGTYACCG	STREME-11	Chr7_11565753_11565853	51	59	+	12.8816	2.06e-05	0.106	CAGTTACCA
11-CAGTYACCG	STREME-11	Chr12_15781254_15781354	44	52	-	12.8816	2.06e-05	0.106	CAGTTACCA
11-CAGTYACCG	STREME-11	Chr15_1929258_1929358	54	62	+	12.8816	2.06e-05	0.106	CAGTTACCA
11-CAGTYACCG	STREME-11	Chr3_35838751_35838851	46	54	-	12.8816	2.06e-05	0.106	CAGTTACCA
11-CAGTYACCG	STREME-11	Chr9_132022_132122	48	56	-	12.8816	2.06e-05	0.106	CAGTTACCA
11-CAGTYACCG	STREME-11	Chr1_17653429_17653529	58	66	+	12.8816	2.06e-05	0.106	CAGTTACCA
11-CAGTYACCG	STREME-11	Chr2_8288715_8288815	51	59	-	12.8816	2.06e-05	0.106	CAGTTACCA
11-CAGTYACCG	STREME-11	Chr7_28463604_28463704	51	59	-	12.8816	2.06e-05	0.106	CAGTTACCA
11-CAGTYACCG	STREME-11	Chr10_12441100_12441200	52	60	-	12.8816	2.06e-05	0.106	CAGTTACCA
11-CAGTYACCG	STREME-11	Chr6_668538_668638	60	68	+	12.8816	2.06e-05	0.106	CAGTTACCA
11-CAGTYACCG	STREME-11	Chr15_5481081_5481181	53	61	-	12.8816	2.06e-05	0.106	CAGTTACCA
11-CAGTYACCG	STREME-11	Chr2_14818385_14818485	54	62	-	12.8816	2.06e-05	0.106	CAGTTACCA
11-CAGTYACCG	STREME-11	Chr11_15725517_15725617	65	73	+	12.8816	2.06e-05	0.106	CAGTTACCA
11-CAGTYACCG	STREME-11	Chr4_26240424_26240524	57	65	-	12.8816	2.06e-05	0.106	CAGTTACCA
11-CAGTYACCG	STREME-11	Chr2_29945570_29945670	67	75	+	12.8816	2.06e-05	0.106	CAGTTACCA
11-CAGTYACCG	STREME-11	Chr14_300634_300734	62	70	-	12.8816	2.06e-05	0.106	CAGTTACCA
11-CAGTYACCG	STREME-11	Chr9_15376963_15377063	70	78	+	12.8816	2.06e-05	0.106	CAGTTACCA
11-CAGTYACCG	STREME-11	Chr3_17818264_17818364	62	70	-	12.8816	2.06e-05	0.106	CAGTTACCA
11-CAGTYACCG	STREME-11	Chr14_22805477_22805577	70	78	+	12.8816	2.06e-05	0.106	CAGTTACCA
11-CAGTYACCG	STREME-11	Chr13_3956338_3956438	70	78	+	12.8816	2.06e-05	0.106	CAGTTACCA
11-CAGTYACCG	STREME-11	Chr14_22472615_22472715	72	80	+	12.8816	2.06e-05	0.106	CAGTTACCA
11-CAGTYACCG	STREME-11	Chr11_15969078_15969178	73	81	+	12.8816	2.06e-05	0.106	CAGTTACCA
11-CAGTYACCG	STREME-11	Chr4_23307343_23307443	74	82	+	12.8816	2.06e-05	0.106	CAGTTACCA
11-CAGTYACCG	STREME-11	Chr3_10318443_10318543	66	74	-	12.8816	2.06e-05	0.106	CAGTTACCA
11-CAGTYACCG	STREME-11	Chr3_25811609_25811709	75	83	+	12.8816	2.06e-05	0.106	CAGTTACCA
11-CAGTYACCG	STREME-11	Chr2_35016615_35016715	76	84	+	12.8816	2.06e-05	0.106	CAGTTACCA
11-CAGTYACCG	STREME-11	Chr13_3178905_3179005	76	84	+	12.8816	2.06e-05	0.106	CAGTTACCA
11-CAGTYACCG	STREME-11	Chr12_14053439_14053539	76	84	+	12.8816	2.06e-05	0.106	CAGTTACCA
11-CAGTYACCG	STREME-11	Chr9_8345191_8345291	78	86	+	12.8816	2.06e-05	0.106	CAGTTACCA
11-CAGTYACCG	STREME-11	Chr13_2880368_2880468	80	88	+	12.8816	2.06e-05	0.106	CAGTTACCA
11-CAGTYACCG	STREME-11	Chr3_19913507_19913607	82	90	+	12.8816	2.06e-05	0.106	CAGTTACCA
11-CAGTYACCG	STREME-11	Chr1_44226138_44226238	86	94	+	12.8816	2.06e-05	0.106	CAGTTACCA
11-CAGTYACCG	STREME-11	Chr12_23891981_23892081	88	96	+	12.8816	2.06e-05	0.106	CAGTTACCA
11-CAGTYACCG	STREME-11	Chr1_33780312_33780412	82	90	-	12.8816	2.06e-05	0.106	CAGTTACCA
11-CAGTYACCG	STREME-11	Chr4_11039564_11039664	90	98	+	12.8816	2.06e-05	0.106	CAGTTACCA
11-CAGTYACCG	STREME-11	Chr10_8159412_8159512	83	91	-	12.8816	2.06e-05	0.106	CAGTTACCA
11-CAGTYACCG	STREME-11	Chr7_15070271_15070371	91	99	+	12.8816	2.06e-05	0.106	CAGTTACCA
11-CAGTYACCG	STREME-11	Chr7_8026320_8026420	91	99	+	12.8816	2.06e-05	0.106	CAGTTACCA
11-CAGTYACCG	STREME-11	Chr13_6323900_6324000	92	100	+	12.8816	2.06e-05	0.106	CAGTTACCA
11-CAGTYACCG	STREME-11	Chr13_15080644_15080744	90	98	-	12.8816	2.06e-05	0.106	CAGTTACCA
11-CAGTYACCG	STREME-11	Chr9_287727_287827	91	99	-	12.8816	2.06e-05	0.106	CAGTTACCA
11-CAGTYACCG	STREME-11	Chr11_7537074_7537174	1	9	+	12.8684	2.32e-05	0.106	CCGATACCG
11-CAGTYACCG	STREME-11	Chr8_3094685_3094785	3	11	+	12.8684	2.32e-05	0.106	CCGATACCG
11-CAGTYACCG	STREME-11	Chr3_34972732_34972832	6	14	+	12.8684	2.32e-05	0.106	CCGATACCG
11-CAGTYACCG	STREME-11	Chr14_18117760_18117860	6	14	+	12.8684	2.32e-05	0.106	CCGATACCG
11-CAGTYACCG	STREME-11	Chr6_9123781_9123881	9	17	+	12.8684	2.32e-05	0.106	CCGATACCG
11-CAGTYACCG	STREME-11	Chr1_13949590_13949690	10	18	+	12.8684	2.32e-05	0.106	CCGATACCG
11-CAGTYACCG	STREME-11	Chr4_17934716_17934816	3	11	-	12.8684	2.32e-05	0.106	CCGATACCG
11-CAGTYACCG	STREME-11	Chr4_3943_4043	7	15	-	12.8684	2.32e-05	0.106	CCGATACCG
11-CAGTYACCG	STREME-11	Chr7_28005756_28005856	15	23	+	12.8684	2.32e-05	0.106	CCGATACCG
11-CAGTYACCG	STREME-11	Chr2_1936118_1936218	7	15	-	12.8684	2.32e-05	0.106	CCGATACCG
11-CAGTYACCG	STREME-11	Chr12_10639818_10639918	7	15	-	12.8684	2.32e-05	0.106	CCGATACCG
11-CAGTYACCG	STREME-11	Chr1_18601355_18601455	9	17	-	12.8684	2.32e-05	0.106	CCGATACCG
11-CAGTYACCG	STREME-11	Chr1_39080020_39080120	12	20	-	12.8684	2.32e-05	0.106	CCGATACCG
11-CAGTYACCG	STREME-11	Chr9_26182005_26182105	12	20	-	12.8684	2.32e-05	0.106	CCGATACCG
11-CAGTYACCG	STREME-11	Chr12_22479678_22479778	14	22	-	12.8684	2.32e-05	0.106	CCGATACCG
11-CAGTYACCG	STREME-11	Chr2_5098804_5098904	15	23	-	12.8684	2.32e-05	0.106	CCGATACCG
11-CAGTYACCG	STREME-11	Chr15_2927175_2927275	15	23	-	12.8684	2.32e-05	0.106	CCGATACCG
11-CAGTYACCG	STREME-11	Chr8_4270697_4270797	25	33	+	12.8684	2.32e-05	0.106	CCGATACCG
11-CAGTYACCG	STREME-11	Chr6_25200498_25200598	25	33	+	12.8684	2.32e-05	0.106	CCGATACCG
11-CAGTYACCG	STREME-11	Chr13_888314_888414	25	33	+	12.8684	2.32e-05	0.106	CCGATACCG
11-CAGTYACCG	STREME-11	Chr2_32626846_32626946	26	34	+	12.8684	2.32e-05	0.106	CCGATACCG
11-CAGTYACCG	STREME-11	Chr6_1534488_1534588	18	26	-	12.8684	2.32e-05	0.106	CCGATACCG
11-CAGTYACCG	STREME-11	Chr4_33541076_33541176	19	27	-	12.8684	2.32e-05	0.106	CCGATACCG
11-CAGTYACCG	STREME-11	Chr13_24099784_24099884	19	27	-	12.8684	2.32e-05	0.106	CCGATACCG
11-CAGTYACCG	STREME-11	Chr6_11135866_11135966	19	27	-	12.8684	2.32e-05	0.106	CCGATACCG
11-CAGTYACCG	STREME-11	Chr2_38522343_38522443	20	28	-	12.8684	2.32e-05	0.106	CCGATACCG
11-CAGTYACCG	STREME-11	Chr11_6376529_6376629	20	28	-	12.8684	2.32e-05	0.106	CCGATACCG
11-CAGTYACCG	STREME-11	Chr5_17355782_17355882	20	28	-	12.8684	2.32e-05	0.106	CCGATACCG
11-CAGTYACCG	STREME-11	Chr7_15314043_15314143	20	28	-	12.8684	2.32e-05	0.106	CCGATACCG
11-CAGTYACCG	STREME-11	Chr11_18471867_18471967	23	31	-	12.8684	2.32e-05	0.106	CCGATACCG
11-CAGTYACCG	STREME-11	Chr2_6687914_6688014	24	32	-	12.8684	2.32e-05	0.106	CCGATACCG
11-CAGTYACCG	STREME-11	Chr11_23878167_23878267	32	40	+	12.8684	2.32e-05	0.106	CCGATACCG
11-CAGTYACCG	STREME-11	Chr8_25258813_25258913	27	35	-	12.8684	2.32e-05	0.106	CCGATACCG
11-CAGTYACCG	STREME-11	Chr1_13981072_13981172	27	35	-	12.8684	2.32e-05	0.106	CCGATACCG
11-CAGTYACCG	STREME-11	Chr3_27961369_27961469	29	37	-	12.8684	2.32e-05	0.106	CCGATACCG
11-CAGTYACCG	STREME-11	Chr5_14547268_14547368	30	38	-	12.8684	2.32e-05	0.106	CCGATACCG
11-CAGTYACCG	STREME-11	Chr13_12301358_12301458	30	38	-	12.8684	2.32e-05	0.106	CCGATACCG
11-CAGTYACCG	STREME-11	Chr6_21255740_21255840	30	38	-	12.8684	2.32e-05	0.106	CCGATACCG
11-CAGTYACCG	STREME-11	Chr10_8216393_8216493	32	40	-	12.8684	2.32e-05	0.106	CCGATACCG
11-CAGTYACCG	STREME-11	Chr7_5116425_5116525	33	41	-	12.8684	2.32e-05	0.106	CCGATACCG
11-CAGTYACCG	STREME-11	Chr9_25346330_25346430	42	50	+	12.8684	2.32e-05	0.106	CCGATACCG
11-CAGTYACCG	STREME-11	Chr6_28088856_28088956	36	44	-	12.8684	2.32e-05	0.106	CCGATACCG
11-CAGTYACCG	STREME-11	Chr1_18509846_18509946	37	45	-	12.8684	2.32e-05	0.106	CCGATACCG
11-CAGTYACCG	STREME-11	Chr5_8511156_8511256	45	53	+	12.8684	2.32e-05	0.106	CCGATACCG
11-CAGTYACCG	STREME-11	Chr8_26915655_26915755	37	45	-	12.8684	2.32e-05	0.106	CCGATACCG
11-CAGTYACCG	STREME-11	Chr6_29017787_29017887	46	54	+	12.8684	2.32e-05	0.106	CCGATACCG
11-CAGTYACCG	STREME-11	Chr6_13943325_13943425	48	56	+	12.8684	2.32e-05	0.106	CCGATACCG
11-CAGTYACCG	STREME-11	Chr7_6075814_6075914	41	49	-	12.8684	2.32e-05	0.106	CCGATACCG
11-CAGTYACCG	STREME-11	Chr2_29806475_29806575	42	50	-	12.8684	2.32e-05	0.106	CCGATACCG
11-CAGTYACCG	STREME-11	Chr4_13606343_13606443	42	50	-	12.8684	2.32e-05	0.106	CCGATACCG
11-CAGTYACCG	STREME-11	Chr11_19229698_19229798	43	51	-	12.8684	2.32e-05	0.106	CCGATACCG
11-CAGTYACCG	STREME-11	Chr2_7198324_7198424	51	59	+	12.8684	2.32e-05	0.106	CCGATACCG
11-CAGTYACCG	STREME-11	Chr2_22462768_22462868	44	52	-	12.8684	2.32e-05	0.106	CCGATACCG
11-CAGTYACCG	STREME-11	Chr14_14952299_14952399	44	52	-	12.8684	2.32e-05	0.106	CCGATACCG
11-CAGTYACCG	STREME-11	Chr2_31355546_31355646	53	61	+	12.8684	2.32e-05	0.106	CCGATACCG
11-CAGTYACCG	STREME-11	Chr12_23599907_23600007	53	61	+	12.8684	2.32e-05	0.106	CCGATACCG
11-CAGTYACCG	STREME-11	Chr12_6213043_6213143	45	53	-	12.8684	2.32e-05	0.106	CCGATACCG
11-CAGTYACCG	STREME-11	Chr2_29700100_29700200	54	62	+	12.8684	2.32e-05	0.106	CCGATACCG
11-CAGTYACCG	STREME-11	Chr8_30160361_30160461	47	55	-	12.8684	2.32e-05	0.106	CCGATACCG
11-CAGTYACCG	STREME-11	Chr7_27770399_27770499	47	55	-	12.8684	2.32e-05	0.106	CCGATACCG
11-CAGTYACCG	STREME-11	Chr2_28189460_28189560	56	64	+	12.8684	2.32e-05	0.106	CCGATACCG
11-CAGTYACCG	STREME-11	Chr9_24212654_24212754	56	64	+	12.8684	2.32e-05	0.106	CCGATACCG
11-CAGTYACCG	STREME-11	Chr14_17326053_17326153	48	56	-	12.8684	2.32e-05	0.106	CCGATACCG
11-CAGTYACCG	STREME-11	Chr14_7426282_7426382	48	56	-	12.8684	2.32e-05	0.106	CCGATACCG
11-CAGTYACCG	STREME-11	Chr1_24965419_24965519	48	56	-	12.8684	2.32e-05	0.106	CCGATACCG
11-CAGTYACCG	STREME-11	Chr6_7263284_7263384	48	56	-	12.8684	2.32e-05	0.106	CCGATACCG
11-CAGTYACCG	STREME-11	Chr5_21756612_21756712	49	57	-	12.8684	2.32e-05	0.106	CCGATACCG
11-CAGTYACCG	STREME-11	Chr4_20259380_20259480	57	65	+	12.8684	2.32e-05	0.106	CCGATACCG
11-CAGTYACCG	STREME-11	Chr3_25402942_25403042	49	57	-	12.8684	2.32e-05	0.106	CCGATACCG
11-CAGTYACCG	STREME-11	Chr2_155550_155650	49	57	-	12.8684	2.32e-05	0.106	CCGATACCG
11-CAGTYACCG	STREME-11	Chr5_7731099_7731199	59	67	+	12.8684	2.32e-05	0.106	CCGATACCG
11-CAGTYACCG	STREME-11	Chr8_26864691_26864791	59	67	+	12.8684	2.32e-05	0.106	CCGATACCG
11-CAGTYACCG	STREME-11	Chr8_13644308_13644408	51	59	-	12.8684	2.32e-05	0.106	CCGATACCG
11-CAGTYACCG	STREME-11	Chr15_19869045_19869145	59	67	+	12.8684	2.32e-05	0.106	CCGATACCG
11-CAGTYACCG	STREME-11	Chr6_19267323_19267423	51	59	-	12.8684	2.32e-05	0.106	CCGATACCG
11-CAGTYACCG	STREME-11	Chr7_2448314_2448414	52	60	-	12.8684	2.32e-05	0.106	CCGATACCG
11-CAGTYACCG	STREME-11	Chr3_7431746_7431846	53	61	-	12.8684	2.32e-05	0.106	CCGATACCG
11-CAGTYACCG	STREME-11	Chr6_22823463_22823563	62	70	+	12.8684	2.32e-05	0.106	CCGATACCG
11-CAGTYACCG	STREME-11	Chr7_8971046_8971146	63	71	+	12.8684	2.32e-05	0.106	CCGATACCG
11-CAGTYACCG	STREME-11	Chr14_18492038_18492138	64	72	+	12.8684	2.32e-05	0.106	CCGATACCG
11-CAGTYACCG	STREME-11	Chr2_36228106_36228206	65	73	+	12.8684	2.32e-05	0.106	CCGATACCG
11-CAGTYACCG	STREME-11	Chr2_31104036_31104136	60	68	-	12.8684	2.32e-05	0.106	CCGATACCG
11-CAGTYACCG	STREME-11	Chr12_19549289_19549389	68	76	+	12.8684	2.32e-05	0.106	CCGATACCG
11-CAGTYACCG	STREME-11	Chr1_16076740_16076840	70	78	+	12.8684	2.32e-05	0.106	CCGATACCG
11-CAGTYACCG	STREME-11	Chr1_14006451_14006551	70	78	+	12.8684	2.32e-05	0.106	CCGATACCG
11-CAGTYACCG	STREME-11	Chr6_29697548_29697648	71	79	+	12.8684	2.32e-05	0.106	CCGATACCG
11-CAGTYACCG	STREME-11	Chr5_16169202_16169302	72	80	+	12.8684	2.32e-05	0.106	CCGATACCG
11-CAGTYACCG	STREME-11	Chr4_30386938_30387038	72	80	+	12.8684	2.32e-05	0.106	CCGATACCG
11-CAGTYACCG	STREME-11	Chr4_15736195_15736295	72	80	+	12.8684	2.32e-05	0.106	CCGATACCG
11-CAGTYACCG	STREME-11	Chr2_38759237_38759337	73	81	+	12.8684	2.32e-05	0.106	CCGATACCG
11-CAGTYACCG	STREME-11	Chr13_5074229_5074329	73	81	+	12.8684	2.32e-05	0.106	CCGATACCG
11-CAGTYACCG	STREME-11	Chr10_20445956_20446056	75	83	+	12.8684	2.32e-05	0.106	CCGATACCG
11-CAGTYACCG	STREME-11	Chr10_3481354_3481454	75	83	+	12.8684	2.32e-05	0.106	CCGATACCG
11-CAGTYACCG	STREME-11	Chr4_23877291_23877391	75	83	+	12.8684	2.32e-05	0.106	CCGATACCG
11-CAGTYACCG	STREME-11	Chr14_17356917_17357017	67	75	-	12.8684	2.32e-05	0.106	CCGATACCG
11-CAGTYACCG	STREME-11	Chr12_6926586_6926686	67	75	-	12.8684	2.32e-05	0.106	CCGATACCG
11-CAGTYACCG	STREME-11	Chr2_1077547_1077647	76	84	+	12.8684	2.32e-05	0.106	CCGATACCG
11-CAGTYACCG	STREME-11	Chr5_23060079_23060179	77	85	+	12.8684	2.32e-05	0.106	CCGATACCG
11-CAGTYACCG	STREME-11	Chr5_12047786_12047886	77	85	+	12.8684	2.32e-05	0.106	CCGATACCG
11-CAGTYACCG	STREME-11	Chr4_14527857_14527957	78	86	+	12.8684	2.32e-05	0.106	CCGATACCG
11-CAGTYACCG	STREME-11	Chr8_11504297_11504397	78	86	+	12.8684	2.32e-05	0.106	CCGATACCG
11-CAGTYACCG	STREME-11	Chr2_27262193_27262293	72	80	-	12.8684	2.32e-05	0.106	CCGATACCG
11-CAGTYACCG	STREME-11	Chr7_26860109_26860209	80	88	+	12.8684	2.32e-05	0.106	CCGATACCG
11-CAGTYACCG	STREME-11	Chr1_36101545_36101645	81	89	+	12.8684	2.32e-05	0.106	CCGATACCG
11-CAGTYACCG	STREME-11	Chr1_35236864_35236964	82	90	+	12.8684	2.32e-05	0.106	CCGATACCG
11-CAGTYACCG	STREME-11	Chr7_944589_944689	82	90	+	12.8684	2.32e-05	0.106	CCGATACCG
11-CAGTYACCG	STREME-11	Chr9_18692027_18692127	86	94	+	12.8684	2.32e-05	0.106	CCGATACCG
11-CAGTYACCG	STREME-11	Chr6_5814430_5814530	88	96	+	12.8684	2.32e-05	0.106	CCGATACCG
11-CAGTYACCG	STREME-11	Chr6_5664740_5664840	80	88	-	12.8684	2.32e-05	0.106	CCGATACCG
11-CAGTYACCG	STREME-11	Chr12_11685071_11685171	81	89	-	12.8684	2.32e-05	0.106	CCGATACCG
11-CAGTYACCG	STREME-11	Chr14_19509096_19509196	83	91	-	12.8684	2.32e-05	0.106	CCGATACCG
11-CAGTYACCG	STREME-11	Chr5_30272549_30272649	83	91	-	12.8684	2.32e-05	0.106	CCGATACCG
11-CAGTYACCG	STREME-11	Chr7_27733565_27733665	84	92	-	12.8684	2.32e-05	0.106	CCGATACCG
11-CAGTYACCG	STREME-11	Chr12_12042425_12042525	92	100	+	12.8684	2.32e-05	0.106	CCGATACCG
11-CAGTYACCG	STREME-11	Chr8_11460671_11460771	86	94	-	12.8684	2.32e-05	0.106	CCGATACCG
11-CAGTYACCG	STREME-11	Chr3_14397468_14397568	88	96	-	12.8684	2.32e-05	0.106	CCGATACCG
11-CAGTYACCG	STREME-11	Chr9_23477737_23477837	11	19	+	12.8289	2.65e-05	0.117	CAGTCACCA
11-CAGTYACCG	STREME-11	Chr2_4826379_4826479	13	21	+	12.8289	2.65e-05	0.117	CAGTCACCA
11-CAGTYACCG	STREME-11	Chr5_32850266_32850366	17	25	+	12.8289	2.65e-05	0.117	CAGTCACCA
11-CAGTYACCG	STREME-11	Chr9_7551108_7551208	27	35	+	12.8289	2.65e-05	0.117	CAGTCACCA
11-CAGTYACCG	STREME-11	Chr10_1631817_1631917	32	40	+	12.8289	2.65e-05	0.117	CAGTCACCA
11-CAGTYACCG	STREME-11	Chr10_29201_29301	26	34	-	12.8289	2.65e-05	0.117	CAGTCACCA
11-CAGTYACCG	STREME-11	Chr5_34372313_34372413	36	44	+	12.8289	2.65e-05	0.117	CAGTCACCA
11-CAGTYACCG	STREME-11	Chr7_14039029_14039129	46	54	+	12.8289	2.65e-05	0.117	CAGTCACCA
11-CAGTYACCG	STREME-11	Chr12_1393196_1393296	48	56	-	12.8289	2.65e-05	0.117	CAGTCACCA
11-CAGTYACCG	STREME-11	Chr2_18129841_18129941	58	66	+	12.8289	2.65e-05	0.117	CAGTCACCA
11-CAGTYACCG	STREME-11	Chr9_26485471_26485571	53	61	-	12.8289	2.65e-05	0.117	CAGTCACCA
11-CAGTYACCG	STREME-11	Chr4_15396210_15396310	74	82	+	12.8289	2.65e-05	0.117	CAGTCACCA
11-CAGTYACCG	STREME-11	Chr10_17670543_17670643	74	82	-	12.8289	2.65e-05	0.117	CAGTCACCA
11-CAGTYACCG	STREME-11	Chr3_29940106_29940206	92	100	+	12.8289	2.65e-05	0.117	CAGTCACCA
11-CAGTYACCG	STREME-11	Chr8_23166708_23166808	10	18	-	12.8158	2.86e-05	0.126	CCGACACCG
11-CAGTYACCG	STREME-11	Chr6_30944585_30944685	30	38	-	12.8158	2.86e-05	0.126	CCGACACCG
11-CAGTYACCG	STREME-11	Chr8_18973639_18973739	67	75	-	12.8158	2.86e-05	0.126	CCGACACCG
11-CAGTYACCG	STREME-11	Chr15_6580988_6581088	76	84	+	12.8158	2.86e-05	0.126	CCGACACCG
11-CAGTYACCG	STREME-11	Chr13_9546796_9546896	1	9	-	12.1316	3.26e-05	0.13	CAGTTACCT
11-CAGTYACCG	STREME-11	Chr7_7379472_7379572	4	12	-	12.1316	3.26e-05	0.13	CAGTTACCT
11-CAGTYACCG	STREME-11	Chr13_6250048_6250148	4	12	-	12.1316	3.26e-05	0.13	CAGTTACCT
11-CAGTYACCG	STREME-11	Chr4_14372247_14372347	13	21	+	12.1316	3.26e-05	0.13	CAGTTACCT
11-CAGTYACCG	STREME-11	Chr13_8354864_8354964	15	23	+	12.1316	3.26e-05	0.13	CAGTTACCT
11-CAGTYACCG	STREME-11	Chr7_24835461_24835561	19	27	+	12.1316	3.26e-05	0.13	CAGTTACCT
11-CAGTYACCG	STREME-11	Chr7_28593920_28594020	12	20	-	12.1316	3.26e-05	0.13	CAGTTACCT
11-CAGTYACCG	STREME-11	Chr12_7487388_7487488	24	32	+	12.1316	3.26e-05	0.13	CAGTTACCT
11-CAGTYACCG	STREME-11	Chr14_23340094_23340194	17	25	-	12.1316	3.26e-05	0.13	CAGTTACCT
11-CAGTYACCG	STREME-11	Chr5_10366024_10366124	18	26	-	12.1316	3.26e-05	0.13	CAGTTACCT
11-CAGTYACCG	STREME-11	Chr8_23609247_23609347	27	35	+	12.1316	3.26e-05	0.13	CAGTTACCT
11-CAGTYACCG	STREME-11	Chr15_14041387_14041487	20	28	-	12.1316	3.26e-05	0.13	CAGTTACCT
11-CAGTYACCG	STREME-11	Chr7_9132457_9132557	23	31	-	12.1316	3.26e-05	0.13	CAGTTACCT
11-CAGTYACCG	STREME-11	Chr12_10734677_10734777	24	32	-	12.1316	3.26e-05	0.13	CAGTTACCT
11-CAGTYACCG	STREME-11	Chr5_20655534_20655634	27	35	-	12.1316	3.26e-05	0.13	CAGTTACCT
11-CAGTYACCG	STREME-11	Chr1_16154861_16154961	33	41	-	12.1316	3.26e-05	0.13	CAGTTACCT
11-CAGTYACCG	STREME-11	Chr8_4922875_4922975	37	45	-	12.1316	3.26e-05	0.13	CAGTTACCT
11-CAGTYACCG	STREME-11	Chr2_20714546_20714646	43	51	-	12.1316	3.26e-05	0.13	CAGTTACCT
11-CAGTYACCG	STREME-11	Chr3_25511316_25511416	51	59	+	12.1316	3.26e-05	0.13	CAGTTACCT
11-CAGTYACCG	STREME-11	Chr7_14345357_14345457	53	61	+	12.1316	3.26e-05	0.13	CAGTTACCT
11-CAGTYACCG	STREME-11	Chr12_22365528_22365628	45	53	-	12.1316	3.26e-05	0.13	CAGTTACCT
11-CAGTYACCG	STREME-11	Chr6_15030792_15030892	58	66	+	12.1316	3.26e-05	0.13	CAGTTACCT
11-CAGTYACCG	STREME-11	Chr9_8432711_8432811	51	59	-	12.1316	3.26e-05	0.13	CAGTTACCT
11-CAGTYACCG	STREME-11	Chr15_16248500_16248600	59	67	+	12.1316	3.26e-05	0.13	CAGTTACCT
11-CAGTYACCG	STREME-11	Chr5_27394976_27395076	51	59	-	12.1316	3.26e-05	0.13	CAGTTACCT
11-CAGTYACCG	STREME-11	Chr5_9200912_9201012	61	69	+	12.1316	3.26e-05	0.13	CAGTTACCT
11-CAGTYACCG	STREME-11	Chr15_16461966_16462066	53	61	-	12.1316	3.26e-05	0.13	CAGTTACCT
11-CAGTYACCG	STREME-11	Chr14_16868988_16869088	54	62	-	12.1316	3.26e-05	0.13	CAGTTACCT
11-CAGTYACCG	STREME-11	Chr7_17821988_17822088	64	72	+	12.1316	3.26e-05	0.13	CAGTTACCT
11-CAGTYACCG	STREME-11	Chr5_25400934_25401034	59	67	-	12.1316	3.26e-05	0.13	CAGTTACCT
11-CAGTYACCG	STREME-11	Chr11_22167942_22168042	69	77	+	12.1316	3.26e-05	0.13	CAGTTACCT
11-CAGTYACCG	STREME-11	Chr1_32380689_32380789	74	82	+	12.1316	3.26e-05	0.13	CAGTTACCT
11-CAGTYACCG	STREME-11	Chr13_1202059_1202159	68	76	-	12.1316	3.26e-05	0.13	CAGTTACCT
11-CAGTYACCG	STREME-11	Chr2_10321046_10321146	77	85	+	12.1316	3.26e-05	0.13	CAGTTACCT
11-CAGTYACCG	STREME-11	Chr5_3897986_3898086	70	78	-	12.1316	3.26e-05	0.13	CAGTTACCT
11-CAGTYACCG	STREME-11	Chr14_19390443_19390543	81	89	+	12.1316	3.26e-05	0.13	CAGTTACCT
11-CAGTYACCG	STREME-11	Chr12_14807876_14807976	82	90	+	12.1316	3.26e-05	0.13	CAGTTACCT
11-CAGTYACCG	STREME-11	Chr10_9555599_9555699	75	83	-	12.1316	3.26e-05	0.13	CAGTTACCT
11-CAGTYACCG	STREME-11	Chr9_339659_339759	85	93	+	12.1316	3.26e-05	0.13	CAGTTACCT
11-CAGTYACCG	STREME-11	Chr11_5199793_5199893	78	86	-	12.1316	3.26e-05	0.13	CAGTTACCT
11-CAGTYACCG	STREME-11	Chr12_8225842_8225942	86	94	+	12.1316	3.26e-05	0.13	CAGTTACCT
11-CAGTYACCG	STREME-11	Chr1_26742523_26742623	89	97	+	12.1316	3.26e-05	0.13	CAGTTACCT
11-CAGTYACCG	STREME-11	Chr10_25395318_25395418	90	98	+	12.1316	3.26e-05	0.13	CAGTTACCT
11-CAGTYACCG	STREME-11	Chr1_27659059_27659159	84	92	-	12.1316	3.26e-05	0.13	CAGTTACCT
11-CAGTYACCG	STREME-11	Chr14_8129124_8129224	92	100	+	12.1316	3.26e-05	0.13	CAGTTACCT
11-CAGTYACCG	STREME-11	Chr6_16151372_16151472	92	100	+	12.1316	3.26e-05	0.13	CAGTTACCT
11-CAGTYACCG	STREME-11	Chr3_19865655_19865755	93	101	+	12.1316	3.26e-05	0.13	CAGTTACCT
11-CAGTYACCG	STREME-11	Chr6_17136941_17137041	85	93	-	12.1316	3.26e-05	0.13	CAGTTACCT
11-CAGTYACCG	STREME-11	Chr10_15172535_15172635	88	96	-	12.1316	3.26e-05	0.13	CAGTTACCT
11-CAGTYACCG	STREME-11	Chr11_17088158_17088258	13	21	+	12.0789	3.59e-05	0.14	CAGTCACCT
11-CAGTYACCG	STREME-11	Chr5_22980583_22980683	21	29	-	12.0789	3.59e-05	0.14	CAGTCACCT
11-CAGTYACCG	STREME-11	Chr10_23169524_23169624	24	32	-	12.0789	3.59e-05	0.14	CAGTCACCT
11-CAGTYACCG	STREME-11	Chr9_7395208_7395308	25	33	-	12.0789	3.59e-05	0.14	CAGTCACCT
11-CAGTYACCG	STREME-11	Chr7_3393764_3393864	39	47	-	12.0789	3.59e-05	0.14	CAGTCACCT
11-CAGTYACCG	STREME-11	Chr4_26912537_26912637	42	50	-	12.0789	3.59e-05	0.14	CAGTCACCT
11-CAGTYACCG	STREME-11	Chr10_19766454_19766554	56	64	+	12.0789	3.59e-05	0.14	CAGTCACCT
11-CAGTYACCG	STREME-11	Chr10_23202143_23202243	51	59	-	12.0789	3.59e-05	0.14	CAGTCACCT
11-CAGTYACCG	STREME-11	Chr3_9456006_9456106	82	90	+	12.0789	3.59e-05	0.14	CAGTCACCT
11-CAGTYACCG	STREME-11	Chr13_14120818_14120918	86	94	+	12.0789	3.59e-05	0.14	CAGTCACCT
11-CAGTYACCG	STREME-11	Chr13_11243320_11243420	35	43	-	11.5263	3.91e-05	0.152	CAGTAACCG
11-CAGTYACCG	STREME-11	Chr8_29270375_29270475	66	74	+	11.5263	3.91e-05	0.152	CAGTAACCG
11-CAGTYACCG	STREME-11	Chr8_21428952_21429052	84	92	-	11.5263	3.91e-05	0.152	CAGTAACCG
11-CAGTYACCG	STREME-11	Chr5_33922737_33922837	79	87	+	11.5	4.24e-05	0.164	CCGTTACCA
11-CAGTYACCG	STREME-11	Chr2_26608943_26609043	88	96	+	11.5	4.24e-05	0.164	CCGTTACCA
11-CAGTYACCG	STREME-11	Chr10_1615279_1615379	37	45	-	11.4474	4.5e-05	0.173	CCGTCACCA
11-CAGTYACCG	STREME-11	Chr15_18389556_18389656	79	87	+	11.4474	4.5e-05	0.173	CCGTCACCA
11-CAGTYACCG	STREME-11	Chr8_1021628_1021728	73	81	-	11.4474	4.5e-05	0.173	CCGTCACCA
11-CAGTYACCG	STREME-11	Chr4_8203158_8203258	93	101	+	11.4474	4.5e-05	0.173	CCGTCACCA
11-CAGTYACCG	STREME-11	Chr1_37699625_37699725	4	12	+	11.1579	4.9e-05	0.186	CAGATACCA
11-CAGTYACCG	STREME-11	Chr3_14213814_14213914	34	42	+	11.1579	4.9e-05	0.186	CAGATACCA
11-CAGTYACCG	STREME-11	Chr3_10648007_10648107	27	35	-	11.1579	4.9e-05	0.186	CAGATACCA
11-CAGTYACCG	STREME-11	Chr13_22785668_22785768	44	52	-	11.1579	4.9e-05	0.186	CAGATACCA
11-CAGTYACCG	STREME-11	Chr8_16455452_16455552	72	80	-	11.1579	4.9e-05	0.186	CAGATACCA
11-CAGTYACCG	STREME-11	Chr3_15540004_15540104	91	99	+	11.1579	4.9e-05	0.186	CAGATACCA
11-CAGTYACCG	STREME-11	Chr9_17746631_17746731	54	62	+	11.1053	5.63e-05	0.212	TAGTTACCG
11-CAGTYACCG	STREME-11	Chr11_12406075_12406175	51	59	-	11.1053	5.63e-05	0.212	TAGTTACCG
11-CAGTYACCG	STREME-11	Chr3_14203521_14203621	83	91	+	11.1053	5.63e-05	0.212	CAGACACCA
11-CAGTYACCG	STREME-11	Chr12_10958111_10958211	75	83	-	11.1053	5.63e-05	0.212	CAGACACCA
11-CAGTYACCG	STREME-11	Chr15_8760162_8760262	93	101	+	11.1053	5.63e-05	0.212	TAGTTACCG
11-CAGTYACCG	STREME-11	Chr4_9222194_9222294	4	12	+	11.0526	5.96e-05	0.219	TAGTCACCG
11-CAGTYACCG	STREME-11	Chr6_1151644_1151744	9	17	+	11.0526	5.96e-05	0.219	TAGTCACCG
11-CAGTYACCG	STREME-11	Chr4_3515812_3515912	24	32	+	11.0526	5.96e-05	0.219	TAGTCACCG
11-CAGTYACCG	STREME-11	Chr7_10310409_10310509	29	37	+	11.0526	5.96e-05	0.219	TAGTCACCG
11-CAGTYACCG	STREME-11	Chr14_4061698_4061798	24	32	-	11.0526	5.96e-05	0.219	TAGTCACCG
11-CAGTYACCG	STREME-11	Chr1_40374672_40374772	38	46	+	11.0526	5.96e-05	0.219	TAGTCACCG
11-CAGTYACCG	STREME-11	Chr4_15131974_15132074	38	46	+	11.0526	5.96e-05	0.219	TAGTCACCG
11-CAGTYACCG	STREME-11	Chr13_3580296_3580396	53	61	-	11.0526	5.96e-05	0.219	TAGTCACCG
11-CAGTYACCG	STREME-11	Chr1_29029995_29030095	62	70	-	11.0526	5.96e-05	0.219	TAGTCACCG
11-CAGTYACCG	STREME-11	Chr14_17356917_17357017	81	89	-	11.0526	5.96e-05	0.219	TAGTCACCG
11-CAGTYACCG	STREME-11	Chr6_17105786_17105886	85	93	-	11.0526	5.96e-05	0.219	TAGTCACCG
11-CAGTYACCG	STREME-11	Chr7_28226480_28226580	91	99	-	11.0526	5.96e-05	0.219	TAGTCACCG
11-CAGTYACCG	STREME-11	Chr5_3585067_3585167	10	18	+	10.9474	6.22e-05	0.228	CAGTTGCCG
11-CAGTYACCG	STREME-11	Chr5_14877458_14877558	23	31	+	10.9474	6.22e-05	0.228	CAGTTGCCG
11-CAGTYACCG	STREME-11	Chr10_9341034_9341134	2	10	+	10.8947	6.43e-05	0.229	CAGTCGCCG
11-CAGTYACCG	STREME-11	Chr13_4169548_4169648	8	16	-	10.8947	6.43e-05	0.229	CAGTCGCCG
11-CAGTYACCG	STREME-11	Chr1_11864002_11864102	20	28	+	10.8947	6.43e-05	0.229	CAGTCGCCG
11-CAGTYACCG	STREME-11	Chr13_7541452_7541552	22	30	+	10.8947	6.43e-05	0.229	CAGTCGCCG
11-CAGTYACCG	STREME-11	Chr12_15079151_15079251	22	30	-	10.8947	6.43e-05	0.229	CAGTCGCCG
11-CAGTYACCG	STREME-11	Chr4_31359351_31359451	25	33	-	10.8947	6.43e-05	0.229	CAGTCGCCG
11-CAGTYACCG	STREME-11	Chr8_697754_697854	26	34	-	10.8947	6.43e-05	0.229	CAGTCGCCG
11-CAGTYACCG	STREME-11	Chr3_22657861_22657961	35	43	+	10.8947	6.43e-05	0.229	CAGTCGCCG
11-CAGTYACCG	STREME-11	Chr3_12393061_12393161	50	58	+	10.8947	6.43e-05	0.229	CAGTCGCCG
11-CAGTYACCG	STREME-11	Chr3_2605453_2605553	62	70	+	10.8947	6.43e-05	0.229	CAGTCGCCG
11-CAGTYACCG	STREME-11	Chr3_13273453_13273553	58	66	-	10.8947	6.43e-05	0.229	CAGTCGCCG
11-CAGTYACCG	STREME-11	Chr10_12277425_12277525	66	74	-	10.8947	6.43e-05	0.229	CAGTCGCCG
11-CAGTYACCG	STREME-11	Chr5_23126458_23126558	81	89	-	10.8947	6.43e-05	0.229	CAGTCGCCG
11-CAGTYACCG	STREME-11	Chr15_3128588_3128688	82	90	-	10.8947	6.43e-05	0.229	CAGTCGCCG
11-CAGTYACCG	STREME-11	Chr6_24108005_24108105	82	90	-	10.8947	6.43e-05	0.229	CAGTCGCCG
11-CAGTYACCG	STREME-11	Chr4_17383100_17383200	92	100	-	10.8947	6.43e-05	0.229	CAGTCGCCG
11-CAGTYACCG	STREME-11	Chr15_5657692_5657792	93	101	-	10.8947	6.43e-05	0.229	CAGTCGCCG
11-CAGTYACCG	STREME-11	Chr15_23514257_23514357	9	17	-	10.8026	6.76e-05	0.234	CAGTTAGCG
11-CAGTYACCG	STREME-11	Chr1_23513756_23513856	10	18	-	10.8026	6.76e-05	0.234	CAGTTAGCG
11-CAGTYACCG	STREME-11	Chr4_28595764_28595864	24	32	+	10.8026	6.76e-05	0.234	CAGTTAGCG
11-CAGTYACCG	STREME-11	Chr9_986014_986114	22	30	-	10.8026	6.76e-05	0.234	CAGTTAGCG
11-CAGTYACCG	STREME-11	Chr1_25408951_25409051	30	38	+	10.8026	6.76e-05	0.234	CAGTTAGCG
11-CAGTYACCG	STREME-11	Chr9_3431888_3431988	32	40	+	10.8026	6.76e-05	0.234	CAGTTAGCG
11-CAGTYACCG	STREME-11	Chr2_9302572_9302672	41	49	+	10.8026	6.76e-05	0.234	CAGTTAGCG
11-CAGTYACCG	STREME-11	Chr7_14910284_14910384	42	50	+	10.8026	6.76e-05	0.234	CAGTTAGCG
11-CAGTYACCG	STREME-11	Chr1_38843632_38843732	44	52	+	10.8026	6.76e-05	0.234	CAGTTAGCG
11-CAGTYACCG	STREME-11	Chr7_27759869_27759969	52	60	+	10.8026	6.76e-05	0.234	CAGTTAGCG
11-CAGTYACCG	STREME-11	Chr9_7661361_7661461	54	62	-	10.8026	6.76e-05	0.234	CAGTTAGCG
11-CAGTYACCG	STREME-11	Chr14_22863941_22864041	62	70	+	10.8026	6.76e-05	0.234	CAGTTAGCG
11-CAGTYACCG	STREME-11	Chr9_22000275_22000375	65	73	+	10.8026	6.76e-05	0.234	CAGTTAGCG
11-CAGTYACCG	STREME-11	Chr5_3742625_3742725	84	92	+	10.8026	6.76e-05	0.234	CAGTTAGCG
11-CAGTYACCG	STREME-11	Chr7_3932000_3932100	88	96	+	10.8026	6.76e-05	0.234	CAGTTAGCG
11-CAGTYACCG	STREME-11	Chr6_14563158_14563258	85	93	-	10.8026	6.76e-05	0.234	CAGTTAGCG
11-CAGTYACCG	STREME-11	Chr10_16478436_16478536	15	23	+	10.75	7.35e-05	0.252	CAGTCAGCG
11-CAGTYACCG	STREME-11	Chr10_1560861_1560961	52	60	-	10.75	7.35e-05	0.252	CCGTTACCT
11-CAGTYACCG	STREME-11	Chr3_14671422_14671522	56	64	-	10.75	7.35e-05	0.252	CAGTCAGCG
11-CAGTYACCG	STREME-11	Chr5_3795955_3796055	75	83	+	10.75	7.35e-05	0.252	CAGTCAGCG
11-CAGTYACCG	STREME-11	Chr15_20230929_20231029	68	76	-	10.75	7.35e-05	0.252	CAGTCAGCG
11-CAGTYACCG	STREME-11	Chr15_1297647_1297747	84	92	+	10.75	7.35e-05	0.252	CAGTCAGCG
11-CAGTYACCG	STREME-11	Chr4_19965814_19965914	40	48	-	10.6974	7.61e-05	0.26	CCGTCACCT
11-CAGTYACCG	STREME-11	Chr9_4510684_4510784	49	57	+	10.6974	7.61e-05	0.26	CCGTCACCT
11-CAGTYACCG	STREME-11	Chr3_28834158_28834258	50	58	+	10.6974	7.61e-05	0.26	CCGTCACCT
11-CAGTYACCG	STREME-11	Chr10_24452162_24452262	3	11	-	10.4211	8.42e-05	0.271	CAGTTACAG
11-CAGTYACCG	STREME-11	Chr9_10659074_10659174	4	12	-	10.4211	8.42e-05	0.271	CAGTTATCG
11-CAGTYACCG	STREME-11	Chr13_11299108_11299208	4	12	-	10.4211	8.42e-05	0.271	CAGTTACAG
11-CAGTYACCG	STREME-11	Chr9_15524772_15524872	5	13	-	10.4211	8.42e-05	0.271	CAGTTACAG
11-CAGTYACCG	STREME-11	Chr12_10492680_10492780	9	17	-	10.4211	8.42e-05	0.271	CAGTTACAG
11-CAGTYACCG	STREME-11	Chr1_44364401_44364501	9	17	-	10.4211	8.42e-05	0.271	CAGTTACAG
11-CAGTYACCG	STREME-11	Chr2_37252128_37252228	14	22	-	10.4211	8.42e-05	0.271	CAGTTACAG
11-CAGTYACCG	STREME-11	Chr7_4484235_4484335	24	32	+	10.4211	8.42e-05	0.271	CAGTTACAG
11-CAGTYACCG	STREME-11	Chr9_27778491_27778591	20	28	-	10.4211	8.42e-05	0.271	CAGTTACAG
11-CAGTYACCG	STREME-11	Chr15_17176293_17176393	23	31	-	10.4211	8.42e-05	0.271	CAGTTACAG
11-CAGTYACCG	STREME-11	Chr11_17602633_17602733	25	33	-	10.4211	8.42e-05	0.271	CAGTTATCG
11-CAGTYACCG	STREME-11	Chr4_13021735_13021835	25	33	-	10.4211	8.42e-05	0.271	CAGTTATCG
11-CAGTYACCG	STREME-11	Chr1_25719382_25719482	33	41	+	10.4211	8.42e-05	0.271	CAGTTACAG
11-CAGTYACCG	STREME-11	Chr2_26293359_26293459	34	42	+	10.4211	8.42e-05	0.271	CAGTTACAG
11-CAGTYACCG	STREME-11	Chr15_4541300_4541400	34	42	+	10.4211	8.42e-05	0.271	CAGTTATCG
11-CAGTYACCG	STREME-11	Chr8_18412108_18412208	36	44	+	10.4211	8.42e-05	0.271	CAGTTACAG
11-CAGTYACCG	STREME-11	Chr2_21126763_21126863	40	48	+	10.4211	8.42e-05	0.271	CAGTTACAG
11-CAGTYACCG	STREME-11	Chr4_32621519_32621619	33	41	-	10.4211	8.42e-05	0.271	CAGTTATCG
11-CAGTYACCG	STREME-11	Chr5_21978642_21978742	42	50	+	10.4211	8.42e-05	0.271	CAGTTATCG
11-CAGTYACCG	STREME-11	Chr1_19879444_19879544	43	51	+	10.4211	8.42e-05	0.271	CAGTTATCG
11-CAGTYACCG	STREME-11	Chr8_6626625_6626725	46	54	+	10.4211	8.42e-05	0.271	CAGTTACAG
11-CAGTYACCG	STREME-11	Chr5_27178182_27178282	48	56	+	10.4211	8.42e-05	0.271	CAGTTACAG
11-CAGTYACCG	STREME-11	Chr1_29894351_29894451	44	52	-	10.4211	8.42e-05	0.271	CAGTTATCG
11-CAGTYACCG	STREME-11	Chr3_26400508_26400608	44	52	-	10.4211	8.42e-05	0.271	CAGTTACAG
11-CAGTYACCG	STREME-11	Chr10_20395257_20395357	51	59	-	10.4211	8.42e-05	0.271	CAGTTACAG
11-CAGTYACCG	STREME-11	Chr2_11672394_11672494	56	64	-	10.4211	8.42e-05	0.271	CAGTTACAG
11-CAGTYACCG	STREME-11	Chr1_21663546_21663646	59	67	-	10.4211	8.42e-05	0.271	CAGTTACAG
11-CAGTYACCG	STREME-11	Chr2_310237_310337	62	70	-	10.4211	8.42e-05	0.271	CAGTTACAG
11-CAGTYACCG	STREME-11	Chr3_14408418_14408518	71	79	+	10.4211	8.42e-05	0.271	CAGTTATCG
11-CAGTYACCG	STREME-11	Chr7_14836527_14836627	67	75	-	10.4211	8.42e-05	0.271	CAGTTATCG
11-CAGTYACCG	STREME-11	Chr14_10543040_10543140	79	87	+	10.4211	8.42e-05	0.271	CAGTTATCG
11-CAGTYACCG	STREME-11	Chr9_27830080_27830180	83	91	+	10.4211	8.42e-05	0.271	CAGTTACAG
11-CAGTYACCG	STREME-11	Chr3_21266729_21266829	88	96	+	10.4211	8.42e-05	0.271	CAGTTATCG
11-CAGTYACCG	STREME-11	Chr14_16686690_16686790	93	101	+	10.4211	8.42e-05	0.271	CAGTTACAG
11-CAGTYACCG	STREME-11	Chr3_13956497_13956597	86	94	-	10.4211	8.42e-05	0.271	CAGTTACAG
11-CAGTYACCG	STREME-11	Chr8_13299064_13299164	90	98	-	10.4211	8.42e-05	0.271	CAGTTACAG
11-CAGTYACCG	STREME-11	Chr9_2004374_2004474	7	15	-	10.4079	8.82e-05	0.282	CAGATACCT
11-CAGTYACCG	STREME-11	Chr1_47315806_47315906	23	31	+	10.4079	8.82e-05	0.282	CAGATACCT
11-CAGTYACCG	STREME-11	Chr7_14060727_14060827	35	43	+	10.4079	8.82e-05	0.282	CAGATACCT
11-CAGTYACCG	STREME-11	Chr1_29645573_29645673	79	87	+	10.4079	8.82e-05	0.282	CAGATACCT
11-CAGTYACCG	STREME-11	Chr3_22833109_22833209	13	21	+	10.3684	9.47e-05	0.296	CAGTCACAG
11-CAGTYACCG	STREME-11	Chr7_453055_453155	23	31	-	10.3684	9.47e-05	0.296	CAGTCATCG
11-CAGTYACCG	STREME-11	Chr14_20648549_20648649	33	41	+	10.3684	9.47e-05	0.296	CAGTCACAG
11-CAGTYACCG	STREME-11	Chr1_37450617_37450717	44	52	+	10.3684	9.47e-05	0.296	CAGTCACAG
11-CAGTYACCG	STREME-11	Chr1_31168955_31169055	53	61	+	10.3684	9.47e-05	0.296	CAGTCACAG
11-CAGTYACCG	STREME-11	Chr11_24543915_24544015	62	70	+	10.3684	9.47e-05	0.296	CAGTCATCG
11-CAGTYACCG	STREME-11	Chr7_13349273_13349373	65	73	+	10.3684	9.47e-05	0.296	CAGTCATCG
11-CAGTYACCG	STREME-11	Chr3_23504309_23504409	57	65	-	10.3684	9.47e-05	0.296	CAGTCACAG
11-CAGTYACCG	STREME-11	Chr14_20998939_20999039	69	77	+	10.3684	9.47e-05	0.296	CAGTCATCG
11-CAGTYACCG	STREME-11	Chr14_15675430_15675530	66	74	-	10.3684	9.47e-05	0.296	CAGTCATCG
11-CAGTYACCG	STREME-11	Chr8_16455452_16455552	82	90	+	10.3684	9.47e-05	0.296	CAGTCACAG
11-CAGTYACCG	STREME-11	Chr7_27106043_27106143	82	90	+	10.3684	9.47e-05	0.296	CAGTCATCG
11-CAGTYACCG	STREME-11	Chr2_7522658_7522758	79	87	-	10.3684	9.47e-05	0.296	CAGTCATCG
11-CAGTYACCG	STREME-11	Chr8_20396266_20396366	93	101	+	10.3684	9.47e-05	0.296	CAGTCACAG
11-CAGTYACCG	STREME-11	Chr8_27285035_27285135	4	12	+	10.3553	9.8e-05	0.298	CAGACACCT
11-CAGTYACCG	STREME-11	Chr5_26563647_26563747	7	15	+	10.3553	9.8e-05	0.298	CAGACACCT
11-CAGTYACCG	STREME-11	Chr1_26248412_26248512	8	16	+	10.3553	9.8e-05	0.298	CAGACACCT
11-CAGTYACCG	STREME-11	Chr8_22849665_22849765	11	19	+	10.3553	9.8e-05	0.298	CAGACACCT
11-CAGTYACCG	STREME-11	Chr2_14356222_14356322	23	31	+	10.3553	9.8e-05	0.298	CAGACACCT
11-CAGTYACCG	STREME-11	Chr2_27286154_27286254	25	33	+	10.3553	9.8e-05	0.298	CAGACACCT
11-CAGTYACCG	STREME-11	Chr9_24212654_24212754	18	26	-	10.3553	9.8e-05	0.298	CAGACACCT
11-CAGTYACCG	STREME-11	Chr2_27337813_27337913	27	35	+	10.3553	9.8e-05	0.298	CAGACACCT
11-CAGTYACCG	STREME-11	Chr1_41791769_41791869	22	30	-	10.3553	9.8e-05	0.298	CAGACACCT
11-CAGTYACCG	STREME-11	Chr10_22905468_22905568	33	41	+	10.3553	9.8e-05	0.298	CAGACACCT
11-CAGTYACCG	STREME-11	Chr6_21100070_21100170	34	42	+	10.3553	9.8e-05	0.298	CAGACACCT
11-CAGTYACCG	STREME-11	Chr8_24664928_24665028	40	48	-	10.3553	9.8e-05	0.298	CAGACACCT
11-CAGTYACCG	STREME-11	Chr2_32997659_32997759	54	62	+	10.3553	9.8e-05	0.298	CAGACACCT
11-CAGTYACCG	STREME-11	Chr7_14465138_14465238	52	60	-	10.3553	9.8e-05	0.298	CAGACACCT
11-CAGTYACCG	STREME-11	Chr12_12042425_12042525	54	62	-	10.3553	9.8e-05	0.298	CAGACACCT
11-CAGTYACCG	STREME-11	Chr2_5731371_5731471	57	65	-	10.3553	9.8e-05	0.298	CAGACACCT
11-CAGTYACCG	STREME-11	Chr8_4074612_4074712	67	75	+	10.3553	9.8e-05	0.298	CAGACACCT
11-CAGTYACCG	STREME-11	Chr12_5333281_5333381	62	70	-	10.3553	9.8e-05	0.298	CAGACACCT
11-CAGTYACCG	STREME-11	Chr6_18920405_18920505	90	98	-	10.3553	9.8e-05	0.298	CAGACACCT

# FIMO (Find Individual Motif Occurrences): Version 5.5.1 compiled on Apr 10 2023 at 16:56:57
# The format of this file is described at https://meme-suite.org/meme/doc/fimo-output-format.html.
# fimo --parse-genomic-coord --verbosity 1 --oc LITCHI007109.meme_chip/fimo_out_12 --bgfile LITCHI007109.meme_chip/background --motif 11-CAGTYACCG LITCHI007109.meme_chip/streme_out/streme.xml LITCHI007109.meme_chip/LITCHI007109.peak.region.fa
