motif_id	motif_alt_id	sequence_name	start	stop	strand	score	p-value	q-value	matched_sequence
31-AAGCGRACCC	STREME-31	Chr1_5669484_5669584	33	42	+	18.8315	5.88e-07	0.0502	AAGCGGACCC
31-AAGCGRACCC	STREME-31	Chr15_1400809_1400909	35	44	+	18.8315	5.88e-07	0.0502	AAGCGGACCC
31-AAGCGRACCC	STREME-31	Chr13_17484505_17484605	30	39	-	18.8315	5.88e-07	0.0502	AAGCGGACCC
31-AAGCGRACCC	STREME-31	Chr12_4019433_4019533	30	39	-	18.8315	5.88e-07	0.0502	AAGCGGACCC
31-AAGCGRACCC	STREME-31	Chr7_14699983_14700083	33	42	-	18.8315	5.88e-07	0.0502	AAGCGGACCC
31-AAGCGRACCC	STREME-31	Chr14_1284911_1285011	34	43	-	18.8315	5.88e-07	0.0502	AAGCGGACCC
31-AAGCGRACCC	STREME-31	Chr6_17680734_17680834	43	52	+	18.8315	5.88e-07	0.0502	AAGCGGACCC
31-AAGCGRACCC	STREME-31	Chr7_20264627_20264727	36	45	-	18.8315	5.88e-07	0.0502	AAGCGGACCC
31-AAGCGRACCC	STREME-31	Chr3_2401836_2401936	39	48	-	18.8315	5.88e-07	0.0502	AAGCGGACCC
31-AAGCGRACCC	STREME-31	Chr15_13654106_13654206	49	58	+	18.8315	5.88e-07	0.0502	AAGCGGACCC
31-AAGCGRACCC	STREME-31	Chr8_9534935_9535035	52	61	+	18.8315	5.88e-07	0.0502	AAGCGGACCC
31-AAGCGRACCC	STREME-31	Chr2_21498238_21498338	46	55	-	18.8315	5.88e-07	0.0502	AAGCGGACCC
31-AAGCGRACCC	STREME-31	Chr5_14791212_14791312	46	55	-	18.8315	5.88e-07	0.0502	AAGCGGACCC
31-AAGCGRACCC	STREME-31	Chr15_14258608_14258708	70	79	+	18.8315	5.88e-07	0.0502	AAGCGGACCC
31-AAGCGRACCC	STREME-31	Chr14_23417060_23417160	62	71	-	18.8315	5.88e-07	0.0502	AAGCGGACCC
31-AAGCGRACCC	STREME-31	Chr5_21125941_21126041	63	72	-	18.8315	5.88e-07	0.0502	AAGCGGACCC
31-AAGCGRACCC	STREME-31	Chr7_3298205_3298305	65	74	-	18.8315	5.88e-07	0.0502	AAGCGGACCC
31-AAGCGRACCC	STREME-31	Chr1_30485549_30485649	87	96	+	18.8315	5.88e-07	0.0502	AAGCGGACCC
31-AAGCGRACCC	STREME-31	Chr2_13872129_13872229	81	90	-	18.8315	5.88e-07	0.0502	AAGCGGACCC
31-AAGCGRACCC	STREME-31	Chr4_29847835_29847935	4	13	+	18.5281	1.32e-06	0.0502	AAGCGAACCC
31-AAGCGRACCC	STREME-31	Chr1_22831701_22831801	7	16	+	18.5281	1.32e-06	0.0502	AAGCGAACCC
31-AAGCGRACCC	STREME-31	Chr7_13614445_13614545	10	19	+	18.5281	1.32e-06	0.0502	AAGCGAACCC
31-AAGCGRACCC	STREME-31	Chr10_18738854_18738954	16	25	+	18.5281	1.32e-06	0.0502	AAGCGAACCC
31-AAGCGRACCC	STREME-31	Chr4_33167090_33167190	17	26	+	18.5281	1.32e-06	0.0502	AAGCGAACCC
31-AAGCGRACCC	STREME-31	Chr11_5916438_5916538	10	19	-	18.5281	1.32e-06	0.0502	AAGCGAACCC
31-AAGCGRACCC	STREME-31	Chr6_2526023_2526123	18	27	-	18.5281	1.32e-06	0.0502	AAGCGAACCC
31-AAGCGRACCC	STREME-31	Chr2_9327103_9327203	34	43	+	18.5281	1.32e-06	0.0502	AAGCGAACCC
31-AAGCGRACCC	STREME-31	Chr2_9816721_9816821	29	38	-	18.5281	1.32e-06	0.0502	AAGCGAACCC
31-AAGCGRACCC	STREME-31	Chr5_3827764_3827864	43	52	+	18.5281	1.32e-06	0.0502	AAGCGAACCC
31-AAGCGRACCC	STREME-31	Chr4_20965394_20965494	43	52	+	18.5281	1.32e-06	0.0502	AAGCGAACCC
31-AAGCGRACCC	STREME-31	Chr6_2449429_2449529	39	48	-	18.5281	1.32e-06	0.0502	AAGCGAACCC
31-AAGCGRACCC	STREME-31	Chr10_24208030_24208130	50	59	+	18.5281	1.32e-06	0.0502	AAGCGAACCC
31-AAGCGRACCC	STREME-31	Chr1_21412611_21412711	42	51	-	18.5281	1.32e-06	0.0502	AAGCGAACCC
31-AAGCGRACCC	STREME-31	Chr10_22082793_22082893	53	62	+	18.5281	1.32e-06	0.0502	AAGCGAACCC
31-AAGCGRACCC	STREME-31	Chr8_22069980_22070080	45	54	-	18.5281	1.32e-06	0.0502	AAGCGAACCC
31-AAGCGRACCC	STREME-31	Chr10_27903000_27903100	45	54	-	18.5281	1.32e-06	0.0502	AAGCGAACCC
31-AAGCGRACCC	STREME-31	Chr5_9969591_9969691	48	57	-	18.5281	1.32e-06	0.0502	AAGCGAACCC
31-AAGCGRACCC	STREME-31	Chr3_29644626_29644726	51	60	-	18.5281	1.32e-06	0.0502	AAGCGAACCC
31-AAGCGRACCC	STREME-31	Chr10_23255033_23255133	51	60	-	18.5281	1.32e-06	0.0502	AAGCGAACCC
31-AAGCGRACCC	STREME-31	Chr10_23824410_23824510	52	61	-	18.5281	1.32e-06	0.0502	AAGCGAACCC
31-AAGCGRACCC	STREME-31	Chr1_24653927_24654027	54	63	-	18.5281	1.32e-06	0.0502	AAGCGAACCC
31-AAGCGRACCC	STREME-31	Chr5_8325175_8325275	56	65	-	18.5281	1.32e-06	0.0502	AAGCGAACCC
31-AAGCGRACCC	STREME-31	Chr10_24139144_24139244	60	69	-	18.5281	1.32e-06	0.0502	AAGCGAACCC
31-AAGCGRACCC	STREME-31	Chr1_22505947_22506047	60	69	-	18.5281	1.32e-06	0.0502	AAGCGAACCC
31-AAGCGRACCC	STREME-31	Chr10_19145889_19145989	61	70	-	18.5281	1.32e-06	0.0502	AAGCGAACCC
31-AAGCGRACCC	STREME-31	Chr5_6114829_6114929	72	81	+	18.5281	1.32e-06	0.0502	AAGCGAACCC
31-AAGCGRACCC	STREME-31	Chr8_17618085_17618185	65	74	-	18.5281	1.32e-06	0.0502	AAGCGAACCC
31-AAGCGRACCC	STREME-31	Chr10_24080037_24080137	67	76	-	18.5281	1.32e-06	0.0502	AAGCGAACCC
31-AAGCGRACCC	STREME-31	Chr2_10797189_10797289	76	85	-	18.5281	1.32e-06	0.0502	AAGCGAACCC
31-AAGCGRACCC	STREME-31	Chr1_9616276_9616376	86	95	+	18.5281	1.32e-06	0.0502	AAGCGAACCC
31-AAGCGRACCC	STREME-31	Chr10_26610060_26610160	78	87	-	18.5281	1.32e-06	0.0502	AAGCGAACCC
31-AAGCGRACCC	STREME-31	Chr11_18134576_18134676	89	98	+	18.5281	1.32e-06	0.0502	AAGCGAACCC
31-AAGCGRACCC	STREME-31	Chr7_10620345_10620445	81	90	-	18.5281	1.32e-06	0.0502	AAGCGAACCC
31-AAGCGRACCC	STREME-31	Chr3_22261452_22261552	11	20	+	16.2472	2.04e-06	0.0689	AAACGGACCC
31-AAGCGRACCC	STREME-31	Chr1_16878733_16878833	8	17	-	16.2472	2.04e-06	0.0689	AAACGGACCC
31-AAGCGRACCC	STREME-31	Chr3_28943906_28944006	13	22	-	16.2472	2.04e-06	0.0689	AAACGGACCC
31-AAGCGRACCC	STREME-31	Chr9_14272211_14272311	39	48	+	16.2472	2.04e-06	0.0689	AAACGGACCC
31-AAGCGRACCC	STREME-31	Chr10_23639649_23639749	43	52	+	16.2472	2.04e-06	0.0689	AAACGGACCC
31-AAGCGRACCC	STREME-31	Chr10_20126463_20126563	43	52	-	16.2472	2.04e-06	0.0689	AAACGGACCC
31-AAGCGRACCC	STREME-31	Chr3_3783657_3783757	70	79	+	16.2472	2.04e-06	0.0689	AAACGGACCC
31-AAGCGRACCC	STREME-31	Chr6_6779025_6779125	1	10	+	16.0112	2.52e-06	0.076	AAGCGGGCCC
31-AAGCGRACCC	STREME-31	Chr11_25003654_25003754	20	29	+	16.0112	2.52e-06	0.076	AAGCGGGCCC
31-AAGCGRACCC	STREME-31	Chr3_33463498_33463598	39	48	+	16.0112	2.52e-06	0.076	AAGCGGGCCC
31-AAGCGRACCC	STREME-31	Chr6_802548_802648	47	56	+	16.0112	2.52e-06	0.076	AAGCGGGCCC
31-AAGCGRACCC	STREME-31	Chr2_30204801_30204901	58	67	-	16.0112	2.52e-06	0.076	AAGCGGGCCC
31-AAGCGRACCC	STREME-31	Chr15_16008401_16008501	72	81	-	16.0112	2.52e-06	0.076	AAGCGGGCCC
31-AAGCGRACCC	STREME-31	Chr2_16084786_16084886	88	97	-	16.0112	2.52e-06	0.076	AAGCGGGCCC
31-AAGCGRACCC	STREME-31	Chr10_7686540_7686640	15	24	+	15.9438	3.42e-06	0.0864	AAACGAACCC
31-AAGCGRACCC	STREME-31	Chr8_29886518_29886618	27	36	+	15.9438	3.42e-06	0.0864	AAACGAACCC
31-AAGCGRACCC	STREME-31	Chr1_15295762_15295862	39	48	+	15.9438	3.42e-06	0.0864	AAACGAACCC
31-AAGCGRACCC	STREME-31	Chr6_12280043_12280143	39	48	+	15.9438	3.42e-06	0.0864	AAACGAACCC
31-AAGCGRACCC	STREME-31	Chr8_28366494_28366594	40	49	+	15.9438	3.42e-06	0.0864	AAACGAACCC
31-AAGCGRACCC	STREME-31	Chr9_19812448_19812548	52	61	+	15.9438	3.42e-06	0.0864	AAACGAACCC
31-AAGCGRACCC	STREME-31	Chr1_26464867_26464967	45	54	-	15.9438	3.42e-06	0.0864	AAACGAACCC
31-AAGCGRACCC	STREME-31	Chr2_33854250_33854350	54	63	+	15.9438	3.42e-06	0.0864	AAACGAACCC
31-AAGCGRACCC	STREME-31	Chr2_5224463_5224563	53	62	-	15.9438	3.42e-06	0.0864	AAACGAACCC
31-AAGCGRACCC	STREME-31	Chr14_23905994_23906094	53	62	-	15.9438	3.42e-06	0.0864	AAACGAACCC
31-AAGCGRACCC	STREME-31	Chr7_10800444_10800544	56	65	-	15.9438	3.42e-06	0.0864	AAACGAACCC
31-AAGCGRACCC	STREME-31	Chr1_30981966_30982066	67	76	+	15.9438	3.42e-06	0.0864	AAACGAACCC
31-AAGCGRACCC	STREME-31	Chr12_12764205_12764305	76	85	-	15.9438	3.42e-06	0.0864	AAACGAACCC
31-AAGCGRACCC	STREME-31	Chr10_21655803_21655903	42	51	+	15.7191	3.89e-06	0.0972	GAGCGGACCC
31-AAGCGRACCC	STREME-31	Chr15_23499134_23499234	12	21	+	15.7079	4.48e-06	0.105	AAGCGAGCCC
31-AAGCGRACCC	STREME-31	Chr2_35998179_35998279	40	49	+	15.7079	4.48e-06	0.105	AAGCGAGCCC
31-AAGCGRACCC	STREME-31	Chr11_5305927_5306027	47	56	+	15.7079	4.48e-06	0.105	AAGCGAGCCC
31-AAGCGRACCC	STREME-31	Chr9_7767616_7767716	1	10	-	15.4157	5.07e-06	0.105	GAGCGAACCC
31-AAGCGRACCC	STREME-31	Chr11_19530939_19531039	29	38	-	15.4157	5.07e-06	0.105	GAGCGAACCC
31-AAGCGRACCC	STREME-31	Chr4_28480724_28480824	29	38	-	15.4157	5.07e-06	0.105	GAGCGAACCC
31-AAGCGRACCC	STREME-31	Chr13_451471_451571	43	52	+	15.4157	5.07e-06	0.105	GAGCGAACCC
31-AAGCGRACCC	STREME-31	Chr9_4332015_4332115	39	48	-	15.4157	5.07e-06	0.105	GAGCGAACCC
31-AAGCGRACCC	STREME-31	Chr12_15079151_15079251	49	58	+	15.4157	5.07e-06	0.105	GAGCGAACCC
31-AAGCGRACCC	STREME-31	Chr10_21889488_21889588	42	51	-	15.4157	5.07e-06	0.105	GAGCGAACCC
31-AAGCGRACCC	STREME-31	Chr11_13618722_13618822	42	51	-	15.4157	5.07e-06	0.105	GAGCGAACCC
31-AAGCGRACCC	STREME-31	Chr6_8129958_8130058	60	69	+	15.4157	5.07e-06	0.105	GAGCGAACCC
31-AAGCGRACCC	STREME-31	Chr4_29018998_29019098	52	61	-	15.4157	5.07e-06	0.105	GAGCGAACCC
31-AAGCGRACCC	STREME-31	Chr7_9561072_9561172	54	63	-	15.4157	5.07e-06	0.105	GAGCGAACCC
31-AAGCGRACCC	STREME-31	Chr5_15931893_15931993	65	74	+	15.4157	5.07e-06	0.105	GAGCGAACCC
31-AAGCGRACCC	STREME-31	Chr1_12973092_12973192	65	74	+	15.4157	5.07e-06	0.105	GAGCGAACCC
31-AAGCGRACCC	STREME-31	Chr2_5802701_5802801	67	76	+	15.4157	5.07e-06	0.105	GAGCGAACCC
31-AAGCGRACCC	STREME-31	Chr4_6621795_6621895	38	47	+	15.2809	5.8e-06	0.108	AAGCGGACCT
31-AAGCGRACCC	STREME-31	Chr14_21454603_21454703	36	45	-	15.2809	5.8e-06	0.108	AAGCGGACCT
31-AAGCGRACCC	STREME-31	Chr1_45911198_45911298	48	57	+	15.2809	5.8e-06	0.108	AAGCGGACCT
31-AAGCGRACCC	STREME-31	Chr10_16022401_16022501	54	63	+	15.2809	5.8e-06	0.108	AAGCGGACCT
31-AAGCGRACCC	STREME-31	Chr5_33475197_33475297	59	68	+	15.2809	5.8e-06	0.108	AAGCGGACCT
31-AAGCGRACCC	STREME-31	Chr8_21979677_21979777	50	59	-	15.2809	5.8e-06	0.108	AAGCGGACCT
31-AAGCGRACCC	STREME-31	Chr8_202957_203057	60	69	+	15.2809	5.8e-06	0.108	AAGCGGACCT
31-AAGCGRACCC	STREME-31	Chr6_1003852_1003952	63	72	-	15.2809	5.8e-06	0.108	AAGCGGACCT
31-AAGCGRACCC	STREME-31	Chr1_18818098_18818198	69	78	-	15.2809	5.8e-06	0.108	AAGCGGACCT
31-AAGCGRACCC	STREME-31	Chr1_13276728_13276828	80	89	-	15.2809	5.8e-06	0.108	AAGCGGACCT
31-AAGCGRACCC	STREME-31	Chr7_24265227_24265327	91	100	-	15.2809	5.8e-06	0.108	AAGCGGACCT
31-AAGCGRACCC	STREME-31	Chr2_8378385_8378485	25	34	-	14.9775	6.7e-06	0.122	AAGCGAACCT
31-AAGCGRACCC	STREME-31	Chr11_14059662_14059762	71	80	+	14.9775	6.7e-06	0.122	AAGCGAACCT
31-AAGCGRACCC	STREME-31	Chr2_18292004_18292104	13	22	+	14.5955	7.28e-06	0.128	AAGCGGTCCC
31-AAGCGRACCC	STREME-31	Chr1_12873811_12873911	39	48	+	14.5955	7.28e-06	0.128	AAGCGGTCCC
31-AAGCGRACCC	STREME-31	Chr3_27937574_27937674	53	62	-	14.5955	7.28e-06	0.128	AAGCGGTCCC
31-AAGCGRACCC	STREME-31	Chr13_22894042_22894142	91	100	+	14.5955	7.28e-06	0.128	AAGCGGTCCC
31-AAGCGRACCC	STREME-31	Chr1_31813824_31813924	24	33	+	14.427	7.87e-06	0.135	AAGCGCACCC
31-AAGCGRACCC	STREME-31	Chr2_11281704_11281804	28	37	+	14.427	7.87e-06	0.135	AAGCGCACCC
31-AAGCGRACCC	STREME-31	Chr4_33621923_33622023	78	87	-	14.427	7.87e-06	0.135	AAGCGCACCC
31-AAGCGRACCC	STREME-31	Chr10_23005122_23005222	63	72	+	13.427	9.19e-06	0.156	AAACGGGCCC
31-AAGCGRACCC	STREME-31	Chr13_23134940_23135040	55	64	-	12.8315	1.16e-05	0.194	GAACGAACCC
31-AAGCGRACCC	STREME-31	Chr1_24950902_24951002	77	86	-	12.8315	1.16e-05	0.194	GAACGAACCC
31-AAGCGRACCC	STREME-31	Chr15_18780759_18780859	49	58	+	12.7528	1.21e-05	0.2	ACGCGGACCC
31-AAGCGRACCC	STREME-31	Chr4_8602842_8602942	7	16	+	12.6966	1.3e-05	0.209	AAACGGACCT
31-AAGCGRACCC	STREME-31	Chr2_28960780_28960880	7	16	-	12.6966	1.3e-05	0.209	AAACGGACCT
31-AAGCGRACCC	STREME-31	Chr13_9568027_9568127	26	35	+	12.6966	1.3e-05	0.209	AAACGGACCT
31-AAGCGRACCC	STREME-31	Chr5_15254050_15254150	32	41	+	12.6966	1.3e-05	0.209	AAACGGACCT
31-AAGCGRACCC	STREME-31	Chr10_22595363_22595463	25	34	-	12.5955	1.35e-05	0.213	GAGCGAGCCC
31-AAGCGRACCC	STREME-31	Chr10_17508651_17508751	37	46	+	12.5955	1.35e-05	0.213	GAGCGAGCCC
31-AAGCGRACCC	STREME-31	Chr3_14870418_14870518	10	19	+	12.4494	1.46e-05	0.23	ACGCGAACCC
31-AAGCGRACCC	STREME-31	Chr1_7589548_7589648	72	81	-	12.3933	1.58e-05	0.245	AAACGAACCT
31-AAGCGRACCC	STREME-31	Chr6_1868116_1868216	35	44	-	12.1685	1.63e-05	0.25	GAGCGGACCT
31-AAGCGRACCC	STREME-31	Chr10_23185562_23185662	61	70	+	12.1685	1.63e-05	0.25	GAGCGGACCT
31-AAGCGRACCC	STREME-31	Chr13_733310_733410	35	44	-	12.0112	1.78e-05	0.267	AAACGGTCCC
31-AAGCGRACCC	STREME-31	Chr2_28941670_28941770	41	50	-	12.0112	1.78e-05	0.267	AAACGGTCCC
31-AAGCGRACCC	STREME-31	Chr1_19446604_19446704	69	78	+	12.0112	1.78e-05	0.267	AAACGGTCCC
31-AAGCGRACCC	STREME-31	Chr2_13032326_13032426	17	26	-	11.8652	1.85e-05	0.27	GAGCGAACCT
31-AAGCGRACCC	STREME-31	Chr15_22621584_22621684	40	49	+	11.8652	1.85e-05	0.27	GAGCGAACCT
31-AAGCGRACCC	STREME-31	Chr9_2903086_2903186	54	63	+	11.8652	1.85e-05	0.27	GAGCGAACCT
31-AAGCGRACCC	STREME-31	Chr4_4282827_4282927	73	82	+	11.8652	1.85e-05	0.27	GAGCGAACCT
31-AAGCGRACCC	STREME-31	Chr1_26366504_26366604	6	15	-	11.8427	1.93e-05	0.278	AAACGCACCC
31-AAGCGRACCC	STREME-31	Chr1_7184837_7184937	39	48	-	11.4831	2.11e-05	0.301	GAGCGGTCCC
31-AAGCGRACCC	STREME-31	Chr10_26761421_26761521	78	87	-	11.4831	2.11e-05	0.301	GAGCGGTCCC
31-AAGCGRACCC	STREME-31	Chr4_33344451_33344551	52	61	-	11.3146	2.16e-05	0.305	GAGCGCACCC
31-AAGCGRACCC	STREME-31	Chr2_23459737_23459837	45	54	-	11.1798	2.22e-05	0.309	GAGCGATCCC
31-AAGCGRACCC	STREME-31	Chr13_6363569_6363669	84	93	-	11.1798	2.22e-05	0.309	GAGCGATCCC
31-AAGCGRACCC	STREME-31	Chr2_5187000_5187100	60	69	+	10.191	2.56e-05	0.354	AAGCGCTCCC
31-AAGCGRACCC	STREME-31	Chr8_22765868_22765968	72	81	-	9.8764	2.79e-05	0.384	AAACGGGCCT
31-AAGCGRACCC	STREME-31	Chr5_32288374_32288474	11	20	+	9.86517	2.86e-05	0.388	ACACGAACCC
31-AAGCGRACCC	STREME-31	Chr6_28336564_28336664	18	27	-	9.86517	2.86e-05	0.388	ACACGAACCC
31-AAGCGRACCC	STREME-31	Chr10_13462286_13462386	5	14	+	9.62921	2.95e-05	0.397	ACGCGAGCCC
31-AAGCGRACCC	STREME-31	Chr13_16497746_16497846	25	34	+	9.58427	3.02e-05	0.402	GAACGGACCT
31-AAGCGRACCC	STREME-31	Chr8_9045816_9045916	72	81	-	9.58427	3.02e-05	0.402	GAACGGACCT
31-AAGCGRACCC	STREME-31	Chr1_48865720_48865820	75	84	+	9.33708	3.2e-05	0.415	GCGCGAACCC
31-AAGCGRACCC	STREME-31	Chr3_14870418_14870518	80	89	+	9.33708	3.2e-05	0.415	GCGCGAACCC
31-AAGCGRACCC	STREME-31	Chr13_23199616_23199716	74	83	-	9.33708	3.2e-05	0.415	GCGCGAACCC
31-AAGCGRACCC	STREME-31	Chr3_14870418_14870518	74	83	-	9.33708	3.2e-05	0.415	GCGCGAACCC
31-AAGCGRACCC	STREME-31	Chr6_12554998_12555098	71	80	+	9.2809	3.29e-05	0.424	GAACGAACCT
31-AAGCGRACCC	STREME-31	Chr3_30882279_30882379	30	39	+	9.02247	3.54e-05	0.454	AAACGCGCCC
31-AAGCGRACCC	STREME-31	Chr8_25272508_25272608	46	55	+	8.89888	3.67e-05	0.467	ACGCGAACCT
31-AAGCGRACCC	STREME-31	Chr6_12981157_12981257	66	75	-	8.55056	3.85e-05	0.487	AAGCGGCCCC
31-AAGCGRACCC	STREME-31	Chr9_4412834_4412934	12	21	+	8.49438	3.94e-05	0.495	GAGCGCGCCC
31-AAGCGRACCC	STREME-31	Chr10_23608909_23609009	53	62	+	8.46067	4.14e-05	0.513	TAGCGGACCC
31-AAGCGRACCC	STREME-31	Chr2_26293359_26293459	58	67	-	8.46067	4.14e-05	0.513	AAACGGTCCT
31-AAGCGRACCC	STREME-31	Chr15_13515946_13516046	21	30	-	8.34831	4.29e-05	0.526	AGGCGGACCC
31-AAGCGRACCC	STREME-31	Chr1_19903728_19903828	51	60	+	8.34831	4.29e-05	0.526	ATGCGGACCC
31-AAGCGRACCC	STREME-31	Chr14_15661142_15661242	16	25	+	8.29213	4.51e-05	0.531	AAACGCACCT
31-AAGCGRACCC	STREME-31	Chr9_21254739_21254839	22	31	-	8.29213	4.51e-05	0.531	AATCGGACCC
31-AAGCGRACCC	STREME-31	Chr12_14466057_14466157	27	36	-	8.29213	4.51e-05	0.531	AATCGGACCC
31-AAGCGRACCC	STREME-31	Chr6_17268360_17268460	28	37	-	8.29213	4.51e-05	0.531	AATCGGACCC
31-AAGCGRACCC	STREME-31	Chr3_9797875_9797975	68	77	+	8.29213	4.51e-05	0.531	AATCGGACCC
31-AAGCGRACCC	STREME-31	Chr2_844357_844457	76	85	+	8.29213	4.51e-05	0.531	AAACGCACCT
31-AAGCGRACCC	STREME-31	Chr15_13729007_13729107	80	89	-	8.29213	4.51e-05	0.531	AATCGGACCC
31-AAGCGRACCC	STREME-31	Chr1_32080322_32080422	17	26	-	8.16854	4.76e-05	0.547	AAGCGGACCG
31-AAGCGRACCC	STREME-31	Chr14_20359456_20359556	55	64	+	8.16854	4.76e-05	0.547	AAGCGGACCA
31-AAGCGRACCC	STREME-31	Chr1_32264823_32264923	71	80	+	8.16854	4.76e-05	0.547	AAGCGGACCG
31-AAGCGRACCC	STREME-31	Chr3_29067176_29067276	89	98	-	8.16854	4.76e-05	0.547	AAGCGGACCA
31-AAGCGRACCC	STREME-31	Chr9_27143161_27143261	41	50	-	8.1573	5e-05	0.565	CAGCGAACCC
31-AAGCGRACCC	STREME-31	Chr15_10373755_10373855	58	67	+	8.1573	5e-05	0.565	TAGCGAACCC
31-AAGCGRACCC	STREME-31	Chr10_6950832_6950932	80	89	+	8.1573	5e-05	0.565	AAACGATCCT
31-AAGCGRACCC	STREME-31	Chr1_27185472_27185572	10	19	+	8.02247	6.01e-05	0.637	AAGCAGACCC
31-AAGCGRACCC	STREME-31	Chr3_3093718_3093818	3	12	-	8.02247	6.01e-05	0.637	AAGTGGACCC
31-AAGCGRACCC	STREME-31	Chr14_5226547_5226647	30	39	+	8.02247	6.01e-05	0.637	AAGCAGACCC
31-AAGCGRACCC	STREME-31	Chr3_27229336_27229436	34	43	+	8.02247	6.01e-05	0.637	AAGCGGACGC
31-AAGCGRACCC	STREME-31	Chr7_2814161_2814261	35	44	+	8.02247	6.01e-05	0.637	AAGCGGACTC
31-AAGCGRACCC	STREME-31	Chr5_11753781_11753881	41	50	+	8.02247	6.01e-05	0.637	AAGCGGACAC
31-AAGCGRACCC	STREME-31	Chr9_16508799_16508899	47	56	-	8.02247	6.01e-05	0.637	AAGCTGACCC
31-AAGCGRACCC	STREME-31	Chr8_18453626_18453726	58	67	+	8.02247	6.01e-05	0.637	AAGCAGACCC
31-AAGCGRACCC	STREME-31	Chr2_573996_574096	74	83	+	8.02247	6.01e-05	0.637	AAGCTGACCC
31-AAGCGRACCC	STREME-31	Chr8_14108490_14108590	79	88	+	8.02247	6.01e-05	0.637	AAGCGGACAC
31-AAGCGRACCC	STREME-31	Chr2_28344866_28344966	88	97	+	8.02247	6.01e-05	0.637	AAGCTGACCC
31-AAGCGRACCC	STREME-31	Chr10_1600241_1600341	83	92	-	8.02247	6.01e-05	0.637	AAGCGGACGC
31-AAGCGRACCC	STREME-31	Chr7_1358888_1358988	20	29	-	7.98876	6.17e-05	0.644	AATCGAACCC
31-AAGCGRACCC	STREME-31	Chr12_17157801_17157901	48	57	+	7.98876	6.17e-05	0.644	AACCGAACCC
31-AAGCGRACCC	STREME-31	Chr1_29456423_29456523	64	73	+	7.98876	6.17e-05	0.644	AATCGAACCC
31-AAGCGRACCC	STREME-31	Chr4_1739794_1739894	61	70	-	7.93258	6.23e-05	0.647	GAGCGGTCCT
31-AAGCGRACCC	STREME-31	Chr10_22128163_22128263	28	37	-	7.86517	6.39e-05	0.653	AAGCGAACCA
31-AAGCGRACCC	STREME-31	Chr11_24543915_24544015	34	43	-	7.86517	6.39e-05	0.653	AAGCGAACCG
31-AAGCGRACCC	STREME-31	Chr2_12217743_12217843	56	65	-	7.86517	6.39e-05	0.653	AAGCGAACCG
31-AAGCGRACCC	STREME-31	Chr6_2240557_2240657	39	48	+	7.76404	6.45e-05	0.656	GAGCGCACCT
31-AAGCGRACCC	STREME-31	Chr11_13464967_13465067	1	10	+	7.7191	7.47e-05	0.68	AAGCAAACCC
31-AAGCGRACCC	STREME-31	Chr1_29624463_29624563	4	13	+	7.7191	7.47e-05	0.68	AAGCGAATCC
31-AAGCGRACCC	STREME-31	Chr7_11414614_11414714	3	12	-	7.7191	7.47e-05	0.68	AAGCAAACCC
31-AAGCGRACCC	STREME-31	Chr14_22484873_22484973	8	17	-	7.7191	7.47e-05	0.68	AAGCAAACCC
31-AAGCGRACCC	STREME-31	Chr2_32850066_32850166	37	46	+	7.7191	7.47e-05	0.68	AAGCAAACCC
31-AAGCGRACCC	STREME-31	Chr9_1013825_1013925	45	54	+	7.7191	7.47e-05	0.68	AAGCCAACCC
31-AAGCGRACCC	STREME-31	Chr5_13801294_13801394	47	56	+	7.7191	7.47e-05	0.68	AAGCAAACCC
31-AAGCGRACCC	STREME-31	Chr7_2317186_2317286	39	48	-	7.7191	7.47e-05	0.68	AAGCAAACCC
31-AAGCGRACCC	STREME-31	Chr6_15867298_15867398	45	54	-	7.7191	7.47e-05	0.68	AAGAGAACCC
31-AAGCGRACCC	STREME-31	Chr11_16494540_16494640	57	66	+	7.7191	7.47e-05	0.68	AAGAGAACCC
31-AAGCGRACCC	STREME-31	Chr7_7196776_7196876	55	64	-	7.7191	7.47e-05	0.68	AAGCAAACCC
31-AAGCGRACCC	STREME-31	Chr9_23093648_23093748	56	65	-	7.7191	7.47e-05	0.68	AAGCGAAACC
31-AAGCGRACCC	STREME-31	Chr10_55246_55346	66	75	+	7.7191	7.47e-05	0.68	AAGCGAAGCC
31-AAGCGRACCC	STREME-31	Chr2_19162021_19162121	59	68	-	7.7191	7.47e-05	0.68	AAGGGAACCC
31-AAGCGRACCC	STREME-31	Chr7_27116618_27116718	72	81	+	7.7191	7.47e-05	0.68	AAGAGAACCC
31-AAGCGRACCC	STREME-31	Chr1_39322000_39322100	64	73	-	7.7191	7.47e-05	0.68	AAGCGAACTC
31-AAGCGRACCC	STREME-31	Chr15_4228433_4228533	70	79	-	7.7191	7.47e-05	0.68	AAGCAAACCC
31-AAGCGRACCC	STREME-31	Chr3_34912172_34912272	72	81	-	7.7191	7.47e-05	0.68	AAGCCAACCC
31-AAGCGRACCC	STREME-31	Chr1_45991626_45991726	85	94	+	7.7191	7.47e-05	0.68	AAGCCAACCC
31-AAGCGRACCC	STREME-31	Chr10_2556444_2556544	77	86	-	7.7191	7.47e-05	0.68	AAGCGAAGCC
31-AAGCGRACCC	STREME-31	Chr8_13874370_13874470	91	100	+	7.7191	7.47e-05	0.68	AAGCGAAGCC
31-AAGCGRACCC	STREME-31	Chr5_23739617_23739717	84	93	-	7.7191	7.47e-05	0.68	AAGCAAACCC
31-AAGCGRACCC	STREME-31	Chr4_34498582_34498682	92	101	-	7.7191	7.47e-05	0.68	AAGCGAACAC
31-AAGCGRACCC	STREME-31	Chr1_25845593_25845693	61	70	-	7.60674	7.61e-05	0.687	AAACGCTCCC
31-AAGCGRACCC	STREME-31	Chr3_35435819_35435919	92	101	-	7.60674	7.61e-05	0.687	AAACGCTCCC
31-AAGCGRACCC	STREME-31	Chr8_24242996_24243096	20	29	-	7.34831	7.66e-05	0.689	ACACGGGCCC
31-AAGCGRACCC	STREME-31	Chr10_24436187_24436287	11	20	-	7.04494	7.81e-05	0.696	ACACGAGCCC
31-AAGCGRACCC	STREME-31	Chr14_15036966_15037066	80	89	+	7.04494	7.81e-05	0.696	ACACGAGCCC
31-AAGCGRACCC	STREME-31	Chr5_24785277_24785377	62	71	-	6.76404	7.9e-05	0.698	GAACGGGCCT
31-AAGCGRACCC	STREME-31	Chr14_22426866_22426966	74	83	+	6.76404	7.9e-05	0.698	GAACGGGCCT
31-AAGCGRACCC	STREME-31	Chr4_6678722_6678822	31	40	-	6.75281	7.96e-05	0.7	GCACGAACCC
31-AAGCGRACCC	STREME-31	Chr11_7524540_7524640	83	92	-	6.61798	8.11e-05	0.71	ACACGGACCT
31-AAGCGRACCC	STREME-31	Chr5_14677598_14677698	78	87	+	6.51685	8.14e-05	0.71	GCGCGAGCCC
31-AAGCGRACCC	STREME-31	Chr4_12455802_12455902	44	53	+	6.31461	8.44e-05	0.717	ACACGAACCT
31-AAGCGRACCC	STREME-31	Chr3_9589589_9589689	62	71	+	6.31461	8.44e-05	0.717	ACACGAACCT
31-AAGCGRACCC	STREME-31	Chr7_21429243_21429343	69	78	+	6.31461	8.44e-05	0.717	ACACGAACCT
31-AAGCGRACCC	STREME-31	Chr1_3244673_3244773	21	30	+	6.23596	8.5e-05	0.717	AAGCGTGCCC
31-AAGCGRACCC	STREME-31	Chr5_31208624_31208724	31	40	-	6.23596	8.5e-05	0.717	AAGCGTGCCC
31-AAGCGRACCC	STREME-31	Chr3_23485169_23485269	52	61	+	6.23596	8.5e-05	0.717	AAGCGTGCCC
31-AAGCGRACCC	STREME-31	Chr4_30029820_30029920	52	61	-	6.23596	8.5e-05	0.717	AAGCGTGCCC
31-AAGCGRACCC	STREME-31	Chr1_35601885_35601985	76	85	+	6.23596	8.5e-05	0.717	AAGCGTGCCC
31-AAGCGRACCC	STREME-31	Chr2_1743990_1744090	67	76	+	6.07865	8.61e-05	0.72	ACGCGAGCCT
31-AAGCGRACCC	STREME-31	Chr11_23648055_23648155	53	62	+	5.93258	8.79e-05	0.72	ACACGGTCCC
31-AAGCGRACCC	STREME-31	Chr9_20830210_20830310	47	56	-	5.93258	8.79e-05	0.72	ACACGGTCCC
31-AAGCGRACCC	STREME-31	Chr15_6397872_6397972	26	35	+	5.8764	8.96e-05	0.72	CAACGGACCC
31-AAGCGRACCC	STREME-31	Chr11_3507623_3507723	39	48	-	5.8764	8.96e-05	0.72	CAACGGACCC
31-AAGCGRACCC	STREME-31	Chr13_21775949_21776049	50	59	+	5.8764	8.96e-05	0.72	CAACGGACCC
31-AAGCGRACCC	STREME-31	Chr6_16089327_16089427	64	73	+	5.8764	8.96e-05	0.72	CAACGGACCC
31-AAGCGRACCC	STREME-31	Chr5_25677919_25678019	72	81	+	5.8764	8.96e-05	0.72	CAACGGACCC
31-AAGCGRACCC	STREME-31	Chr5_5704772_5704872	1	10	-	5.76404	9.21e-05	0.72	AGACGGACCC
31-AAGCGRACCC	STREME-31	Chr14_9654877_9654977	21	30	+	5.76404	9.21e-05	0.72	AGACGGACCC
31-AAGCGRACCC	STREME-31	Chr3_2502876_2502976	26	35	-	5.66292	9.29e-05	0.72	AAACGACCCC
31-AAGCGRACCC	STREME-31	Chr15_13472676_13472776	65	74	-	5.66292	9.29e-05	0.72	AAACGACCCC
31-AAGCGRACCC	STREME-31	Chr1_33532821_33532921	44	53	+	5.62921	9.45e-05	0.72	ACACGATCCC
31-AAGCGRACCC	STREME-31	Chr15_6937239_6937339	45	54	+	5.62921	9.45e-05	0.72	ACACGATCCC
31-AAGCGRACCC	STREME-31	Chr1_23893924_23894024	1	10	+	5.58427	9.61e-05	0.72	AAACGGACCA
31-AAGCGRACCC	STREME-31	Chr3_28340953_28341053	2	11	-	5.58427	9.61e-05	0.72	AAACGGACCG
31-AAGCGRACCC	STREME-31	Chr6_6332507_6332607	9	18	-	5.58427	9.61e-05	0.72	AAACGGACCG
31-AAGCGRACCC	STREME-31	Chr8_2621139_2621239	13	22	-	5.58427	9.61e-05	0.72	AAACGGACCA
31-AAGCGRACCC	STREME-31	Chr1_23934682_23934782	18	27	-	5.58427	9.61e-05	0.72	AAACGGACCG
31-AAGCGRACCC	STREME-31	Chr11_15708728_15708828	36	45	+	5.58427	9.61e-05	0.72	AAACGGACCG
31-AAGCGRACCC	STREME-31	Chr10_24231605_24231705	38	47	+	5.58427	9.61e-05	0.72	AAACGGACCG
31-AAGCGRACCC	STREME-31	Chr5_4528733_4528833	31	40	-	5.58427	9.61e-05	0.72	AAACGGACCA
31-AAGCGRACCC	STREME-31	Chr7_14610178_14610278	37	46	-	5.58427	9.61e-05	0.72	AAACGGACCG
31-AAGCGRACCC	STREME-31	Chr1_25325706_25325806	49	58	+	5.58427	9.61e-05	0.72	AAACGGACCG
31-AAGCGRACCC	STREME-31	Chr4_25562395_25562495	42	51	-	5.58427	9.61e-05	0.72	AAACGGACCG
31-AAGCGRACCC	STREME-31	Chr3_19588554_19588654	45	54	-	5.58427	9.61e-05	0.72	AAACGGACCA
31-AAGCGRACCC	STREME-31	Chr10_27163057_27163157	67	76	+	5.58427	9.61e-05	0.72	AAACGGACCG
31-AAGCGRACCC	STREME-31	Chr14_239511_239611	73	82	+	5.58427	9.61e-05	0.72	AAACGGACCG
31-AAGCGRACCC	STREME-31	Chr10_24401933_24402033	85	94	+	5.58427	9.61e-05	0.72	AAACGGACCG
31-AAGCGRACCC	STREME-31	Chr1_26885334_26885434	78	87	-	5.58427	9.61e-05	0.72	AAACGGACCA
31-AAGCGRACCC	STREME-31	Chr7_3688050_3688150	39	48	+	5.57303	9.77e-05	0.729	CAACGAACCC
31-AAGCGRACCC	STREME-31	Chr12_5792993_5793093	23	32	+	5.52809	9.9e-05	0.736	AGGCGGGCCC
31-AAGCGRACCC	STREME-31	Chr5_28563949_28564049	44	53	-	5.50562	9.99e-05	0.737	AAGCGTACCT
31-AAGCGRACCC	STREME-31	Chr11_803983_804083	55	64	-	5.50562	9.99e-05	0.737	AAGCGTACCT

# FIMO (Find Individual Motif Occurrences): Version 5.5.1 compiled on Apr 10 2023 at 16:56:57
# The format of this file is described at https://meme-suite.org/meme/doc/fimo-output-format.html.
# fimo --parse-genomic-coord --verbosity 1 --oc LITCHI007109.meme_chip/fimo_out_18 --bgfile LITCHI007109.meme_chip/background --motif 31-AAGCGRACCC LITCHI007109.meme_chip/streme_out/streme.xml LITCHI007109.meme_chip/LITCHI007109.peak.region.fa
