motif_id	motif_alt_id	sequence_name	start	stop	strand	score	p-value	q-value	matched_sequence
19-ACGGTGCAGCGYGA	STREME-19	Chr7_8560866_8560966	7	20	+	26.2697	1.81e-09	0.000352	ACGGTGCAGCGCGA
19-ACGGTGCAGCGYGA	STREME-19	Chr11_15474036_15474136	10	23	+	26.2697	1.81e-09	0.000352	ACGGTGCAGCGCGA
19-ACGGTGCAGCGYGA	STREME-19	Chr10_25548236_25548336	17	30	+	26.2697	1.81e-09	0.000352	ACGGTGCAGCGCGA
19-ACGGTGCAGCGYGA	STREME-19	Chr5_12981902_12982002	31	44	+	26.2697	1.81e-09	0.000352	ACGGTGCAGCGCGA
19-ACGGTGCAGCGYGA	STREME-19	Chr15_10588108_10588208	38	51	+	26.2697	1.81e-09	0.000352	ACGGTGCAGCGCGA
19-ACGGTGCAGCGYGA	STREME-19	Chr13_3076200_3076300	27	40	-	26.2697	1.81e-09	0.000352	ACGGTGCAGCGCGA
19-ACGGTGCAGCGYGA	STREME-19	Chr14_4616272_4616372	60	73	+	26.2697	1.81e-09	0.000352	ACGGTGCAGCGCGA
19-ACGGTGCAGCGYGA	STREME-19	Chr11_14980252_14980352	58	71	-	26.2697	1.81e-09	0.000352	ACGGTGCAGCGCGA
19-ACGGTGCAGCGYGA	STREME-19	Chr12_2698466_2698566	83	96	-	26.2697	1.81e-09	0.000352	ACGGTGCAGCGCGA
19-ACGGTGCAGCGYGA	STREME-19	Chr2_10932246_10932346	87	100	-	26.2697	1.81e-09	0.000352	ACGGTGCAGCGCGA
19-ACGGTGCAGCGYGA	STREME-19	Chr14_3270305_3270405	2	15	+	25.6854	4.06e-09	0.000382	ACGGTGCAGCGTGA
19-ACGGTGCAGCGYGA	STREME-19	Chr10_26516185_26516285	3	16	+	25.6854	4.06e-09	0.000382	ACGGTGCAGCGTGA
19-ACGGTGCAGCGYGA	STREME-19	Chr7_2223045_2223145	9	22	+	25.6854	4.06e-09	0.000382	ACGGTGCAGCGTGA
19-ACGGTGCAGCGYGA	STREME-19	Chr2_12319097_12319197	30	43	-	25.6854	4.06e-09	0.000382	ACGGTGCAGCGTGA
19-ACGGTGCAGCGYGA	STREME-19	Chr15_23455589_23455689	66	79	+	25.6854	4.06e-09	0.000382	ACGGTGCAGCGTGA
19-ACGGTGCAGCGYGA	STREME-19	Chr10_26130501_26130601	55	68	-	25.6854	4.06e-09	0.000382	ACGGTGCAGCGTGA
19-ACGGTGCAGCGYGA	STREME-19	Chr9_8051079_8051179	71	84	-	25.6854	4.06e-09	0.000382	ACGGTGCAGCGTGA
19-ACGGTGCAGCGYGA	STREME-19	Chr5_31553947_31554047	77	90	-	25.6854	4.06e-09	0.000382	ACGGTGCAGCGTGA
19-ACGGTGCAGCGYGA	STREME-19	Chr8_22566843_22566943	85	98	-	25.6854	4.06e-09	0.000382	ACGGTGCAGCGTGA
19-ACGGTGCAGCGYGA	STREME-19	Chr14_21522961_21523061	15	28	+	24.6404	6.3e-09	0.000382	ACGGTGCAGCACGA
19-ACGGTGCAGCGYGA	STREME-19	Chr3_29240520_29240620	20	33	+	24.6404	6.3e-09	0.000382	ACGGTGCAGCACGA
19-ACGGTGCAGCGYGA	STREME-19	Chr12_1990993_1991093	21	34	+	24.6404	6.3e-09	0.000382	ACGGTGCAGCACGA
19-ACGGTGCAGCGYGA	STREME-19	Chr11_20282491_20282591	26	39	+	24.6404	6.3e-09	0.000382	ACGGTGCAGCACGA
19-ACGGTGCAGCGYGA	STREME-19	Chr1_969625_969725	41	54	+	24.6404	6.3e-09	0.000382	ACGGTGCAGCACGA
19-ACGGTGCAGCGYGA	STREME-19	Chr7_716072_716172	47	60	+	24.6404	6.3e-09	0.000382	ACGGTGCAGCACGA
19-ACGGTGCAGCGYGA	STREME-19	Chr2_27469842_27469942	63	76	+	24.6404	6.3e-09	0.000382	ACGGTGCAGCACGA
19-ACGGTGCAGCGYGA	STREME-19	Chr7_10364757_10364857	51	64	-	24.6404	6.3e-09	0.000382	ACGGTGCAGCACGA
19-ACGGTGCAGCGYGA	STREME-19	Chr6_1341997_1342097	67	80	+	24.6404	6.3e-09	0.000382	ACGGTGCAGCACGA
19-ACGGTGCAGCGYGA	STREME-19	Chr4_31463936_31464036	58	71	-	24.6404	6.3e-09	0.000382	ACGGTGCAGCACGA
19-ACGGTGCAGCGYGA	STREME-19	Chr3_29701169_29701269	64	77	-	24.6404	6.3e-09	0.000382	ACGGTGCAGCACGA
19-ACGGTGCAGCGYGA	STREME-19	Chr7_4870219_4870319	79	92	+	24.6404	6.3e-09	0.000382	ACGGTGCAGCACGA
19-ACGGTGCAGCGYGA	STREME-19	Chr7_7406434_7406534	81	94	+	24.6404	6.3e-09	0.000382	ACGGTGCAGCACGA
19-ACGGTGCAGCGYGA	STREME-19	Chr1_19756409_19756509	11	24	+	24.0562	9.08e-09	0.000534	ACGGTGCAGCATGA
19-ACGGTGCAGCGYGA	STREME-19	Chr9_6614176_6614276	33	46	+	23.9775	1.13e-08	0.000636	ACGGTGCAGCGCAA
19-ACGGTGCAGCGYGA	STREME-19	Chr5_28602736_28602836	19	32	+	23.3933	1.41e-08	0.000636	ACGGTGCAGCGTAA
19-ACGGTGCAGCGYGA	STREME-19	Chr11_7671874_7671974	27	40	+	23.3933	1.41e-08	0.000636	ACGGTGCAGCGTAA
19-ACGGTGCAGCGYGA	STREME-19	Chr14_15558165_15558265	31	44	+	23.3933	1.41e-08	0.000636	ACGGTGCAGCGTAA
19-ACGGTGCAGCGYGA	STREME-19	Chr1_27835436_27835536	36	49	+	23.3933	1.41e-08	0.000636	ACGGTGCAGCGTAA
19-ACGGTGCAGCGYGA	STREME-19	Chr3_7444813_7444913	42	55	+	23.3933	1.41e-08	0.000636	ACGGTGCAGCGTAA
19-ACGGTGCAGCGYGA	STREME-19	Chr7_18436120_18436220	43	56	-	23.3933	1.41e-08	0.000636	ACGGTGCAGCGTAA
19-ACGGTGCAGCGYGA	STREME-19	Chr12_6241072_6241172	79	92	+	23.3933	1.41e-08	0.000636	ACGGTGCAGCGTAA
19-ACGGTGCAGCGYGA	STREME-19	Chr1_43187273_43187373	79	92	+	23.3933	1.41e-08	0.000636	ACGGTGCAGCGTAA
19-ACGGTGCAGCGYGA	STREME-19	Chr9_11789538_11789638	74	87	-	23.3933	1.41e-08	0.000636	ACGGTGCAGCGTAA
19-ACGGTGCAGCGYGA	STREME-19	Chr2_5605823_5605923	48	61	-	22.8315	1.78e-08	0.000771	ACAGTGCAGCGCGA
19-ACGGTGCAGCGYGA	STREME-19	Chr8_24399351_24399451	62	75	+	22.809	2.01e-08	0.000771	ACGGTACAGCGCGA
19-ACGGTGCAGCGYGA	STREME-19	Chr8_9162968_9163068	85	98	-	22.809	2.01e-08	0.000771	ACGGTACAGCGCGA
19-ACGGTGCAGCGYGA	STREME-19	Chr6_19069048_19069148	6	19	+	22.7191	2.19e-08	0.000771	ACGGTGCCGCGTGA
19-ACGGTGCAGCGYGA	STREME-19	Chr2_14477215_14477315	10	23	+	22.7191	2.19e-08	0.000771	ACGGTGCCGCGTGA
19-ACGGTGCAGCGYGA	STREME-19	Chr15_20149342_20149442	15	28	+	22.7191	2.19e-08	0.000771	ACGGTGCCGCGTGA
19-ACGGTGCAGCGYGA	STREME-19	Chr6_13432637_13432737	36	49	+	22.7191	2.19e-08	0.000771	ACGGTGCCGCGTGA
19-ACGGTGCAGCGYGA	STREME-19	Chr11_12203427_12203527	38	51	-	22.7191	2.19e-08	0.000771	ACGGTGCCGCGTGA
19-ACGGTGCAGCGYGA	STREME-19	Chr9_3374535_3374635	49	62	-	22.7191	2.19e-08	0.000771	ACGGTGCCGCGTGA
19-ACGGTGCAGCGYGA	STREME-19	Chr12_4194470_4194570	73	86	+	22.7191	2.19e-08	0.000771	ACGGTGCCGCGTGA
19-ACGGTGCAGCGYGA	STREME-19	Chr1_28396178_28396278	66	79	-	22.7191	2.19e-08	0.000771	ACGGTGCCGCGTGA
19-ACGGTGCAGCGYGA	STREME-19	Chr3_6575755_6575855	79	92	-	22.7191	2.19e-08	0.000771	ACGGTGCCGCGTGA
19-ACGGTGCAGCGYGA	STREME-19	Chr8_9960022_9960122	30	43	-	22.5393	2.41e-08	0.000821	ACGGTGTAGCGCGA
19-ACGGTGCAGCGYGA	STREME-19	Chr1_38742361_38742461	83	96	-	22.5393	2.41e-08	0.000821	ACGGTGTAGCGCGA
19-ACGGTGCAGCGYGA	STREME-19	Chr7_9304002_9304102	6	19	+	22.4719	2.64e-08	0.000852	ATGGTGCAGCGCGA
19-ACGGTGCAGCGYGA	STREME-19	Chr4_33034704_33034804	70	83	-	22.4719	2.64e-08	0.000852	ATGGTGCAGCGCGA
19-ACGGTGCAGCGYGA	STREME-19	Chr9_9798537_9798637	73	86	-	22.4719	2.64e-08	0.000852	ATGGTGCAGCGCGA
19-ACGGTGCAGCGYGA	STREME-19	Chr10_13997212_13997312	27	40	+	22.3483	2.91e-08	0.000912	ACGGTGCAGCACAA
19-ACGGTGCAGCGYGA	STREME-19	Chr4_4755794_4755894	85	98	-	22.3483	2.91e-08	0.000912	ACGGTGCAGCACAA
19-ACGGTGCAGCGYGA	STREME-19	Chr1_25234486_25234586	53	66	+	22.2472	3.19e-08	0.000983	ACAGTGCAGCGTGA
19-ACGGTGCAGCGYGA	STREME-19	Chr2_12681133_12681233	64	77	-	22.2247	3.47e-08	0.00104	ACGGTACAGCGTGA
19-ACGGTGCAGCGYGA	STREME-19	Chr10_13656621_13656721	69	82	-	22.2247	3.47e-08	0.00104	ACGGTACAGCGTGA
19-ACGGTGCAGCGYGA	STREME-19	Chr2_18494564_18494664	5	18	+	22.0225	3.92e-08	0.0011	ACGGTGCAGTGCGA
19-ACGGTGCAGCGYGA	STREME-19	Chr2_9647370_9647470	17	30	+	22.0225	3.92e-08	0.0011	ACGGTGCAGTGCGA
19-ACGGTGCAGCGYGA	STREME-19	Chr13_11011227_11011327	32	45	+	22.0225	3.92e-08	0.0011	ACGATGCAGCGCGA
19-ACGGTGCAGCGYGA	STREME-19	Chr1_7258167_7258267	87	100	-	22.0225	3.92e-08	0.0011	ACGATGCAGCGCGA
19-ACGGTGCAGCGYGA	STREME-19	Chr5_13511340_13511440	43	56	+	21.9551	4.2e-08	0.00115	ACGGTGTAGCGTGA
19-ACGGTGCAGCGYGA	STREME-19	Chr8_37752_37852	54	67	-	21.9551	4.2e-08	0.00115	ACGGTGTAGCGTGA
19-ACGGTGCAGCGYGA	STREME-19	Chr9_13074826_13074926	20	33	+	21.8876	4.47e-08	0.00121	ATGGTGCAGCGTGA
19-ACGGTGCAGCGYGA	STREME-19	Chr2_15716988_15717088	69	82	-	21.764	4.82e-08	0.00128	ACGGTGCAGCATAA
19-ACGGTGCAGCGYGA	STREME-19	Chr5_2917075_2917175	61	74	-	21.7416	4.96e-08	0.00128	ACGGTGCGGCGCGA
19-ACGGTGCAGCGYGA	STREME-19	Chr1_37689223_37689323	73	86	-	21.7416	4.96e-08	0.00128	ACGGTGCGGCGCGA
19-ACGGTGCAGCGYGA	STREME-19	Chr1_21919116_21919216	35	48	+	21.4382	5.85e-08	0.00149	ACGATGCAGCGTGA
19-ACGGTGCAGCGYGA	STREME-19	Chr13_7692276_7692376	72	85	-	21.1798	6.58e-08	0.00164	ACGGTACAGCACGA
19-ACGGTGCAGCGYGA	STREME-19	Chr10_20566371_20566471	80	93	-	21.1798	6.58e-08	0.00164	ACGGTACAGCACGA
19-ACGGTGCAGCGYGA	STREME-19	Chr11_24363468_24363568	36	49	+	20.9101	7.63e-08	0.00183	ACGGTGTAGCACGA
19-ACGGTGCAGCGYGA	STREME-19	Chr10_20700216_20700316	58	71	-	20.9101	7.63e-08	0.00183	ACGGTGTAGCACGA
19-ACGGTGCAGCGYGA	STREME-19	Chr6_2030706_2030806	10	23	+	20.8427	7.91e-08	0.00183	ATGGTGCAGCACGA
19-ACGGTGCAGCGYGA	STREME-19	Chr7_19839554_19839654	10	23	+	20.8427	7.91e-08	0.00183	ATGGTGCAGCACGA
19-ACGGTGCAGCGYGA	STREME-19	Chr11_18070140_18070240	19	32	+	20.8427	7.91e-08	0.00183	ATGGTGCAGCACGA
19-ACGGTGCAGCGYGA	STREME-19	Chr13_12860367_12860467	85	98	-	20.8427	7.91e-08	0.00183	ATGGTGCAGCACGA
19-ACGGTGCAGCGYGA	STREME-19	Chr2_21826841_21826941	8	21	+	20.7528	8.13e-08	0.00186	ACGGTGCAGCGTGT
19-ACGGTGCAGCGYGA	STREME-19	Chr3_27465494_27465594	58	71	-	20.618	8.48e-08	0.00189	ACAGTGCAGCATGA
19-ACGGTGCAGCGYGA	STREME-19	Chr14_17023044_17023144	79	92	-	20.618	8.48e-08	0.00189	ACAGTGCAGCATGA
19-ACGGTGCAGCGYGA	STREME-19	Chr11_1969654_1969754	11	24	+	20.3933	1.02e-07	0.00221	ACGATGCAGCACGA
19-ACGGTGCAGCGYGA	STREME-19	Chr6_30175107_30175207	74	87	-	20.3933	1.02e-07	0.00221	ACGATGCAGCACGA
19-ACGGTGCAGCGYGA	STREME-19	Chr6_25910906_25911006	81	94	+	20.3258	1.05e-07	0.00226	ACGGTGTAGCATGA
19-ACGGTGCAGCGYGA	STREME-19	Chr9_9153042_9153142	30	43	+	20.2584	1.08e-07	0.00229	ATGGTGCAGCATGA
19-ACGGTGCAGCGYGA	STREME-19	Chr5_24641800_24641900	42	55	+	20.2584	1.08e-07	0.00229	ATGGTGCAGCATGA
19-ACGGTGCAGCGYGA	STREME-19	Chr8_6031178_6031278	77	90	-	20.1798	1.14e-07	0.00238	ATGGTGCAGCGCAA
19-ACGGTGCAGCGYGA	STREME-19	Chr7_10997773_10997873	55	68	-	19.7303	1.44e-07	0.00298	ACGATGCAGCGCAA
19-ACGGTGCAGCGYGA	STREME-19	Chr10_1336951_1337051	1	14	+	19.5506	1.57e-07	0.00321	AAGGTGCAGCGCGA
19-ACGGTGCAGCGYGA	STREME-19	Chr5_18061497_18061597	32	45	+	19.3483	1.72e-07	0.00334	ACGGTGCAGCGCAG
19-ACGGTGCAGCGYGA	STREME-19	Chr3_36177387_36177487	56	69	-	19.3483	1.72e-07	0.00334	ACGGTGCAGCGCAG
19-ACGGTGCAGCGYGA	STREME-19	Chr9_26738482_26738582	71	84	+	19.3483	1.72e-07	0.00334	ACGGTGCAGCGCAG
19-ACGGTGCAGCGYGA	STREME-19	Chr13_16863904_16864004	65	78	-	19.3483	1.72e-07	0.00334	ACGGTGCAGCGCAG
19-ACGGTGCAGCGYGA	STREME-19	Chr2_9925908_9926008	81	94	-	19.3483	1.72e-07	0.00334	ACGGTGCAGCGCAG
19-ACGGTGCAGCGYGA	STREME-19	Chr15_22633611_22633711	2	15	+	19.2921	1.75e-07	0.00335	ACCGTGCAGCGTGA
19-ACGGTGCAGCGYGA	STREME-19	Chr14_17399880_17399980	39	52	+	19.1461	1.88e-07	0.00358	TCGGTGCAGCGTGA
19-ACGGTGCAGCGYGA	STREME-19	Chr2_39344296_39344396	83	96	-	19.1011	1.94e-07	0.00365	ACAGTGTAGCGCGA
19-ACGGTGCAGCGYGA	STREME-19	Chr6_582599_582699	68	81	-	18.9101	2.19e-07	0.00408	ACAGTGCAGCACAA
19-ACGGTGCAGCGYGA	STREME-19	Chr7_24643314_24643414	87	100	-	18.7416	2.36e-07	0.00435	ATGGTGTAGCGCGA
19-ACGGTGCAGCGYGA	STREME-19	Chr6_3160499_3160599	17	30	+	18.5843	2.46e-07	0.0045	ACAGTGCAGTGCGA
19-ACGGTGCAGCGYGA	STREME-19	Chr12_7606368_7606468	81	94	-	18.5618	2.51e-07	0.00456	ACGGTACAGTGCGA
19-ACGGTGCAGCGYGA	STREME-19	Chr5_12712428_12712528	17	30	+	18.3034	2.88e-07	0.00512	ACAGTGCGGCGCGA
19-ACGGTGCAGCGYGA	STREME-19	Chr9_17195584_17195684	71	84	-	18.3034	2.88e-07	0.00512	ACGGTACAGCATAA
19-ACGGTGCAGCGYGA	STREME-19	Chr5_21688180_21688280	78	91	-	17.9775	3.45e-07	0.00608	ACGGTACAGTGTGA
19-ACGGTGCAGCGYGA	STREME-19	Chr5_16916658_16916758	34	47	-	17.8989	3.6e-07	0.00629	ACAGTGCAGCGCGT
19-ACGGTGCAGCGYGA	STREME-19	Chr4_12522186_12522286	8	21	+	17.7753	3.73e-07	0.00646	ACGATGCAGTGCGA
19-ACGGTGCAGCGYGA	STREME-19	Chr10_17818917_17819017	83	96	-	17.4494	4.43e-07	0.0076	ACGGTATAGCACGA
19-ACGGTGCAGCGYGA	STREME-19	Chr3_276936_277036	10	23	+	17.2921	4.84e-07	0.00824	ACGGTACAGCGTGT
19-ACGGTGCAGCGYGA	STREME-19	Chr3_28741907_28742007	75	88	-	16.9551	5.42e-07	0.00914	ACAGTGCAGTACGA
19-ACGGTGCAGCGYGA	STREME-19	Chr2_20515635_20515735	48	61	+	16.8876	5.59e-07	0.00934	ACAGTGTAGCATGA
19-ACGGTGCAGCGYGA	STREME-19	Chr1_45231450_45231550	59	72	-	16.6629	6.26e-07	0.0104	ACGATGTAGCACGA
19-ACGGTGCAGCGYGA	STREME-19	Chr5_22595840_22595940	84	97	-	15.3596	1.09e-06	0.0179	ACGGTGCAACGCGA
19-ACGGTGCAGCGYGA	STREME-19	Chr11_14457475_14457575	40	53	+	13.9888	1.86e-06	0.0304	ACAATGCCGCACGA
19-ACGGTGCAGCGYGA	STREME-19	Chr14_12511864_12511964	16	29	+	13.764	2.06e-06	0.0333	ACGGTGTGGTGCGA
19-ACGGTGCAGCGYGA	STREME-19	Chr9_1379645_1379745	17	30	-	13.2697	2.47e-06	0.0393	TCGATGCAGCATGA
19-ACGGTGCAGCGYGA	STREME-19	Chr7_2655161_2655261	65	78	+	13.2697	2.47e-06	0.0393	ACGGTGAAGCATGA
19-ACGGTGCAGCGYGA	STREME-19	Chr1_22992446_22992546	30	43	+	12.6629	3.04e-06	0.048	ATGGTGCCGCATGG
19-ACGGTGCAGCGYGA	STREME-19	Chr10_19790647_19790747	1	14	+	11.8652	4.1e-06	0.0636	ATGGGGCAGCGCGA
19-ACGGTGCAGCGYGA	STREME-19	Chr8_14417211_14417311	7	20	-	11.8652	4.1e-06	0.0636	ATGGGGCAGCGCGA
19-ACGGTGCAGCGYGA	STREME-19	Chr6_181943_182043	51	64	+	10.0562	7.9e-06	0.122	TTGATGCAGCACGA
19-ACGGTGCAGCGYGA	STREME-19	Chr2_20688297_20688397	87	100	-	10.0225	7.97e-06	0.122	CCAGTGCAGCATGA
19-ACGGTGCAGCGYGA	STREME-19	Chr4_22944164_22944264	33	46	+	9.93258	8.21e-06	0.124	ATGGTGCAACACGA
19-ACGGTGCAGCGYGA	STREME-19	Chr10_1994615_1994715	26	39	-	9.83146	8.42e-06	0.126	TCAATGCAGCATGA
19-ACGGTGCAGCGYGA	STREME-19	Chr8_19942581_19942681	64	77	-	9.83146	8.42e-06	0.126	TCAATGCAGCATGA
19-ACGGTGCAGCGYGA	STREME-19	Chr1_23582207_23582307	78	91	+	9.47191	9.61e-06	0.141	TTGATGCAGCATGA
19-ACGGTGCAGCGYGA	STREME-19	Chr5_3923089_3923189	70	83	-	9.47191	9.61e-06	0.141	TTGATGCAGCATGA
19-ACGGTGCAGCGYGA	STREME-19	Chr1_39002962_39003062	5	18	+	9.1573	1.05e-05	0.154	ACAATGCCGTATGA
19-ACGGTGCAGCGYGA	STREME-19	Chr8_10511911_10512011	4	17	+	8.82022	1.19e-05	0.173	ATGATATAGCATGA
19-ACGGTGCAGCGYGA	STREME-19	Chr8_6837588_6837688	16	29	-	8.46067	1.34e-05	0.192	TTGGTGCCGCATAA
19-ACGGTGCAGCGYGA	STREME-19	Chr13_7562638_7562738	2	15	+	8.40449	1.36e-05	0.193	ACTGTGCAGTGTAA
19-ACGGTGCAGCGYGA	STREME-19	Chr13_13694196_13694296	10	23	+	8.1236	1.49e-05	0.211	ATAGTGCAACGCGA
19-ACGGTGCAGCGYGA	STREME-19	Chr6_18515433_18515533	26	39	+	8.10112	1.5e-05	0.211	ATGGTACAACGCGA
19-ACGGTGCAGCGYGA	STREME-19	Chr1_35264080_35264180	58	71	+	7.79775	1.65e-05	0.227	ATGATGCAGCCCGA
19-ACGGTGCAGCGYGA	STREME-19	Chr2_19930762_19930862	6	19	-	7.68539	1.71e-05	0.227	TCGGTGCTGCACGA
19-ACGGTGCAGCGYGA	STREME-19	Chr2_19946858_19946958	12	25	-	7.68539	1.71e-05	0.227	TCGGTGCTGCACGA
19-ACGGTGCAGCGYGA	STREME-19	Chr7_12674107_12674207	30	43	-	7.68539	1.71e-05	0.227	TCGGTGCTGCACGA
19-ACGGTGCAGCGYGA	STREME-19	Chr7_12568934_12569034	64	77	-	7.68539	1.71e-05	0.227	TCGGTGCTGCACGA
19-ACGGTGCAGCGYGA	STREME-19	Chr7_12645249_12645349	76	89	-	7.68539	1.71e-05	0.227	TCGGTGCTGCACGA
19-ACGGTGCAGCGYGA	STREME-19	Chr7_12661300_12661400	77	90	-	7.68539	1.71e-05	0.227	TCGGTGCTGCACGA
19-ACGGTGCAGCGYGA	STREME-19	Chr7_12626485_12626585	79	92	-	7.68539	1.71e-05	0.227	TCGGTGCTGCACGA
19-ACGGTGCAGCGYGA	STREME-19	Chr2_28059118_28059218	77	90	+	7.51685	1.81e-05	0.238	TCGGTGCAGCACCA
19-ACGGTGCAGCGYGA	STREME-19	Chr14_23697225_23697325	4	17	-	7.40449	1.87e-05	0.246	GCAGTGCAGTGTGA
19-ACGGTGCAGCGYGA	STREME-19	Chr5_17556068_17556168	36	49	+	6.93258	2.18e-05	0.284	ACAGTGAGGCGTGA
19-ACGGTGCAGCGYGA	STREME-19	Chr9_11199533_11199633	50	63	-	6.8764	2.22e-05	0.287	ACCGTGAAGCATGA
19-ACGGTGCAGCGYGA	STREME-19	Chr6_181943_182043	9	22	+	6.79775	2.29e-05	0.292	ACGGTGTACTGTGA
19-ACGGTGCAGCGYGA	STREME-19	Chr1_6723918_6724018	83	96	-	6.79775	2.29e-05	0.292	ATTGTGCAGCGCGT
19-ACGGTGCAGCGYGA	STREME-19	Chr2_8378385_8378485	81	94	-	6.40449	2.58e-05	0.327	ATGGTGTAGCGGAA
19-ACGGTGCAGCGYGA	STREME-19	Chr4_6059405_6059505	86	99	+	6.16854	2.76e-05	0.348	ACAGTGGAGTACGA
19-ACGGTGCAGCGYGA	STREME-19	Chr10_24720902_24721002	15	28	-	6.10112	2.81e-05	0.352	ACAATGTAGTATAA
19-ACGGTGCAGCGYGA	STREME-19	Chr1_33622005_33622105	71	84	+	5.98876	2.92e-05	0.36	ACAGTGTAGGGCAA
19-ACGGTGCAGCGYGA	STREME-19	Chr7_16821113_16821213	81	94	-	5.98876	2.92e-05	0.36	ATGACGCAGCACGA
19-ACGGTGCAGCGYGA	STREME-19	Chr15_22918184_22918284	62	75	+	5.86517	3.03e-05	0.372	TCAGTGCAGCCCGA
19-ACGGTGCAGCGYGA	STREME-19	Chr3_22184302_22184402	5	18	+	5.78652	3.09e-05	0.377	ACAATGCAGCATCA
19-ACGGTGCAGCGYGA	STREME-19	Chr6_181943_182043	7	20	-	5.58427	3.26e-05	0.394	ACAGTACACCGTAA
19-ACGGTGCAGCGYGA	STREME-19	Chr11_14457475_14457575	30	43	+	5.49438	3.34e-05	0.394	AAAGTGTCGCACAA
19-ACGGTGCAGCGYGA	STREME-19	Chr13_8441069_8441169	4	17	+	5.48315	3.36e-05	0.394	TCAATGCAGCACGT
19-ACGGTGCAGCGYGA	STREME-19	Chr13_11986659_11986759	30	43	-	5.48315	3.36e-05	0.394	CCGGTGCCGCGCAT
19-ACGGTGCAGCGYGA	STREME-19	Chr2_29397521_29397621	83	96	+	5.48315	3.36e-05	0.394	GCGATGTAGCATGA
19-ACGGTGCAGCGYGA	STREME-19	Chr1_14331519_14331619	34	47	-	5.47191	3.37e-05	0.394	ATCGGGCAGCGCGA
19-ACGGTGCAGCGYGA	STREME-19	Chr10_24377610_24377710	50	63	+	5.47191	3.37e-05	0.394	ATCGGGCAGCGCGA
19-ACGGTGCAGCGYGA	STREME-19	Chr3_20246747_20246847	8	21	+	5.4382	3.4e-05	0.395	ACAGTGTGGCATAG
19-ACGGTGCAGCGYGA	STREME-19	Chr9_25276249_25276349	7	20	-	5.41573	3.42e-05	0.395	ATGGTGCAGTGCAC
19-ACGGTGCAGCGYGA	STREME-19	Chr2_22111022_22111122	31	44	+	5.11236	3.76e-05	0.427	ATGCTGCAGTGCAA
19-ACGGTGCAGCGYGA	STREME-19	Chr9_20471542_20471642	30	43	-	5.11236	3.76e-05	0.427	ATGCTGCAGTGCAA
19-ACGGTGCAGCGYGA	STREME-19	Chr2_26165281_26165381	52	65	-	5.11236	3.76e-05	0.427	ATGCTGCAGTGCAA
19-ACGGTGCAGCGYGA	STREME-19	Chr11_4344730_4344830	3	16	+	4.88764	4.03e-05	0.455	CCGGTGGAGCGCGA
19-ACGGTGCAGCGYGA	STREME-19	Chr13_15512059_15512159	2	15	-	4.77528	4.18e-05	0.458	ATGGTGTAGCAGAA
19-ACGGTGCAGCGYGA	STREME-19	Chr13_15482902_15483002	11	24	-	4.77528	4.18e-05	0.458	ATGGTGTAGCAGAA
19-ACGGTGCAGCGYGA	STREME-19	Chr4_29743876_29743976	33	46	+	4.77528	4.18e-05	0.458	ATGGTGTAGCAGAA
19-ACGGTGCAGCGYGA	STREME-19	Chr13_15637105_15637205	27	40	-	4.77528	4.18e-05	0.458	ATGGTGTAGCAGAA
19-ACGGTGCAGCGYGA	STREME-19	Chr4_306406_306506	86	99	+	4.77528	4.18e-05	0.458	ATGGTGTAGCAAAA
19-ACGGTGCAGCGYGA	STREME-19	Chr1_29165963_29166063	5	18	-	4.62921	4.38e-05	0.477	AAGGAGTAGCGTGA
19-ACGGTGCAGCGYGA	STREME-19	Chr1_14477217_14477317	61	74	+	4.53933	4.5e-05	0.486	TCAGTGCAGTGTAG
19-ACGGTGCAGCGYGA	STREME-19	Chr5_19545261_19545361	23	36	-	4.51685	4.53e-05	0.486	ACTGTGCAGCCTGA
19-ACGGTGCAGCGYGA	STREME-19	Chr9_11989839_11989939	30	43	-	4.51685	4.53e-05	0.486	ACTGTGCAGCCTGA
19-ACGGTGCAGCGYGA	STREME-19	Chr9_2004374_2004474	38	51	+	4.49438	4.57e-05	0.487	AGGGTGCTGCGTGA
19-ACGGTGCAGCGYGA	STREME-19	Chr10_10513531_10513631	49	62	+	4.46067	4.61e-05	0.487	ACGGCGTCGCATAA
19-ACGGTGCAGCGYGA	STREME-19	Chr1_21161741_21161841	13	26	-	4.4382	4.65e-05	0.487	ACCGAGCAGTGTGA
19-ACGGTGCAGCGYGA	STREME-19	Chr5_21254684_21254784	81	94	+	4.4382	4.65e-05	0.487	ACCGAGCAGTGTGA
19-ACGGTGCAGCGYGA	STREME-19	Chr3_6484021_6484121	24	37	-	4.40449	4.69e-05	0.49	ATAGTACAGCGTTA
19-ACGGTGCAGCGYGA	STREME-19	Chr14_16845588_16845688	1	14	+	4.38202	4.72e-05	0.49	ACGTTGCGGTGCAA
19-ACGGTGCAGCGYGA	STREME-19	Chr12_14657972_14658072	47	60	+	4.25843	4.9e-05	0.505	ATTGTGCCGCATAA
19-ACGGTGCAGCGYGA	STREME-19	Chr4_2186238_2186338	1	14	+	4.24719	4.92e-05	0.505	ACAATGCTGCACAA
19-ACGGTGCAGCGYGA	STREME-19	Chr10_12787946_12788046	48	61	+	4.03371	5.22e-05	0.518	GCGGTACCGCGTGG
19-ACGGTGCAGCGYGA	STREME-19	Chr3_34912172_34912272	43	56	-	3.98876	5.28e-05	0.518	TCGATGCAACGTGA
19-ACGGTGCAGCGYGA	STREME-19	Chr5_17556068_17556168	3	16	+	3.97753	5.29e-05	0.518	ACCGTGAGGCGTGA
19-ACGGTGCAGCGYGA	STREME-19	Chr3_34400031_34400131	46	59	+	3.97753	5.29e-05	0.518	ACCGTGAGGCGTGA
19-ACGGTGCAGCGYGA	STREME-19	Chr9_12289953_12290053	35	48	-	3.97753	5.29e-05	0.518	ACCGTGAGGCGTGA
19-ACGGTGCAGCGYGA	STREME-19	Chr11_11370546_11370646	42	55	-	3.97753	5.29e-05	0.518	ACCGTGAGGCGTGA
19-ACGGTGCAGCGYGA	STREME-19	Chr3_34400031_34400131	79	92	+	3.97753	5.29e-05	0.518	ACCGTGAGGCGTGA
19-ACGGTGCAGCGYGA	STREME-19	Chr9_12289953_12290053	68	81	-	3.97753	5.29e-05	0.518	ACCGTGAGGCGTGA
19-ACGGTGCAGCGYGA	STREME-19	Chr11_11370546_11370646	75	88	-	3.97753	5.29e-05	0.518	ACCGTGAGGCGTGA
19-ACGGTGCAGCGYGA	STREME-19	Chr2_13456163_13456263	57	70	-	3.86517	5.46e-05	0.532	TCGGAGCCGCGCAA
19-ACGGTGCAGCGYGA	STREME-19	Chr12_5122802_5122902	65	78	+	3.85393	5.49e-05	0.532	GTCGTGCAGCACGA
19-ACGGTGCAGCGYGA	STREME-19	Chr4_85845_85945	37	50	-	3.5618	5.95e-05	0.572	ACAATGCAGCATAC
19-ACGGTGCAGCGYGA	STREME-19	Chr15_10007566_10007666	87	100	-	3.5618	5.95e-05	0.572	ACAATGCAGCATAC
19-ACGGTGCAGCGYGA	STREME-19	Chr11_20409580_20409680	53	66	-	3.44944	6.12e-05	0.585	ACAGGGCGGTGCGA
19-ACGGTGCAGCGYGA	STREME-19	Chr5_5731108_5731208	55	68	-	3.39326	6.22e-05	0.591	AAAGTGCAGCCCAA
19-ACGGTGCAGCGYGA	STREME-19	Chr13_2578198_2578298	76	89	+	3.35955	6.27e-05	0.593	ACAGTGTATTGTGA
19-ACGGTGCAGCGYGA	STREME-19	Chr3_12721361_12721461	45	58	+	3.29213	6.39e-05	0.602	ACGGTCCAGCACCA
19-ACGGTGCAGCGYGA	STREME-19	Chr6_27582015_27582115	42	55	+	3.20225	6.56e-05	0.615	ATGGTGCAGTATAC
19-ACGGTGCAGCGYGA	STREME-19	Chr2_36423488_36423588	64	77	+	3.16854	6.62e-05	0.618	ACAATGCAACATAA
19-ACGGTGCAGCGYGA	STREME-19	Chr4_18665674_18665774	64	77	-	2.98876	6.99e-05	0.649	AAAGTGCAACATGA
19-ACGGTGCAGCGYGA	STREME-19	Chr1_30387506_30387606	54	67	+	2.96629	7.04e-05	0.649	ATAGTGTAGCGGAA
19-ACGGTGCAGCGYGA	STREME-19	Chr6_26816158_26816258	50	63	+	2.95506	7.06e-05	0.649	ACGGTGCAGCATTC
19-ACGGTGCAGCGYGA	STREME-19	Chr10_18916167_18916267	13	26	-	2.91011	7.15e-05	0.654	ACGGTGCATAACGA
19-ACGGTGCAGCGYGA	STREME-19	Chr10_1861092_1861192	36	49	-	2.88764	7.19e-05	0.655	ACAGTGAGGCGCGG
19-ACGGTGCAGCGYGA	STREME-19	Chr2_7213133_7213233	38	51	-	2.8427	7.28e-05	0.66	ATGATGGCGCACGA
19-ACGGTGCAGCGYGA	STREME-19	Chr6_17268360_17268460	5	18	+	2.80899	7.34e-05	0.662	ACTGTGCAGCCCAA
19-ACGGTGCAGCGYGA	STREME-19	Chr1_25812866_25812966	51	64	-	2.73034	7.5e-05	0.673	TTAATGCAGCGTGT
19-ACGGTGCAGCGYGA	STREME-19	Chr1_47583272_47583372	73	86	+	2.69663	7.56e-05	0.676	AAGGTGTATCATGA
19-ACGGTGCAGCGYGA	STREME-19	Chr3_13176508_13176608	57	70	-	2.66292	7.62e-05	0.679	ACGATAGGGCGTGA
19-ACGGTGCAGCGYGA	STREME-19	Chr1_35800859_35800959	18	31	-	2.62921	7.7e-05	0.682	TTGGTGCAGCTTAA
19-ACGGTGCAGCGYGA	STREME-19	Chr1_25107008_25107108	65	78	-	2.55056	7.88e-05	0.695	GCGGTGCATCATGA
19-ACGGTGCAGCGYGA	STREME-19	Chr1_41536161_41536261	15	28	-	2.52809	7.92e-05	0.696	ACGGTGTCGTATTA
19-ACGGTGCAGCGYGA	STREME-19	Chr12_6063599_6063699	22	35	-	2.39326	8.25e-05	0.711	AGGGTGCAGTACAT
19-ACGGTGCAGCGYGA	STREME-19	Chr12_22972205_22972305	4	17	+	2.38202	8.27e-05	0.711	ATGGTGCAATGCGT
19-ACGGTGCAGCGYGA	STREME-19	Chr1_17950943_17951043	9	22	-	2.37079	8.3e-05	0.711	ACGATGTGGTATGT
19-ACGGTGCAGCGYGA	STREME-19	Chr5_18625018_18625118	27	40	-	2.37079	8.3e-05	0.711	ACGATGTGGTATGT
19-ACGGTGCAGCGYGA	STREME-19	Chr8_20754008_20754108	51	64	-	2.37079	8.3e-05	0.711	ACGATGTGGTATGT
19-ACGGTGCAGCGYGA	STREME-19	Chr8_21377999_21378099	15	28	+	2.35955	8.32e-05	0.711	ACGGTGAAACATGA
19-ACGGTGCAGCGYGA	STREME-19	Chr10_15743537_15743637	66	79	-	2.30337	8.44e-05	0.715	TTAATGTAGCATGA
19-ACGGTGCAGCGYGA	STREME-19	Chr3_15424070_15424170	35	48	+	2.26966	8.53e-05	0.715	TTGGTGGAGCGTAA
19-ACGGTGCAGCGYGA	STREME-19	Chr1_43558975_43559075	77	90	-	2.26966	8.53e-05	0.715	ACGGCGCCGCCCGA
19-ACGGTGCAGCGYGA	STREME-19	Chr1_2891527_2891627	46	59	-	2.25843	8.55e-05	0.715	ACGATGCAACACAT
19-ACGGTGCAGCGYGA	STREME-19	Chr6_5555482_5555582	67	80	+	2.25843	8.55e-05	0.715	ACAATATAGCATAG
19-ACGGTGCAGCGYGA	STREME-19	Chr1_32033167_32033267	74	87	-	2.19101	8.69e-05	0.719	ATAGTGTAGGGCAA
19-ACGGTGCAGCGYGA	STREME-19	Chr3_1961886_1961986	84	97	-	2.1573	8.77e-05	0.719	TTGGTGTGGCGTGT
19-ACGGTGCAGCGYGA	STREME-19	Chr8_14608181_14608281	9	22	+	2.13483	8.82e-05	0.719	ACCGTGCAGGGCAG
19-ACGGTGCAGCGYGA	STREME-19	Chr2_36723285_36723385	20	33	+	2.13483	8.82e-05	0.719	ATGATACTGCATGA
19-ACGGTGCAGCGYGA	STREME-19	Chr5_25640189_25640289	50	63	-	2.13483	8.82e-05	0.719	ACCGTGCAGGGCAG
19-ACGGTGCAGCGYGA	STREME-19	Chr12_2236842_2236942	76	89	+	2.13483	8.82e-05	0.719	ACCGTGCAGGGCAG
19-ACGGTGCAGCGYGA	STREME-19	Chr10_27353029_27353129	40	53	-	2.04494	9.01e-05	0.732	TCAGTGTAGCGCGC
19-ACGGTGCAGCGYGA	STREME-19	Chr3_26123988_26124088	18	31	-	1.97753	9.17e-05	0.738	TCGGGGCAGCATGT
19-ACGGTGCAGCGYGA	STREME-19	Chr4_19685195_19685295	66	79	+	1.97753	9.17e-05	0.738	TCGGAGCAGCATGT
19-ACGGTGCAGCGYGA	STREME-19	Chr1_34963105_34963205	25	38	-	1.94382	9.26e-05	0.742	ATCATGTGGCACGA
19-ACGGTGCAGCGYGA	STREME-19	Chr6_18230743_18230843	78	91	-	1.91011	9.33e-05	0.745	ATGGTGCAGCGAGC
19-ACGGTGCAGCGYGA	STREME-19	Chr10_7662302_7662402	35	48	+	1.79775	9.62e-05	0.754	ATGATGCACCGTGT
19-ACGGTGCAGCGYGA	STREME-19	Chr6_10188559_10188659	10	23	-	1.78652	9.65e-05	0.754	TTAATGCAGTATGA
19-ACGGTGCAGCGYGA	STREME-19	Chr1_32867130_32867230	11	24	-	1.78652	9.65e-05	0.754	TTAATGCAGTATGA
19-ACGGTGCAGCGYGA	STREME-19	Chr5_10632374_10632474	51	64	-	1.78652	9.65e-05	0.754	TTAATGCAGTATGA
19-ACGGTGCAGCGYGA	STREME-19	Chr13_13491669_13491769	71	84	-	1.78652	9.65e-05	0.754	TTAATGCAGTATGA
19-ACGGTGCAGCGYGA	STREME-19	Chr12_24302013_24302113	42	55	+	1.77528	9.67e-05	0.754	TTGGTGTAGCTCGA
19-ACGGTGCAGCGYGA	STREME-19	Chr1_48451759_48451859	41	54	+	1.75281	9.73e-05	0.754	AACGTGCAGGGTGA
19-ACGGTGCAGCGYGA	STREME-19	Chr10_18653183_18653283	4	17	+	1.74157	9.76e-05	0.754	TCACTGTAGCGCGA

# FIMO (Find Individual Motif Occurrences): Version 5.5.1 compiled on Apr 10 2023 at 16:56:57
# The format of this file is described at https://meme-suite.org/meme/doc/fimo-output-format.html.
# fimo --parse-genomic-coord --verbosity 1 --oc LITCHI007109.meme_chip/fimo_out_19 --bgfile LITCHI007109.meme_chip/background --motif 19-ACGGTGCAGCGYGA LITCHI007109.meme_chip/streme_out/streme.xml LITCHI007109.meme_chip/LITCHI007109.peak.region.fa
