<?xml version="1.0" encoding="UTF-8" standalone="no"?>
<!-- Begin document body -->
<fimo version="5.5.1" release="Sun Jan 29 10:33:12 2023 -0800">
  xmlns:xsi="http://www.w3.org/2001/XMLSchema-instance"
  xsi:schemaLocation=  xmlns:fimo="http://noble.gs.washington.edu/schema/fimo"
>
<command-line>fimo --parse-genomic-coord --verbosity 1 --oc LITCHI007109.meme_chip/fimo_out_2 --bgfile LITCHI007109.meme_chip/background --motif CRCATTGATTGCWSG LITCHI007109.meme_chip/meme_out/meme.xml LITCHI007109.meme_chip/LITCHI007109.peak.region.fa</command-line>
<settings>
<setting name="output directory">LITCHI007109.meme_chip/fimo_out_2</setting>
<setting name="MEME file name">LITCHI007109.meme_chip/meme_out/meme.xml</setting>
<setting name="sequence file name">LITCHI007109.meme_chip/LITCHI007109.peak.region.fa</setting>
<setting name="background file name">LITCHI007109.meme_chip/background</setting>
<setting name="allow clobber">true</setting>
<setting name="compute q-values">true</setting>
<setting name="parse genomic coord.">true</setting>
<setting name="text only">false</setting>
<setting name="scan both strands">true</setting>
<setting name="output threshold">0.0001</setting>
<setting name="threshold type">p-value</setting>
<setting name="max stored scores">100000</setting>
<setting name="pseudocount">0.1</setting>
<setting name="verbosity">1</setting>
<setting name="selected motif">CRCATTGATTGCWSG</setting>
</settings>
<sequence-data num-sequences="11023" num-residues="1113323" />
<alphabet name="DNA" like="dna">
<letter id="A" symbol="A" complement="T" name="Adenine" colour="CC0000"/>
<letter id="C" symbol="C" complement="G" name="Cytosine" colour="0000CC"/>
<letter id="G" symbol="G" complement="C" name="Guanine" colour="FFB300"/>
<letter id="T" symbol="T" aliases="U" complement="A" name="Thymine" colour="008000"/>
<letter id="N" symbol="N" aliases="X." equals="ACGT" name="Any base"/>
<letter id="V" symbol="V" equals="ACG" name="Not T"/>
<letter id="H" symbol="H" equals="ACT" name="Not G"/>
<letter id="D" symbol="D" equals="AGT" name="Not C"/>
<letter id="B" symbol="B" equals="CGT" name="Not A"/>
<letter id="M" symbol="M" equals="AC" name="Amino"/>
<letter id="R" symbol="R" equals="AG" name="Purine"/>
<letter id="W" symbol="W" equals="AT" name="Weak"/>
<letter id="S" symbol="S" equals="CG" name="Strong"/>
<letter id="Y" symbol="Y" equals="CT" name="Pyrimidine"/>
<letter id="K" symbol="K" equals="GT" name="Keto"/>
</alphabet>
<motif name="GSRCCTACGTCCACG" alt="MEME-1" width="15" best-possible-match="GCACCTACGTCCACG"/>
<motif name="ACGTGGTTCGGYRAY" alt="MEME-2" width="15" best-possible-match="ACGTGGTTCGGCGAT"/>
<motif name="CRCATTGATTGCWSG" alt="MEME-3" width="15" best-possible-match="CACATTGATTGCACG"/>
<background source="LITCHI007109.meme_chip/background">
<value letter="A">0.277</value>
<value letter="C">0.223</value>
<value letter="G">0.223</value>
<value letter="T">0.277</value>
</background>
<cisml-file>cisml.xml</cisml-file>
</fimo>
