motif_id	motif_alt_id	sequence_name	start	stop	strand	score	p-value	q-value	matched_sequence
33-CGTGGCACGAGACGT	STREME-33	Chr5_21978642_21978742	14	28	+	28.3034	5.01e-10	3.85e-05	CGTGGCACGAGACGT
33-CGTGGCACGAGACGT	STREME-33	Chr13_7692276_7692376	1	15	-	28.3034	5.01e-10	3.85e-05	CGTGGCACGAGACGT
33-CGTGGCACGAGACGT	STREME-33	Chr3_28741907_28742007	5	19	-	28.3034	5.01e-10	3.85e-05	CGTGGCACGAGACGT
33-CGTGGCACGAGACGT	STREME-33	Chr14_17023044_17023144	9	23	-	28.3034	5.01e-10	3.85e-05	CGTGGCACGAGACGT
33-CGTGGCACGAGACGT	STREME-33	Chr3_18506812_18506912	30	44	+	28.3034	5.01e-10	3.85e-05	CGTGGCACGAGACGT
33-CGTGGCACGAGACGT	STREME-33	Chr11_13263826_13263926	21	35	-	28.3034	5.01e-10	3.85e-05	CGTGGCACGAGACGT
33-CGTGGCACGAGACGT	STREME-33	Chr8_17203577_17203677	24	38	-	28.3034	5.01e-10	3.85e-05	CGTGGCACGAGACGT
33-CGTGGCACGAGACGT	STREME-33	Chr9_10659074_10659174	26	40	-	28.3034	5.01e-10	3.85e-05	CGTGGCACGAGACGT
33-CGTGGCACGAGACGT	STREME-33	Chr11_22167942_22168042	41	55	+	28.3034	5.01e-10	3.85e-05	CGTGGCACGAGACGT
33-CGTGGCACGAGACGT	STREME-33	Chr8_9847382_9847482	27	41	-	28.3034	5.01e-10	3.85e-05	CGTGGCACGAGACGT
33-CGTGGCACGAGACGT	STREME-33	Chr4_18017294_18017394	44	58	+	28.3034	5.01e-10	3.85e-05	CGTGGCACGAGACGT
33-CGTGGCACGAGACGT	STREME-33	Chr1_21557923_21558023	45	59	+	28.3034	5.01e-10	3.85e-05	CGTGGCACGAGACGT
33-CGTGGCACGAGACGT	STREME-33	Chr14_12470033_12470133	47	61	+	28.3034	5.01e-10	3.85e-05	CGTGGCACGAGACGT
33-CGTGGCACGAGACGT	STREME-33	Chr12_1836819_1836919	33	47	-	28.3034	5.01e-10	3.85e-05	CGTGGCACGAGACGT
33-CGTGGCACGAGACGT	STREME-33	Chr7_28593920_28594020	34	48	-	28.3034	5.01e-10	3.85e-05	CGTGGCACGAGACGT
33-CGTGGCACGAGACGT	STREME-33	Chr13_16734946_16735046	36	50	-	28.3034	5.01e-10	3.85e-05	CGTGGCACGAGACGT
33-CGTGGCACGAGACGT	STREME-33	Chr8_28092896_28092996	53	67	+	28.3034	5.01e-10	3.85e-05	CGTGGCACGAGACGT
33-CGTGGCACGAGACGT	STREME-33	Chr12_8225842_8225942	58	72	+	28.3034	5.01e-10	3.85e-05	CGTGGCACGAGACGT
33-CGTGGCACGAGACGT	STREME-33	Chr9_5818590_5818690	62	76	+	28.3034	5.01e-10	3.85e-05	CGTGGCACGAGACGT
33-CGTGGCACGAGACGT	STREME-33	Chr1_25500549_25500649	49	63	-	28.3034	5.01e-10	3.85e-05	CGTGGCACGAGACGT
33-CGTGGCACGAGACGT	STREME-33	Chr2_34309876_34309976	55	69	-	28.3034	5.01e-10	3.85e-05	CGTGGCACGAGACGT
33-CGTGGCACGAGACGT	STREME-33	Chr11_13043085_13043185	62	76	-	28.3034	5.01e-10	3.85e-05	CGTGGCACGAGACGT
33-CGTGGCACGAGACGT	STREME-33	Chr1_32104138_32104238	64	78	-	28.3034	5.01e-10	3.85e-05	CGTGGCACGAGACGT
33-CGTGGCACGAGACGT	STREME-33	Chr13_13694196_13694296	79	93	+	28.3034	5.01e-10	3.85e-05	CGTGGCACGAGACGT
33-CGTGGCACGAGACGT	STREME-33	Chr14_21522961_21523061	84	98	+	28.3034	5.01e-10	3.85e-05	CGTGGCACGAGACGT
33-CGTGGCACGAGACGT	STREME-33	Chr2_10268203_10268303	10	24	+	26.7303	9.06e-10	6.21e-05	CGTGGCCCGAGACGT
33-CGTGGCACGAGACGT	STREME-33	Chr3_29868505_29868605	21	35	+	26.7303	9.06e-10	6.21e-05	CGTGGCCCGAGACGT
33-CGTGGCACGAGACGT	STREME-33	Chr1_41091521_41091621	36	50	-	26.7303	9.06e-10	6.21e-05	CGTGGCCCGAGACGT
33-CGTGGCACGAGACGT	STREME-33	Chr4_4755794_4755894	15	29	-	26.6517	1.31e-09	7.18e-05	CGTGGCACGAGGCGT
33-CGTGGCACGAGACGT	STREME-33	Chr4_32165899_32165999	52	66	+	26.6517	1.31e-09	7.18e-05	CGTGGCACGAGGCGT
33-CGTGGCACGAGACGT	STREME-33	Chr11_17740348_17740448	54	68	+	26.6517	1.31e-09	7.18e-05	CGTGGCACGAGGCGT
33-CGTGGCACGAGACGT	STREME-33	Chr12_7388141_7388241	46	60	-	26.6517	1.31e-09	7.18e-05	CGTGGCACGAGGCGT
33-CGTGGCACGAGACGT	STREME-33	Chr11_21679403_21679503	51	65	-	26.6517	1.31e-09	7.18e-05	CGTGGCACGAGGCGT
33-CGTGGCACGAGACGT	STREME-33	Chr8_10511911_10512011	73	87	+	26.6517	1.31e-09	7.18e-05	CGTGGCACGAGGCGT
33-CGTGGCACGAGACGT	STREME-33	Chr4_26912537_26912637	64	78	-	26.6517	1.31e-09	7.18e-05	CGTGGCACGAGGCGT
33-CGTGGCACGAGACGT	STREME-33	Chr12_15381481_15381581	21	35	-	26.2135	1.93e-09	9.04e-05	CGTGGCACGAGACAT
33-CGTGGCACGAGACGT	STREME-33	Chr11_9098382_9098482	29	43	-	26.2135	1.93e-09	9.04e-05	CGTGGCACGAGACAT
33-CGTGGCACGAGACGT	STREME-33	Chr5_22649610_22649710	45	59	-	26.2135	1.93e-09	9.04e-05	CGTGGCACGAGACAT
33-CGTGGCACGAGACGT	STREME-33	Chr15_3194251_3194351	52	66	-	26.2135	1.93e-09	9.04e-05	CGTGGCACGAGACAT
33-CGTGGCACGAGACGT	STREME-33	Chr1_40828069_40828169	67	81	+	26.2135	1.93e-09	9.04e-05	CGTGGCACGAGACAT
33-CGTGGCACGAGACGT	STREME-33	Chr6_10491658_10491758	75	89	-	26.2135	1.93e-09	9.04e-05	CGTGGCACGAGACAT
33-CGTGGCACGAGACGT	STREME-33	Chr1_6723918_6724018	13	27	-	25.427	2.55e-09	0.000109	CGTGACACGAGACGT
33-CGTGGCACGAGACGT	STREME-33	Chr3_36004041_36004141	24	38	-	25.427	2.55e-09	0.000109	CGTGACACGAGACGT
33-CGTGGCACGAGACGT	STREME-33	Chr10_22060403_22060503	40	54	+	25.427	2.55e-09	0.000109	CGTGACACGAGACGT
33-CGTGGCACGAGACGT	STREME-33	Chr10_7913962_7914062	58	72	+	25.427	2.55e-09	0.000109	CGTGACACGAGACGT
33-CGTGGCACGAGACGT	STREME-33	Chr2_15029257_15029357	68	82	+	25.3933	3.17e-09	0.000129	CGTGGCACGAGATGT
33-CGTGGCACGAGACGT	STREME-33	Chr7_19839554_19839654	79	93	+	25.3933	3.17e-09	0.000129	CGTGGCACGAGATGT
33-CGTGGCACGAGACGT	STREME-33	Chr14_12511864_12511964	85	99	+	24.8989	4.12e-09	0.000165	CGTGGCACAAGACGT
33-CGTGGCACGAGACGT	STREME-33	Chr6_30175107_30175207	4	18	-	24.6404	5.03e-09	0.000193	CGTGGCCCGAGACAT
33-CGTGGCACGAGACGT	STREME-33	Chr1_18619104_18619204	38	52	+	24.6404	5.03e-09	0.000193	CGTGGCCCGAGACAT
33-CGTGGCACGAGACGT	STREME-33	Chr6_6467535_6467635	32	46	-	24.5618	5.53e-09	0.000193	CGTGGCACGAGGCAT
33-CGTGGCACGAGACGT	STREME-33	Chr13_3593672_3593772	40	54	-	24.5618	5.53e-09	0.000193	CGTGGCACGAGGCAT
33-CGTGGCACGAGACGT	STREME-33	Chr13_3668414_3668514	44	58	-	24.5618	5.53e-09	0.000193	CGTGGCACGAGGCAT
33-CGTGGCACGAGACGT	STREME-33	Chr10_14272381_14272481	65	79	-	24.5618	5.53e-09	0.000193	CGTGGCACGAGGCAT
33-CGTGGCACGAGACGT	STREME-33	Chr14_18222877_18222977	82	96	+	24.5618	5.53e-09	0.000193	CGTGGCACGAGGCAT
33-CGTGGCACGAGACGT	STREME-33	Chr9_7395208_7395308	47	61	-	24.5281	6.15e-09	0.000211	CGTGGTACGAGACGT
33-CGTGGCACGAGACGT	STREME-33	Chr1_37792423_37792523	22	36	-	24.3933	7.27e-09	0.000236	CGTAGCACGAGACGT
33-CGTGGCACGAGACGT	STREME-33	Chr5_15151642_15151742	41	55	+	24.3933	7.27e-09	0.000236	CGTAGCACGAGACGT
33-CGTGGCACGAGACGT	STREME-33	Chr13_5213852_5213952	48	62	-	24.3933	7.27e-09	0.000236	CGTAGCACGAGACGT
33-CGTGGCACGAGACGT	STREME-33	Chr1_16154861_16154961	55	69	-	24.0674	7.89e-09	0.000248	CGTGGCACGAAACGT
33-CGTGGCACGAGACGT	STREME-33	Chr14_23491695_23491795	64	78	-	24.0674	7.89e-09	0.000248	CGTGGCACGAAACGT
33-CGTGGCACGAGACGT	STREME-33	Chr7_10942042_10942142	36	50	+	23.8202	8.89e-09	0.000271	CGTGGCCCGAGATGT
33-CGTGGCACGAGACGT	STREME-33	Chr7_13349273_13349373	37	51	+	23.8202	8.89e-09	0.000271	CGTGGCCCGAGATGT
33-CGTGGCACGAGACGT	STREME-33	Chr13_12860367_12860467	15	29	-	23.7753	9.4e-09	0.000277	CGTGACACGAGGCGT
33-CGTGGCACGAGACGT	STREME-33	Chr8_3562624_3562724	43	57	+	23.7753	9.4e-09	0.000277	CGTGACACGAGGCGT
33-CGTGGCACGAGACGT	STREME-33	Chr9_5018958_5019058	40	54	+	23.7191	1.03e-08	0.000299	CGTGGCACGAGACGG
33-CGTGGCACGAGACGT	STREME-33	Chr4_11268639_11268739	48	62	-	23.5955	1.13e-08	0.000324	CGTTGCACGAGACGT
33-CGTGGCACGAGACGT	STREME-33	Chr3_14953452_14953552	47	61	+	23.3371	1.21e-08	0.000341	CGTGACACGAGACAT
33-CGTGGCACGAGACGT	STREME-33	Chr12_11022608_11022708	66	80	+	23.3258	1.26e-08	0.00035	CGTGGCCCAAGACGT
33-CGTGGCACGAGACGT	STREME-33	Chr10_20566371_20566471	9	23	-	23.3034	1.34e-08	0.000366	CGTGGCACGAGATAT
33-CGTGGCACGAGACGT	STREME-33	Chr7_16821113_16821213	11	25	-	23.0337	1.58e-08	0.000426	TGTGGCACGAGACGT
33-CGTGGCACGAGACGT	STREME-33	Chr7_24643314_24643414	17	31	-	22.5618	2.1e-08	0.000559	CGTGGAACGAGACGT
33-CGTGGCACGAGACGT	STREME-33	Chr6_2030706_2030806	79	93	+	22.4382	2.36e-08	0.000621	CGTGGCATGAGACGT
33-CGTGGCACGAGACGT	STREME-33	Chr2_30659188_30659288	57	71	+	21.7978	3.35e-08	0.000868	CGTGGCACGAGATGC
33-CGTGGCACGAGACGT	STREME-33	Chr2_11297068_11297168	33	47	-	21.7303	3.47e-08	0.000888	CGTGGCCCGAGATAT
33-CGTGGCACGAGACGT	STREME-33	Chr15_14041387_14041487	42	56	-	21.618	3.9e-08	0.000972	CGTGGTACGAGATGT
33-CGTGGCACGAGACGT	STREME-33	Chr1_19756409_19756509	80	94	+	21.618	3.9e-08	0.000972	CGTGGTACGAGATGT
33-CGTGGCACGAGACGT	STREME-33	Chr5_425067_425167	37	51	+	21.6067	3.95e-08	0.000972	CGTGGCCCTAGACGT
33-CGTGGCACGAGACGT	STREME-33	Chr15_17230713_17230813	50	64	+	21.5618	4.08e-08	0.00099	CGTGACTCGAGACGT
33-CGTGGCACGAGACGT	STREME-33	Chr10_17818917_17819017	13	27	-	21.382	4.72e-08	0.00113	TGTGGCACGAGGCGT
33-CGTGGCACGAGACGT	STREME-33	Chr4_34053764_34053864	33	47	+	21.0449	5.4e-08	0.00128	CGTGGCCCGAGACAC
33-CGTGGCACGAGACGT	STREME-33	Chr14_21897147_21897247	55	69	+	20.7865	6.49e-08	0.00152	CGTGGTACGAGGCAT
33-CGTGGCACGAGACGT	STREME-33	Chr14_16141088_16141188	36	50	-	20.7303	6.6e-08	0.00152	CGTAGCCCGAGACAT
33-CGTGGCACGAGACGT	STREME-33	Chr9_13012309_13012409	26	40	-	20.4494	7.41e-08	0.00169	CGTGACCCAAGACGT
33-CGTGGCACGAGACGT	STREME-33	Chr11_17602633_17602733	47	61	-	20.2697	8.42e-08	0.00188	CGTGGCCCGAGACTT
33-CGTGGCACGAGACGT	STREME-33	Chr1_21588106_21588206	68	82	+	20.2584	8.46e-08	0.00188	CGTGACCCGAGACGC
33-CGTGGCACGAGACGT	STREME-33	Chr11_1969654_1969754	79	93	+	20.2247	8.55e-08	0.00188	CGTGGCCCGAGATGC
33-CGTGGCACGAGACGT	STREME-33	Chr14_12811741_12811841	59	73	+	19.5843	1.22e-07	0.00265	CGTGGCCCGAAATGT
33-CGTGGCACGAGACGT	STREME-33	Chr3_276936_277036	52	66	+	19.427	1.35e-07	0.00292	CGTAACACGAGACAT
33-CGTGGCACGAGACGT	STREME-33	Chr13_947074_947174	44	58	+	18.9213	1.74e-07	0.00371	CGTGACACGAGATGC
33-CGTGGCACGAGACGT	STREME-33	Chr3_19176990_19177090	5	19	+	18.6629	1.95e-07	0.00409	CGTGGTATGAGACGT
33-CGTGGCACGAGACGT	STREME-33	Chr14_21276967_21277067	30	44	+	18.6517	1.98e-07	0.00409	CGTGACTCGAGATGT
33-CGTGGCACGAGACGT	STREME-33	Chr8_21489982_21490082	33	47	-	18.6517	1.98e-07	0.00409	CGTGACTCGAGATGT
33-CGTGGCACGAGACGT	STREME-33	Chr6_3160499_3160599	86	100	+	18.1124	2.63e-07	0.00537	AGTGGCACAAGACGT
33-CGTGGCACGAGACGT	STREME-33	Chr8_20117744_20117844	25	39	-	18.0674	2.71e-07	0.00548	CGTAGCACGAAACAT
33-CGTGGCACGAGACGT	STREME-33	Chr11_9662262_9662362	58	72	+	17.8427	3.06e-07	0.00611	CGTGTCTCGAGACGT
33-CGTGGCACGAGACGT	STREME-33	Chr3_2646579_2646679	38	52	-	17.7865	3.17e-07	0.00627	CGTTGCCCGAAACGT
33-CGTGGCACGAGACGT	STREME-33	Chr3_21266729_21266829	60	74	+	17.7303	3.3e-07	0.00647	CATGGCACGAGGCAT
33-CGTGGCACGAGACGT	STREME-33	Chr5_19615519_19615619	9	23	+	17.4607	3.72e-07	0.0072	CGTGGCCTAAGACGT
33-CGTGGCACGAGACGT	STREME-33	Chr8_14274280_14274380	19	33	-	17.3258	3.97e-07	0.00753	CGTAGCCCAAGACAT
33-CGTGGCACGAGACGT	STREME-33	Chr14_10543040_10543140	51	65	+	17.3258	3.97e-07	0.00753	CGCGCCACGAGACGT
33-CGTGGCACGAGACGT	STREME-33	Chr13_8082962_8083062	43	57	+	16.5618	5.63e-07	0.0106	CGTGGTACAAGGTGT
33-CGTGGCACGAGACGT	STREME-33	Chr12_13286730_13286830	56	70	-	15.9888	7.47e-07	0.0139	CATAGCCCGAGACGT
33-CGTGGCACGAGACGT	STREME-33	Chr10_16448443_16448543	48	62	-	15.6629	8.69e-07	0.016	CGTTACACAAGGCGT
33-CGTGGCACGAGACGT	STREME-33	Chr4_12522186_12522286	77	91	+	15.4719	9.45e-07	0.0173	CATAGCACGAGACAT
33-CGTGGCACGAGACGT	STREME-33	Chr14_15529034_15529134	80	94	-	15.4382	9.56e-07	0.0173	CGTCGCCCGAGCCGT
33-CGTGGCACGAGACGT	STREME-33	Chr5_24276002_24276102	42	56	-	15.0225	1.14e-06	0.0204	CGTGTTACGAGATGT
33-CGTGGCACGAGACGT	STREME-33	Chr4_27137563_27137663	53	67	+	14.8202	1.26e-06	0.0223	CGTTGTACGAGATAT
33-CGTGGCACGAGACGT	STREME-33	Chr10_22806788_22806888	64	78	+	14.382	1.52e-06	0.0267	CGTGGTACAATACGT
33-CGTGGCACGAGACGT	STREME-33	Chr6_2738101_2738201	53	67	+	14.191	1.65e-06	0.0287	CGTTGACCGAGACAT
33-CGTGGCACGAGACGT	STREME-33	Chr11_24789816_24789916	41	55	+	14.1348	1.68e-06	0.0291	TGTGGTACTAGACGT
33-CGTGGCACGAGACGT	STREME-33	Chr6_2679888_2679988	14	28	-	13.5955	2.12e-06	0.0363	CATGACACGAGATAT
33-CGTGGCACGAGACGT	STREME-33	Chr1_45549593_45549693	59	73	-	13.4944	2.22e-06	0.0377	CGTTGCTCGAGGCGG
33-CGTGGCACGAGACGT	STREME-33	Chr15_9280350_9280450	64	78	-	13.3258	2.38e-06	0.04	CGTGGTTCGAGGCAC
33-CGTGGCACGAGACGT	STREME-33	Chr1_29645573_29645673	53	67	+	13.0899	2.62e-06	0.0437	CGCAGCCCAAGGCGT
33-CGTGGCACGAGACGT	STREME-33	Chr11_22032929_22033029	60	74	-	12.7753	2.97e-06	0.0491	CGAGGCCCAAGACGT
33-CGTGGCACGAGACGT	STREME-33	Chr9_9798537_9798637	3	17	-	12.7303	3.04e-06	0.0498	CATGACATGAGACGT
33-CGTGGCACGAGACGT	STREME-33	Chr10_17139889_17139989	19	33	-	12.5393	3.29e-06	0.0535	TATGGCCCGAGACAT
33-CGTGGCACGAGACGT	STREME-33	Chr5_22980583_22980683	43	57	-	12.2809	3.64e-06	0.0587	TGTGGGACGAGACGT
33-CGTGGCACGAGACGT	STREME-33	Chr1_45654994_45655094	46	60	+	11.7303	4.55e-06	0.0727	CGCGGACCGAGACGG
33-CGTGGCACGAGACGT	STREME-33	Chr5_15850309_15850409	45	59	-	11.6854	4.61e-06	0.0731	CGTTTCCCGAGGCAT
33-CGTGGCACGAGACGT	STREME-33	Chr11_10434307_10434407	43	57	+	11.3146	5.31e-06	0.0835	CACAGCCCGAGACGT
33-CGTGGCACGAGACGT	STREME-33	Chr3_18888230_18888330	26	40	+	11.2135	5.52e-06	0.0861	CGTCGCTCGAAACGC
33-CGTGGCACGAGACGT	STREME-33	Chr8_5774507_5774607	45	59	+	10.9663	6.13e-06	0.0948	CGTGAACCGAAATGT
33-CGTGGCACGAGACGT	STREME-33	Chr2_24216370_24216470	38	52	+	10.8202	6.47e-06	0.0992	CGTTGCACGAGAAAT
33-CGTGGCACGAGACGT	STREME-33	Chr9_9971709_9971809	42	56	-	10.7753	6.58e-06	0.1	CGTGTCCCTAAACGT
33-CGTGGCACGAGACGT	STREME-33	Chr15_18570169_18570269	11	25	-	10.7079	6.74e-06	0.102	CGTGATCCGAGATTT
33-CGTGGCACGAGACGT	STREME-33	Chr7_13185828_13185928	55	69	-	10.6067	7.03e-06	0.105	CGAGGCACAAGGCAT
33-CGTGGCACGAGACGT	STREME-33	Chr4_11400252_11400352	53	67	-	10.3146	7.8e-06	0.116	CGCAGCCCGAAACGC
33-CGTGGCACGAGACGT	STREME-33	Chr3_32102965_32103065	54	68	-	10.0674	8.58e-06	0.127	CGTCGGACGAGACAT
33-CGTGGCACGAGACGT	STREME-33	Chr3_34152518_34152618	48	62	-	9.77528	9.53e-06	0.14	CGTCGCCCAAGGTGC
33-CGTGGCACGAGACGT	STREME-33	Chr14_23976130_23976230	58	72	+	9.60674	1.02e-05	0.148	CGCGGTACGAGGTAC
33-CGTGGCACGAGACGT	STREME-33	Chr2_24424376_24424476	33	47	-	9.47191	1.06e-05	0.152	CGTTGCCCAAGGTGG
33-CGTGGCACGAGACGT	STREME-33	Chr11_6079304_6079404	60	74	+	9.46067	1.07e-05	0.152	CGTTAATCGAGGCGT
33-CGTGGCACGAGACGT	STREME-33	Chr6_6513535_6513635	71	85	+	9.46067	1.07e-05	0.152	CGTTAATCGAGGCGT
33-CGTGGCACGAGACGT	STREME-33	Chr10_11817046_11817146	25	39	+	9.39326	1.1e-05	0.153	CGTGGTACGAACTAT
33-CGTGGCACGAGACGT	STREME-33	Chr1_6912011_6912111	40	54	+	9.39326	1.1e-05	0.153	CGTTGCACGAGGCAA
33-CGTGGCACGAGACGT	STREME-33	Chr4_20817579_20817679	86	100	-	9.35955	1.11e-05	0.154	CGTGACCCTAGATTT
33-CGTGGCACGAGACGT	STREME-33	Chr5_20655534_20655634	49	63	-	9.31461	1.13e-05	0.156	TGTGACCTAAGACGT
33-CGTGGCACGAGACGT	STREME-33	Chr10_17432680_17432780	20	34	-	9.1236	1.21e-05	0.165	CGCAGCACGGGACGT
33-CGTGGCACGAGACGT	STREME-33	Chr1_48375105_48375205	6	20	+	9.07865	1.23e-05	0.167	CGTCGTACGAGACTC
33-CGTGGCACGAGACGT	STREME-33	Chr6_25910906_25911006	85	99	+	9.02247	1.25e-05	0.168	TGTAGCATGAAACGT
33-CGTGGCACGAGACGT	STREME-33	Chr7_12738011_12738111	7	21	+	8.94382	1.29e-05	0.168	CATAAAACGAGACGT
33-CGTGGCACGAGACGT	STREME-33	Chr10_25499709_25499809	35	49	+	8.94382	1.29e-05	0.168	CATAAAACGAGACGT
33-CGTGGCACGAGACGT	STREME-33	Chr9_14807608_14807708	55	69	+	8.94382	1.29e-05	0.168	CATAAAACGAGACGT
33-CGTGGCACGAGACGT	STREME-33	Chr2_7836895_7836995	19	33	+	8.8764	1.33e-05	0.168	CGGAACACGAGACAT
33-CGTGGCACGAGACGT	STREME-33	Chr5_17380066_17380166	15	29	-	8.8764	1.33e-05	0.168	CGGAACACGAGACAT
33-CGTGGCACGAGACGT	STREME-33	Chr5_11401746_11401846	34	48	-	8.8764	1.33e-05	0.168	CGGAACACGAGACAT
33-CGTGGCACGAGACGT	STREME-33	Chr6_21992445_21992545	51	65	+	8.8764	1.33e-05	0.168	CGGAACACGAGACAT
33-CGTGGCACGAGACGT	STREME-33	Chr7_7892050_7892150	49	63	-	8.8764	1.33e-05	0.168	CGGAACACGAGACAT
33-CGTGGCACGAGACGT	STREME-33	Chr6_16173399_16173499	48	62	+	8.80899	1.36e-05	0.168	CGTTGTTCAAGGCAT
33-CGTGGCACGAGACGT	STREME-33	Chr3_27042964_27043064	42	56	+	8.78652	1.37e-05	0.168	CGTCGCCCAAGGTGG
33-CGTGGCACGAGACGT	STREME-33	Chr10_12408167_12408267	48	62	+	8.78652	1.37e-05	0.168	CGTCGCCCAAGGTGG
33-CGTGGCACGAGACGT	STREME-33	Chr15_12355199_12355299	56	70	+	8.78652	1.37e-05	0.168	CGTCGCCCAAGGTGG
33-CGTGGCACGAGACGT	STREME-33	Chr10_5834037_5834137	47	61	-	8.78652	1.37e-05	0.168	CGTCGCCCAAGGTGG
33-CGTGGCACGAGACGT	STREME-33	Chr1_35555571_35555671	71	85	+	8.78652	1.37e-05	0.168	CGTCGCCCAAGGTGG
33-CGTGGCACGAGACGT	STREME-33	Chr8_17672443_17672543	3	17	-	8.30337	1.61e-05	0.197	CGTATCACGAGCCGC
33-CGTGGCACGAGACGT	STREME-33	Chr13_23226132_23226232	56	70	+	8.26966	1.63e-05	0.198	TGTTGCACAAGGTAT
33-CGTGGCACGAGACGT	STREME-33	Chr6_2139629_2139729	53	67	-	8.22472	1.66e-05	0.2	CACTGCTCGAGACGT
33-CGTGGCACGAGACGT	STREME-33	Chr6_6722885_6722985	50	64	+	8.20225	1.67e-05	0.201	CGTTAATCGAGATGT
33-CGTGGCACGAGACGT	STREME-33	Chr12_18724533_18724633	28	42	-	8.17978	1.69e-05	0.201	CGTTCCTCGAGGCGC
33-CGTGGCACGAGACGT	STREME-33	Chr3_6618341_6618441	54	68	+	8.1236	1.72e-05	0.204	CGTACCCCGATGCGT
33-CGTGGCACGAGACGT	STREME-33	Chr9_20788864_20788964	33	47	+	8.04494	1.77e-05	0.209	CATGACACAAAATGT
33-CGTGGCACGAGACGT	STREME-33	Chr4_20291245_20291345	29	43	+	7.88764	1.87e-05	0.213	CGTGGTTCGAGAAAT
33-CGTGGCACGAGACGT	STREME-33	Chr6_9211414_9211514	29	43	+	7.88764	1.87e-05	0.213	CGTGGTTCGAGAAAT
33-CGTGGCACGAGACGT	STREME-33	Chr9_26987144_26987244	39	53	+	7.88764	1.87e-05	0.213	CGTGGTTCGAGAAAT
33-CGTGGCACGAGACGT	STREME-33	Chr5_24549212_24549312	47	61	-	7.88764	1.87e-05	0.213	CGTGGTTCGAGAAAT
33-CGTGGCACGAGACGT	STREME-33	Chr10_4776348_4776448	48	62	-	7.88764	1.87e-05	0.213	CGTGGTTCGAGAAAT
33-CGTGGCACGAGACGT	STREME-33	Chr6_1726163_1726263	28	42	+	7.85393	1.89e-05	0.215	CGTGAATCAAGGTGT
33-CGTGGCACGAGACGT	STREME-33	Chr5_9654629_9654729	2	16	-	7.79775	1.93e-05	0.217	CGTAGCCCGAGGTGA
33-CGTGGCACGAGACGT	STREME-33	Chr9_28128461_28128561	40	54	+	7.74157	1.96e-05	0.218	CGAAACCCGAGGCGT
33-CGTGGCACGAGACGT	STREME-33	Chr5_28602736_28602836	28	42	+	7.66292	2.02e-05	0.218	CGTAAAACGAGGCTT
33-CGTGGCACGAGACGT	STREME-33	Chr11_7671874_7671974	36	50	+	7.66292	2.02e-05	0.218	CGTAAAACGAGGCTT
33-CGTGGCACGAGACGT	STREME-33	Chr1_27835436_27835536	45	59	+	7.66292	2.02e-05	0.218	CGTAAAACGAGGCTT
33-CGTGGCACGAGACGT	STREME-33	Chr7_18436120_18436220	33	47	-	7.66292	2.02e-05	0.218	CGTAAAACGAGGCTT
33-CGTGGCACGAGACGT	STREME-33	Chr3_7444813_7444913	51	65	+	7.66292	2.02e-05	0.218	CGTAAAACGAGGCTT
33-CGTGGCACGAGACGT	STREME-33	Chr9_11789538_11789638	64	78	-	7.66292	2.02e-05	0.218	CGTAAAACGAGGCTT
33-CGTGGCACGAGACGT	STREME-33	Chr1_24352894_24352994	80	94	-	7.66292	2.02e-05	0.218	CGTAAAACGAGGCTT
33-CGTGGCACGAGACGT	STREME-33	Chr2_34309876_34309976	10	24	+	7.49438	2.14e-05	0.229	CGTGACACGTGGCAC
33-CGTGGCACGAGACGT	STREME-33	Chr12_2926943_2927043	25	39	-	7.37079	2.24e-05	0.238	CGTTAATCGAGGCAT
33-CGTGGCACGAGACGT	STREME-33	Chr8_1541422_1541522	48	62	+	7.29213	2.3e-05	0.243	CGCTGCCCGAGACTC
33-CGTGGCACGAGACGT	STREME-33	Chr12_8441044_8441144	60	74	+	7.2809	2.31e-05	0.243	TGTGGCACAAAGCTT
33-CGTGGCACGAGACGT	STREME-33	Chr3_4303496_4303596	50	64	-	7.20225	2.37e-05	0.249	CATGGCCCGAGGCTG
33-CGTGGCACGAGACGT	STREME-33	Chr1_30465665_30465765	38	52	-	7.14607	2.42e-05	0.251	CACAGAACGAGACGT
33-CGTGGCACGAGACGT	STREME-33	Chr1_10905094_10905194	53	67	+	7.14607	2.42e-05	0.251	CACAGAACGAGACGT
33-CGTGGCACGAGACGT	STREME-33	Chr11_1779168_1779268	30	44	-	7.1236	2.44e-05	0.251	CATAGCCCTAGGCAT
33-CGTGGCACGAGACGT	STREME-33	Chr11_12355604_12355704	18	32	+	7.11236	2.45e-05	0.251	AGTGCCTCGAAACGT
33-CGTGGCACGAGACGT	STREME-33	Chr3_22858438_22858538	24	38	-	6.94382	2.59e-05	0.263	TGTGGCACATGACAT
33-CGTGGCACGAGACGT	STREME-33	Chr1_23801108_23801208	65	79	+	6.94382	2.59e-05	0.263	CGCTGCTCGAGGCTT
33-CGTGGCACGAGACGT	STREME-33	Chr9_20022210_20022310	5	19	+	6.91011	2.62e-05	0.263	TGTGACACGATATGC
33-CGTGGCACGAGACGT	STREME-33	Chr5_9018392_9018492	33	47	-	6.91011	2.62e-05	0.263	TGTGACACGATATGC
33-CGTGGCACGAGACGT	STREME-33	Chr1_45991626_45991726	7	21	-	6.88764	2.64e-05	0.264	TGTAACTCAAGACAT
33-CGTGGCACGAGACGT	STREME-33	Chr7_30183155_30183255	72	86	+	6.8427	2.68e-05	0.267	AGTGGCATGAGCTGT
33-CGTGGCACGAGACGT	STREME-33	Chr11_20969987_20970087	18	32	-	6.82022	2.7e-05	0.267	CGTGTCTCGAGGTTT
33-CGTGGCACGAGACGT	STREME-33	Chr2_24216370_24216470	32	46	-	6.76404	2.76e-05	0.271	CGTGCAACGAGCCGC
33-CGTGGCACGAGACGT	STREME-33	Chr7_9679122_9679222	38	52	+	6.74157	2.78e-05	0.272	CGCTGTACAAGATAT
33-CGTGGCACGAGACGT	STREME-33	Chr9_16681592_16681692	54	68	+	6.67416	2.84e-05	0.277	CGCAGCACGAACTGT
33-CGTGGCACGAGACGT	STREME-33	Chr6_6542143_6542243	43	57	+	6.55056	2.96e-05	0.286	CGTTAATCGAGGTGT
33-CGTGGCACGAGACGT	STREME-33	Chr3_16375945_16376045	21	35	+	6.50562	3e-05	0.289	CGTGGTACAAGGTTC
33-CGTGGCACGAGACGT	STREME-33	Chr12_1537738_1537838	86	100	+	6.41573	3.09e-05	0.296	CATGACATAAGATGT
33-CGTGGCACGAGACGT	STREME-33	Chr14_8844527_8844627	58	72	+	6.20225	3.31e-05	0.316	AGTGTCCCAAGGCAT
33-CGTGGCACGAGACGT	STREME-33	Chr15_9951626_9951726	75	89	+	6.10112	3.42e-05	0.325	CGTGACATAAGACTC
33-CGTGGCACGAGACGT	STREME-33	Chr9_21595211_21595311	54	68	+	6.03371	3.5e-05	0.33	CGTTCATCGAGGCGT
33-CGTGGCACGAGACGT	STREME-33	Chr3_23015734_23015834	85	99	+	6.02247	3.51e-05	0.33	CGTTGCCATAGACGT
33-CGTGGCACGAGACGT	STREME-33	Chr4_30691051_30691151	69	83	-	6.01124	3.53e-05	0.33	CGTTGATCGAAGCAT
33-CGTGGCACGAGACGT	STREME-33	Chr15_21798562_21798662	26	40	-	5.94382	3.61e-05	0.335	CGCGGCACTAAGCAG
33-CGTGGCACGAGACGT	STREME-33	Chr11_13401817_13401917	18	32	+	5.93258	3.62e-05	0.335	CCTTGCTCGAGATGT
33-CGTGGCACGAGACGT	STREME-33	Chr10_16143950_16144050	39	53	-	5.91011	3.65e-05	0.337	CGTCACCCAAGGTGG
33-CGTGGCACGAGACGT	STREME-33	Chr7_15070271_15070371	3	17	+	5.86517	3.71e-05	0.34	CGCAGAACGAGGCTT
33-CGTGGCACGAGACGT	STREME-33	Chr10_13606343_13606443	23	37	+	5.77528	3.81e-05	0.348	TGCTACACGAGATAT
33-CGTGGCACGAGACGT	STREME-33	Chr10_22226418_22226518	35	49	-	5.74157	3.85e-05	0.35	CGTGAATCAAGACAG
33-CGTGGCACGAGACGT	STREME-33	Chr1_45288571_45288671	77	91	+	5.64045	3.98e-05	0.359	CGCTGCCCGAGGCTC
33-CGTGGCACGAGACGT	STREME-33	Chr9_29785915_29786015	78	92	-	5.64045	3.98e-05	0.359	CATGACACTAAACGC
33-CGTGGCACGAGACGT	STREME-33	Chr9_2845983_2846083	36	50	+	5.48315	4.19e-05	0.376	CGCAACTCGAGATGG
33-CGTGGCACGAGACGT	STREME-33	Chr6_31562497_31562597	3	17	-	5.41573	4.29e-05	0.382	TGGGGCCCAAGACAT
33-CGTGGCACGAGACGT	STREME-33	Chr6_13239172_13239272	58	72	+	5.39326	4.32e-05	0.383	CGTATCACGAGCTGC
33-CGTGGCACGAGACGT	STREME-33	Chr13_4524612_4524712	30	44	-	5.33708	4.39e-05	0.388	CGTGTCAGAAGACAT
33-CGTGGCACGAGACGT	STREME-33	Chr13_20640760_20640860	45	59	-	5.29213	4.46e-05	0.388	CGTGAAACGACACGC
33-CGTGGCACGAGACGT	STREME-33	Chr3_17040520_17040620	18	32	+	5.2809	4.47e-05	0.388	CGTAACACAAAATAC
33-CGTGGCACGAGACGT	STREME-33	Chr1_30081947_30082047	6	20	-	5.26966	4.49e-05	0.388	CGTGACCCGTGCCAT
33-CGTGGCACGAGACGT	STREME-33	Chr15_3337279_3337379	42	56	-	5.26966	4.49e-05	0.388	CGTGACCCGTGCCAT
33-CGTGGCACGAGACGT	STREME-33	Chr13_18108673_18108773	57	71	+	5.26966	4.49e-05	0.388	CGTGACCCGTGCCAT
33-CGTGGCACGAGACGT	STREME-33	Chr3_10438590_10438690	58	72	-	5.21348	4.57e-05	0.393	CATGGATCGAGGTAT
33-CGTGGCACGAGACGT	STREME-33	Chr3_7481883_7481983	43	57	+	5.20225	4.59e-05	0.393	CATAAAACGAGGCAT
33-CGTGGCACGAGACGT	STREME-33	Chr6_16419289_16419389	45	59	+	5.1236	4.71e-05	0.402	CGTTTTTCGAAACGT
33-CGTGGCACGAGACGT	STREME-33	Chr10_9555599_9555699	21	35	-	5.01124	4.89e-05	0.415	CGTCGTCCAAGGTGG
33-CGTGGCACGAGACGT	STREME-33	Chr10_11817046_11817146	19	33	-	4.93258	5e-05	0.421	CGTACCACGAGTTGT
33-CGTGGCACGAGACGT	STREME-33	Chr7_13185828_13185928	62	76	-	4.93258	5e-05	0.421	CGGAGCCCGAGGCAC
33-CGTGGCACGAGACGT	STREME-33	Chr12_21379367_21379467	37	51	-	4.91011	5.04e-05	0.422	CGCAGCCCTAGGCTT
33-CGTGGCACGAGACGT	STREME-33	Chr6_14171528_14171628	36	50	-	4.88764	5.07e-05	0.423	CGAGGTACAAGACAC
33-CGTGGCACGAGACGT	STREME-33	Chr2_14306376_14306476	50	64	+	4.86517	5.11e-05	0.424	CGTGTCCCGAGAAGG
33-CGTGGCACGAGACGT	STREME-33	Chr15_2552861_2552961	60	74	+	4.80899	5.2e-05	0.43	CGTGGATCAATGCAT
33-CGTGGCACGAGACGT	STREME-33	Chr9_18130106_18130206	17	31	+	4.77528	5.26e-05	0.431	GGTGGTCCGAGGCAC
33-CGTGGCACGAGACGT	STREME-33	Chr7_3560522_3560622	52	66	-	4.77528	5.26e-05	0.431	CGTCGCATTAAATGT
33-CGTGGCACGAGACGT	STREME-33	Chr3_27874469_27874569	59	73	+	4.74157	5.31e-05	0.434	CGAGGCATGAAATGT
33-CGTGGCACGAGACGT	STREME-33	Chr8_26744790_26744890	5	19	+	4.68539	5.41e-05	0.44	CGTGGAAAAAGACGC
33-CGTGGCACGAGACGT	STREME-33	Chr2_10248265_10248365	15	29	+	4.58427	5.58e-05	0.452	CGTACCACGTGATGT
33-CGTGGCACGAGACGT	STREME-33	Chr13_13819531_13819631	86	100	+	4.50562	5.72e-05	0.461	CGTAACACAAAATTT
33-CGTGGCACGAGACGT	STREME-33	Chr5_24276002_24276102	48	62	+	4.46067	5.8e-05	0.463	CGTAACACGTGACTT
33-CGTGGCACGAGACGT	STREME-33	Chr1_19612126_19612226	45	59	+	4.4382	5.84e-05	0.463	CGTTGTTCAAGGCTT
33-CGTGGCACGAGACGT	STREME-33	Chr8_1722895_1722995	57	71	+	4.4382	5.84e-05	0.463	CGTTGTTCAAGGCTT
33-CGTGGCACGAGACGT	STREME-33	Chr1_18993924_18994024	54	68	-	4.4382	5.84e-05	0.463	CGTTGTTCAAGGCTT
33-CGTGGCACGAGACGT	STREME-33	Chr13_20528942_20529042	68	82	+	4.38202	5.94e-05	0.469	CGCAACCCGAAGTAT
33-CGTGGCACGAGACGT	STREME-33	Chr14_20465447_20465547	43	57	+	4.37079	5.96e-05	0.469	CGCAACCCAAGATGG
33-CGTGGCACGAGACGT	STREME-33	Chr2_25700720_25700820	26	40	-	4.26966	6.17e-05	0.479	CATGATACAAAATGT
33-CGTGGCACGAGACGT	STREME-33	Chr14_17786538_17786638	38	52	-	4.26966	6.17e-05	0.479	CACAAAACGAGACGT
33-CGTGGCACGAGACGT	STREME-33	Chr6_13796111_13796211	45	59	-	4.24719	6.21e-05	0.479	CGAGGCACGTGATGT
33-CGTGGCACGAGACGT	STREME-33	Chr9_7452344_7452444	60	74	-	4.22472	6.25e-05	0.479	CGTAGAACGAGGGAT
33-CGTGGCACGAGACGT	STREME-33	Chr11_20282491_20282591	30	44	+	4.20225	6.29e-05	0.479	TGCAGCACGAGGTAC
33-CGTGGCACGAGACGT	STREME-33	Chr7_716072_716172	51	65	+	4.20225	6.29e-05	0.479	TGCAGCACGAGGTAC
33-CGTGGCACGAGACGT	STREME-33	Chr7_7406434_7406534	85	99	+	4.20225	6.29e-05	0.479	TGCAGCACGAGGTAC
33-CGTGGCACGAGACGT	STREME-33	Chr12_16993882_16993982	74	88	-	4.20225	6.29e-05	0.479	CGTAGAACAAGACTG
33-CGTGGCACGAGACGT	STREME-33	Chr5_4820650_4820750	25	39	+	4.14607	6.4e-05	0.485	TGTGGCACAAGCTAG
33-CGTGGCACGAGACGT	STREME-33	Chr10_14246091_14246191	37	51	-	4.13483	6.43e-05	0.485	CGTAGCACTAACTAT
33-CGTGGCACGAGACGT	STREME-33	Chr3_20562157_20562257	73	87	-	4.08989	6.52e-05	0.49	TACGGCCTGAGACGT
33-CGTGGCACGAGACGT	STREME-33	Chr11_9662262_9662362	25	39	+	4.06742	6.56e-05	0.492	CGTGTCACAATATGG
33-CGTGGCACGAGACGT	STREME-33	Chr9_28796631_28796731	53	67	+	4.04494	6.61e-05	0.492	CGTGTCCCACGACAT
33-CGTGGCACGAGACGT	STREME-33	Chr9_20142101_20142201	46	60	+	4.03371	6.63e-05	0.492	CATTTCCCGAGGTGT
33-CGTGGCACGAGACGT	STREME-33	Chr15_16772682_16772782	42	56	-	4.01124	6.67e-05	0.492	CGTTTTCCAAAACGT
33-CGTGGCACGAGACGT	STREME-33	Chr6_20408402_20408502	62	76	+	4	6.7e-05	0.492	CGTGATTGGAGATGT
33-CGTGGCACGAGACGT	STREME-33	Chr7_17628152_17628252	76	90	+	3.98876	6.72e-05	0.492	CGTAACAGGAGGTAT
33-CGTGGCACGAGACGT	STREME-33	Chr6_15867298_15867398	2	16	+	3.97753	6.75e-05	0.492	TGTGATACGAGCTGC
33-CGTGGCACGAGACGT	STREME-33	Chr8_15054886_15054986	21	35	+	3.95506	6.8e-05	0.492	TGTGGCACGATGAGT
33-CGTGGCACGAGACGT	STREME-33	Chr1_5981307_5981407	9	23	+	3.94382	6.82e-05	0.492	AGTGGCCGTAGACGT
33-CGTGGCACGAGACGT	STREME-33	Chr3_20631583_20631683	22	36	+	3.94382	6.82e-05	0.492	AGTGGCCGTAGACGT
33-CGTGGCACGAGACGT	STREME-33	Chr13_20886513_20886613	42	56	-	3.93258	6.84e-05	0.492	CATTTCACGAGGCGG
33-CGTGGCACGAGACGT	STREME-33	Chr12_18194334_18194434	57	71	-	3.93258	6.84e-05	0.492	CGTTGCCTAAAACGG
33-CGTGGCACGAGACGT	STREME-33	Chr13_8263461_8263561	45	59	-	3.8764	6.97e-05	0.499	CGTTGACCGAGCTGC
33-CGTGGCACGAGACGT	STREME-33	Chr3_2531920_2532020	48	62	+	3.8427	7.04e-05	0.5	CGATACACGAAACAT
33-CGTGGCACGAGACGT	STREME-33	Chr8_5328459_5328559	5	19	+	3.82022	7.09e-05	0.5	TGTGGCCCAATATGG
33-CGTGGCACGAGACGT	STREME-33	Chr6_4472133_4472233	27	41	-	3.82022	7.09e-05	0.5	CGTATCCCGAGCTGC
33-CGTGGCACGAGACGT	STREME-33	Chr5_26348673_26348773	85	99	+	3.82022	7.09e-05	0.5	CGTATCCCGAGCTGC
33-CGTGGCACGAGACGT	STREME-33	Chr15_20658589_20658689	29	43	+	3.79775	7.14e-05	0.502	CGCAACACGAACTGT
33-CGTGGCACGAGACGT	STREME-33	Chr12_13101247_13101347	41	55	+	3.74157	7.27e-05	0.509	CGTGGTTCGAGGAGG
33-CGTGGCACGAGACGT	STREME-33	Chr13_1794286_1794386	21	35	-	3.66292	7.44e-05	0.517	CGTAAAACGAGGCGA
33-CGTGGCACGAGACGT	STREME-33	Chr12_23808101_23808201	41	55	+	3.66292	7.44e-05	0.517	CGTATCCCGAAGCAG
33-CGTGGCACGAGACGT	STREME-33	Chr1_35002976_35003076	40	54	+	3.59551	7.59e-05	0.524	TGCTGCACAAGGTAT
33-CGTGGCACGAGACGT	STREME-33	Chr2_13975868_13975968	79	93	+	3.59551	7.59e-05	0.524	TGCTGCACAAGGTAT
33-CGTGGCACGAGACGT	STREME-33	Chr7_11347045_11347145	37	51	+	3.5618	7.67e-05	0.525	CGAGGCACGTGACGC
33-CGTGGCACGAGACGT	STREME-33	Chr1_3678122_3678222	80	94	-	3.5618	7.67e-05	0.525	CGAGGCACGTGACGC
33-CGTGGCACGAGACGT	STREME-33	Chr6_10491658_10491758	49	63	-	3.51685	7.77e-05	0.531	TATTGCACGAAGCAT
33-CGTGGCACGAGACGT	STREME-33	Chr1_9041305_9041405	22	36	-	3.46067	7.91e-05	0.538	AGTGGTACGAGAAGC
33-CGTGGCACGAGACGT	STREME-33	Chr15_12137270_12137370	84	98	-	3.35955	8.16e-05	0.545	CGTTACACGAGAAAG
33-CGTGGCACGAGACGT	STREME-33	Chr9_2289101_2289201	59	73	+	3.34831	8.19e-05	0.545	CGCTGCTCGAGGCTC
33-CGTGGCACGAGACGT	STREME-33	Chr11_939521_939621	29	43	+	3.33708	8.21e-05	0.545	CACAACACGAGACAG
33-CGTGGCACGAGACGT	STREME-33	Chr9_204138_204238	53	67	-	3.33708	8.21e-05	0.545	CGCGGACCGATGCGG
33-CGTGGCACGAGACGT	STREME-33	Chr1_8624927_8625027	85	99	+	3.33708	8.21e-05	0.545	CGTGTCAGGAGATGG
33-CGTGGCACGAGACGT	STREME-33	Chr1_33780312_33780412	58	72	+	3.32584	8.25e-05	0.545	TGTGACACGTGGCGG
33-CGTGGCACGAGACGT	STREME-33	Chr12_4550599_4550699	51	65	-	3.32584	8.25e-05	0.545	TGTGACACGTGGCGG
33-CGTGGCACGAGACGT	STREME-33	Chr11_11161119_11161219	52	66	-	3.32584	8.25e-05	0.545	TGTGACACGTGGCGG
33-CGTGGCACGAGACGT	STREME-33	Chr12_20567772_20567872	36	50	-	3.29213	8.33e-05	0.549	TGTGTTACGAGATTT
33-CGTGGCACGAGACGT	STREME-33	Chr6_7852368_7852468	76	90	-	3.25843	8.41e-05	0.553	CGTGTCACGAGCCAA
33-CGTGGCACGAGACGT	STREME-33	Chr9_9743958_9744058	63	77	+	3.21348	8.52e-05	0.558	CGTAGATCGAAGCAC
33-CGTGGCACGAGACGT	STREME-33	Chr15_4190886_4190986	77	91	+	3.20225	8.55e-05	0.558	CGTGTCACAAGACCG
33-CGTGGCACGAGACGT	STREME-33	Chr1_39865401_39865501	41	55	-	3.19101	8.58e-05	0.558	CGTTTCCCAATACAT
33-CGTGGCACGAGACGT	STREME-33	Chr1_46098806_46098906	72	86	+	3.16854	8.64e-05	0.56	CGTTTTACAAGGTAT
33-CGTGGCACGAGACGT	STREME-33	Chr1_45991626_45991726	65	79	+	3.1573	8.67e-05	0.56	CCTGGCCCGTGACAT
33-CGTGGCACGAGACGT	STREME-33	Chr1_40701277_40701377	39	53	+	3.14607	8.7e-05	0.56	GGTGACCCAAGACTT
33-CGTGGCACGAGACGT	STREME-33	Chr12_11823839_11823939	45	59	-	3.13483	8.73e-05	0.56	AATGGACCGAAACGT
33-CGTGGCACGAGACGT	STREME-33	Chr11_11353718_11353818	57	71	+	3.06742	8.91e-05	0.568	CGCATCACGAGACTC
33-CGTGGCACGAGACGT	STREME-33	Chr7_23541996_23542096	57	71	-	3.06742	8.91e-05	0.568	TGTGGTCGGAGGCAT
33-CGTGGCACGAGACGT	STREME-33	Chr15_21620824_21620924	60	74	-	3.05618	8.95e-05	0.568	TGTGGCTCGATATTT
33-CGTGGCACGAGACGT	STREME-33	Chr13_20780785_20780885	32	46	+	3.03371	9.01e-05	0.57	AGTGGCTCTAGCCGC
33-CGTGGCACGAGACGT	STREME-33	Chr10_2456396_2456496	24	38	-	2.95506	9.23e-05	0.579	TGTTATCCGAAATGT
33-CGTGGCACGAGACGT	STREME-33	Chr1_9041305_9041405	57	71	+	2.95506	9.23e-05	0.579	TGTGCCTCAAGATGC
33-CGTGGCACGAGACGT	STREME-33	Chr3_21850574_21850674	79	93	+	2.94382	9.26e-05	0.579	CATCGTTCAAGACAT
33-CGTGGCACGAGACGT	STREME-33	Chr8_451679_451779	38	52	+	2.93258	9.29e-05	0.579	CGTGATTCGATGCTT
33-CGTGGCACGAGACGT	STREME-33	Chr3_17123472_17123572	52	66	+	2.93258	9.29e-05	0.579	TGTGGCTCGATCCGC
33-CGTGGCACGAGACGT	STREME-33	Chr12_17225339_17225439	73	87	+	2.86517	9.47e-05	0.582	CGAGGCTCTAGCCGT
33-CGTGGCACGAGACGT	STREME-33	Chr5_21783935_21784035	32	46	-	2.85393	9.51e-05	0.582	AGTGGCACAAAGTTT
33-CGTGGCACGAGACGT	STREME-33	Chr10_25395318_25395418	62	76	+	2.85393	9.51e-05	0.582	TGTGACCTAAGACTT
33-CGTGGCACGAGACGT	STREME-33	Chr1_48960752_48960852	45	59	+	2.82022	9.6e-05	0.582	CGTAAACCAAAGCAT
33-CGTGGCACGAGACGT	STREME-33	Chr12_10477974_10478074	39	53	-	2.82022	9.6e-05	0.582	CGTTATCCAAGGTGG
33-CGTGGCACGAGACGT	STREME-33	Chr11_2444621_2444721	56	70	+	2.82022	9.6e-05	0.582	CGAGGCACCAAACGT
33-CGTGGCACGAGACGT	STREME-33	Chr9_22836139_22836239	56	70	-	2.76404	9.76e-05	0.582	TGTTACACGTGACAT
33-CGTGGCACGAGACGT	STREME-33	Chr4_25366662_25366762	3	17	-	2.74157	9.83e-05	0.582	CGTGTCTCGAGACCG
33-CGTGGCACGAGACGT	STREME-33	Chr6_5083366_5083466	28	42	+	2.74157	9.83e-05	0.582	CGTCACCCTCGACGT
33-CGTGGCACGAGACGT	STREME-33	Chr3_35905492_35905592	32	46	+	2.74157	9.83e-05	0.582	CGTGTCATTAAGCAT
33-CGTGGCACGAGACGT	STREME-33	Chr9_27537638_27537738	33	47	+	2.74157	9.83e-05	0.582	CGTGTCTCGAGACCG
33-CGTGGCACGAGACGT	STREME-33	Chr9_27830080_27830180	29	43	-	2.74157	9.83e-05	0.582	CGTGTCTCGAGACCG
33-CGTGGCACGAGACGT	STREME-33	Chr8_29737025_29737125	31	45	-	2.74157	9.83e-05	0.582	CGTGTCTCGAGACCG
33-CGTGGCACGAGACGT	STREME-33	Chr14_16686690_16686790	39	53	-	2.74157	9.83e-05	0.582	CGTGTCTCGAGACCG
33-CGTGGCACGAGACGT	STREME-33	Chr6_4133885_4133985	78	92	-	2.74157	9.83e-05	0.582	CGTCACCCTCGACGT
33-CGTGGCACGAGACGT	STREME-33	Chr12_7628352_7628452	46	60	-	2.73034	9.86e-05	0.582	CGGGCCACTAGACGC
33-CGTGGCACGAGACGT	STREME-33	Chr5_34089049_34089149	62	76	+	2.73034	9.86e-05	0.582	CGGGCCACTAGACGC
33-CGTGGCACGAGACGT	STREME-33	Chr2_19902531_19902631	40	54	-	2.70787	9.93e-05	0.584	AATGGAACGAGGCGG
33-CGTGGCACGAGACGT	STREME-33	Chr1_42184938_42185038	10	24	+	2.68539	9.99e-05	0.584	CGTTGCCCAAGGAGC
33-CGTGGCACGAGACGT	STREME-33	Chr1_21777310_21777410	51	65	+	2.68539	9.99e-05	0.584	CGTGACCCTACGCGC

# FIMO (Find Individual Motif Occurrences): Version 5.5.1 compiled on Apr 10 2023 at 16:56:57
# The format of this file is described at https://meme-suite.org/meme/doc/fimo-output-format.html.
# fimo --parse-genomic-coord --verbosity 1 --oc LITCHI007109.meme_chip/fimo_out_14 --bgfile LITCHI007109.meme_chip/background --motif 33-CGTGGCACGAGACGT LITCHI007109.meme_chip/streme_out/streme.xml LITCHI007109.meme_chip/LITCHI007109.peak.region.fa
