motif_id	motif_alt_id	sequence_name	start	stop	strand	score	p-value	q-value	matched_sequence
12-ATTATTGCCGA	STREME-12	Chr2_30397831_30397931	1	11	+	20.8293	3.09e-07	0.00507	ATTATTGCCGA
12-ATTATTGCCGA	STREME-12	Chr7_706024_706124	1	11	+	20.8293	3.09e-07	0.00507	ATTATTGCCGA
12-ATTATTGCCGA	STREME-12	Chr6_23922604_23922704	1	11	+	20.8293	3.09e-07	0.00507	ATTATTGCCGA
12-ATTATTGCCGA	STREME-12	Chr15_15832360_15832460	1	11	+	20.8293	3.09e-07	0.00507	ATTATTGCCGA
12-ATTATTGCCGA	STREME-12	Chr5_18051164_18051264	1	11	+	20.8293	3.09e-07	0.00507	ATTATTGCCGA
12-ATTATTGCCGA	STREME-12	Chr2_32240674_32240774	2	12	+	20.8293	3.09e-07	0.00507	ATTATTGCCGA
12-ATTATTGCCGA	STREME-12	Chr10_2405467_2405567	4	14	+	20.8293	3.09e-07	0.00507	ATTATTGCCGA
12-ATTATTGCCGA	STREME-12	Chr1_16633020_16633120	6	16	+	20.8293	3.09e-07	0.00507	ATTATTGCCGA
12-ATTATTGCCGA	STREME-12	Chr5_22729374_22729474	7	17	+	20.8293	3.09e-07	0.00507	ATTATTGCCGA
12-ATTATTGCCGA	STREME-12	Chr4_22577754_22577854	9	19	+	20.8293	3.09e-07	0.00507	ATTATTGCCGA
12-ATTATTGCCGA	STREME-12	Chr14_6710725_6710825	9	19	+	20.8293	3.09e-07	0.00507	ATTATTGCCGA
12-ATTATTGCCGA	STREME-12	Chr6_16386126_16386226	10	20	+	20.8293	3.09e-07	0.00507	ATTATTGCCGA
12-ATTATTGCCGA	STREME-12	Chr3_36649756_36649856	11	21	+	20.8293	3.09e-07	0.00507	ATTATTGCCGA
12-ATTATTGCCGA	STREME-12	Chr6_3094960_3095060	12	22	+	20.8293	3.09e-07	0.00507	ATTATTGCCGA
12-ATTATTGCCGA	STREME-12	Chr1_27825221_27825321	13	23	+	20.8293	3.09e-07	0.00507	ATTATTGCCGA
12-ATTATTGCCGA	STREME-12	Chr5_29245445_29245545	13	23	+	20.8293	3.09e-07	0.00507	ATTATTGCCGA
12-ATTATTGCCGA	STREME-12	Chr3_1623935_1624035	14	24	+	20.8293	3.09e-07	0.00507	ATTATTGCCGA
12-ATTATTGCCGA	STREME-12	Chr1_8123581_8123681	14	24	+	20.8293	3.09e-07	0.00507	ATTATTGCCGA
12-ATTATTGCCGA	STREME-12	Chr2_36972656_36972756	16	26	+	20.8293	3.09e-07	0.00507	ATTATTGCCGA
12-ATTATTGCCGA	STREME-12	Chr1_19638353_19638453	16	26	+	20.8293	3.09e-07	0.00507	ATTATTGCCGA
12-ATTATTGCCGA	STREME-12	Chr14_9969962_9970062	8	18	-	20.8293	3.09e-07	0.00507	ATTATTGCCGA
12-ATTATTGCCGA	STREME-12	Chr14_21382392_21382492	18	28	+	20.8293	3.09e-07	0.00507	ATTATTGCCGA
12-ATTATTGCCGA	STREME-12	Chr3_16357525_16357625	19	29	+	20.8293	3.09e-07	0.00507	ATTATTGCCGA
12-ATTATTGCCGA	STREME-12	Chr12_6230960_6231060	20	30	+	20.8293	3.09e-07	0.00507	ATTATTGCCGA
12-ATTATTGCCGA	STREME-12	Chr7_17415748_17415848	20	30	+	20.8293	3.09e-07	0.00507	ATTATTGCCGA
12-ATTATTGCCGA	STREME-12	Chr7_15138284_15138384	20	30	+	20.8293	3.09e-07	0.00507	ATTATTGCCGA
12-ATTATTGCCGA	STREME-12	Chr1_32172170_32172270	21	31	+	20.8293	3.09e-07	0.00507	ATTATTGCCGA
12-ATTATTGCCGA	STREME-12	Chr12_14037345_14037445	21	31	+	20.8293	3.09e-07	0.00507	ATTATTGCCGA
12-ATTATTGCCGA	STREME-12	Chr12_983923_984023	22	32	+	20.8293	3.09e-07	0.00507	ATTATTGCCGA
12-ATTATTGCCGA	STREME-12	Chr10_1798790_1798890	22	32	+	20.8293	3.09e-07	0.00507	ATTATTGCCGA
12-ATTATTGCCGA	STREME-12	Chr8_24908678_24908778	22	32	+	20.8293	3.09e-07	0.00507	ATTATTGCCGA
12-ATTATTGCCGA	STREME-12	Chr1_26409484_26409584	22	32	+	20.8293	3.09e-07	0.00507	ATTATTGCCGA
12-ATTATTGCCGA	STREME-12	Chr15_16278743_16278843	23	33	+	20.8293	3.09e-07	0.00507	ATTATTGCCGA
12-ATTATTGCCGA	STREME-12	Chr4_28301955_28302055	13	23	-	20.8293	3.09e-07	0.00507	ATTATTGCCGA
12-ATTATTGCCGA	STREME-12	Chr15_7140858_7140958	25	35	+	20.8293	3.09e-07	0.00507	ATTATTGCCGA
12-ATTATTGCCGA	STREME-12	Chr1_19383066_19383166	25	35	+	20.8293	3.09e-07	0.00507	ATTATTGCCGA
12-ATTATTGCCGA	STREME-12	Chr15_11458750_11458850	26	36	+	20.8293	3.09e-07	0.00507	ATTATTGCCGA
12-ATTATTGCCGA	STREME-12	Chr10_2416345_2416445	28	38	+	20.8293	3.09e-07	0.00507	ATTATTGCCGA
12-ATTATTGCCGA	STREME-12	Chr4_208895_208995	28	38	+	20.8293	3.09e-07	0.00507	ATTATTGCCGA
12-ATTATTGCCGA	STREME-12	Chr4_17361215_17361315	29	39	+	20.8293	3.09e-07	0.00507	ATTATTGCCGA
12-ATTATTGCCGA	STREME-12	Chr12_4118513_4118613	29	39	+	20.8293	3.09e-07	0.00507	ATTATTGCCGA
12-ATTATTGCCGA	STREME-12	Chr7_4361826_4361926	19	29	-	20.8293	3.09e-07	0.00507	ATTATTGCCGA
12-ATTATTGCCGA	STREME-12	Chr1_21543380_21543480	30	40	+	20.8293	3.09e-07	0.00507	ATTATTGCCGA
12-ATTATTGCCGA	STREME-12	Chr6_10546194_10546294	31	41	+	20.8293	3.09e-07	0.00507	ATTATTGCCGA
12-ATTATTGCCGA	STREME-12	Chr11_3640888_3640988	31	41	+	20.8293	3.09e-07	0.00507	ATTATTGCCGA
12-ATTATTGCCGA	STREME-12	Chr9_1362453_1362553	32	42	+	20.8293	3.09e-07	0.00507	ATTATTGCCGA
12-ATTATTGCCGA	STREME-12	Chr9_22338557_22338657	33	43	+	20.8293	3.09e-07	0.00507	ATTATTGCCGA
12-ATTATTGCCGA	STREME-12	Chr3_31834147_31834247	34	44	+	20.8293	3.09e-07	0.00507	ATTATTGCCGA
12-ATTATTGCCGA	STREME-12	Chr13_13061230_13061330	34	44	+	20.8293	3.09e-07	0.00507	ATTATTGCCGA
12-ATTATTGCCGA	STREME-12	Chr1_31753194_31753294	36	46	+	20.8293	3.09e-07	0.00507	ATTATTGCCGA
12-ATTATTGCCGA	STREME-12	Chr5_12201812_12201912	37	47	+	20.8293	3.09e-07	0.00507	ATTATTGCCGA
12-ATTATTGCCGA	STREME-12	Chr1_49705704_49705804	38	48	+	20.8293	3.09e-07	0.00507	ATTATTGCCGA
12-ATTATTGCCGA	STREME-12	Chr14_14069959_14070059	38	48	+	20.8293	3.09e-07	0.00507	ATTATTGCCGA
12-ATTATTGCCGA	STREME-12	Chr2_29639273_29639373	39	49	+	20.8293	3.09e-07	0.00507	ATTATTGCCGA
12-ATTATTGCCGA	STREME-12	Chr6_22969670_22969770	41	51	+	20.8293	3.09e-07	0.00507	ATTATTGCCGA
12-ATTATTGCCGA	STREME-12	Chr8_16510258_16510358	42	52	+	20.8293	3.09e-07	0.00507	ATTATTGCCGA
12-ATTATTGCCGA	STREME-12	Chr10_12751718_12751818	35	45	-	20.8293	3.09e-07	0.00507	ATTATTGCCGA
12-ATTATTGCCGA	STREME-12	Chr15_11273275_11273375	50	60	+	20.8293	3.09e-07	0.00507	ATTATTGCCGA
12-ATTATTGCCGA	STREME-12	Chr10_19592551_19592651	51	61	+	20.8293	3.09e-07	0.00507	ATTATTGCCGA
12-ATTATTGCCGA	STREME-12	Chr4_1538272_1538372	43	53	-	20.8293	3.09e-07	0.00507	ATTATTGCCGA
12-ATTATTGCCGA	STREME-12	Chr5_16885608_16885708	45	55	-	20.8293	3.09e-07	0.00507	ATTATTGCCGA
12-ATTATTGCCGA	STREME-12	Chr1_33913664_33913764	55	65	+	20.8293	3.09e-07	0.00507	ATTATTGCCGA
12-ATTATTGCCGA	STREME-12	Chr4_1119714_1119814	46	56	-	20.8293	3.09e-07	0.00507	ATTATTGCCGA
12-ATTATTGCCGA	STREME-12	Chr1_23465958_23466058	57	67	+	20.8293	3.09e-07	0.00507	ATTATTGCCGA
12-ATTATTGCCGA	STREME-12	Chr7_8355853_8355953	57	67	+	20.8293	3.09e-07	0.00507	ATTATTGCCGA
12-ATTATTGCCGA	STREME-12	Chr2_21296487_21296587	60	70	+	20.8293	3.09e-07	0.00507	ATTATTGCCGA
12-ATTATTGCCGA	STREME-12	Chr7_24939825_24939925	52	62	-	20.8293	3.09e-07	0.00507	ATTATTGCCGA
12-ATTATTGCCGA	STREME-12	Chr12_16037040_16037140	53	63	-	20.8293	3.09e-07	0.00507	ATTATTGCCGA
12-ATTATTGCCGA	STREME-12	Chr5_15714932_15715032	53	63	-	20.8293	3.09e-07	0.00507	ATTATTGCCGA
12-ATTATTGCCGA	STREME-12	Chr10_27646736_27646836	54	64	-	20.8293	3.09e-07	0.00507	ATTATTGCCGA
12-ATTATTGCCGA	STREME-12	Chr8_5361735_5361835	54	64	-	20.8293	3.09e-07	0.00507	ATTATTGCCGA
12-ATTATTGCCGA	STREME-12	Chr4_28844732_28844832	54	64	-	20.8293	3.09e-07	0.00507	ATTATTGCCGA
12-ATTATTGCCGA	STREME-12	Chr12_13162579_13162679	59	69	-	20.8293	3.09e-07	0.00507	ATTATTGCCGA
12-ATTATTGCCGA	STREME-12	Chr9_4119475_4119575	59	69	-	20.8293	3.09e-07	0.00507	ATTATTGCCGA
12-ATTATTGCCGA	STREME-12	Chr8_27790498_27790598	60	70	-	20.8293	3.09e-07	0.00507	ATTATTGCCGA
12-ATTATTGCCGA	STREME-12	Chr5_24797137_24797237	63	73	-	20.8293	3.09e-07	0.00507	ATTATTGCCGA
12-ATTATTGCCGA	STREME-12	Chr2_10831949_10832049	65	75	-	20.8293	3.09e-07	0.00507	ATTATTGCCGA
12-ATTATTGCCGA	STREME-12	Chr11_2729772_2729872	66	76	-	20.8293	3.09e-07	0.00507	ATTATTGCCGA
12-ATTATTGCCGA	STREME-12	Chr6_29984037_29984137	66	76	-	20.8293	3.09e-07	0.00507	ATTATTGCCGA
12-ATTATTGCCGA	STREME-12	Chr7_12028396_12028496	67	77	-	20.8293	3.09e-07	0.00507	ATTATTGCCGA
12-ATTATTGCCGA	STREME-12	Chr12_298530_298630	77	87	+	20.8293	3.09e-07	0.00507	ATTATTGCCGA
12-ATTATTGCCGA	STREME-12	Chr14_10764655_10764755	69	79	-	20.8293	3.09e-07	0.00507	ATTATTGCCGA
12-ATTATTGCCGA	STREME-12	Chr8_5373168_5373268	70	80	-	20.8293	3.09e-07	0.00507	ATTATTGCCGA
12-ATTATTGCCGA	STREME-12	Chr6_21358295_21358395	71	81	-	20.8293	3.09e-07	0.00507	ATTATTGCCGA
12-ATTATTGCCGA	STREME-12	Chr7_13506588_13506688	71	81	-	20.8293	3.09e-07	0.00507	ATTATTGCCGA
12-ATTATTGCCGA	STREME-12	Chr13_23825079_23825179	72	82	-	20.8293	3.09e-07	0.00507	ATTATTGCCGA
12-ATTATTGCCGA	STREME-12	Chr1_30408478_30408578	72	82	-	20.8293	3.09e-07	0.00507	ATTATTGCCGA
12-ATTATTGCCGA	STREME-12	Chr7_26141036_26141136	73	83	-	20.8293	3.09e-07	0.00507	ATTATTGCCGA
12-ATTATTGCCGA	STREME-12	Chr14_4042554_4042654	73	83	-	20.8293	3.09e-07	0.00507	ATTATTGCCGA
12-ATTATTGCCGA	STREME-12	Chr6_23476891_23476991	74	84	-	20.8293	3.09e-07	0.00507	ATTATTGCCGA
12-ATTATTGCCGA	STREME-12	Chr6_22923242_22923342	76	86	-	20.8293	3.09e-07	0.00507	ATTATTGCCGA
12-ATTATTGCCGA	STREME-12	Chr11_14900225_14900325	76	86	-	20.8293	3.09e-07	0.00507	ATTATTGCCGA
12-ATTATTGCCGA	STREME-12	Chr5_5526578_5526678	77	87	-	20.8293	3.09e-07	0.00507	ATTATTGCCGA
12-ATTATTGCCGA	STREME-12	Chr13_12042707_12042807	77	87	-	20.8293	3.09e-07	0.00507	ATTATTGCCGA
12-ATTATTGCCGA	STREME-12	Chr3_23217504_23217604	77	87	-	20.8293	3.09e-07	0.00507	ATTATTGCCGA
12-ATTATTGCCGA	STREME-12	Chr6_30495688_30495788	77	87	-	20.8293	3.09e-07	0.00507	ATTATTGCCGA
12-ATTATTGCCGA	STREME-12	Chr6_19427063_19427163	77	87	-	20.8293	3.09e-07	0.00507	ATTATTGCCGA
12-ATTATTGCCGA	STREME-12	Chr11_7035426_7035526	77	87	-	20.8293	3.09e-07	0.00507	ATTATTGCCGA
12-ATTATTGCCGA	STREME-12	Chr3_33038793_33038893	77	87	-	20.8293	3.09e-07	0.00507	ATTATTGCCGA
12-ATTATTGCCGA	STREME-12	Chr15_8132502_8132602	78	88	-	20.8293	3.09e-07	0.00507	ATTATTGCCGA
12-ATTATTGCCGA	STREME-12	Chr14_23273832_23273932	79	89	-	20.8293	3.09e-07	0.00507	ATTATTGCCGA
12-ATTATTGCCGA	STREME-12	Chr5_4871569_4871669	80	90	-	20.8293	3.09e-07	0.00507	ATTATTGCCGA
12-ATTATTGCCGA	STREME-12	Chr1_5919786_5919886	81	91	-	20.8293	3.09e-07	0.00507	ATTATTGCCGA
12-ATTATTGCCGA	STREME-12	Chr14_22624023_22624123	81	91	-	20.8293	3.09e-07	0.00507	ATTATTGCCGA
12-ATTATTGCCGA	STREME-12	Chr5_18570256_18570356	81	91	-	20.8293	3.09e-07	0.00507	ATTATTGCCGA
12-ATTATTGCCGA	STREME-12	Chr11_17235478_17235578	81	91	-	20.8293	3.09e-07	0.00507	ATTATTGCCGA
12-ATTATTGCCGA	STREME-12	Chr6_15117773_15117873	83	93	-	20.8293	3.09e-07	0.00507	ATTATTGCCGA
12-ATTATTGCCGA	STREME-12	Chr13_16874895_16874995	83	93	-	20.8293	3.09e-07	0.00507	ATTATTGCCGA
12-ATTATTGCCGA	STREME-12	Chr13_8162885_8162985	83	93	-	20.8293	3.09e-07	0.00507	ATTATTGCCGA
12-ATTATTGCCGA	STREME-12	Chr7_15450974_15451074	85	95	-	20.8293	3.09e-07	0.00507	ATTATTGCCGA
12-ATTATTGCCGA	STREME-12	Chr10_14744192_14744292	85	95	-	20.8293	3.09e-07	0.00507	ATTATTGCCGA
12-ATTATTGCCGA	STREME-12	Chr6_2544168_2544268	85	95	-	20.8293	3.09e-07	0.00507	ATTATTGCCGA
12-ATTATTGCCGA	STREME-12	Chr1_28130507_28130607	86	96	-	20.8293	3.09e-07	0.00507	ATTATTGCCGA
12-ATTATTGCCGA	STREME-12	Chr2_37991535_37991635	86	96	-	20.8293	3.09e-07	0.00507	ATTATTGCCGA
12-ATTATTGCCGA	STREME-12	Chr11_11849098_11849198	86	96	-	20.8293	3.09e-07	0.00507	ATTATTGCCGA
12-ATTATTGCCGA	STREME-12	Chr12_196553_196653	88	98	-	20.8293	3.09e-07	0.00507	ATTATTGCCGA
12-ATTATTGCCGA	STREME-12	Chr13_13320134_13320234	89	99	-	20.8293	3.09e-07	0.00507	ATTATTGCCGA
12-ATTATTGCCGA	STREME-12	Chr6_30212108_30212208	90	100	-	20.8293	3.09e-07	0.00507	ATTATTGCCGA
12-ATTATTGCCGA	STREME-12	Chr5_25607527_25607627	90	100	-	20.8293	3.09e-07	0.00507	ATTATTGCCGA
12-ATTATTGCCGA	STREME-12	Chr7_13320356_13320456	91	101	-	20.8293	3.09e-07	0.00507	ATTATTGCCGA
12-ATTATTGCCGA	STREME-12	Chr5_20814439_20814539	91	101	-	20.8293	3.09e-07	0.00507	ATTATTGCCGA
12-ATTATTGCCGA	STREME-12	Chr11_13314207_13314307	91	101	-	20.8293	3.09e-07	0.00507	ATTATTGCCGA
12-ATTATTGCCGA	STREME-12	Chr1_38540933_38541033	1	11	+	19.2561	6.17e-07	0.00836	TTTATTGCCGA
12-ATTATTGCCGA	STREME-12	Chr10_26577698_26577798	13	23	+	19.2561	6.17e-07	0.00836	TTTATTGCCGA
12-ATTATTGCCGA	STREME-12	Chr2_21583599_21583699	16	26	+	19.2561	6.17e-07	0.00836	TTTATTGCCGA
12-ATTATTGCCGA	STREME-12	Chr15_2201940_2202040	17	27	+	19.2561	6.17e-07	0.00836	TTTATTGCCGA
12-ATTATTGCCGA	STREME-12	Chr7_6437715_6437815	19	29	+	19.2561	6.17e-07	0.00836	TTTATTGCCGA
12-ATTATTGCCGA	STREME-12	Chr7_8015534_8015634	26	36	+	19.2561	6.17e-07	0.00836	TTTATTGCCGA
12-ATTATTGCCGA	STREME-12	Chr3_31960564_31960664	27	37	+	19.2561	6.17e-07	0.00836	TTTATTGCCGA
12-ATTATTGCCGA	STREME-12	Chr3_24088869_24088969	30	40	+	19.2561	6.17e-07	0.00836	TTTATTGCCGA
12-ATTATTGCCGA	STREME-12	Chr7_23876098_23876198	23	33	-	19.2561	6.17e-07	0.00836	TTTATTGCCGA
12-ATTATTGCCGA	STREME-12	Chr14_12127052_12127152	38	48	+	19.2561	6.17e-07	0.00836	TTTATTGCCGA
12-ATTATTGCCGA	STREME-12	Chr2_36096563_36096663	47	57	+	19.2561	6.17e-07	0.00836	TTTATTGCCGA
12-ATTATTGCCGA	STREME-12	Chr14_6533277_6533377	50	60	-	19.2561	6.17e-07	0.00836	TTTATTGCCGA
12-ATTATTGCCGA	STREME-12	Chr7_30743020_30743120	55	65	-	19.2561	6.17e-07	0.00836	TTTATTGCCGA
12-ATTATTGCCGA	STREME-12	Chr1_14538858_14538958	61	71	-	19.2561	6.17e-07	0.00836	TTTATTGCCGA
12-ATTATTGCCGA	STREME-12	Chr14_11367363_11367463	63	73	-	19.2561	6.17e-07	0.00836	TTTATTGCCGA
12-ATTATTGCCGA	STREME-12	Chr7_3700934_3701034	66	76	-	19.2561	6.17e-07	0.00836	TTTATTGCCGA
12-ATTATTGCCGA	STREME-12	Chr12_13413862_13413962	73	83	-	19.2561	6.17e-07	0.00836	TTTATTGCCGA
12-ATTATTGCCGA	STREME-12	Chr2_35305726_35305826	74	84	-	19.2561	6.17e-07	0.00836	TTTATTGCCGA
12-ATTATTGCCGA	STREME-12	Chr2_18575996_18576096	75	85	-	19.2561	6.17e-07	0.00836	TTTATTGCCGA
12-ATTATTGCCGA	STREME-12	Chr12_646176_646276	78	88	-	19.2561	6.17e-07	0.00836	TTTATTGCCGA
12-ATTATTGCCGA	STREME-12	Chr3_34887256_34887356	79	89	-	19.2561	6.17e-07	0.00836	TTTATTGCCGA
12-ATTATTGCCGA	STREME-12	Chr14_11378595_11378695	85	95	-	19.2561	6.17e-07	0.00836	TTTATTGCCGA
12-ATTATTGCCGA	STREME-12	Chr3_34898243_34898343	87	97	-	19.2561	6.17e-07	0.00836	TTTATTGCCGA
12-ATTATTGCCGA	STREME-12	Chr9_142391_142491	87	97	-	19.2561	6.17e-07	0.00836	TTTATTGCCGA
12-ATTATTGCCGA	STREME-12	Chr2_32446901_32447001	90	100	-	19.2561	6.17e-07	0.00836	TTTATTGCCGA
12-ATTATTGCCGA	STREME-12	Chr9_14689746_14689846	91	101	-	19.2561	6.17e-07	0.00836	TTTATTGCCGA
12-ATTATTGCCGA	STREME-12	Chr6_15205139_15205239	87	97	-	18.2805	8.66e-07	0.0117	ACTATTGCCGA
12-ATTATTGCCGA	STREME-12	Chr1_36814065_36814165	4	14	+	16.7195	1.25e-06	0.0152	ATTATTGCTGA
12-ATTATTGCCGA	STREME-12	Chr1_17086739_17086839	6	16	+	16.7195	1.25e-06	0.0152	ATTATTGCTGA
12-ATTATTGCCGA	STREME-12	Chr10_23051767_23051867	10	20	+	16.7195	1.25e-06	0.0152	ATTATTGCTGA
12-ATTATTGCCGA	STREME-12	Chr7_6165895_6165995	12	22	+	16.7195	1.25e-06	0.0152	ATTATTGCTGA
12-ATTATTGCCGA	STREME-12	Chr5_24864042_24864142	21	31	+	16.7195	1.25e-06	0.0152	ATTATTGCTGA
12-ATTATTGCCGA	STREME-12	Chr14_22732445_22732545	25	35	+	16.7195	1.25e-06	0.0152	ATTATTGCTGA
12-ATTATTGCCGA	STREME-12	Chr5_8593895_8593995	28	38	+	16.7195	1.25e-06	0.0152	ATTATTGCTGA
12-ATTATTGCCGA	STREME-12	Chr10_23024919_23025019	32	42	+	16.7195	1.25e-06	0.0152	ATTATTGCTGA
12-ATTATTGCCGA	STREME-12	Chr11_23920690_23920790	37	47	+	16.7195	1.25e-06	0.0152	ATTATTGCTGA
12-ATTATTGCCGA	STREME-12	Chr1_37699625_37699725	48	58	-	16.7195	1.25e-06	0.0152	ATTATTGCTGA
12-ATTATTGCCGA	STREME-12	Chr14_20288867_20288967	65	75	+	16.7195	1.25e-06	0.0152	ATTATTGCTGA
12-ATTATTGCCGA	STREME-12	Chr1_35983027_35983127	57	67	-	16.7195	1.25e-06	0.0152	ATTATTGCTGA
12-ATTATTGCCGA	STREME-12	Chr1_4347136_4347236	62	72	-	16.7195	1.25e-06	0.0152	ATTATTGCTGA
12-ATTATTGCCGA	STREME-12	Chr10_11973991_11974091	75	85	+	16.7195	1.25e-06	0.0152	ATTATTGCTGA
12-ATTATTGCCGA	STREME-12	Chr9_18720707_18720807	68	78	-	16.7195	1.25e-06	0.0152	ATTATTGCTGA
12-ATTATTGCCGA	STREME-12	Chr6_11278311_11278411	91	101	-	16.7195	1.25e-06	0.0152	ATTATTGCTGA
12-ATTATTGCCGA	STREME-12	Chr7_26327184_26327284	1	11	+	16.7073	1.5e-06	0.0159	TCTATTGCCGA
12-ATTATTGCCGA	STREME-12	Chr12_20423110_20423210	1	11	+	16.7073	1.5e-06	0.0159	TCTATTGCCGA
12-ATTATTGCCGA	STREME-12	Chr4_30653862_30653962	4	14	+	16.7073	1.5e-06	0.0159	TCTATTGCCGA
12-ATTATTGCCGA	STREME-12	Chr3_22299062_22299162	11	21	+	16.7073	1.5e-06	0.0159	TCTATTGCCGA
12-ATTATTGCCGA	STREME-12	Chr4_5888119_5888219	12	22	+	16.7073	1.5e-06	0.0159	TCTATTGCCGA
12-ATTATTGCCGA	STREME-12	Chr1_24528745_24528845	15	25	+	16.7073	1.5e-06	0.0159	TCTATTGCCGA
12-ATTATTGCCGA	STREME-12	Chr7_11125546_11125646	17	27	+	16.7073	1.5e-06	0.0159	TCTATTGCCGA
12-ATTATTGCCGA	STREME-12	Chr10_16593419_16593519	18	28	+	16.7073	1.5e-06	0.0159	TCTATTGCCGA
12-ATTATTGCCGA	STREME-12	Chr7_15976002_15976102	25	35	+	16.7073	1.5e-06	0.0159	TCTATTGCCGA
12-ATTATTGCCGA	STREME-12	Chr1_26420816_26420916	31	41	+	16.7073	1.5e-06	0.0159	TCTATTGCCGA
12-ATTATTGCCGA	STREME-12	Chr7_26338380_26338480	32	42	+	16.7073	1.5e-06	0.0159	TCTATTGCCGA
12-ATTATTGCCGA	STREME-12	Chr10_3150079_3150179	32	42	+	16.7073	1.5e-06	0.0159	TCTATTGCCGA
12-ATTATTGCCGA	STREME-12	Chr1_15052784_15052884	38	48	-	16.7073	1.5e-06	0.0159	TCTATTGCCGA
12-ATTATTGCCGA	STREME-12	Chr12_3887719_3887819	50	60	-	16.7073	1.5e-06	0.0159	TCTATTGCCGA
12-ATTATTGCCGA	STREME-12	Chr2_7815365_7815465	58	68	-	16.7073	1.5e-06	0.0159	TCTATTGCCGA
12-ATTATTGCCGA	STREME-12	Chr2_36214571_36214671	62	72	-	16.7073	1.5e-06	0.0159	TCTATTGCCGA
12-ATTATTGCCGA	STREME-12	Chr2_7803695_7803795	65	75	-	16.7073	1.5e-06	0.0159	TCTATTGCCGA
12-ATTATTGCCGA	STREME-12	Chr8_29317533_29317633	66	76	-	16.7073	1.5e-06	0.0159	TCTATTGCCGA
12-ATTATTGCCGA	STREME-12	Chr4_9738666_9738766	69	79	-	16.7073	1.5e-06	0.0159	TCTATTGCCGA
12-ATTATTGCCGA	STREME-12	Chr8_15740238_15740338	72	82	-	16.7073	1.5e-06	0.0159	TCTATTGCCGA
12-ATTATTGCCGA	STREME-12	Chr9_11392487_11392587	75	85	-	16.7073	1.5e-06	0.0159	TCTATTGCCGA
12-ATTATTGCCGA	STREME-12	Chr2_28718513_28718613	82	92	-	16.7073	1.5e-06	0.0159	TCTATTGCCGA
12-ATTATTGCCGA	STREME-12	Chr10_8811726_8811826	82	92	-	16.7073	1.5e-06	0.0159	TCTATTGCCGA
12-ATTATTGCCGA	STREME-12	Chr13_10585371_10585471	91	101	-	16.7073	1.5e-06	0.0159	TCTATTGCCGA
12-ATTATTGCCGA	STREME-12	Chr10_14975442_14975542	18	28	-	15.4024	1.75e-06	0.0182	ATTGTTGCCGA
12-ATTATTGCCGA	STREME-12	Chr11_7770087_7770187	24	34	-	15.4024	1.75e-06	0.0182	ATTGTTGCCGA
12-ATTATTGCCGA	STREME-12	Chr6_10589097_10589197	25	35	-	15.4024	1.75e-06	0.0182	ATTGTTGCCGA
12-ATTATTGCCGA	STREME-12	Chr3_5863684_5863784	52	62	+	15.4024	1.75e-06	0.0182	ATTGTTGCCGA
12-ATTATTGCCGA	STREME-12	Chr13_10428248_10428348	8	18	+	15.2439	2e-06	0.0205	GTTATTGCCGA
12-ATTATTGCCGA	STREME-12	Chr5_11044658_11044758	18	28	+	15.2439	2e-06	0.0205	GTTATTGCCGA
12-ATTATTGCCGA	STREME-12	Chr4_29060580_29060680	7	17	+	15.2073	2.38e-06	0.0238	ATTATTGTCGA
12-ATTATTGCCGA	STREME-12	Chr2_26695892_26695992	30	40	+	15.2073	2.38e-06	0.0238	ATTATTGTCGA
12-ATTATTGCCGA	STREME-12	Chr7_565476_565576	64	74	-	15.2073	2.38e-06	0.0238	ATTATTGTCGA
12-ATTATTGCCGA	STREME-12	Chr9_19320525_19320625	65	75	-	15.2073	2.38e-06	0.0238	ATTATTGTCGA
12-ATTATTGCCGA	STREME-12	Chr5_26215738_26215838	77	87	-	15.2073	2.38e-06	0.0238	ATTATTGTCGA
12-ATTATTGCCGA	STREME-12	Chr14_23590465_23590565	1	11	+	15.1463	2.76e-06	0.0271	TTTATTGCTGA
12-ATTATTGCCGA	STREME-12	Chr5_31103568_31103668	62	72	-	15.1463	2.76e-06	0.0271	TTTATTGCTGA
12-ATTATTGCCGA	STREME-12	Chr5_15694744_15694844	64	74	-	15.1463	2.76e-06	0.0271	TTTATTGCTGA
12-ATTATTGCCGA	STREME-12	Chr8_28821063_28821163	67	77	-	15.1463	2.76e-06	0.0271	TTTATTGCTGA
12-ATTATTGCCGA	STREME-12	Chr9_12517156_12517256	1	11	-	12.8537	3.9e-06	0.0382	ACTGTTGCCGA
12-ATTATTGCCGA	STREME-12	Chr12_12483847_12483947	57	67	-	12.6585	4.41e-06	0.0429	ACTATTGTCGA
12-ATTATTGCCGA	STREME-12	Chr12_24419323_24419423	77	87	+	11.2927	5.03e-06	0.0487	ATTGTTGCTGA
12-ATTATTGCCGA	STREME-12	Chr13_23103141_23103241	77	87	+	11.0976	6.01e-06	0.0577	ATTATTGTTGA
12-ATTATTGCCGA	STREME-12	Chr13_22973482_22973582	89	99	+	11.0976	6.01e-06	0.0577	ATTATTGTTGA
12-ATTATTGCCGA	STREME-12	Chr3_25372769_25372869	69	79	+	9.78049	7.08e-06	0.0676	ATTGTTGTCGA
12-ATTATTGCCGA	STREME-12	Chr3_31562262_31562362	9	19	-	9.71951	7.39e-06	0.0699	TTTGTTGCTGA
12-ATTATTGCCGA	STREME-12	Chr3_30534394_30534494	25	35	+	9.71951	7.39e-06	0.0699	TTTGTTGCTGA
12-ATTATTGCCGA	STREME-12	Chr2_17290942_17291042	34	44	+	9.52439	8.73e-06	0.0814	TTTATTGTTGA
12-ATTATTGCCGA	STREME-12	Chr11_20935568_20935668	54	64	+	9.52439	8.73e-06	0.0814	TTTATTGTTGA
12-ATTATTGCCGA	STREME-12	Chr1_47846509_47846609	55	65	-	9.52439	8.73e-06	0.0814	TTTATTGTTGA
12-ATTATTGCCGA	STREME-12	Chr3_4818974_4819074	9	19	-	9.46341	1.25e-05	0.116	ATTATCGCCGA
12-ATTATTGCCGA	STREME-12	Chr3_27937574_27937674	12	22	-	9.2561	1.32e-05	0.121	ATTATTGCAGA
12-ATTATTGCCGA	STREME-12	Chr2_18292004_18292104	53	63	+	9.2561	1.32e-05	0.121	ATTATTGCAGA
12-ATTATTGCCGA	STREME-12	Chr15_9405212_9405312	5	15	+	9.15854	1.6e-05	0.145	ATTATTACCGA
12-ATTATTGCCGA	STREME-12	Chr6_8645818_8645918	18	28	+	9.15854	1.6e-05	0.145	ATTATTGCCAA
12-ATTATTGCCGA	STREME-12	Chr12_19455420_19455520	34	44	+	9.15854	1.6e-05	0.145	ATTATTACCGA
12-ATTATTGCCGA	STREME-12	Chr6_839392_839492	77	87	-	9.15854	1.6e-05	0.145	ATTATTGCCCA
12-ATTATTGCCGA	STREME-12	Chr12_15781254_15781354	11	21	-	8.54878	1.69e-05	0.152	ACTATTGTTGA
12-ATTATTGCCGA	STREME-12	Chr13_16040845_16040945	5	15	+	8.20732	1.72e-05	0.154	TTTGTTGTCGA
12-ATTATTGCCGA	STREME-12	Chr9_24668224_24668324	71	81	-	8.20732	1.72e-05	0.154	TTTGTTGTCGA
12-ATTATTGCCGA	STREME-12	Chr5_31161868_31161968	4	14	+	8.07317	1.78e-05	0.154	TATATTGCCGA
12-ATTATTGCCGA	STREME-12	Chr4_7733312_7733412	32	42	+	8.07317	1.78e-05	0.154	TATATTGCCGA
12-ATTATTGCCGA	STREME-12	Chr10_8189101_8189201	37	47	+	8.07317	1.78e-05	0.154	TATATTGCCGA
12-ATTATTGCCGA	STREME-12	Chr3_10983250_10983350	38	48	+	8.07317	1.78e-05	0.154	TATATTGCCGA
12-ATTATTGCCGA	STREME-12	Chr6_29580292_29580392	71	81	-	8.07317	1.78e-05	0.154	TATATTGCCGA
12-ATTATTGCCGA	STREME-12	Chr2_31636998_31637098	74	84	-	8.07317	1.78e-05	0.154	TATATTGCCGA
12-ATTATTGCCGA	STREME-12	Chr3_583029_583129	85	95	-	8.07317	1.78e-05	0.154	TATATTGCCGA
12-ATTATTGCCGA	STREME-12	Chr10_7759423_7759523	17	27	-	7.89024	2.16e-05	0.184	TTCATTGCCGA
12-ATTATTGCCGA	STREME-12	Chr2_6001447_6001547	29	39	+	7.89024	2.16e-05	0.184	TTCATTGCCGA
12-ATTATTGCCGA	STREME-12	Chr1_48324792_48324892	43	53	+	7.89024	2.16e-05	0.184	TTCATTGCCGA
12-ATTATTGCCGA	STREME-12	Chr3_5198773_5198873	6	16	+	7.68293	2.23e-05	0.188	TTTATTGCAGA
12-ATTATTGCCGA	STREME-12	Chr11_17548229_17548329	36	46	+	7.68293	2.23e-05	0.188	TTTATTGCAGA
12-ATTATTGCCGA	STREME-12	Chr13_9340834_9340934	3	13	+	7.58537	2.51e-05	0.209	TTTATTGCCAA
12-ATTATTGCCGA	STREME-12	Chr9_12436651_12436751	22	32	+	7.58537	2.51e-05	0.209	TTTATTGCCAA
12-ATTATTGCCGA	STREME-12	Chr7_7722312_7722412	40	50	+	7.58537	2.51e-05	0.209	TTTATTGCCTA
12-ATTATTGCCGA	STREME-12	Chr1_27004519_27004619	33	43	-	7.58537	2.51e-05	0.209	TTTATTTCCGA
12-ATTATTGCCGA	STREME-12	Chr1_12816717_12816817	88	98	+	7.23171	2.57e-05	0.213	ACTGTTGTCGA
12-ATTATTGCCGA	STREME-12	Chr2_19962255_19962355	10	20	+	6.93902	2.7e-05	0.218	ACTTTTGCCGA
12-ATTATTGCCGA	STREME-12	Chr2_7449001_7449101	15	25	+	6.93902	2.7e-05	0.218	ACTTTTGCCGA
12-ATTATTGCCGA	STREME-12	Chr3_31637237_31637337	9	19	-	6.93902	2.7e-05	0.218	ACTTTTGCCGA
12-ATTATTGCCGA	STREME-12	Chr15_23682004_23682104	27	37	-	6.93902	2.7e-05	0.218	ACTTTTGCCGA
12-ATTATTGCCGA	STREME-12	Chr3_31661777_31661877	53	63	+	6.93902	2.7e-05	0.218	ACTTTTGCCGA
12-ATTATTGCCGA	STREME-12	Chr3_31620145_31620245	66	76	-	6.93902	2.7e-05	0.218	ACTTTTGCCGA
12-ATTATTGCCGA	STREME-12	Chr1_23690059_23690159	81	91	+	6.93902	2.7e-05	0.218	ACTTTTGCCGA
12-ATTATTGCCGA	STREME-12	Chr11_14801423_14801523	43	53	+	6.91463	2.96e-05	0.23	ACGATTGCCGA
12-ATTATTGCCGA	STREME-12	Chr1_25900468_25900568	49	59	+	6.91463	2.96e-05	0.23	ACCATTGCCGA
12-ATTATTGCCGA	STREME-12	Chr3_3598811_3598911	60	70	+	6.91463	2.96e-05	0.23	ACCATTGCCGA
12-ATTATTGCCGA	STREME-12	Chr11_14801423_14801523	68	78	+	6.91463	2.96e-05	0.23	ACGATTGCCGA
12-ATTATTGCCGA	STREME-12	Chr8_25403631_25403731	59	69	-	6.91463	2.96e-05	0.23	ACCATTGCCGA
12-ATTATTGCCGA	STREME-12	Chr14_16498726_16498826	71	81	+	6.91463	2.96e-05	0.23	ACCATTGCCGA
12-ATTATTGCCGA	STREME-12	Chr3_21266729_21266829	75	85	+	6.91463	2.96e-05	0.23	ACTAGTGCCGA
12-ATTATTGCCGA	STREME-12	Chr1_9647152_9647252	77	87	+	6.91463	2.96e-05	0.23	ACTATCGCCGA
12-ATTATTGCCGA	STREME-12	Chr10_16560276_16560376	74	84	-	6.91463	2.96e-05	0.23	ACCATTGCCGA
12-ATTATTGCCGA	STREME-12	Chr3_3064934_3065034	47	57	-	6.64634	3.08e-05	0.238	ACTATTGACGA
12-ATTATTGCCGA	STREME-12	Chr12_9709582_9709682	45	55	-	6.60976	3.25e-05	0.248	ACTATTCCCGA
12-ATTATTGCCGA	STREME-12	Chr4_14023888_14023988	83	93	+	6.60976	3.25e-05	0.248	ACTATTGCCAA
12-ATTATTGCCGA	STREME-12	Chr3_22643105_22643205	18	28	-	5.70732	3.31e-05	0.248	GTTGTTGCTGA
12-ATTATTGCCGA	STREME-12	Chr8_6055876_6055976	37	47	+	5.70732	3.31e-05	0.248	GTTGTTGCTGA
12-ATTATTGCCGA	STREME-12	Chr4_8244194_8244294	5	15	+	5.67073	3.34e-05	0.248	ATTGTTGTTGA
12-ATTATTGCCGA	STREME-12	Chr4_12630252_12630352	47	57	-	5.67073	3.34e-05	0.248	ATTGTTGTTGA
12-ATTATTGCCGA	STREME-12	Chr4_9165395_9165495	88	98	+	5.67073	3.34e-05	0.248	ATTGTTGTTGA
12-ATTATTGCCGA	STREME-12	Chr13_8263461_8263561	6	16	-	5.53659	3.44e-05	0.248	AATATTGCTGA
12-ATTATTGCCGA	STREME-12	Chr13_13080049_13080149	7	17	-	5.53659	3.44e-05	0.248	AGTATTGCTGA
12-ATTATTGCCGA	STREME-12	Chr2_5508860_5508960	8	18	-	5.53659	3.44e-05	0.248	AATATTGCTGA
12-ATTATTGCCGA	STREME-12	Chr8_24033912_24034012	74	84	-	5.53659	3.44e-05	0.248	AATATTGCTGA
12-ATTATTGCCGA	STREME-12	Chr6_22349282_22349382	1	11	-	5.5122	3.48e-05	0.248	GTTATTGTTGA
12-ATTATTGCCGA	STREME-12	Chr15_8928262_8928362	1	11	-	5.5122	3.48e-05	0.248	GTTATTGTTGA
12-ATTATTGCCGA	STREME-12	Chr9_13114826_13114926	11	21	-	5.5122	3.48e-05	0.248	GTTATTGTTGA
12-ATTATTGCCGA	STREME-12	Chr13_10945663_10945763	19	29	-	5.5122	3.48e-05	0.248	GTTATTGTTGA
12-ATTATTGCCGA	STREME-12	Chr11_16099732_16099832	34	44	-	5.5122	3.48e-05	0.248	GTTATTGTTGA
12-ATTATTGCCGA	STREME-12	Chr2_32501471_32501571	40	50	-	5.5122	3.48e-05	0.248	GTTATTGTTGA
12-ATTATTGCCGA	STREME-12	Chr1_43575761_43575861	51	61	+	5.5122	3.48e-05	0.248	GTTATTGTTGA
12-ATTATTGCCGA	STREME-12	Chr5_28925894_28925994	57	67	+	5.5122	3.48e-05	0.248	GTTATTGTTGA
12-ATTATTGCCGA	STREME-12	Chr3_35905492_35905592	69	79	+	5.5122	3.48e-05	0.248	GTTATTGTTGA
12-ATTATTGCCGA	STREME-12	Chr10_8496036_8496136	83	93	+	5.5122	3.48e-05	0.248	GTTATTGTTGA
12-ATTATTGCCGA	STREME-12	Chr3_17552428_17552528	79	89	-	5.5122	3.48e-05	0.248	GTTATTGTTGA
12-ATTATTGCCGA	STREME-12	Chr12_6472570_6472670	3	13	+	5.37805	3.54e-05	0.25	ATTCTTGCTGA
12-ATTATTGCCGA	STREME-12	Chr11_12749751_12749851	21	31	+	5.37805	3.54e-05	0.25	ATTTTTGCTGA
12-ATTATTGCCGA	STREME-12	Chr3_9507544_9507644	66	76	+	5.37805	3.54e-05	0.25	ATTTTTGCTGA
12-ATTATTGCCGA	STREME-12	Chr2_33361303_33361403	32	42	-	5.35366	3.99e-05	0.279	ATTATCGCTGA
12-ATTATTGCCGA	STREME-12	Chr3_5938398_5938498	64	74	+	5.35366	3.99e-05	0.279	ATTACTGCTGA
12-ATTATTGCCGA	STREME-12	Chr6_26771827_26771927	75	85	+	5.35366	3.99e-05	0.279	ATGATTGCTGA
12-ATTATTGCCGA	STREME-12	Chr4_27263253_27263353	12	22	-	5.34146	4.25e-05	0.294	TCCATTGCCGA
12-ATTATTGCCGA	STREME-12	Chr6_17999340_17999440	60	70	-	5.34146	4.25e-05	0.294	TCGATTGCCGA
12-ATTATTGCCGA	STREME-12	Chr8_25717975_25718075	72	82	-	5.34146	4.25e-05	0.294	TCTATCGCCGA
12-ATTATTGCCGA	STREME-12	Chr6_31412227_31412327	77	87	+	5.13415	4.31e-05	0.296	TCTATTGCAGA
12-ATTATTGCCGA	STREME-12	Chr2_18089617_18089717	83	93	+	5.13415	4.31e-05	0.296	TCTATTGCAGA
12-ATTATTGCCGA	STREME-12	Chr2_15477506_15477606	43	53	-	5.08537	4.39e-05	0.301	ATTATTGGTGA
12-ATTATTGCCGA	STREME-12	Chr14_9951053_9951153	14	24	+	5.04878	4.71e-05	0.32	ATTATTACTGA
12-ATTATTGCCGA	STREME-12	Chr2_31130116_31130216	89	99	+	5.04878	4.71e-05	0.32	ATTATTGCTCA
12-ATTATTGCCGA	STREME-12	Chr7_6300225_6300325	19	29	+	5.03659	4.89e-05	0.329	TCTATTCCCGA
12-ATTATTGCCGA	STREME-12	Chr7_3722290_3722390	21	31	-	5.03659	4.89e-05	0.329	TCTATTGCCAA
12-ATTATTGCCGA	STREME-12	Chr14_8166395_8166495	66	76	+	5.03659	4.89e-05	0.329	TCTATTTCCGA
12-ATTATTGCCGA	STREME-12	Chr11_25708640_25708740	16	26	+	4.21951	4.98e-05	0.332	AGTGTTGCCGA
12-ATTATTGCCGA	STREME-12	Chr7_988976_989076	49	59	-	4.21951	4.98e-05	0.332	AATGTTGCCGA
12-ATTATTGCCGA	STREME-12	Chr1_9767961_9768061	55	65	-	4.19512	5.01e-05	0.332	GTTGTTGTCGA
12-ATTATTGCCGA	STREME-12	Chr14_17044398_17044498	74	84	-	4.19512	5.01e-05	0.332	GTTGTTGTCGA
12-ATTATTGCCGA	STREME-12	Chr1_29531151_29531251	76	86	+	4.09756	5.04e-05	0.333	TTTGTTGTTGA
12-ATTATTGCCGA	STREME-12	Chr2_17290942_17291042	79	89	+	4.09756	5.04e-05	0.333	TTTGTTGTTGA
12-ATTATTGCCGA	STREME-12	Chr10_13595759_13595859	23	33	-	4.03659	5.35e-05	0.346	ATTGGTGCCGA
12-ATTATTGCCGA	STREME-12	Chr1_19986969_19987069	35	45	+	4.03659	5.35e-05	0.346	ATTGATGCCGA
12-ATTATTGCCGA	STREME-12	Chr15_4312044_4312144	38	48	+	4.03659	5.35e-05	0.346	ATTGTTGCCGT
12-ATTATTGCCGA	STREME-12	Chr13_22488194_22488294	40	50	+	4.03659	5.35e-05	0.346	ATTGCTGCCGA
12-ATTATTGCCGA	STREME-12	Chr10_11728707_11728807	53	63	+	4.03659	5.35e-05	0.346	ATTGTCGCCGA
12-ATTATTGCCGA	STREME-12	Chr8_13567447_13567547	61	71	-	4.03659	5.35e-05	0.346	ATTGTTGCCGC
12-ATTATTGCCGA	STREME-12	Chr1_38937399_38937499	33	43	+	4.02439	5.42e-05	0.35	AGTATTGTCGA
12-ATTATTGCCGA	STREME-12	Chr6_4068572_4068672	55	65	-	3.96341	5.49e-05	0.351	TGTATTGCTGA
12-ATTATTGCCGA	STREME-12	Chr3_29341903_29342003	80	90	-	3.96341	5.49e-05	0.351	TGTATTGCTGA
12-ATTATTGCCGA	STREME-12	Chr1_19726782_19726882	90	100	-	3.96341	5.49e-05	0.351	TGTATTGCTGA
12-ATTATTGCCGA	STREME-12	Chr4_626842_626942	41	51	-	3.87805	5.79e-05	0.369	GTTATGGCCGA
12-ATTATTGCCGA	STREME-12	Chr3_10542252_10542352	5	15	+	3.86585	5.86e-05	0.371	ATTCTTGTCGA
12-ATTATTGCCGA	STREME-12	Chr3_7987531_7987631	5	15	-	3.86585	5.86e-05	0.371	ATTCTTGTCGA
12-ATTATTGCCGA	STREME-12	Chr10_16309546_16309646	59	69	-	3.84146	6.26e-05	0.382	ATGATTGTCGA
12-ATTATTGCCGA	STREME-12	Chr9_27778491_27778591	73	83	-	3.84146	6.26e-05	0.382	ATTAGTGTCGA
12-ATTATTGCCGA	STREME-12	Chr3_4517494_4517594	15	25	+	3.82927	6.32e-05	0.382	ATTGTTGCAGA
12-ATTATTGCCGA	STREME-12	Chr2_1997193_1997293	21	31	+	3.82927	6.32e-05	0.382	ATTGTTGCAGA
12-ATTATTGCCGA	STREME-12	Chr11_22663108_22663208	83	93	-	3.82927	6.32e-05	0.382	ATTGTTGCGGA
12-ATTATTGCCGA	STREME-12	Chr12_11861669_11861769	3	13	+	3.80488	6.39e-05	0.382	TTTCTTGCTGA
12-ATTATTGCCGA	STREME-12	Chr12_13792144_13792244	10	20	+	3.80488	6.39e-05	0.382	TTTCTTGCTGA
12-ATTATTGCCGA	STREME-12	Chr3_31394393_31394493	1	11	-	3.80488	6.39e-05	0.382	TTTCTTGCTGA
12-ATTATTGCCGA	STREME-12	Chr5_1665294_1665394	1	11	-	3.80488	6.39e-05	0.382	TTTCTTGCTGA
12-ATTATTGCCGA	STREME-12	Chr13_14952051_14952151	21	31	+	3.80488	6.39e-05	0.382	TTTCTTGCTGA
12-ATTATTGCCGA	STREME-12	Chr3_20642799_20642899	24	34	+	3.80488	6.39e-05	0.382	TTTCTTGCTGA
12-ATTATTGCCGA	STREME-12	Chr8_16631866_16631966	20	30	-	3.80488	6.39e-05	0.382	TTTCTTGCTGA
12-ATTATTGCCGA	STREME-12	Chr11_19273956_19274056	43	53	+	3.80488	6.39e-05	0.382	TTTCTTGCTGA
12-ATTATTGCCGA	STREME-12	Chr5_6188078_6188178	46	56	+	3.80488	6.39e-05	0.382	TTTCTTGCTGA
12-ATTATTGCCGA	STREME-12	Chr2_26892432_26892532	53	63	+	3.80488	6.39e-05	0.382	TTTCTTGCTGA
12-ATTATTGCCGA	STREME-12	Chr8_16243396_16243496	71	81	-	3.80488	6.39e-05	0.382	TTTCTTGCTGA
12-ATTATTGCCGA	STREME-12	Chr15_1092744_1092844	83	93	+	3.80488	6.39e-05	0.382	TTTCTTGCTGA
12-ATTATTGCCGA	STREME-12	Chr13_5686064_5686164	83	93	+	3.80488	6.39e-05	0.382	TTTCTTGCTGA
12-ATTATTGCCGA	STREME-12	Chr12_16338453_16338553	1	11	+	3.78049	6.79e-05	0.391	TTAATTGCTGA
12-ATTATTGCCGA	STREME-12	Chr5_21539567_21539667	16	26	+	3.78049	6.79e-05	0.391	TTTATAGCTGA
12-ATTATTGCCGA	STREME-12	Chr10_25928992_25929092	16	26	+	3.78049	6.79e-05	0.391	TTAATTGCTGA
12-ATTATTGCCGA	STREME-12	Chr1_11029843_11029943	23	33	+	3.78049	6.79e-05	0.391	TTAATTGCTGA
12-ATTATTGCCGA	STREME-12	Chr14_14344281_14344381	44	54	+	3.78049	6.79e-05	0.391	TTAATTGCTGA
12-ATTATTGCCGA	STREME-12	Chr1_32792380_32792480	43	53	-	3.78049	6.79e-05	0.391	TTAATTGCTGA
12-ATTATTGCCGA	STREME-12	Chr5_32514578_32514678	44	54	-	3.78049	6.79e-05	0.391	TTAATTGCTGA
12-ATTATTGCCGA	STREME-12	Chr14_9470154_9470254	64	74	+	3.78049	6.79e-05	0.391	TTAATTGCTGA
12-ATTATTGCCGA	STREME-12	Chr8_18605937_18606037	59	69	-	3.78049	6.79e-05	0.391	TTAATTGCTGA
12-ATTATTGCCGA	STREME-12	Chr10_17600948_17601048	78	88	-	3.78049	6.79e-05	0.391	TTAATTGCTGA
12-ATTATTGCCGA	STREME-12	Chr10_25914189_25914289	82	92	-	3.78049	6.79e-05	0.391	TTAATTGCTGA
12-ATTATTGCCGA	STREME-12	Chr10_13290787_13290887	83	93	-	3.78049	6.79e-05	0.391	TTAATTGCTGA
12-ATTATTGCCGA	STREME-12	Chr15_16786632_16786732	88	98	-	3.78049	6.79e-05	0.391	TTAATTGCTGA
12-ATTATTGCCGA	STREME-12	Chr9_24841498_24841598	20	30	-	3.76829	6.84e-05	0.392	ATTGTTGACGA
12-ATTATTGCCGA	STREME-12	Chr1_28184719_28184819	75	85	+	3.76829	6.84e-05	0.392	ATTGTTGACGA
12-ATTATTGCCGA	STREME-12	Chr7_14179072_14179172	10	20	-	3.73171	7.02e-05	0.395	ATTGTTGCCCA
12-ATTATTGCCGA	STREME-12	Chr14_3655179_3655279	17	27	-	3.73171	7.02e-05	0.395	ATTGTTGCCCA
12-ATTATTGCCGA	STREME-12	Chr1_43682274_43682374	38	48	+	3.73171	7.02e-05	0.395	ATTGTTGCCCA
12-ATTATTGCCGA	STREME-12	Chr3_22153886_22153986	56	66	-	3.73171	7.02e-05	0.395	ATTGTTGCCTA
12-ATTATTGCCGA	STREME-12	Chr1_20116276_20116376	62	72	-	3.73171	7.02e-05	0.395	ATTGTTGCCAA
12-ATTATTGCCGA	STREME-12	Chr1_23924505_23924605	88	98	+	3.73171	7.02e-05	0.395	ATTGTTACCGA
12-ATTATTGCCGA	STREME-12	Chr1_12873811_12873911	79	89	+	3.67073	7.07e-05	0.397	GTTATTGCAGA
12-ATTATTGCCGA	STREME-12	Chr2_35778476_35778576	11	21	+	3.63415	7.16e-05	0.401	ATTATTGTAGA
12-ATTATTGCCGA	STREME-12	Chr1_11719900_11720000	18	28	+	3.57317	7.39e-05	0.412	GTTATTGCCTA
12-ATTATTGCCGA	STREME-12	Chr4_11268639_11268739	22	32	-	3.57317	7.39e-05	0.412	GTTATTGCCCA
12-ATTATTGCCGA	STREME-12	Chr15_4126353_4126453	91	101	-	3.5122	7.74e-05	0.43	TTTATTGATGA
12-ATTATTGCCGA	STREME-12	Chr7_7650123_7650223	18	28	-	3.47561	8e-05	0.434	TTTATTACTGA
12-ATTATTGCCGA	STREME-12	Chr6_24108005_24108105	23	33	-	3.47561	8e-05	0.434	TTTATTACTGA
12-ATTATTGCCGA	STREME-12	Chr14_2529540_2529640	27	37	-	3.47561	8e-05	0.434	TTTATTACTGA
12-ATTATTGCCGA	STREME-12	Chr4_15851791_15851891	44	54	-	3.47561	8e-05	0.434	TTTATTCCTGA
12-ATTATTGCCGA	STREME-12	Chr13_13114837_13114937	60	70	+	3.47561	8e-05	0.434	TTTATTGCTCA
12-ATTATTGCCGA	STREME-12	Chr3_26201165_26201265	66	76	-	3.47561	8e-05	0.434	TTTATTCCTGA
12-ATTATTGCCGA	STREME-12	Chr1_11864002_11864102	77	87	+	3.47561	8e-05	0.434	TTTATTACTGA
12-ATTATTGCCGA	STREME-12	Chr3_25657061_25657161	24	34	+	3.15854	8.05e-05	0.434	GCTGTTGCTGA
12-ATTATTGCCGA	STREME-12	Chr8_24493910_24494010	25	35	+	3.15854	8.05e-05	0.434	GCTGTTGCTGA
12-ATTATTGCCGA	STREME-12	Chr1_7065274_7065374	31	41	+	3.15854	8.05e-05	0.434	GCTGTTGCTGA
12-ATTATTGCCGA	STREME-12	Chr3_25657061_25657161	45	55	+	3.15854	8.05e-05	0.434	GCTGTTGCTGA
12-ATTATTGCCGA	STREME-12	Chr10_11153352_11153452	36	46	-	2.96341	8.11e-05	0.435	GCTATTGTTGA
12-ATTATTGCCGA	STREME-12	Chr10_4015021_4015121	65	75	+	2.96341	8.11e-05	0.435	GCTATTGTTGA
12-ATTATTGCCGA	STREME-12	Chr5_27243371_27243471	4	14	-	2.80488	8.49e-05	0.453	ACTATTGCTGT
12-ATTATTGCCGA	STREME-12	Chr15_19282172_19282272	91	101	+	2.80488	8.49e-05	0.453	ACCATTGCTGA
12-ATTATTGCCGA	STREME-12	Chr3_8499983_8500083	27	37	+	2.53659	8.6e-05	0.458	ACTATTGATGA
12-ATTATTGCCGA	STREME-12	Chr2_7467864_7467964	29	39	-	2.46341	9.08e-05	0.477	TTTGGTGCCGA
12-ATTATTGCCGA	STREME-12	Chr8_185893_185993	39	49	-	2.46341	9.08e-05	0.477	TTTGTTGCCGC
12-ATTATTGCCGA	STREME-12	Chr10_25463847_25463947	50	60	+	2.46341	9.08e-05	0.477	TTTGGTGCCGA
12-ATTATTGCCGA	STREME-12	Chr1_42264374_42264474	76	86	+	2.46341	9.08e-05	0.477	TTGGTTGCCGA
12-ATTATTGCCGA	STREME-12	Chr15_5628042_5628142	73	83	-	2.46341	9.08e-05	0.477	TTTGATGCCGA
12-ATTATTGCCGA	STREME-12	Chr1_31204013_31204113	6	16	+	2.29268	9.22e-05	0.483	TTTCTTGTCGA
12-ATTATTGCCGA	STREME-12	Chr7_5165635_5165735	26	36	-	2.26829	9.62e-05	0.496	TTTATCGTCGA
12-ATTATTGCCGA	STREME-12	Chr5_14246164_14246264	91	101	+	2.26829	9.62e-05	0.496	TTTACTGTCGA
12-ATTATTGCCGA	STREME-12	Chr5_5925315_5925415	87	97	-	2.26829	9.62e-05	0.496	TTTATAGTCGA
12-ATTATTGCCGA	STREME-12	Chr1_30387506_30387606	43	53	-	2.2561	9.67e-05	0.496	TTTGTTGCGGA
12-ATTATTGCCGA	STREME-12	Chr8_2985657_2985757	54	64	+	2.2561	9.67e-05	0.496	TTTGTTGCAGA
12-ATTATTGCCGA	STREME-12	Chr3_13670712_13670812	44	54	-	2.2561	9.67e-05	0.496	TTTGTTGCAGA
12-ATTATTGCCGA	STREME-12	Chr1_35744177_35744277	59	69	+	2.2561	9.67e-05	0.496	TTTGTTGCAGA
12-ATTATTGCCGA	STREME-12	Chr2_10618915_10619015	59	69	-	2.2561	9.67e-05	0.496	TTTGTTGCAGA
12-ATTATTGCCGA	STREME-12	Chr5_27986863_27986963	59	69	+	2.19512	9.73e-05	0.498	TTTGTTGACGA
12-ATTATTGCCGA	STREME-12	Chr2_24955148_24955248	11	21	-	2.15854	9.9e-05	0.501	TTTGTTGCCAA
12-ATTATTGCCGA	STREME-12	Chr15_17357339_17357439	29	39	-	2.15854	9.9e-05	0.501	TTTGTTGCCCA
12-ATTATTGCCGA	STREME-12	Chr9_28970841_28970941	35	45	-	2.15854	9.9e-05	0.501	TTTGTTACCGA
12-ATTATTGCCGA	STREME-12	Chr2_1441953_1442053	90	100	-	2.15854	9.9e-05	0.501	TTTGTTACCGA
12-ATTATTGCCGA	STREME-12	Chr2_1947482_1947582	12	22	+	2.06098	9.99e-05	0.503	TTTATTGTGGA
12-ATTATTGCCGA	STREME-12	Chr1_31506323_31506423	59	69	+	2.06098	9.99e-05	0.503	TTTATTGTGGA

# FIMO (Find Individual Motif Occurrences): Version 5.5.1 compiled on Apr 10 2023 at 16:56:57
# The format of this file is described at https://meme-suite.org/meme/doc/fimo-output-format.html.
# fimo --parse-genomic-coord --verbosity 1 --oc LITCHI007109.meme_chip/fimo_out_13 --bgfile LITCHI007109.meme_chip/background --motif 12-ATTATTGCCGA LITCHI007109.meme_chip/streme_out/streme.xml LITCHI007109.meme_chip/LITCHI007109.peak.region.fa
