motif_id	motif_alt_id	sequence_name	start	stop	strand	score	p-value	q-value	matched_sequence
9-CACGTCTTTCAAC	STREME-9	Chr7_10364757_10364857	8	20	+	22.8289	1.54e-08	0.000241	CACGTCTTTCAAC
9-CACGTCTTTCAAC	STREME-9	Chr7_10997773_10997873	13	25	+	22.8289	1.54e-08	0.000241	CACGTCTTTCAAC
9-CACGTCTTTCAAC	STREME-9	Chr10_26130501_26130601	13	25	+	22.8289	1.54e-08	0.000241	CACGTCTTTCAAC
9-CACGTCTTTCAAC	STREME-9	Chr3_27465494_27465594	15	27	+	22.8289	1.54e-08	0.000241	CACGTCTTTCAAC
9-CACGTCTTTCAAC	STREME-9	Chr14_21276967_21277067	4	16	-	22.8289	1.54e-08	0.000241	CACGTCTTTCAAC
9-CACGTCTTTCAAC	STREME-9	Chr1_45231450_45231550	16	28	+	22.8289	1.54e-08	0.000241	CACGTCTTTCAAC
9-CACGTCTTTCAAC	STREME-9	Chr10_20700216_20700316	16	28	+	22.8289	1.54e-08	0.000241	CACGTCTTTCAAC
9-CACGTCTTTCAAC	STREME-9	Chr6_15030792_15030892	5	17	-	22.8289	1.54e-08	0.000241	CACGTCTTTCAAC
9-CACGTCTTTCAAC	STREME-9	Chr6_668538_668638	7	19	-	22.8289	1.54e-08	0.000241	CACGTCTTTCAAC
9-CACGTCTTTCAAC	STREME-9	Chr5_9200912_9201012	8	20	-	22.8289	1.54e-08	0.000241	CACGTCTTTCAAC
9-CACGTCTTTCAAC	STREME-9	Chr3_29701169_29701269	22	34	+	22.8289	1.54e-08	0.000241	CACGTCTTTCAAC
9-CACGTCTTTCAAC	STREME-9	Chr2_12681133_12681233	22	34	+	22.8289	1.54e-08	0.000241	CACGTCTTTCAAC
9-CACGTCTTTCAAC	STREME-9	Chr7_17821988_17822088	11	23	-	22.8289	1.54e-08	0.000241	CACGTCTTTCAAC
9-CACGTCTTTCAAC	STREME-9	Chr11_15725517_15725617	12	24	-	22.8289	1.54e-08	0.000241	CACGTCTTTCAAC
9-CACGTCTTTCAAC	STREME-9	Chr2_29945570_29945670	14	26	-	22.8289	1.54e-08	0.000241	CACGTCTTTCAAC
9-CACGTCTTTCAAC	STREME-9	Chr10_13656621_13656721	27	39	+	22.8289	1.54e-08	0.000241	CACGTCTTTCAAC
9-CACGTCTTTCAAC	STREME-9	Chr5_15151642_15151742	15	27	-	22.8289	1.54e-08	0.000241	CACGTCTTTCAAC
9-CACGTCTTTCAAC	STREME-9	Chr9_17195584_17195684	28	40	+	22.8289	1.54e-08	0.000241	CACGTCTTTCAAC
9-CACGTCTTTCAAC	STREME-9	Chr4_33034704_33034804	28	40	+	22.8289	1.54e-08	0.000241	CACGTCTTTCAAC
9-CACGTCTTTCAAC	STREME-9	Chr9_8051079_8051179	28	40	+	22.8289	1.54e-08	0.000241	CACGTCTTTCAAC
9-CACGTCTTTCAAC	STREME-9	Chr9_15376963_15377063	17	29	-	22.8289	1.54e-08	0.000241	CACGTCTTTCAAC
9-CACGTCTTTCAAC	STREME-9	Chr13_7692276_7692376	29	41	+	22.8289	1.54e-08	0.000241	CACGTCTTTCAAC
9-CACGTCTTTCAAC	STREME-9	Chr13_3956338_3956438	17	29	-	22.8289	1.54e-08	0.000241	CACGTCTTTCAAC
9-CACGTCTTTCAAC	STREME-9	Chr8_3562624_3562724	17	29	-	22.8289	1.54e-08	0.000241	CACGTCTTTCAAC
9-CACGTCTTTCAAC	STREME-9	Chr4_18017294_18017394	18	30	-	22.8289	1.54e-08	0.000241	CACGTCTTTCAAC
9-CACGTCTTTCAAC	STREME-9	Chr1_37689223_37689323	31	43	+	22.8289	1.54e-08	0.000241	CACGTCTTTCAAC
9-CACGTCTTTCAAC	STREME-9	Chr1_21557923_21558023	19	31	-	22.8289	1.54e-08	0.000241	CACGTCTTTCAAC
9-CACGTCTTTCAAC	STREME-9	Chr9_9798537_9798637	31	43	+	22.8289	1.54e-08	0.000241	CACGTCTTTCAAC
9-CACGTCTTTCAAC	STREME-9	Chr3_14953452_14953552	21	33	-	22.8289	1.54e-08	0.000241	CACGTCTTTCAAC
9-CACGTCTTTCAAC	STREME-9	Chr14_12470033_12470133	21	33	-	22.8289	1.54e-08	0.000241	CACGTCTTTCAAC
9-CACGTCTTTCAAC	STREME-9	Chr4_23307343_23307443	21	33	-	22.8289	1.54e-08	0.000241	CACGTCTTTCAAC
9-CACGTCTTTCAAC	STREME-9	Chr1_32380689_32380789	21	33	-	22.8289	1.54e-08	0.000241	CACGTCTTTCAAC
9-CACGTCTTTCAAC	STREME-9	Chr8_6031178_6031278	35	47	+	22.8289	1.54e-08	0.000241	CACGTCTTTCAAC
9-CACGTCTTTCAAC	STREME-9	Chr2_10321046_10321146	24	36	-	22.8289	1.54e-08	0.000241	CACGTCTTTCAAC
9-CACGTCTTTCAAC	STREME-9	Chr14_17023044_17023144	37	49	+	22.8289	1.54e-08	0.000241	CACGTCTTTCAAC
9-CACGTCTTTCAAC	STREME-9	Chr10_20566371_20566471	37	49	+	22.8289	1.54e-08	0.000241	CACGTCTTTCAAC
9-CACGTCTTTCAAC	STREME-9	Chr12_7606368_7606468	39	51	+	22.8289	1.54e-08	0.000241	CACGTCTTTCAAC
9-CACGTCTTTCAAC	STREME-9	Chr12_2698466_2698566	40	52	+	22.8289	1.54e-08	0.000241	CACGTCTTTCAAC
9-CACGTCTTTCAAC	STREME-9	Chr14_19390443_19390543	28	40	-	22.8289	1.54e-08	0.000241	CACGTCTTTCAAC
9-CACGTCTTTCAAC	STREME-9	Chr2_39344296_39344396	41	53	+	22.8289	1.54e-08	0.000241	CACGTCTTTCAAC
9-CACGTCTTTCAAC	STREME-9	Chr10_17818917_17819017	41	53	+	22.8289	1.54e-08	0.000241	CACGTCTTTCAAC
9-CACGTCTTTCAAC	STREME-9	Chr3_19913507_19913607	29	41	-	22.8289	1.54e-08	0.000241	CACGTCTTTCAAC
9-CACGTCTTTCAAC	STREME-9	Chr8_22566843_22566943	42	54	+	22.8289	1.54e-08	0.000241	CACGTCTTTCAAC
9-CACGTCTTTCAAC	STREME-9	Chr5_22595840_22595940	42	54	+	22.8289	1.54e-08	0.000241	CACGTCTTTCAAC
9-CACGTCTTTCAAC	STREME-9	Chr9_339659_339759	32	44	-	22.8289	1.54e-08	0.000241	CACGTCTTTCAAC
9-CACGTCTTTCAAC	STREME-9	Chr14_12811741_12811841	33	45	-	22.8289	1.54e-08	0.000241	CACGTCTTTCAAC
9-CACGTCTTTCAAC	STREME-9	Chr2_10932246_10932346	45	57	+	22.8289	1.54e-08	0.000241	CACGTCTTTCAAC
9-CACGTCTTTCAAC	STREME-9	Chr7_24643314_24643414	45	57	+	22.8289	1.54e-08	0.000241	CACGTCTTTCAAC
9-CACGTCTTTCAAC	STREME-9	Chr1_7258167_7258267	45	57	+	22.8289	1.54e-08	0.000241	CACGTCTTTCAAC
9-CACGTCTTTCAAC	STREME-9	Chr8_16532839_16532939	46	58	+	22.8289	1.54e-08	0.000241	CACGTCTTTCAAC
9-CACGTCTTTCAAC	STREME-9	Chr1_22787499_22787599	34	46	-	22.8289	1.54e-08	0.000241	CACGTCTTTCAAC
9-CACGTCTTTCAAC	STREME-9	Chr3_21266729_21266829	34	46	-	22.8289	1.54e-08	0.000241	CACGTCTTTCAAC
9-CACGTCTTTCAAC	STREME-9	Chr4_10510632_10510732	34	46	-	22.8289	1.54e-08	0.000241	CACGTCTTTCAAC
9-CACGTCTTTCAAC	STREME-9	Chr7_8192102_8192202	47	59	+	22.8289	1.54e-08	0.000241	CACGTCTTTCAAC
9-CACGTCTTTCAAC	STREME-9	Chr8_14274280_14274380	47	59	+	22.8289	1.54e-08	0.000241	CACGTCTTTCAAC
9-CACGTCTTTCAAC	STREME-9	Chr11_18219472_18219572	47	59	+	22.8289	1.54e-08	0.000241	CACGTCTTTCAAC
9-CACGTCTTTCAAC	STREME-9	Chr12_23891981_23892081	35	47	-	22.8289	1.54e-08	0.000241	CACGTCTTTCAAC
9-CACGTCTTTCAAC	STREME-9	Chr10_17432680_17432780	48	60	+	22.8289	1.54e-08	0.000241	CACGTCTTTCAAC
9-CACGTCTTTCAAC	STREME-9	Chr10_28114568_28114668	36	48	-	22.8289	1.54e-08	0.000241	CACGTCTTTCAAC
9-CACGTCTTTCAAC	STREME-9	Chr10_25395318_25395418	36	48	-	22.8289	1.54e-08	0.000241	CACGTCTTTCAAC
9-CACGTCTTTCAAC	STREME-9	Chr12_15381481_15381581	49	61	+	22.8289	1.54e-08	0.000241	CACGTCTTTCAAC
9-CACGTCTTTCAAC	STREME-9	Chr4_11039564_11039664	37	49	-	22.8289	1.54e-08	0.000241	CACGTCTTTCAAC
9-CACGTCTTTCAAC	STREME-9	Chr6_16151372_16151472	39	51	-	22.8289	1.54e-08	0.000241	CACGTCTTTCAAC
9-CACGTCTTTCAAC	STREME-9	Chr14_8129124_8129224	39	51	-	22.8289	1.54e-08	0.000241	CACGTCTTTCAAC
9-CACGTCTTTCAAC	STREME-9	Chr12_11022608_11022708	40	52	-	22.8289	1.54e-08	0.000241	CACGTCTTTCAAC
9-CACGTCTTTCAAC	STREME-9	Chr3_36004041_36004141	52	64	+	22.8289	1.54e-08	0.000241	CACGTCTTTCAAC
9-CACGTCTTTCAAC	STREME-9	Chr3_19865655_19865755	40	52	-	22.8289	1.54e-08	0.000241	CACGTCTTTCAAC
9-CACGTCTTTCAAC	STREME-9	Chr1_34807730_34807830	41	53	-	22.8289	1.54e-08	0.000241	CACGTCTTTCAAC
9-CACGTCTTTCAAC	STREME-9	Chr13_6250048_6250148	53	65	+	22.8289	1.54e-08	0.000241	CACGTCTTTCAAC
9-CACGTCTTTCAAC	STREME-9	Chr8_20117744_20117844	53	65	+	22.8289	1.54e-08	0.000241	CACGTCTTTCAAC
9-CACGTCTTTCAAC	STREME-9	Chr9_13012309_13012409	54	66	+	22.8289	1.54e-08	0.000241	CACGTCTTTCAAC
9-CACGTCTTTCAAC	STREME-9	Chr1_21588106_21588206	42	54	-	22.8289	1.54e-08	0.000241	CACGTCTTTCAAC
9-CACGTCTTTCAAC	STREME-9	Chr8_9847382_9847482	55	67	+	22.8289	1.54e-08	0.000241	CACGTCTTTCAAC
9-CACGTCTTTCAAC	STREME-9	Chr3_36074141_36074241	56	68	+	22.8289	1.54e-08	0.000241	CACGTCTTTCAAC
9-CACGTCTTTCAAC	STREME-9	Chr15_22633611_22633711	46	58	-	22.8289	1.54e-08	0.000241	CACGTCTTTCAAC
9-CACGTCTTTCAAC	STREME-9	Chr14_3270305_3270405	46	58	-	22.8289	1.54e-08	0.000241	CACGTCTTTCAAC
9-CACGTCTTTCAAC	STREME-9	Chr5_16780253_16780353	58	70	+	22.8289	1.54e-08	0.000241	CACGTCTTTCAAC
9-CACGTCTTTCAAC	STREME-9	Chr7_13798898_13798998	59	71	+	22.8289	1.54e-08	0.000241	CACGTCTTTCAAC
9-CACGTCTTTCAAC	STREME-9	Chr1_16315324_16315424	60	72	+	22.8289	1.54e-08	0.000241	CACGTCTTTCAAC
9-CACGTCTTTCAAC	STREME-9	Chr6_6467535_6467635	60	72	+	22.8289	1.54e-08	0.000241	CACGTCTTTCAAC
9-CACGTCTTTCAAC	STREME-9	Chr2_18494564_18494664	48	60	-	22.8289	1.54e-08	0.000241	CACGTCTTTCAAC
9-CACGTCTTTCAAC	STREME-9	Chr7_9304002_9304102	49	61	-	22.8289	1.54e-08	0.000241	CACGTCTTTCAAC
9-CACGTCTTTCAAC	STREME-9	Chr8_21489982_21490082	61	73	+	22.8289	1.54e-08	0.000241	CACGTCTTTCAAC
9-CACGTCTTTCAAC	STREME-9	Chr7_8560866_8560966	51	63	-	22.8289	1.54e-08	0.000241	CACGTCTTTCAAC
9-CACGTCTTTCAAC	STREME-9	Chr2_21826841_21826941	51	63	-	22.8289	1.54e-08	0.000241	CACGTCTTTCAAC
9-CACGTCTTTCAAC	STREME-9	Chr14_16141088_16141188	64	76	+	22.8289	1.54e-08	0.000241	CACGTCTTTCAAC
9-CACGTCTTTCAAC	STREME-9	Chr7_2223045_2223145	53	65	-	22.8289	1.54e-08	0.000241	CACGTCTTTCAAC
9-CACGTCTTTCAAC	STREME-9	Chr6_2030706_2030806	53	65	-	22.8289	1.54e-08	0.000241	CACGTCTTTCAAC
9-CACGTCTTTCAAC	STREME-9	Chr13_13694196_13694296	53	65	-	22.8289	1.54e-08	0.000241	CACGTCTTTCAAC
9-CACGTCTTTCAAC	STREME-9	Chr11_15474036_15474136	54	66	-	22.8289	1.54e-08	0.000241	CACGTCTTTCAAC
9-CACGTCTTTCAAC	STREME-9	Chr14_23340094_23340194	66	78	+	22.8289	1.54e-08	0.000241	CACGTCTTTCAAC
9-CACGTCTTTCAAC	STREME-9	Chr6_3594054_3594154	67	79	+	22.8289	1.54e-08	0.000241	CACGTCTTTCAAC
9-CACGTCTTTCAAC	STREME-9	Chr13_3593672_3593772	68	80	+	22.8289	1.54e-08	0.000241	CACGTCTTTCAAC
9-CACGTCTTTCAAC	STREME-9	Chr14_18222877_18222977	56	68	-	22.8289	1.54e-08	0.000241	CACGTCTTTCAAC
9-CACGTCTTTCAAC	STREME-9	Chr8_22106120_22106220	69	81	+	22.8289	1.54e-08	0.000241	CACGTCTTTCAAC
9-CACGTCTTTCAAC	STREME-9	Chr14_21522961_21523061	58	70	-	22.8289	1.54e-08	0.000241	CACGTCTTTCAAC
9-CACGTCTTTCAAC	STREME-9	Chr15_14041387_14041487	70	82	+	22.8289	1.54e-08	0.000241	CACGTCTTTCAAC
9-CACGTCTTTCAAC	STREME-9	Chr7_27926100_27926200	70	82	+	22.8289	1.54e-08	0.000241	CACGTCTTTCAAC
9-CACGTCTTTCAAC	STREME-9	Chr14_12511864_12511964	59	71	-	22.8289	1.54e-08	0.000241	CACGTCTTTCAAC
9-CACGTCTTTCAAC	STREME-9	Chr10_25548236_25548336	60	72	-	22.8289	1.54e-08	0.000241	CACGTCTTTCAAC
9-CACGTCTTTCAAC	STREME-9	Chr5_12712428_12712528	60	72	-	22.8289	1.54e-08	0.000241	CACGTCTTTCAAC
9-CACGTCTTTCAAC	STREME-9	Chr2_9647370_9647470	60	72	-	22.8289	1.54e-08	0.000241	CACGTCTTTCAAC
9-CACGTCTTTCAAC	STREME-9	Chr13_3668414_3668514	72	84	+	22.8289	1.54e-08	0.000241	CACGTCTTTCAAC
9-CACGTCTTTCAAC	STREME-9	Chr10_23169524_23169624	73	85	+	22.8289	1.54e-08	0.000241	CACGTCTTTCAAC
9-CACGTCTTTCAAC	STREME-9	Chr12_10734677_10734777	73	85	+	22.8289	1.54e-08	0.000241	CACGTCTTTCAAC
9-CACGTCTTTCAAC	STREME-9	Chr4_13021735_13021835	74	86	+	22.8289	1.54e-08	0.000241	CACGTCTTTCAAC
9-CACGTCTTTCAAC	STREME-9	Chr15_5734910_5735010	74	86	+	22.8289	1.54e-08	0.000241	CACGTCTTTCAAC
9-CACGTCTTTCAAC	STREME-9	Chr9_13074826_13074926	63	75	-	22.8289	1.54e-08	0.000241	CACGTCTTTCAAC
9-CACGTCTTTCAAC	STREME-9	Chr9_7395208_7395308	75	87	+	22.8289	1.54e-08	0.000241	CACGTCTTTCAAC
9-CACGTCTTTCAAC	STREME-9	Chr5_20655534_20655634	77	89	+	22.8289	1.54e-08	0.000241	CACGTCTTTCAAC
9-CACGTCTTTCAAC	STREME-9	Chr15_3194251_3194351	80	92	+	22.8289	1.54e-08	0.000241	CACGTCTTTCAAC
9-CACGTCTTTCAAC	STREME-9	Chr11_20282491_20282591	69	81	-	22.8289	1.54e-08	0.000241	CACGTCTTTCAAC
9-CACGTCTTTCAAC	STREME-9	Chr6_18515433_18515533	69	81	-	22.8289	1.54e-08	0.000241	CACGTCTTTCAAC
9-CACGTCTTTCAAC	STREME-9	Chr13_12592813_12592913	83	95	+	22.8289	1.54e-08	0.000241	CACGTCTTTCAAC
9-CACGTCTTTCAAC	STREME-9	Chr2_34309876_34309976	83	95	+	22.8289	1.54e-08	0.000241	CACGTCTTTCAAC
9-CACGTCTTTCAAC	STREME-9	Chr14_22097024_22097124	84	96	+	22.8289	1.54e-08	0.000241	CACGTCTTTCAAC
9-CACGTCTTTCAAC	STREME-9	Chr12_13286730_13286830	84	96	+	22.8289	1.54e-08	0.000241	CACGTCTTTCAAC
9-CACGTCTTTCAAC	STREME-9	Chr9_9153042_9153142	73	85	-	22.8289	1.54e-08	0.000241	CACGTCTTTCAAC
9-CACGTCTTTCAAC	STREME-9	Chr5_12981902_12982002	74	86	-	22.8289	1.54e-08	0.000241	CACGTCTTTCAAC
9-CACGTCTTTCAAC	STREME-9	Chr14_12278838_12278938	87	99	+	22.8289	1.54e-08	0.000241	CACGTCTTTCAAC
9-CACGTCTTTCAAC	STREME-9	Chr13_11011227_11011327	75	87	-	22.8289	1.54e-08	0.000241	CACGTCTTTCAAC
9-CACGTCTTTCAAC	STREME-9	Chr9_6614176_6614276	76	88	-	22.8289	1.54e-08	0.000241	CACGTCTTTCAAC
9-CACGTCTTTCAAC	STREME-9	Chr11_24363468_24363568	79	91	-	22.8289	1.54e-08	0.000241	CACGTCTTTCAAC
9-CACGTCTTTCAAC	STREME-9	Chr15_10588108_10588208	82	94	-	22.8289	1.54e-08	0.000241	CACGTCTTTCAAC
9-CACGTCTTTCAAC	STREME-9	Chr1_969625_969725	84	96	-	22.8289	1.54e-08	0.000241	CACGTCTTTCAAC
9-CACGTCTTTCAAC	STREME-9	Chr1_6723918_6724018	41	53	+	21.5789	4.03e-08	0.000625	CACGTCTTCCAAC
9-CACGTCTTTCAAC	STREME-9	Chr4_31463936_31464036	16	28	+	21.4079	5.27e-08	0.000741	CACGTCTCTCAAC
9-CACGTCTTTCAAC	STREME-9	Chr1_40828069_40828169	41	53	-	21.4079	5.27e-08	0.000741	CACGTCTCTCAAC
9-CACGTCTTTCAAC	STREME-9	Chr13_16734946_16735046	64	76	+	21.4079	5.27e-08	0.000741	CACGTCTCTCAAC
9-CACGTCTTTCAAC	STREME-9	Chr9_3374535_3374635	6	18	+	21.1316	6.51e-08	0.000741	CACGTCCTTCAAC
9-CACGTCTTTCAAC	STREME-9	Chr3_36177387_36177487	13	25	+	21.1316	6.51e-08	0.000741	CACGTCCTTCAAC
9-CACGTCTTTCAAC	STREME-9	Chr13_16863904_16864004	22	34	+	21.1316	6.51e-08	0.000741	CACGTCCTTCAAC
9-CACGTCTTTCAAC	STREME-9	Chr1_28396178_28396278	23	35	+	21.1316	6.51e-08	0.000741	CACGTCCTTCAAC
9-CACGTCTTTCAAC	STREME-9	Chr2_15716988_15717088	26	38	+	21.1316	6.51e-08	0.000741	CACGTCCTTCAAC
9-CACGTCTTTCAAC	STREME-9	Chr9_11789538_11789638	31	43	+	21.1316	6.51e-08	0.000741	CACGTCCTTCAAC
9-CACGTCTTTCAAC	STREME-9	Chr11_15969078_15969178	20	32	-	21.1316	6.51e-08	0.000741	CACGTCCTTCAAC
9-CACGTCTTTCAAC	STREME-9	Chr5_31553947_31554047	34	46	+	21.1316	6.51e-08	0.000741	CACGTCCTTCAAC
9-CACGTCTTTCAAC	STREME-9	Chr13_3178905_3179005	23	35	-	21.1316	6.51e-08	0.000741	CACGTCCTTCAAC
9-CACGTCTTTCAAC	STREME-9	Chr3_6575755_6575855	36	48	+	21.1316	6.51e-08	0.000741	CACGTCCTTCAAC
9-CACGTCTTTCAAC	STREME-9	Chr9_8345191_8345291	25	37	-	21.1316	6.51e-08	0.000741	CACGTCCTTCAAC
9-CACGTCTTTCAAC	STREME-9	Chr2_9925908_9926008	38	50	+	21.1316	6.51e-08	0.000741	CACGTCCTTCAAC
9-CACGTCTTTCAAC	STREME-9	Chr1_44226138_44226238	33	45	-	21.1316	6.51e-08	0.000741	CACGTCCTTCAAC
9-CACGTCTTTCAAC	STREME-9	Chr1_24352894_24352994	47	59	+	21.1316	6.51e-08	0.000741	CACGTCCTTCAAC
9-CACGTCTTTCAAC	STREME-9	Chr1_21465876_21465976	47	59	+	21.1316	6.51e-08	0.000741	CACGTCCTTCAAC
9-CACGTCTTTCAAC	STREME-9	Chr1_26742523_26742623	36	48	-	21.1316	6.51e-08	0.000741	CACGTCCTTCAAC
9-CACGTCTTTCAAC	STREME-9	Chr7_15070271_15070371	38	50	-	21.1316	6.51e-08	0.000741	CACGTCCTTCAAC
9-CACGTCTTTCAAC	STREME-9	Chr7_8026320_8026420	38	50	-	21.1316	6.51e-08	0.000741	CACGTCCTTCAAC
9-CACGTCTTTCAAC	STREME-9	Chr3_29940106_29940206	39	51	-	21.1316	6.51e-08	0.000741	CACGTCCTTCAAC
9-CACGTCTTTCAAC	STREME-9	Chr13_6323900_6324000	39	51	-	21.1316	6.51e-08	0.000741	CACGTCCTTCAAC
9-CACGTCTTTCAAC	STREME-9	Chr7_14587257_14587357	52	64	+	21.1316	6.51e-08	0.000741	CACGTCCTTCAAC
9-CACGTCTTTCAAC	STREME-9	Chr5_22552482_22552582	56	68	+	21.1316	6.51e-08	0.000741	CACGTCCTTCAAC
9-CACGTCTTTCAAC	STREME-9	Chr10_26516185_26516285	47	59	-	21.1316	6.51e-08	0.000741	CACGTCCTTCAAC
9-CACGTCTTTCAAC	STREME-9	Chr6_19069048_19069148	50	62	-	21.1316	6.51e-08	0.000741	CACGTCCTTCAAC
9-CACGTCTTTCAAC	STREME-9	Chr6_18311239_18311339	65	77	+	21.1316	6.51e-08	0.000741	CACGTCCTTCAAC
9-CACGTCTTTCAAC	STREME-9	Chr2_14477215_14477315	54	66	-	21.1316	6.51e-08	0.000741	CACGTCCTTCAAC
9-CACGTCTTTCAAC	STREME-9	Chr11_22184976_22185076	67	79	+	21.1316	6.51e-08	0.000741	CACGTCCTTCAAC
9-CACGTCTTTCAAC	STREME-9	Chr5_10366024_10366124	67	79	+	21.1316	6.51e-08	0.000741	CACGTCCTTCAAC
9-CACGTCTTTCAAC	STREME-9	Chr3_30554574_30554674	68	80	+	21.1316	6.51e-08	0.000741	CACGTCCTTCAAC
9-CACGTCTTTCAAC	STREME-9	Chr15_20149342_20149442	59	71	-	21.1316	6.51e-08	0.000741	CACGTCCTTCAAC
9-CACGTCTTTCAAC	STREME-9	Chr5_28602736_28602836	63	75	-	21.1316	6.51e-08	0.000741	CACGTCCTTCAAC
9-CACGTCTTTCAAC	STREME-9	Chr15_15655939_15656039	76	88	+	21.1316	6.51e-08	0.000741	CACGTCCTTCAAC
9-CACGTCTTTCAAC	STREME-9	Chr6_23589482_23589582	79	91	+	21.1316	6.51e-08	0.000741	CACGTCCTTCAAC
9-CACGTCTTTCAAC	STREME-9	Chr9_11854748_11854848	81	93	+	21.1316	6.51e-08	0.000741	CACGTCCTTCAAC
9-CACGTCTTTCAAC	STREME-9	Chr10_13997212_13997312	70	82	-	21.1316	6.51e-08	0.000741	CACGTCCTTCAAC
9-CACGTCTTTCAAC	STREME-9	Chr11_7671874_7671974	71	83	-	21.1316	6.51e-08	0.000741	CACGTCCTTCAAC
9-CACGTCTTTCAAC	STREME-9	Chr7_24329238_24329338	86	98	+	21.1316	6.51e-08	0.000741	CACGTCCTTCAAC
9-CACGTCTTTCAAC	STREME-9	Chr14_15558165_15558265	75	87	-	21.1316	6.51e-08	0.000741	CACGTCCTTCAAC
9-CACGTCTTTCAAC	STREME-9	Chr8_18913810_18913910	88	100	+	21.1316	6.51e-08	0.000741	CACGTCCTTCAAC
9-CACGTCTTTCAAC	STREME-9	Chr5_18061497_18061597	76	88	-	21.1316	6.51e-08	0.000741	CACGTCCTTCAAC
9-CACGTCTTTCAAC	STREME-9	Chr1_21919116_21919216	79	91	-	21.1316	6.51e-08	0.000741	CACGTCCTTCAAC
9-CACGTCTTTCAAC	STREME-9	Chr6_13432637_13432737	80	92	-	21.1316	6.51e-08	0.000741	CACGTCCTTCAAC
9-CACGTCTTTCAAC	STREME-9	Chr3_7444813_7444913	86	98	-	21.1316	6.51e-08	0.000741	CACGTCCTTCAAC
9-CACGTCTTTCAAC	STREME-9	Chr14_16201071_16201171	58	70	+	21.0658	8.05e-08	0.000906	CACGTGTTTCAAC
9-CACGTCTTTCAAC	STREME-9	Chr1_2069084_2069184	75	87	+	21.0658	8.05e-08	0.000906	CACGTGTTTCAAC
9-CACGTCTTTCAAC	STREME-9	Chr2_5605823_5605923	6	18	+	20.6053	9.3e-08	0.00104	CACGTCTTTCAGC
9-CACGTCTTTCAAC	STREME-9	Chr15_16248500_16248600	6	18	-	20.3553	1.12e-07	0.00119	CACGTTTTTCAAC
9-CACGTCTTTCAAC	STREME-9	Chr10_22060403_22060503	14	26	-	20.3553	1.12e-07	0.00119	CACGTTTTTCAAC
9-CACGTCTTTCAAC	STREME-9	Chr4_27137563_27137663	27	39	-	20.3553	1.12e-07	0.00119	CACGTTTTTCAAC
9-CACGTCTTTCAAC	STREME-9	Chr8_9162968_9163068	43	55	+	20.3553	1.12e-07	0.00119	CACGTTTTTCAAC
9-CACGTCTTTCAAC	STREME-9	Chr9_10659074_10659174	54	66	+	20.3553	1.12e-07	0.00119	CACGTTTTTCAAC
9-CACGTCTTTCAAC	STREME-9	Chr10_1336951_1337051	44	56	-	20.3553	1.12e-07	0.00119	CACGTTTTTCAAC
9-CACGTCTTTCAAC	STREME-9	Chr13_1889342_1889442	58	70	+	20.3553	1.12e-07	0.00119	CACGTTTTTCAAC
9-CACGTCTTTCAAC	STREME-9	Chr8_10511911_10512011	47	59	-	20.3553	1.12e-07	0.00119	CACGTTTTTCAAC
9-CACGTCTTTCAAC	STREME-9	Chr7_19839554_19839654	53	65	-	20.3553	1.12e-07	0.00119	CACGTTTTTCAAC
9-CACGTCTTTCAAC	STREME-9	Chr11_11230322_11230422	49	61	+	20.0789	1.51e-07	0.0016	CACGTCTTTTAAC
9-CACGTCTTTCAAC	STREME-9	Chr15_17230713_17230813	24	36	-	20.0526	1.7e-07	0.00175	CACATCTTTCAAC
9-CACGTCTTTCAAC	STREME-9	Chr2_15029257_15029357	42	54	-	20.0526	1.7e-07	0.00175	CACATCTTTCAAC
9-CACGTCTTTCAAC	STREME-9	Chr11_9098382_9098482	57	69	+	20.0526	1.7e-07	0.00175	CACATCTTTCAAC
9-CACGTCTTTCAAC	STREME-9	Chr7_9132457_9132557	72	84	+	20.0526	1.7e-07	0.00175	CACATCTTTCAAC
9-CACGTCTTTCAAC	STREME-9	Chr4_22944164_22944264	76	88	-	20.0526	1.7e-07	0.00175	CACATCTTTCAAC
9-CACGTCTTTCAAC	STREME-9	Chr10_25827026_25827126	84	96	-	19.8816	1.9e-07	0.00195	CACGTCCTCCAAC
9-CACGTCTTTCAAC	STREME-9	Chr14_300634_300734	36	48	-	19.8684	2.03e-07	0.00206	CACGTGTTGCAAC
9-CACGTCTTTCAAC	STREME-9	Chr11_5199793_5199893	52	64	-	19.8684	2.03e-07	0.00206	CACGTGTTGCAAC
9-CACGTCTTTCAAC	STREME-9	Chr7_29842781_29842881	21	33	-	19.8158	2.15e-07	0.00217	CACGTGTTCCAAC
9-CACGTCTTTCAAC	STREME-9	Chr8_37752_37852	11	23	+	19.7105	2.25e-07	0.00219	CACGTCCCTCAAC
9-CACGTCTTTCAAC	STREME-9	Chr14_22805477_22805577	17	29	-	19.7105	2.25e-07	0.00219	CACGTCCCTCAAC
9-CACGTCTTTCAAC	STREME-9	Chr13_2880368_2880468	27	39	-	19.7105	2.25e-07	0.00219	CACGTCCCTCAAC
9-CACGTCTTTCAAC	STREME-9	Chr3_19189302_19189402	41	53	-	19.7105	2.25e-07	0.00219	CACGTCCCTCAAC
9-CACGTCTTTCAAC	STREME-9	Chr6_9304796_9304896	56	68	+	19.7105	2.25e-07	0.00219	CACGTCCCTCAAC
9-CACGTCTTTCAAC	STREME-9	Chr8_24677701_24677801	61	73	+	19.7105	2.25e-07	0.00219	CACGTCCCTCAAC
9-CACGTCTTTCAAC	STREME-9	Chr5_13511340_13511440	87	99	-	19.7105	2.25e-07	0.00219	CACGTCCCTCAAC
9-CACGTCTTTCAAC	STREME-9	Chr5_2917075_2917175	19	31	+	19.6053	2.57e-07	0.00238	CACGTCTTTCAAT
9-CACGTCTTTCAAC	STREME-9	Chr5_21688180_21688280	36	48	+	19.6053	2.57e-07	0.00238	CACGTCTTTCAAT
9-CACGTCTTTCAAC	STREME-9	Chr11_17740348_17740448	28	40	-	19.6053	2.57e-07	0.00238	CACGTCTTTCAAT
9-CACGTCTTTCAAC	STREME-9	Chr14_21897147_21897247	29	41	-	19.6053	2.57e-07	0.00238	CACGTCTTTCAAT
9-CACGTCTTTCAAC	STREME-9	Chr4_4755794_4755894	43	55	+	19.6053	2.57e-07	0.00238	CACGTCTTTCAAT
9-CACGTCTTTCAAC	STREME-9	Chr13_9546796_9546896	49	61	+	19.6053	2.57e-07	0.00238	CACGTCTTTCAAT
9-CACGTCTTTCAAC	STREME-9	Chr1_37792423_37792523	50	62	+	19.6053	2.57e-07	0.00238	CACGTCTTTCAAT
9-CACGTCTTTCAAC	STREME-9	Chr12_1836819_1836919	61	73	+	19.6053	2.57e-07	0.00238	CACGTCTTTCAAT
9-CACGTCTTTCAAC	STREME-9	Chr3_2646579_2646679	66	78	+	19.6053	2.57e-07	0.00238	CACGTCTTTCAAT
9-CACGTCTTTCAAC	STREME-9	Chr5_22649610_22649710	73	85	+	19.6053	2.57e-07	0.00238	CACGTCTTTCAAT
9-CACGTCTTTCAAC	STREME-9	Chr1_46476151_46476251	38	50	+	19.1053	3.3e-07	0.00279	CACGTTTTCCAAC
9-CACGTCTTTCAAC	STREME-9	Chr11_13125694_13125794	2	14	-	18.9342	3.46e-07	0.00279	CACGTTTCTCAAC
9-CACGTCTTTCAAC	STREME-9	Chr9_5018958_5019058	14	26	-	18.9342	3.46e-07	0.00279	CACGTTTCTCAAC
9-CACGTCTTTCAAC	STREME-9	Chr3_7481883_7481983	17	29	-	18.9342	3.46e-07	0.00279	CACGTTTCTCAAC
9-CACGTCTTTCAAC	STREME-9	Chr9_14807608_14807708	29	41	-	18.9342	3.46e-07	0.00279	CACGTTTCTCAAC
9-CACGTCTTTCAAC	STREME-9	Chr6_2679888_2679988	42	54	+	18.9342	3.46e-07	0.00279	CACGTTTCTCAAC
9-CACGTCTTTCAAC	STREME-9	Chr10_17139889_17139989	47	59	+	18.9342	3.46e-07	0.00279	CACGTTTCTCAAC
9-CACGTCTTTCAAC	STREME-9	Chr6_2435127_2435227	48	60	+	18.9342	3.46e-07	0.00279	CACGTTTCTCAAC
9-CACGTCTTTCAAC	STREME-9	Chr1_5944211_5944311	36	48	-	18.9342	3.46e-07	0.00279	CACGTTTCTCAAC
9-CACGTCTTTCAAC	STREME-9	Chr7_7379472_7379572	51	63	+	18.9342	3.46e-07	0.00279	CACGTTTCTCAAC
9-CACGTCTTTCAAC	STREME-9	Chr14_17786538_17786638	66	78	+	18.9342	3.46e-07	0.00279	CACGTTTCTCAAC
9-CACGTCTTTCAAC	STREME-9	Chr6_3160499_3160599	60	72	-	18.9342	3.46e-07	0.00279	CACGTTTCTCAAC
9-CACGTCTTTCAAC	STREME-9	Chr14_373782_373882	79	91	+	18.9342	3.46e-07	0.00279	CACGTTTCTCAAC
9-CACGTCTTTCAAC	STREME-9	Chr11_21679403_21679503	79	91	+	18.9342	3.46e-07	0.00279	CACGTTTCTCAAC
9-CACGTCTTTCAAC	STREME-9	Chr12_17081282_17081382	9	21	+	18.8816	3.71e-07	0.00279	CACGTCTTGTAAC
9-CACGTCTTTCAAC	STREME-9	Chr9_27830080_27830180	1	13	-	18.8816	3.71e-07	0.00279	CACGTCTTGTAAC
9-CACGTCTTTCAAC	STREME-9	Chr15_9754188_9754288	2	14	-	18.8816	3.71e-07	0.00279	CACGTCTTGTAAC
9-CACGTCTTTCAAC	STREME-9	Chr12_10376534_10376634	2	14	-	18.8816	3.71e-07	0.00279	CACGTCTTGTAAC
9-CACGTCTTTCAAC	STREME-9	Chr1_47810884_47810984	4	16	-	18.8816	3.71e-07	0.00279	CACGTCTTGTAAC
9-CACGTCTTTCAAC	STREME-9	Chr11_7645683_7645783	17	29	+	18.8816	3.71e-07	0.00279	CACGTCTTGTAAC
9-CACGTCTTTCAAC	STREME-9	Chr7_10942042_10942142	10	22	-	18.8816	3.71e-07	0.00279	CACGTCTTGTAAC
9-CACGTCTTTCAAC	STREME-9	Chr15_23371163_23371263	31	43	+	18.8816	3.71e-07	0.00279	CACGTCTTGTAAC
9-CACGTCTTTCAAC	STREME-9	Chr5_7707762_7707862	32	44	+	18.8816	3.71e-07	0.00279	CACGTCTTGTAAC
9-CACGTCTTTCAAC	STREME-9	Chr3_32570732_32570832	36	48	+	18.8816	3.71e-07	0.00279	CACGTCTTGTAAC
9-CACGTCTTTCAAC	STREME-9	Chr14_1840652_1840752	26	38	-	18.8816	3.71e-07	0.00279	CACGTCTTGTAAC
9-CACGTCTTTCAAC	STREME-9	Chr4_26665094_26665194	28	40	-	18.8816	3.71e-07	0.00279	CACGTCTTGTAAC
9-CACGTCTTTCAAC	STREME-9	Chr15_17992639_17992739	29	41	-	18.8816	3.71e-07	0.00279	CACGTCTTGTAAC
9-CACGTCTTTCAAC	STREME-9	Chr5_27691089_27691189	42	54	-	18.8816	3.71e-07	0.00279	CACGTCTTGTAAC
9-CACGTCTTTCAAC	STREME-9	Chr10_19109985_19110085	43	55	-	18.8816	3.71e-07	0.00279	CACGTCTTGTAAC
9-CACGTCTTTCAAC	STREME-9	Chr13_5457407_5457507	47	59	-	18.8816	3.71e-07	0.00279	CACGTCTTGTAAC
9-CACGTCTTTCAAC	STREME-9	Chr10_17041581_17041681	59	71	+	18.8816	3.71e-07	0.00279	CACGTCTTGTAAC
9-CACGTCTTTCAAC	STREME-9	Chr9_27537638_27537738	63	75	+	18.8816	3.71e-07	0.00279	CACGTCTTGTAAC
9-CACGTCTTTCAAC	STREME-9	Chr1_41091521_41091621	64	76	+	18.8816	3.71e-07	0.00279	CACGTCTTGTAAC
9-CACGTCTTTCAAC	STREME-9	Chr12_18737315_18737415	64	76	+	18.8816	3.71e-07	0.00279	CACGTCTTGTAAC
9-CACGTCTTTCAAC	STREME-9	Chr9_1969007_1969107	67	79	+	18.8816	3.71e-07	0.00279	CACGTCTTGTAAC
9-CACGTCTTTCAAC	STREME-9	Chr14_6290345_6290445	57	69	-	18.8816	3.71e-07	0.00279	CACGTCTTGTAAC
9-CACGTCTTTCAAC	STREME-9	Chr2_7213133_7213233	60	72	-	18.8816	3.71e-07	0.00279	CACGTCTTGTAAC
9-CACGTCTTTCAAC	STREME-9	Chr1_27511598_27511698	73	85	+	18.8816	3.71e-07	0.00279	CACGTCTTGTAAC
9-CACGTCTTTCAAC	STREME-9	Chr11_9485448_9485548	74	86	+	18.8816	3.71e-07	0.00279	CACGTCTTGTAAC
9-CACGTCTTTCAAC	STREME-9	Chr9_28740650_28740750	78	90	+	18.8816	3.71e-07	0.00279	CACGTCTTGTAAC
9-CACGTCTTTCAAC	STREME-9	Chr6_2139629_2139729	81	93	+	18.8816	3.71e-07	0.00279	CACGTCTTGTAAC
9-CACGTCTTTCAAC	STREME-9	Chr10_24452162_24452262	81	93	+	18.8816	3.71e-07	0.00279	CACGTCTTGTAAC
9-CACGTCTTTCAAC	STREME-9	Chr13_11299108_11299208	82	94	+	18.8816	3.71e-07	0.00279	CACGTCTTGTAAC
9-CACGTCTTTCAAC	STREME-9	Chr2_2645601_2645701	70	82	-	18.8816	3.71e-07	0.00279	CACGTCTTGTAAC
9-CACGTCTTTCAAC	STREME-9	Chr9_15524772_15524872	83	95	+	18.8816	3.71e-07	0.00279	CACGTCTTGTAAC
9-CACGTCTTTCAAC	STREME-9	Chr12_20145598_20145698	85	97	+	18.8816	3.71e-07	0.00279	CACGTCTTGTAAC
9-CACGTCTTTCAAC	STREME-9	Chr12_10492680_10492780	87	99	+	18.8816	3.71e-07	0.00279	CACGTCTTGTAAC
9-CACGTCTTTCAAC	STREME-9	Chr11_22032929_22033029	88	100	+	18.8816	3.71e-07	0.00279	CACGTCTTGTAAC
9-CACGTCTTTCAAC	STREME-9	Chr11_22782621_22782721	78	90	-	18.8816	3.71e-07	0.00279	CACGTCTTGTAAC
9-CACGTCTTTCAAC	STREME-9	Chr8_25385399_25385499	2	14	-	18.8026	4.3e-07	0.00322	CACATCTTCCAAC
9-CACGTCTTTCAAC	STREME-9	Chr1_27835436_27835536	80	92	-	18.6579	4.6e-07	0.00325	CACGTTCTTCAAC
9-CACGTCTTTCAAC	STREME-9	Chr10_22806788_22806888	38	50	-	18.6316	4.76e-07	0.00325	CACATCTCTCAAC
9-CACGTCTTTCAAC	STREME-9	Chr2_4982420_4982520	6	18	+	18.4474	5.02e-07	0.00325	CACGTGTCGCAAC
9-CACGTCTTTCAAC	STREME-9	Chr2_3889268_3889368	12	24	+	18.4474	5.02e-07	0.00325	CACGTGTCGCAAC
9-CACGTCTTTCAAC	STREME-9	Chr15_15655939_15656039	1	13	-	18.4474	5.02e-07	0.00325	CACGTGTCGCAAC
9-CACGTCTTTCAAC	STREME-9	Chr6_23589482_23589582	4	16	-	18.4474	5.02e-07	0.00325	CACGTGTCGCAAC
9-CACGTCTTTCAAC	STREME-9	Chr9_11854748_11854848	6	18	-	18.4474	5.02e-07	0.00325	CACGTGTCGCAAC
9-CACGTCTTTCAAC	STREME-9	Chr4_28425104_28425204	20	32	+	18.4474	5.02e-07	0.00325	CACGTGTCGCAAC
9-CACGTCTTTCAAC	STREME-9	Chr14_22097024_22097124	9	21	-	18.4474	5.02e-07	0.00325	CACGTGTCGCAAC
9-CACGTCTTTCAAC	STREME-9	Chr6_12333881_12333981	23	35	+	18.4474	5.02e-07	0.00325	CACGTGTCGCAAC
9-CACGTCTTTCAAC	STREME-9	Chr8_18913810_18913910	13	25	-	18.4474	5.02e-07	0.00325	CACGTGTCGCAAC
9-CACGTCTTTCAAC	STREME-9	Chr4_30592942_30593042	29	41	+	18.4474	5.02e-07	0.00325	CACGTGTCGCAAC
9-CACGTCTTTCAAC	STREME-9	Chr7_12042762_12042862	32	44	+	18.4474	5.02e-07	0.00325	CACGTGTCGCAAC
9-CACGTCTTTCAAC	STREME-9	Chr10_8453595_8453695	34	46	+	18.4474	5.02e-07	0.00325	CACGTGTCGCAAC
9-CACGTCTTTCAAC	STREME-9	Chr9_8432711_8432811	25	37	-	18.4474	5.02e-07	0.00325	CACGTGTCGCAAC
9-CACGTCTTTCAAC	STREME-9	Chr15_16461966_16462066	27	39	-	18.4474	5.02e-07	0.00325	CACGTGTCGCAAC
9-CACGTCTTTCAAC	STREME-9	Chr6_1466103_1466203	39	51	+	18.4474	5.02e-07	0.00325	CACGTGTCGCAAC
9-CACGTCTTTCAAC	STREME-9	Chr6_18852799_18852899	40	52	+	18.4474	5.02e-07	0.00325	CACGTGTCGCAAC
9-CACGTCTTTCAAC	STREME-9	Chr2_14818385_14818485	28	40	-	18.4474	5.02e-07	0.00325	CACGTGTCGCAAC
9-CACGTCTTTCAAC	STREME-9	Chr7_24835461_24835561	41	53	+	18.4474	5.02e-07	0.00325	CACGTGTCGCAAC
9-CACGTCTTTCAAC	STREME-9	Chr3_29370909_29371009	45	57	+	18.4474	5.02e-07	0.00325	CACGTGTCGCAAC
9-CACGTCTTTCAAC	STREME-9	Chr5_16675010_16675110	53	65	+	18.4474	5.02e-07	0.00325	CACGTGTCGCAAC
9-CACGTCTTTCAAC	STREME-9	Chr6_9647963_9648063	55	67	+	18.4474	5.02e-07	0.00325	CACGTGTCGCAAC
9-CACGTCTTTCAAC	STREME-9	Chr1_24843774_24843874	45	57	-	18.4474	5.02e-07	0.00325	CACGTGTCGCAAC
9-CACGTCTTTCAAC	STREME-9	Chr7_2772319_2772419	58	70	+	18.4474	5.02e-07	0.00325	CACGTGTCGCAAC
9-CACGTCTTTCAAC	STREME-9	Chr7_10188054_10188154	60	72	+	18.4474	5.02e-07	0.00325	CACGTGTCGCAAC
9-CACGTCTTTCAAC	STREME-9	Chr4_16664748_16664848	63	75	+	18.4474	5.02e-07	0.00325	CACGTGTCGCAAC
9-CACGTCTTTCAAC	STREME-9	Chr3_26467424_26467524	65	77	+	18.4474	5.02e-07	0.00325	CACGTGTCGCAAC
9-CACGTCTTTCAAC	STREME-9	Chr10_8159412_8159512	57	69	-	18.4474	5.02e-07	0.00325	CACGTGTCGCAAC
9-CACGTCTTTCAAC	STREME-9	Chr5_18086760_18086860	70	82	+	18.4474	5.02e-07	0.00325	CACGTGTCGCAAC
9-CACGTCTTTCAAC	STREME-9	Chr1_27659059_27659159	58	70	-	18.4474	5.02e-07	0.00325	CACGTGTCGCAAC
9-CACGTCTTTCAAC	STREME-9	Chr1_23032382_23032482	71	83	+	18.4474	5.02e-07	0.00325	CACGTGTCGCAAC
9-CACGTCTTTCAAC	STREME-9	Chr3_25511316_25511416	73	85	+	18.4474	5.02e-07	0.00325	CACGTGTCGCAAC
9-CACGTCTTTCAAC	STREME-9	Chr4_16685018_16685118	62	74	-	18.4474	5.02e-07	0.00325	CACGTGTCGCAAC
9-CACGTCTTTCAAC	STREME-9	Chr6_8907215_8907315	62	74	-	18.4474	5.02e-07	0.00325	CACGTGTCGCAAC
9-CACGTCTTTCAAC	STREME-9	Chr6_15030792_15030892	80	92	+	18.4474	5.02e-07	0.00325	CACGTGTCGCAAC
9-CACGTCTTTCAAC	STREME-9	Chr6_22467249_22467349	68	80	-	18.4474	5.02e-07	0.00325	CACGTGTCGCAAC
9-CACGTCTTTCAAC	STREME-9	Chr15_16248500_16248600	81	93	+	18.4474	5.02e-07	0.00325	CACGTGTCGCAAC
9-CACGTCTTTCAAC	STREME-9	Chr4_9659251_9659351	69	81	-	18.4474	5.02e-07	0.00325	CACGTGTCGCAAC
9-CACGTCTTTCAAC	STREME-9	Chr5_9200912_9201012	82	94	+	18.4474	5.02e-07	0.00325	CACGTGTCGCAAC
9-CACGTCTTTCAAC	STREME-9	Chr7_17821988_17822088	86	98	+	18.4474	5.02e-07	0.00325	CACGTGTCGCAAC
9-CACGTCTTTCAAC	STREME-9	Chr14_15661142_15661242	50	62	+	18.3947	5.28e-07	0.0034	CACGTGTCCCAAC
9-CACGTCTTTCAAC	STREME-9	Chr14_20762603_20762703	67	79	+	18.3947	5.28e-07	0.0034	CACGTGTCCCAAC
9-CACGTCTTTCAAC	STREME-9	Chr1_42217337_42217437	86	98	-	18.3553	5.74e-07	0.00368	CACATCCTTCAAC
9-CACGTCTTTCAAC	STREME-9	Chr4_25366662_25366762	14	26	+	18.1316	6.53e-07	0.00417	CACGTTTTTCAGC
9-CACGTCTTTCAAC	STREME-9	Chr11_22167942_22168042	15	27	-	17.9342	7.08e-07	0.0044	CATGTCTTTCAAC
9-CACGTCTTTCAAC	STREME-9	Chr12_8225842_8225942	32	44	-	17.9342	7.08e-07	0.0044	CATGTCTTTCAAC
9-CACGTCTTTCAAC	STREME-9	Chr8_17203577_17203677	52	64	+	17.9342	7.08e-07	0.0044	CATGTCTTTCAAC
9-CACGTCTTTCAAC	STREME-9	Chr6_19842282_19842382	65	77	+	17.9342	7.08e-07	0.0044	CATGTCTTTCAAC
9-CACGTCTTTCAAC	STREME-9	Chr1_19756409_19756509	54	66	-	17.9342	7.08e-07	0.0044	CATGTCTTTCAAC
9-CACGTCTTTCAAC	STREME-9	Chr3_29240520_29240620	63	75	-	17.9342	7.08e-07	0.0044	CATGTCTTTCAAC
9-CACGTCTTTCAAC	STREME-9	Chr11_17602633_17602733	75	87	+	17.9342	7.08e-07	0.0044	CATGTCTTTCAAC
9-CACGTCTTTCAAC	STREME-9	Chr13_5213852_5213952	76	88	+	17.9342	7.08e-07	0.0044	CATGTCTTTCAAC
9-CACGTCTTTCAAC	STREME-9	Chr1_16154861_16154961	83	95	+	17.9342	7.08e-07	0.0044	CATGTCTTTCAAC
9-CACGTCTTTCAAC	STREME-9	Chr5_22980583_22980683	71	83	+	17.8421	7.58e-07	0.00469	CACGTGTTTCAAT
9-CACGTCTTTCAAC	STREME-9	Chr5_23739617_23739717	29	41	+	17.6974	8.06e-07	0.00498	CACGTCTTTCACC
9-CACGTCTTTCAAC	STREME-9	Chr6_6693094_6693194	46	58	-	17.6842	8.19e-07	0.00498	CACGTTTCCCAAC
9-CACGTCTTTCAAC	STREME-9	Chr6_6934853_6934953	47	59	-	17.6842	8.19e-07	0.00498	CACGTTTCCCAAC
9-CACGTCTTTCAAC	STREME-9	Chr10_23509749_23509849	55	67	-	17.6842	8.19e-07	0.00498	CACGTTTCCCAAC
9-CACGTCTTTCAAC	STREME-9	Chr12_3480483_3480583	56	68	-	17.6842	8.19e-07	0.00498	CACGTTTCCCAAC
9-CACGTCTTTCAAC	STREME-9	Chr15_20636526_20636626	85	97	-	17.6842	8.19e-07	0.00498	CACGTTTCCCAAC
9-CACGTCTTTCAAC	STREME-9	Chr4_32165899_32165999	26	38	-	17.5789	8.94e-07	0.00542	CACATTTTTCAAC
9-CACGTCTTTCAAC	STREME-9	Chr2_35016615_35016715	23	35	-	17.1974	1.05e-06	0.00635	CACGCCTTTCAAC
9-CACGTCTTTCAAC	STREME-9	Chr11_14980252_14980352	16	28	+	17.1316	1.12e-06	0.00669	CACGTTTTTCAAT
9-CACGTCTTTCAAC	STREME-9	Chr10_25499709_25499809	9	21	-	17.1316	1.12e-06	0.00669	CACGTTTTTCAAT
9-CACGTCTTTCAAC	STREME-9	Chr9_5818590_5818690	36	48	-	17.1316	1.12e-06	0.00669	CACGTTTTTCAAT
9-CACGTCTTTCAAC	STREME-9	Chr4_3127193_3127293	36	48	-	17.1316	1.12e-06	0.00669	CACGTTTTTCAAT
9-CACGTCTTTCAAC	STREME-9	Chr14_3406616_3406716	30	42	-	17.1053	1.15e-06	0.00684	CACATCCTCCAAC
9-CACGTCTTTCAAC	STREME-9	Chr4_4879996_4880096	28	40	-	17.0395	1.2e-06	0.00707	CACATGTTCCAAC
9-CACGTCTTTCAAC	STREME-9	Chr9_15274021_15274121	63	75	+	17.0395	1.2e-06	0.00707	CACATGTTCCAAC
9-CACGTCTTTCAAC	STREME-9	Chr2_39344296_39344396	12	24	+	16.9605	1.22e-06	0.00719	CACGTCCCTTAAC
9-CACGTCTTTCAAC	STREME-9	Chr14_19090104_19090204	58	70	+	16.9342	1.26e-06	0.00739	CACGTCTCCCAAT
9-CACGTCTTTCAAC	STREME-9	Chr5_425067_425167	11	23	-	16.8553	1.34e-06	0.00776	TACGTCTTTCAAC
9-CACGTCTTTCAAC	STREME-9	Chr7_13349273_13349373	11	23	-	16.8553	1.34e-06	0.00776	TACGTCTTTCAAC
9-CACGTCTTTCAAC	STREME-9	Chr6_582599_582699	26	38	+	16.8553	1.34e-06	0.00776	TACGTCTTTCAAC
9-CACGTCTTTCAAC	STREME-9	Chr6_30175107_30175207	32	44	+	16.8553	1.34e-06	0.00776	TACGTCTTTCAAC
9-CACGTCTTTCAAC	STREME-9	Chr12_14807876_14807976	29	41	-	16.8553	1.34e-06	0.00776	TACGTCTTTCAAC
9-CACGTCTTTCAAC	STREME-9	Chr10_7913962_7914062	32	44	-	16.8553	1.34e-06	0.00776	CACGTCTTTTAAT
9-CACGTCTTTCAAC	STREME-9	Chr3_11708572_11708672	21	33	+	16.6974	1.42e-06	0.00819	CACGTGCCCCAAC
9-CACGTCTTTCAAC	STREME-9	Chr3_30050390_30050490	31	43	+	16.6579	1.46e-06	0.00835	CACGTCCTCCAAT
9-CACGTCTTTCAAC	STREME-9	Chr13_5622365_5622465	35	47	-	16.6579	1.46e-06	0.00835	CACGTCCTCCAAT
9-CACGTCTTTCAAC	STREME-9	Chr2_20063290_20063390	52	64	-	16.6579	1.46e-06	0.00835	CACGTCCTCCAAT
9-CACGTCTTTCAAC	STREME-9	Chr5_28014367_28014467	7	19	+	16.6053	1.52e-06	0.0085	CACGTCTTCTAGC
9-CACGTCTTTCAAC	STREME-9	Chr5_26986353_26986453	1	13	-	16.6053	1.52e-06	0.0085	CACGTCTTCTAGC
9-CACGTCTTTCAAC	STREME-9	Chr5_21162794_21162894	15	27	+	16.6053	1.52e-06	0.0085	CACGTCTTCTAGC
9-CACGTCTTTCAAC	STREME-9	Chr7_607252_607352	21	33	+	16.6053	1.52e-06	0.0085	CACGTCTTCTAGC
9-CACGTCTTTCAAC	STREME-9	Chr1_19560025_19560125	31	43	-	16.6053	1.52e-06	0.0085	CACGTCTTCTAGC
9-CACGTCTTTCAAC	STREME-9	Chr1_30761115_30761215	60	72	-	16.6053	1.52e-06	0.0085	CACGTCTTCTAGC
9-CACGTCTTTCAAC	STREME-9	Chr3_22617233_22617333	78	90	-	16.6053	1.52e-06	0.0085	CACGTCTTCTAGC
9-CACGTCTTTCAAC	STREME-9	Chr6_25648246_25648346	32	44	-	16.5921	1.55e-06	0.00864	CACGTGTTCCAAT
9-CACGTCTTTCAAC	STREME-9	Chr11_22253661_22253761	10	22	+	16.5789	1.56e-06	0.00866	CACATCTTCCAGC
9-CACGTCTTTCAAC	STREME-9	Chr14_15282718_15282818	60	72	+	16.5789	1.56e-06	0.00866	CACATCTTCCAGC
9-CACGTCTTTCAAC	STREME-9	Chr13_9657583_9657683	13	25	-	16.4079	1.68e-06	0.0091	CACATCTCTCAGC
9-CACGTCTTTCAAC	STREME-9	Chr14_9767398_9767498	8	20	-	16.3289	1.74e-06	0.0091	CACATTTTCCAAC
9-CACGTCTTTCAAC	STREME-9	Chr5_19421893_19421993	16	28	-	16.3289	1.74e-06	0.0091	CACATTTTCCAAC
9-CACGTCTTTCAAC	STREME-9	Chr7_22703725_22703825	20	32	-	16.3289	1.74e-06	0.0091	CACATTTTCCAAC
9-CACGTCTTTCAAC	STREME-9	Chr4_1739794_1739894	24	36	-	16.3289	1.74e-06	0.0091	CACATTTTCCAAC
9-CACGTCTTTCAAC	STREME-9	Chr1_2191343_2191443	39	51	-	16.3289	1.74e-06	0.0091	CACATTTTCCAAC
9-CACGTCTTTCAAC	STREME-9	Chr3_3051030_3051130	60	72	+	16.3289	1.74e-06	0.0091	CACATTTTCCAAC
9-CACGTCTTTCAAC	STREME-9	Chr7_20085547_20085647	62	74	+	16.3289	1.74e-06	0.0091	CACATTTTCCAAC
9-CACGTCTTTCAAC	STREME-9	Chr5_32019960_32020060	79	91	+	16.3289	1.74e-06	0.0091	CACATTTTCCAAC
9-CACGTCTTTCAAC	STREME-9	Chr13_13582812_13582912	71	83	-	16.3289	1.74e-06	0.0091	CACATTTTCCAAC
9-CACGTCTTTCAAC	STREME-9	Chr7_7213161_7213261	40	52	+	16.2368	1.78e-06	0.0091	CATGTCCTTCAAC
9-CACGTCTTTCAAC	STREME-9	Chr5_26085082_26085182	10	22	+	16.2237	1.79e-06	0.0091	CACGTGTCGCAGC
9-CACGTCTTTCAAC	STREME-9	Chr3_33368895_33368995	12	24	+	16.2237	1.79e-06	0.0091	CACGTGTCGCAGC
9-CACGTCTTTCAAC	STREME-9	Chr11_22091013_22091113	13	25	+	16.2237	1.79e-06	0.0091	CACGTGTCGCAGC
9-CACGTCTTTCAAC	STREME-9	Chr7_24329238_24329338	11	23	-	16.2237	1.79e-06	0.0091	CACGTGTCGCAGC
9-CACGTCTTTCAAC	STREME-9	Chr4_17736554_17736654	27	39	+	16.2237	1.79e-06	0.0091	CACGTGTCGCAGC
9-CACGTCTTTCAAC	STREME-9	Chr1_29444338_29444438	30	42	+	16.2237	1.79e-06	0.0091	CACGTGTCGCAGC
9-CACGTCTTTCAAC	STREME-9	Chr5_5222187_5222287	32	44	+	16.2237	1.79e-06	0.0091	CACGTGTCGCAGC
9-CACGTCTTTCAAC	STREME-9	Chr3_6987962_6988062	33	45	+	16.2237	1.79e-06	0.0091	CACGTGTCGCAGC
9-CACGTCTTTCAAC	STREME-9	Chr6_12151594_12151694	34	46	+	16.2237	1.79e-06	0.0091	CACGTGTCGCAGC
9-CACGTCTTTCAAC	STREME-9	Chr9_132022_132122	22	34	-	16.2237	1.79e-06	0.0091	CACGTGTCGCAGC
9-CACGTCTTTCAAC	STREME-9	Chr2_23107393_23107493	35	47	+	16.2237	1.79e-06	0.0091	CACGTGTCGCAGC
9-CACGTCTTTCAAC	STREME-9	Chr3_1218384_1218484	36	48	+	16.2237	1.79e-06	0.0091	CACGTGTCGCAGC
9-CACGTCTTTCAAC	STREME-9	Chr6_13655241_13655341	40	52	+	16.2237	1.79e-06	0.0091	CACGTGTCGCAGC
9-CACGTCTTTCAAC	STREME-9	Chr3_10318443_10318543	40	52	-	16.2237	1.79e-06	0.0091	CACGTGTCGCAGC
9-CACGTCTTTCAAC	STREME-9	Chr8_25662093_25662193	62	74	+	16.2237	1.79e-06	0.0091	CACGTGTCGCAGC
9-CACGTCTTTCAAC	STREME-9	Chr4_4691911_4692011	70	82	+	16.2237	1.79e-06	0.0091	CACGTGTCGCAGC
9-CACGTCTTTCAAC	STREME-9	Chr7_6448011_6448111	70	82	+	16.2237	1.79e-06	0.0091	CACGTGTCGCAGC
9-CACGTCTTTCAAC	STREME-9	Chr9_287727_287827	65	77	-	16.2237	1.79e-06	0.0091	CACGTGTCGCAGC
9-CACGTCTTTCAAC	STREME-9	Chr3_17052050_17052150	68	80	-	16.2237	1.79e-06	0.0091	CACGTGTCGCAGC
9-CACGTCTTTCAAC	STREME-9	Chr9_3744660_3744760	82	94	-	16.2237	1.79e-06	0.0091	CACGTGTCGCAGC
9-CACGTCTTTCAAC	STREME-9	Chr2_20036117_20036217	38	50	+	16.1711	1.85e-06	0.00938	CACGTGTCCCAGC
9-CACGTCTTTCAAC	STREME-9	Chr3_18506812_18506912	4	16	-	16.1579	1.88e-06	0.00949	CACATTTCTCAAC
9-CACGTCTTTCAAC	STREME-9	Chr12_1990993_1991093	65	77	-	16.1579	1.88e-06	0.00949	CACATTTCTCAAC
9-CACGTCTTTCAAC	STREME-9	Chr1_25006066_25006166	41	53	-	16.1316	1.92e-06	0.00967	CACGTCTTCCAGT
9-CACGTCTTTCAAC	STREME-9	Chr10_318358_318458	10	22	-	16.1053	1.94e-06	0.00974	CACATCTTGTAAC
9-CACGTCTTTCAAC	STREME-9	Chr1_29950162_29950262	32	44	-	15.9868	2.03e-06	0.0101	CACGTTCCCCAAC
9-CACGTCTTTCAAC	STREME-9	Chr1_3281762_3281862	61	73	-	15.9868	2.03e-06	0.0101	CACGTTCCCCAAC
9-CACGTCTTTCAAC	STREME-9	Chr15_8839977_8840077	9	21	-	15.9474	2.06e-06	0.0103	CACGCCTTCCAAC
9-CACGTCTTTCAAC	STREME-9	Chr11_10292523_10292623	31	43	+	15.8816	2.17e-06	0.0106	CACGTTTTCCAAT
9-CACGTCTTTCAAC	STREME-9	Chr9_12650690_12650790	31	43	-	15.8816	2.17e-06	0.0106	CACGTTTTCCAAT
9-CACGTCTTTCAAC	STREME-9	Chr4_5483539_5483639	44	56	+	15.8816	2.17e-06	0.0106	CACGTTTTCCAAT
9-CACGTCTTTCAAC	STREME-9	Chr6_21757364_21757464	33	45	-	15.8816	2.17e-06	0.0106	CACGTTTTCCAAT
9-CACGTCTTTCAAC	STREME-9	Chr6_24861628_24861728	48	60	+	15.8816	2.17e-06	0.0106	CACGTTTTCCAAT
9-CACGTCTTTCAAC	STREME-9	Chr3_21909243_21909343	50	62	+	15.8816	2.17e-06	0.0106	CACGTTTTCCAAT
9-CACGTCTTTCAAC	STREME-9	Chr9_15426394_15426494	39	51	-	15.8816	2.17e-06	0.0106	CACGTTTTCCAAT
9-CACGTCTTTCAAC	STREME-9	Chr14_8381789_8381889	49	61	-	15.8816	2.17e-06	0.0106	CACGTTTTCCAAT
9-CACGTCTTTCAAC	STREME-9	Chr2_33626007_33626107	51	63	-	15.8816	2.17e-06	0.0106	CACGTTTTCCAAT
9-CACGTCTTTCAAC	STREME-9	Chr7_5004210_5004310	66	78	-	15.8816	2.17e-06	0.0106	CACATTCTTCAAC
9-CACGTCTTTCAAC	STREME-9	Chr13_6651926_6652026	76	88	-	15.7237	2.23e-06	0.0108	CACGTGCCTCAGC
9-CACGTCTTTCAAC	STREME-9	Chr1_10905094_10905194	27	39	-	15.7105	2.27e-06	0.0109	CACGTTTCTCAAT
9-CACGTCTTTCAAC	STREME-9	Chr11_13263826_13263926	49	61	+	15.7105	2.27e-06	0.0109	CACGTTTCTCAAT
9-CACGTCTTTCAAC	STREME-9	Chr4_12522186_12522286	51	63	-	15.7105	2.27e-06	0.0109	CACGTTTCTCAAT
9-CACGTCTTTCAAC	STREME-9	Chr12_1537738_1537838	60	72	-	15.7105	2.27e-06	0.0109	CACGTTTCTCAAT
9-CACGTCTTTCAAC	STREME-9	Chr10_23202143_23202243	25	37	-	15.6974	2.28e-06	0.0109	CACGTGTCGTAAC
9-CACGTCTTTCAAC	STREME-9	Chr7_28463604_28463704	25	37	-	15.6974	2.28e-06	0.0109	CACGTGTCGTAAC
9-CACGTCTTTCAAC	STREME-9	Chr10_20223449_20223549	65	77	+	15.4342	2.63e-06	0.0125	CACGTTCTTCAAT
9-CACGTCTTTCAAC	STREME-9	Chr14_22472615_22472715	19	31	-	15.3947	2.69e-06	0.0128	CACGTATTTCAAC
9-CACGTCTTTCAAC	STREME-9	Chr7_14345357_14345457	75	87	+	15.2237	2.85e-06	0.0135	CACGTGTCGCAAT
9-CACGTCTTTCAAC	STREME-9	Chr3_7553173_7553273	41	53	-	15.1711	2.94e-06	0.0139	CACGTGTCCCAAT
9-CACGTCTTTCAAC	STREME-9	Chr3_6343355_6343455	70	82	-	14.9211	3.31e-06	0.0157	CACATCTTTCACC
9-CACGTCTTTCAAC	STREME-9	Chr7_19747627_19747727	2	14	-	14.9079	3.36e-06	0.0157	CACGTCCTCTAGC
9-CACGTCTTTCAAC	STREME-9	Chr9_20528682_20528782	39	51	+	14.9079	3.36e-06	0.0157	CACGTCCTCTAGC
9-CACGTCTTTCAAC	STREME-9	Chr14_21557685_21557785	50	62	+	14.9079	3.36e-06	0.0157	CACATTTCCCAAC
9-CACGTCTTTCAAC	STREME-9	Chr1_16798142_16798242	70	82	-	14.9079	3.36e-06	0.0157	CACGTCCTCTAGC
9-CACGTCTTTCAAC	STREME-9	Chr13_3060519_3060619	76	88	-	14.9079	3.36e-06	0.0157	CACGTCCTCTAGC
9-CACGTCTTTCAAC	STREME-9	Chr2_31355546_31355646	4	16	-	14.8158	3.47e-06	0.0157	CACATGTTCCAGC
9-CACGTCTTTCAAC	STREME-9	Chr2_36228106_36228206	16	28	-	14.8158	3.47e-06	0.0157	CACATGTTCCAGC
9-CACGTCTTTCAAC	STREME-9	Chr1_16076740_16076840	21	33	-	14.8158	3.47e-06	0.0157	CACATGTTCCAGC
9-CACGTCTTTCAAC	STREME-9	Chr4_15736195_15736295	23	35	-	14.8158	3.47e-06	0.0157	CACATGTTCCAGC
9-CACGTCTTTCAAC	STREME-9	Chr8_11504297_11504397	29	41	-	14.8158	3.47e-06	0.0157	CACATGTTCCAGC
9-CACGTCTTTCAAC	STREME-9	Chr9_16355988_16356088	44	56	+	14.8158	3.47e-06	0.0157	CACATGTTCCAGC
9-CACGTCTTTCAAC	STREME-9	Chr1_34245305_34245405	68	80	+	14.8158	3.47e-06	0.0157	CACATGTTCCAGC
9-CACGTCTTTCAAC	STREME-9	Chr2_6687914_6688014	69	81	+	14.8158	3.47e-06	0.0157	CACATGTTCCAGC
9-CACGTCTTTCAAC	STREME-9	Chr8_25258813_25258913	72	84	+	14.8158	3.47e-06	0.0157	CACATGTTCCAGC
9-CACGTCTTTCAAC	STREME-9	Chr3_27961369_27961469	74	86	+	14.8158	3.47e-06	0.0157	CACATGTTCCAGC
9-CACGTCTTTCAAC	STREME-9	Chr7_28005756_28005856	64	76	-	14.8158	3.47e-06	0.0157	CACATGTTCCAGC
9-CACGTCTTTCAAC	STREME-9	Chr6_25200498_25200598	74	86	-	14.8158	3.47e-06	0.0157	CACATGTTCCAGC
9-CACGTCTTTCAAC	STREME-9	Chr5_12067965_12068065	88	100	+	14.8158	3.47e-06	0.0157	CACATGTTCCAGC
9-CACGTCTTTCAAC	STREME-9	Chr14_14952299_14952399	89	101	+	14.8158	3.47e-06	0.0157	CACATGTTCCAGC
9-CACGTCTTTCAAC	STREME-9	Chr14_12098728_12098828	61	73	+	14.7632	3.5e-06	0.0158	CACGTCGTTCAAC
9-CACGTCTTTCAAC	STREME-9	Chr1_18619104_18619204	12	24	-	14.7105	3.63e-06	0.0163	CATGTCTTTCAAT
9-CACGTCTTTCAAC	STREME-9	Chr2_30659188_30659288	31	43	-	14.7105	3.63e-06	0.0163	CATGTCTTTCAAT
9-CACGTCTTTCAAC	STREME-9	Chr5_24276002_24276102	41	53	+	14.6842	3.67e-06	0.0164	CACATCTCGTAAC
9-CACGTCTTTCAAC	STREME-9	Chr2_15420111_15420211	11	23	+	14.4737	3.95e-06	0.0175	CACGTGCCCCAGC
9-CACGTCTTTCAAC	STREME-9	Chr1_43909488_43909588	15	27	-	14.4737	3.95e-06	0.0175	CACGTGCCCCAGC
9-CACGTCTTTCAAC	STREME-9	Chr2_10310188_10310288	41	53	+	14.4737	3.95e-06	0.0175	CACGTGCCCCAGC
9-CACGTCTTTCAAC	STREME-9	Chr2_34056918_34057018	50	62	+	14.4737	3.95e-06	0.0175	CACGTGCCCCAGC
9-CACGTCTTTCAAC	STREME-9	Chr15_8644533_8644633	38	50	+	14.4605	4e-06	0.0177	CACGTTTCCCAAT
9-CACGTCTTTCAAC	STREME-9	Chr5_22057955_22058055	5	17	-	14.4474	4.01e-06	0.0177	CACGCCTTTTAAC
9-CACGTCTTTCAAC	STREME-9	Chr10_19766454_19766554	3	15	-	14.4342	4.05e-06	0.0178	CACGTCTTTCGAC
9-CACGTCTTTCAAC	STREME-9	Chr15_23265595_23265695	71	83	+	14.4211	4.07e-06	0.0179	CACGTGTTGCAGT
9-CACGTCTTTCAAC	STREME-9	Chr13_12860367_12860467	43	55	+	14.3816	4.16e-06	0.0182	TACGTTTTTCAAC
9-CACGTCTTTCAAC	STREME-9	Chr3_22643105_22643205	31	43	+	14.3553	4.22e-06	0.0184	CACATTTTTCAAT
9-CACGTCTTTCAAC	STREME-9	Chr1_42035442_42035542	22	34	-	14.3553	4.22e-06	0.0184	CACATTTTTCAAT
9-CACGTCTTTCAAC	STREME-9	Chr15_19674507_19674607	62	74	-	14.3553	4.22e-06	0.0184	CACATCCTCTAAC
9-CACGTCTTTCAAC	STREME-9	Chr1_25926595_25926695	87	99	-	14.3553	4.22e-06	0.0184	CACATCCTCTAAC
9-CACGTCTTTCAAC	STREME-9	Chr2_10433540_10433640	44	56	+	14.25	4.32e-06	0.0187	CACGCCCTCCAAC
9-CACGTCTTTCAAC	STREME-9	Chr7_21456992_21457092	23	35	+	14.1579	4.57e-06	0.0196	CACGTCCTTCAAG
9-CACGTCTTTCAAC	STREME-9	Chr1_7151324_7151424	39	51	-	14.1579	4.57e-06	0.0196	CACGTCCTTCAAG
9-CACGTCTTTCAAC	STREME-9	Chr2_31104036_31104136	7	19	+	14.1053	4.66e-06	0.0196	CACATTTTCCAGC
9-CACGTCTTTCAAC	STREME-9	Chr2_28189460_28189560	7	19	-	14.1053	4.66e-06	0.0196	CACATTTTCCAGC
9-CACGTCTTTCAAC	STREME-9	Chr14_19509096_19509196	30	42	+	14.1053	4.66e-06	0.0196	CACATTTTCCAGC
9-CACGTCTTTCAAC	STREME-9	Chr12_19549289_19549389	19	31	-	14.1053	4.66e-06	0.0196	CACATTTTCCAGC
9-CACGTCTTTCAAC	STREME-9	Chr2_38759237_38759337	24	36	-	14.1053	4.66e-06	0.0196	CACATTTTCCAGC
9-CACGTCTTTCAAC	STREME-9	Chr14_13381109_13381209	26	38	-	14.1053	4.66e-06	0.0196	CACATTTTCCAGC
9-CACGTCTTTCAAC	STREME-9	Chr10_20445956_20446056	26	38	-	14.1053	4.66e-06	0.0196	CACATTTTCCAGC
9-CACGTCTTTCAAC	STREME-9	Chr11_7537074_7537174	50	62	-	14.1053	4.66e-06	0.0196	CACATTTTCCAGC
9-CACGTCTTTCAAC	STREME-9	Chr14_18117760_18117860	55	67	-	14.1053	4.66e-06	0.0196	CACATTTTCCAGC
9-CACGTCTTTCAAC	STREME-9	Chr11_18471867_18471967	68	80	+	14.1053	4.66e-06	0.0196	CACATTTTCCAGC
9-CACGTCTTTCAAC	STREME-9	Chr13_12301358_12301458	75	87	+	14.1053	4.66e-06	0.0196	CACATTTTCCAGC
9-CACGTCTTTCAAC	STREME-9	Chr2_22462768_22462868	89	101	+	14.1053	4.66e-06	0.0196	CACATTTTCCAGC
9-CACGTCTTTCAAC	STREME-9	Chr12_23958716_23958816	51	63	-	14.0921	4.68e-06	0.0196	CACGTGTTTCAAG
9-CACGTCTTTCAAC	STREME-9	Chr4_34053764_34053864	7	19	-	14.0789	4.74e-06	0.0198	CACATCTTTTAAT
9-CACGTCTTTCAAC	STREME-9	Chr4_11268639_11268739	76	88	+	14.0789	4.74e-06	0.0198	TACATCTTTCAAC
9-CACGTCTTTCAAC	STREME-9	Chr1_38742361_38742461	41	53	+	14.0395	4.76e-06	0.0198	CATGTTTCTCAAC
9-CACGTCTTTCAAC	STREME-9	Chr8_29737025_29737125	3	15	-	13.9868	4.84e-06	0.02	CATGTCTTGTAAC
9-CACGTCTTTCAAC	STREME-9	Chr5_15221161_15221261	17	29	+	13.9868	4.84e-06	0.02	CATGTCTTGTAAC
9-CACGTCTTTCAAC	STREME-9	Chr14_16686690_16686790	11	23	-	13.9868	4.84e-06	0.02	CATGTCTTGTAAC
9-CACGTCTTTCAAC	STREME-9	Chr11_10434307_10434407	17	29	-	13.9868	4.84e-06	0.02	CATGTCTTGTAAC
9-CACGTCTTTCAAC	STREME-9	Chr1_29645573_29645673	27	39	-	13.9868	4.84e-06	0.02	CATGTCTTGTAAC
9-CACGTCTTTCAAC	STREME-9	Chr14_4672909_4673009	61	73	-	13.9737	4.89e-06	0.0201	CACGCCTTTCAAT
9-CACGTCTTTCAAC	STREME-9	Chr2_12956993_12957093	32	44	+	13.9079	5.1e-06	0.021	CATATCTTCCAAC
9-CACGTCTTTCAAC	STREME-9	Chr3_14898297_14898397	51	63	+	13.8816	5.16e-06	0.0211	CACATCCTCCAAT
9-CACGTCTTTCAAC	STREME-9	Chr4_15174836_15174936	44	56	-	13.8816	5.16e-06	0.0211	CACATCCTCCAAT
9-CACGTCTTTCAAC	STREME-9	Chr7_27023157_27023257	74	86	-	13.8289	5.25e-06	0.0214	CACATCTTCTAGC
9-CACGTCTTTCAAC	STREME-9	Chr4_24017991_24018091	87	99	-	13.8289	5.25e-06	0.0214	CACATCTTCTAGC
9-CACGTCTTTCAAC	STREME-9	Chr3_33395432_33395532	38	50	+	13.7632	5.34e-06	0.0217	CACGTTCCCCAGC
9-CACGTCTTTCAAC	STREME-9	Chr3_34824841_34824941	31	43	-	13.7105	5.47e-06	0.0222	CACATCCCTCAAT
9-CACGTCTTTCAAC	STREME-9	Chr9_28114084_28114184	70	82	+	13.6974	5.49e-06	0.0223	CACGTACTTCAAC
9-CACGTCTTTCAAC	STREME-9	Chr14_17399880_17399980	82	94	-	13.6316	5.68e-06	0.023	TACGTCTTTCAAT
9-CACGTCTTTCAAC	STREME-9	Chr10_3082985_3083085	52	64	+	13.4737	5.95e-06	0.0239	CACGCTTTCCAAC
9-CACGTCTTTCAAC	STREME-9	Chr8_4452623_4452723	69	81	-	13.4737	5.95e-06	0.0239	CACGTGCCCCAAT
9-CACGTCTTTCAAC	STREME-9	Chr5_1039315_1039415	40	52	+	13.3816	6.24e-06	0.025	CACGTTTTTCAAG
9-CACGTCTTTCAAC	STREME-9	Chr13_14224576_14224676	44	56	-	13.3816	6.24e-06	0.025	CACGTTTTTCAAG
9-CACGTCTTTCAAC	STREME-9	Chr5_24641800_24641900	85	97	-	13.2895	6.36e-06	0.0255	CATGTCTCTCAAT
9-CACGTCTTTCAAC	STREME-9	Chr9_22253457_22253557	3	15	-	13.25	6.44e-06	0.0257	CACGTCCTTTACC
9-CACGTCTTTCAAC	STREME-9	Chr13_8468422_8468522	13	25	+	13.2237	6.54e-06	0.026	CACATCCTTCACC
9-CACGTCTTTCAAC	STREME-9	Chr2_19433408_19433508	46	58	-	13.2237	6.54e-06	0.026	CACATCCTTCACC
9-CACGTCTTTCAAC	STREME-9	Chr15_21798562_21798662	61	73	+	13.2237	6.54e-06	0.026	CACATCCTTCACC
9-CACGTCTTTCAAC	STREME-9	Chr10_10369510_10369610	9	21	+	13.1842	6.72e-06	0.0266	CACGTGTTTTACC
9-CACGTCTTTCAAC	STREME-9	Chr3_6484021_6484121	50	62	-	13.1316	6.88e-06	0.0269	TACGTTTTCCAAC
9-CACGTCTTTCAAC	STREME-9	Chr10_18641415_18641515	2	14	+	13.1053	6.93e-06	0.0269	CACATTTTCCAAT
9-CACGTCTTTCAAC	STREME-9	Chr4_2078643_2078743	8	20	+	13.1053	6.93e-06	0.0269	CACATTTTCCAAT
9-CACGTCTTTCAAC	STREME-9	Chr8_19077717_19077817	27	39	+	13.1053	6.93e-06	0.0269	CACATTTTCCAAT
9-CACGTCTTTCAAC	STREME-9	Chr4_13531507_13531607	26	38	-	13.1053	6.93e-06	0.0269	CACATTTTCCAAT
9-CACGTCTTTCAAC	STREME-9	Chr6_3446448_3446548	43	55	+	13.1053	6.93e-06	0.0269	CACATTTTCCAAT
9-CACGTCTTTCAAC	STREME-9	Chr6_30110772_30110872	44	56	-	13.1053	6.93e-06	0.0269	CACATTTTCCAAT
9-CACGTCTTTCAAC	STREME-9	Chr2_24811565_24811665	66	78	+	13.1053	6.93e-06	0.0269	CACATTTTCCAAT
9-CACGTCTTTCAAC	STREME-9	Chr13_7091267_7091367	70	82	-	13.1053	6.93e-06	0.0269	CACATTTTCCAAT
9-CACGTCTTTCAAC	STREME-9	Chr1_44139664_44139764	87	99	-	13.1053	6.93e-06	0.0269	CACATTTTCCAAT
9-CACGTCTTTCAAC	STREME-9	Chr10_4862206_4862306	49	61	+	13.0263	7.04e-06	0.0273	CACGCTCTTCAAC
9-CACGTCTTTCAAC	STREME-9	Chr12_12598995_12599095	13	25	+	13.0132	7.07e-06	0.0274	CATGTCCTTCAAT
9-CACGTCTTTCAAC	STREME-9	Chr1_30465665_30465765	66	78	+	12.9605	7.21e-06	0.0278	CACGTTTCTTAAT
9-CACGTCTTTCAAC	STREME-9	Chr1_29873563_29873663	41	53	-	12.9474	7.25e-06	0.0279	CACGTGTCCCAGT
9-CACGTCTTTCAAC	STREME-9	Chr3_32852576_32852676	55	67	+	12.8289	7.62e-06	0.0292	TACATCTTCCAAC
9-CACGTCTTTCAAC	STREME-9	Chr1_19112150_19112250	82	94	-	12.8289	7.62e-06	0.0292	TACATCTTCCAAC
9-CACGTCTTTCAAC	STREME-9	Chr8_27522530_27522630	88	100	-	12.8289	7.62e-06	0.0292	TACATCTTCCAAC
9-CACGTCTTTCAAC	STREME-9	Chr7_17386206_17386306	73	85	+	12.7105	7.94e-06	0.0303	CACGTGTTTCACT
9-CACGTCTTTCAAC	STREME-9	Chr4_31637875_31637975	74	86	-	12.7105	7.94e-06	0.0303	CACGTGTTTCACT
9-CACGTCTTTCAAC	STREME-9	Chr6_3732543_3732643	12	24	+	12.6579	8.18e-06	0.031	CACATCTCTTAAT
9-CACGTCTTTCAAC	STREME-9	Chr6_26512235_26512335	15	27	-	12.6579	8.18e-06	0.031	CACATCTCTTAAT
9-CACGTCTTTCAAC	STREME-9	Chr8_23155040_23155140	37	49	-	12.6579	8.18e-06	0.031	CACATCTCTTAAT
9-CACGTCTTTCAAC	STREME-9	Chr3_24008104_24008204	89	101	-	12.6579	8.18e-06	0.031	CACATCTCTTAAT
9-CACGTCTTTCAAC	STREME-9	Chr4_6233411_6233511	1	13	+	12.5132	8.47e-06	0.032	CATGTTCTCCAAC
9-CACGTCTTTCAAC	STREME-9	Chr7_15170800_15170900	52	64	-	12.4605	8.67e-06	0.0327	CACATCCCCCAAT
9-CACGTCTTTCAAC	STREME-9	Chr15_11284218_11284318	49	61	-	12.3947	8.9e-06	0.0335	CACATGTCCCAAT
9-CACGTCTTTCAAC	STREME-9	Chr2_33076641_33076741	75	87	+	12.3816	8.97e-06	0.0337	CACATCCTTTAAT
9-CACGTCTTTCAAC	STREME-9	Chr9_7395208_7395308	46	58	+	12.3289	9.04e-06	0.0339	CACGTCTCGTACC
9-CACGTCTTTCAAC	STREME-9	Chr6_26170236_26170336	74	86	-	12.3158	9.1e-06	0.034	CACATGTTTTAAT
9-CACGTCTTTCAAC	STREME-9	Chr13_20016150_20016250	78	90	+	12.2105	9.46e-06	0.0353	CATATCCTCCAAC
9-CACGTCTTTCAAC	STREME-9	Chr3_24473878_24473978	18	30	+	12.1316	9.79e-06	0.0364	CACATCCTCTAGC
9-CACGTCTTTCAAC	STREME-9	Chr6_12301029_12301129	36	48	-	12.1316	9.79e-06	0.0364	CACATCCTCTAGC
9-CACGTCTTTCAAC	STREME-9	Chr3_25534971_25535071	54	66	+	12.1316	9.79e-06	0.0364	CACATCCTCTAGC
9-CACGTCTTTCAAC	STREME-9	Chr8_26864691_26864791	10	22	-	12.0658	9.91e-06	0.0367	CACATGTTCTAGC
9-CACGTCTTTCAAC	STREME-9	Chr6_16969202_16969302	45	57	-	12.0526	9.93e-06	0.0367	CACGCTTCCCAAC
9-CACGTCTTTCAAC	STREME-9	Chr14_22693336_22693436	25	37	+	12.0395	9.98e-06	0.0368	CATATCCCTCAAC
9-CACGTCTTTCAAC	STREME-9	Chr12_10376534_10376634	41	53	+	11.9605	1.04e-05	0.0382	CACGTTTTTCGAC
9-CACGTCTTTCAAC	STREME-9	Chr4_3678705_3678805	46	58	-	11.9605	1.04e-05	0.0382	CACGTTTCTCAAG
9-CACGTCTTTCAAC	STREME-9	Chr11_18070140_18070240	62	74	-	11.9605	1.04e-05	0.0382	TATGTCTTTCAAC
9-CACGTCTTTCAAC	STREME-9	Chr15_8760162_8760262	56	68	+	11.8289	1.08e-05	0.0396	CACATCTTCCAAG
9-CACGTCTTTCAAC	STREME-9	Chr5_7093495_7093595	64	76	+	11.7237	1.12e-05	0.0411	CACGTGCCCTAGC
9-CACGTCTTTCAAC	STREME-9	Chr2_39292275_39292375	49	61	-	11.7105	1.13e-05	0.0413	CATGTCTTCTAGC
9-CACGTCTTTCAAC	STREME-9	Chr3_12873921_12874021	42	54	-	11.6842	1.15e-05	0.0416	CACGTCCTCTAGT
9-CACGTCTTTCAAC	STREME-9	Chr1_45576073_45576173	43	55	-	11.6842	1.15e-05	0.0416	CACATTTCCCAAT
9-CACGTCTTTCAAC	STREME-9	Chr3_19563539_19563639	58	70	+	11.6842	1.15e-05	0.0416	CACATTTCCCAAT
9-CACGTCTTTCAAC	STREME-9	Chr4_31487033_31487133	58	70	+	11.6842	1.15e-05	0.0416	CACATTTCCCAAT
9-CACGTCTTTCAAC	STREME-9	Chr1_32466149_32466249	4	16	+	11.5263	1.19e-05	0.0429	CACGTCCTCCACT
9-CACGTCTTTCAAC	STREME-9	Chr8_22605856_22605956	11	23	+	11.5263	1.19e-05	0.0429	CACGTCCTCCACT
9-CACGTCTTTCAAC	STREME-9	Chr7_16089151_16089251	13	25	+	11.5263	1.19e-05	0.0429	CACGTCCTCCACT
9-CACGTCTTTCAAC	STREME-9	Chr3_14830363_14830463	79	91	+	11.5263	1.19e-05	0.0429	CACGTCCTCCACT
9-CACGTCTTTCAAC	STREME-9	Chr6_9076327_9076427	47	59	-	11.5	1.21e-05	0.0431	CACGCTTTTCAAT
9-CACGTCTTTCAAC	STREME-9	Chr2_13044005_13044105	60	72	+	11.5	1.21e-05	0.0431	CACGCTTTTCAAT
9-CACGTCTTTCAAC	STREME-9	Chr3_3301753_3301853	87	99	-	11.5	1.21e-05	0.0431	CACGCTTTTCAAT
9-CACGTCTTTCAAC	STREME-9	Chr10_14377059_14377159	43	55	-	11.4079	1.26e-05	0.0451	CACATTCTCCAAT
9-CACGTCTTTCAAC	STREME-9	Chr15_19058884_19058984	57	69	+	11.4079	1.26e-05	0.0451	CACATCTCCTAAT
9-CACGTCTTTCAAC	STREME-9	Chr15_4813463_4813563	26	38	-	11.3026	1.29e-05	0.0458	CACGTGCCGCAGT
9-CACGTCTTTCAAC	STREME-9	Chr15_4829315_4829415	78	90	-	11.3026	1.29e-05	0.0458	CACGTGCCGCAGT
9-CACGTCTTTCAAC	STREME-9	Chr9_15918398_15918498	27	39	+	11.25	1.31e-05	0.0466	CACGTGCCCCAGT
9-CACGTCTTTCAAC	STREME-9	Chr5_18024698_18024798	46	58	+	11.2237	1.33e-05	0.047	CACGCCTTTTAAT
9-CACGTCTTTCAAC	STREME-9	Chr3_12721361_12721461	88	100	-	11.2105	1.33e-05	0.0471	CATATCTTGTAAC
9-CACGTCTTTCAAC	STREME-9	Chr7_28593920_28594020	62	74	+	11.1579	1.36e-05	0.048	TACGTTTTTCAAT
9-CACGTCTTTCAAC	STREME-9	Chr6_17742779_17742879	12	24	-	11.1184	1.38e-05	0.0484	CACATGTTGTAAT
9-CACGTCTTTCAAC	STREME-9	Chr7_27940550_27940650	68	80	-	11.0658	1.39e-05	0.049	CACGCGCCCCAAC
9-CACGTCTTTCAAC	STREME-9	Chr8_5196591_5196691	58	70	+	10.9868	1.43e-05	0.0502	CATGTTTTCCAAT
9-CACGTCTTTCAAC	STREME-9	Chr4_16317254_16317354	46	58	+	10.9605	1.45e-05	0.0508	CACGCGTTCCAAT
9-CACGTCTTTCAAC	STREME-9	Chr7_1477623_1477723	17	29	+	10.8026	1.51e-05	0.0525	CATGTGTCGTAAC
9-CACGTCTTTCAAC	STREME-9	Chr10_19766454_19766554	78	90	+	10.8026	1.51e-05	0.0525	CATGTGTCGTAAC
9-CACGTCTTTCAAC	STREME-9	Chr4_23994402_23994502	47	59	-	10.7237	1.56e-05	0.0542	TACGTGCCCCAAC
9-CACGTCTTTCAAC	STREME-9	Chr7_27175668_27175768	22	34	-	10.6579	1.59e-05	0.0552	CACATCTTGTAGT
9-CACGTCTTTCAAC	STREME-9	Chr4_13631183_13631283	6	18	+	10.4737	1.68e-05	0.0584	CACATCCTTTACC
9-CACGTCTTTCAAC	STREME-9	Chr10_29201_29301	48	60	-	10.25	1.81e-05	0.0627	CACACTCTTCAAC
9-CACGTCTTTCAAC	STREME-9	Chr13_223746_223846	18	30	+	10.1842	1.85e-05	0.0627	TACATTTCTCAAC
9-CACGTCTTTCAAC	STREME-9	Chr8_28092896_28092996	27	39	-	10.1842	1.85e-05	0.0627	TACATTTCTCAAC
9-CACGTCTTTCAAC	STREME-9	Chr13_15699880_15699980	76	88	-	10.1711	1.85e-05	0.0627	CATATGTTTCAAT
9-CACGTCTTTCAAC	STREME-9	Chr1_38843632_38843732	30	42	-	10.0789	1.9e-05	0.0627	TACATCTTCTAAC
9-CACGTCTTTCAAC	STREME-9	Chr6_27200790_27200890	56	68	-	10.0789	1.9e-05	0.0627	TACATCTTCTAAC
9-CACGTCTTTCAAC	STREME-9	Chr15_20230929_20231029	78	90	+	10.0789	1.9e-05	0.0627	TACATCTTCTAAC
9-CACGTCTTTCAAC	STREME-9	Chr7_20717194_20717294	80	92	-	10.0789	1.9e-05	0.0627	TACATCTTCTAAC
9-CACGTCTTTCAAC	STREME-9	Chr15_16899266_16899366	82	94	-	10.0789	1.9e-05	0.0627	TACATCTTCTAAC
9-CACGTCTTTCAAC	STREME-9	Chr2_23653139_23653239	57	69	-	10.0658	1.91e-05	0.0627	CACATGTTCCAAG
9-CACGTCTTTCAAC	STREME-9	Chr14_12278838_12278938	12	24	-	10.0526	1.93e-05	0.0627	CACGTGTCGCGAC
9-CACGTCTTTCAAC	STREME-9	Chr1_19456775_19456875	70	82	+	10.0526	1.93e-05	0.0627	CACGTGTCGCGAC
9-CACGTCTTTCAAC	STREME-9	Chr9_11789538_11789638	3	15	+	10.0263	1.94e-05	0.0627	CACGTCCTTTACT
9-CACGTCTTTCAAC	STREME-9	Chr5_31553947_31554047	6	18	+	10.0263	1.94e-05	0.0627	CACGTCCTTTACT
9-CACGTCTTTCAAC	STREME-9	Chr3_6575755_6575855	8	20	+	10.0263	1.94e-05	0.0627	CACGTCCTTTACT
9-CACGTCTTTCAAC	STREME-9	Chr1_24352894_24352994	19	31	+	10.0263	1.94e-05	0.0627	CACGTCCTTTACT
9-CACGTCTTTCAAC	STREME-9	Chr1_21465876_21465976	19	31	+	10.0263	1.94e-05	0.0627	CACGTCCTTTACT
9-CACGTCTTTCAAC	STREME-9	Chr12_4550599_4550699	8	20	-	10.0263	1.94e-05	0.0627	CACGTCCTTTACT
9-CACGTCTTTCAAC	STREME-9	Chr11_11161119_11161219	9	21	-	10.0263	1.94e-05	0.0627	CACGTCCTTTACT
9-CACGTCTTTCAAC	STREME-9	Chr7_14587257_14587357	24	36	+	10.0263	1.94e-05	0.0627	CACGTCCTTTACT
9-CACGTCTTTCAAC	STREME-9	Chr7_10188054_10188154	13	25	-	10.0263	1.94e-05	0.0627	CACGTCCTTTACT
9-CACGTCTTTCAAC	STREME-9	Chr5_22552482_22552582	28	40	+	10.0263	1.94e-05	0.0627	CACGTCCTTTACT
9-CACGTCTTTCAAC	STREME-9	Chr14_12098728_12098828	33	45	+	10.0263	1.94e-05	0.0627	CACGTCCTTTACT
9-CACGTCTTTCAAC	STREME-9	Chr1_19456775_19456875	23	35	-	10.0263	1.94e-05	0.0627	CACGTCCTTTACT
9-CACGTCTTTCAAC	STREME-9	Chr4_4691911_4692011	23	35	-	10.0263	1.94e-05	0.0627	CACGTCCTTTACT
9-CACGTCTTTCAAC	STREME-9	Chr1_23032382_23032482	24	36	-	10.0263	1.94e-05	0.0627	CACGTCCTTTACT
9-CACGTCTTTCAAC	STREME-9	Chr5_10366024_10366124	39	51	+	10.0263	1.94e-05	0.0627	CACGTCCTTTACT
9-CACGTCTTTCAAC	STREME-9	Chr9_11854748_11854848	53	65	+	10.0263	1.94e-05	0.0627	CACGTCCTTTACT
9-CACGTCTTTCAAC	STREME-9	Chr7_24329238_24329338	58	70	+	10.0263	1.94e-05	0.0627	CACGTCCTTTACT
9-CACGTCTTTCAAC	STREME-9	Chr14_12278838_12278938	59	71	+	10.0263	1.94e-05	0.0627	CACGTCCTTTACT
9-CACGTCTTTCAAC	STREME-9	Chr11_15969078_15969178	48	60	-	10.0263	1.94e-05	0.0627	CACGTCCTTTACT
9-CACGTCTTTCAAC	STREME-9	Chr8_18913810_18913910	60	72	+	10.0263	1.94e-05	0.0627	CACGTCCTTTACT
9-CACGTCTTTCAAC	STREME-9	Chr13_3178905_3179005	51	63	-	10.0263	1.94e-05	0.0627	CACGTCCTTTACT
9-CACGTCTTTCAAC	STREME-9	Chr9_132022_132122	69	81	+	10.0263	1.94e-05	0.0627	CACGTCCTTTACT
9-CACGTCTTTCAAC	STREME-9	Chr1_44226138_44226238	61	73	-	10.0263	1.94e-05	0.0627	CACGTCCTTTACT
9-CACGTCTTTCAAC	STREME-9	Chr15_16461966_16462066	74	86	+	10.0263	1.94e-05	0.0627	CACGTCCTTTACT
9-CACGTCTTTCAAC	STREME-9	Chr1_26742523_26742623	64	76	-	10.0263	1.94e-05	0.0627	CACGTCCTTTACT
9-CACGTCTTTCAAC	STREME-9	Chr7_8026320_8026420	66	78	-	10.0263	1.94e-05	0.0627	CACGTCCTTTACT
9-CACGTCTTTCAAC	STREME-9	Chr3_10318443_10318543	87	99	+	10.0263	1.94e-05	0.0627	CACGTCCTTTACT
9-CACGTCTTTCAAC	STREME-9	Chr6_19069048_19069148	78	90	-	10.0263	1.94e-05	0.0627	CACGTCCTTTACT
9-CACGTCTTTCAAC	STREME-9	Chr2_14477215_14477315	82	94	-	10.0263	1.94e-05	0.0627	CACGTCCTTTACT
9-CACGTCTTTCAAC	STREME-9	Chr15_20149342_20149442	87	99	-	10.0263	1.94e-05	0.0627	CACGTCCTTTACT
9-CACGTCTTTCAAC	STREME-9	Chr8_2292374_2292474	16	28	-	9.98684	1.97e-05	0.0636	TACGTCTCTCAGT
9-CACGTCTTTCAAC	STREME-9	Chr5_13848776_13848876	47	59	+	9.98684	1.97e-05	0.0636	CACATTCCCCAAT
9-CACGTCTTTCAAC	STREME-9	Chr10_17041581_17041681	20	32	-	9.73684	2.13e-05	0.0665	CACGTTTTTCGGC
9-CACGTCTTTCAAC	STREME-9	Chr9_27537638_27537738	24	36	-	9.73684	2.13e-05	0.0665	CACGTTTTTCGGC
9-CACGTCTTTCAAC	STREME-9	Chr12_18737315_18737415	25	37	-	9.73684	2.13e-05	0.0665	CACGTTTTTCGGC
9-CACGTCTTTCAAC	STREME-9	Chr9_27830080_27830180	40	52	+	9.73684	2.13e-05	0.0665	CACGTTTTTCGGC
9-CACGTCTTTCAAC	STREME-9	Chr15_9754188_9754288	41	53	+	9.73684	2.13e-05	0.0665	CACGTTTTTCGGC
9-CACGTCTTTCAAC	STREME-9	Chr8_29737025_29737125	42	54	+	9.73684	2.13e-05	0.0665	CACGTTTTTCGGC
9-CACGTCTTTCAAC	STREME-9	Chr1_27511598_27511698	34	46	-	9.73684	2.13e-05	0.0665	CACGTTTTTCGGC
9-CACGTCTTTCAAC	STREME-9	Chr10_318358_318458	49	61	+	9.73684	2.13e-05	0.0665	CACGTTTTTCGGC
9-CACGTCTTTCAAC	STREME-9	Chr14_16686690_16686790	50	62	+	9.73684	2.13e-05	0.0665	CACGTTTTTCGGC
9-CACGTCTTTCAAC	STREME-9	Chr10_24452162_24452262	42	54	-	9.73684	2.13e-05	0.0665	CACGTTTTTCGGC
9-CACGTCTTTCAAC	STREME-9	Chr9_15524772_15524872	44	56	-	9.73684	2.13e-05	0.0665	CACGTTTTTCGGC
9-CACGTCTTTCAAC	STREME-9	Chr12_20145598_20145698	46	58	-	9.73684	2.13e-05	0.0665	CACGTTTTTCGGC
9-CACGTCTTTCAAC	STREME-9	Chr12_10492680_10492780	48	60	-	9.73684	2.13e-05	0.0665	CACGTTTTTCGGC
9-CACGTCTTTCAAC	STREME-9	Chr2_37252128_37252228	53	65	-	9.73684	2.13e-05	0.0665	CACGTTTTTCGGC
9-CACGTCTTTCAAC	STREME-9	Chr15_17992639_17992739	68	80	+	9.73684	2.13e-05	0.0665	CACGTTTTTCGGC
9-CACGTCTTTCAAC	STREME-9	Chr5_27691089_27691189	81	93	+	9.73684	2.13e-05	0.0665	CACGTTTTTCGGC
9-CACGTCTTTCAAC	STREME-9	Chr10_19109985_19110085	82	94	+	9.73684	2.13e-05	0.0665	CACGTTTTTCGGC
9-CACGTCTTTCAAC	STREME-9	Chr1_13918727_13918827	72	84	-	9.73684	2.13e-05	0.0665	CACGTTTTTCGGC
9-CACGTCTTTCAAC	STREME-9	Chr14_11311154_11311254	38	50	-	9.72368	2.13e-05	0.0665	CACGTGCCCCAAG
9-CACGTCTTTCAAC	STREME-9	Chr6_10611252_10611352	51	63	+	9.72368	2.13e-05	0.0665	CACGTGCCCCAAG
9-CACGTCTTTCAAC	STREME-9	Chr5_27140618_27140718	7	19	+	9.57895	2.21e-05	0.0683	CATGTGCCCCAGC
9-CACGTCTTTCAAC	STREME-9	Chr9_7751825_7751925	13	25	+	9.57895	2.21e-05	0.0683	CATGTGCCCCAGC
9-CACGTCTTTCAAC	STREME-9	Chr6_1884779_1884879	32	44	+	9.57895	2.21e-05	0.0683	CATGTGCCCCAGC
9-CACGTCTTTCAAC	STREME-9	Chr2_12771680_12771780	84	96	+	9.57895	2.21e-05	0.0683	CATGTGCCCCAGC
9-CACGTCTTTCAAC	STREME-9	Chr15_14041387_14041487	41	53	+	9.55263	2.22e-05	0.0684	CACATCTCGTACC
9-CACGTCTTTCAAC	STREME-9	Chr7_11347045_11347145	35	47	-	9.55263	2.22e-05	0.0684	CACGTGCCTCGAC
9-CACGTCTTTCAAC	STREME-9	Chr3_1507246_1507346	54	66	+	9.55263	2.22e-05	0.0684	CATGCCTTTTAAC
9-CACGTCTTTCAAC	STREME-9	Chr1_19756409_19756509	83	95	-	9.55263	2.22e-05	0.0684	CACATCTCGTACC
9-CACGTCTTTCAAC	STREME-9	Chr14_5283909_5284009	62	74	+	9.47368	2.28e-05	0.0699	CATATGCTTCAGC
9-CACGTCTTTCAAC	STREME-9	Chr5_26258856_26258956	13	25	+	9.46053	2.3e-05	0.0703	CATATTTTTCAAT
9-CACGTCTTTCAAC	STREME-9	Chr11_25989574_25989674	76	88	+	9.46053	2.3e-05	0.0703	CATATTTTTCAAT
9-CACGTCTTTCAAC	STREME-9	Chr15_15858399_15858499	75	87	+	9.44737	2.3e-05	0.0705	CACGTGTTTCGAT
9-CACGTCTTTCAAC	STREME-9	Chr6_1951840_1951940	15	27	+	9.40789	2.33e-05	0.0709	CACATTTTGCAAG
9-CACGTCTTTCAAC	STREME-9	Chr4_28239359_28239459	24	36	-	9.40789	2.33e-05	0.0709	CACATTTTGCAAG
9-CACGTCTTTCAAC	STREME-9	Chr2_34669609_34669709	27	39	+	9.39474	2.34e-05	0.0709	CACATATTTCAAT
9-CACGTCTTTCAAC	STREME-9	Chr2_37113387_37113487	34	46	+	9.39474	2.34e-05	0.0709	CACATATTTCAAT
9-CACGTCTTTCAAC	STREME-9	Chr6_25044968_25045068	41	53	+	9.39474	2.34e-05	0.0709	CACATATTTCAAT
9-CACGTCTTTCAAC	STREME-9	Chr15_15765163_15765263	20	32	+	9.35526	2.36e-05	0.0712	CACATTTTCCAAG
9-CACGTCTTTCAAC	STREME-9	Chr12_2251234_2251334	38	50	+	9.35526	2.36e-05	0.0712	CACATTTTCCAAG
9-CACGTCTTTCAAC	STREME-9	Chr7_27339427_27339527	46	58	-	9.35526	2.36e-05	0.0712	CACATTTTCCAAG
9-CACGTCTTTCAAC	STREME-9	Chr8_3265002_3265102	85	97	+	9.34211	2.37e-05	0.0714	CATGTCTCGTAAT
9-CACGTCTTTCAAC	STREME-9	Chr10_7662302_7662402	47	59	-	9.28947	2.4e-05	0.0723	CACGTTTCCCGAC
9-CACGTCTTTCAAC	STREME-9	Chr6_26771827_26771927	56	68	-	9.23684	2.45e-05	0.0735	CACACGTTGCAGC
9-CACGTCTTTCAAC	STREME-9	Chr5_14615170_14615270	8	20	+	9.11842	2.53e-05	0.076	CACGTGTTACAAC
9-CACGTCTTTCAAC	STREME-9	Chr1_8179593_8179693	28	40	+	9.10526	2.54e-05	0.0762	CACGTTCTGCACT
9-CACGTCTTTCAAC	STREME-9	Chr13_1824448_1824548	12	24	+	9.06579	2.57e-05	0.077	CACGTTGTTCAAT
9-CACGTCTTTCAAC	STREME-9	Chr14_7107574_7107674	6	18	+	9.01316	2.62e-05	0.0781	CACGTTCTCCGAC
9-CACGTCTTTCAAC	STREME-9	Chr3_12507958_12508058	12	24	+	8.97368	2.65e-05	0.079	TACGTGCTGCAAT
9-CACGTCTTTCAAC	STREME-9	Chr4_34592945_34593045	49	61	+	8.97368	2.65e-05	0.079	CACGCCTTCCAAG
9-CACGTCTTTCAAC	STREME-9	Chr11_13464967_13465067	53	65	-	8.94737	2.68e-05	0.0796	TACATCTTTCACC
9-CACGTCTTTCAAC	STREME-9	Chr5_19671354_19671454	9	21	-	8.93421	2.69e-05	0.0798	CATATCTTCTAGC
9-CACGTCTTTCAAC	STREME-9	Chr2_8625471_8625571	3	15	+	8.90789	2.71e-05	0.0803	CACATCCTCTAGT
9-CACGTCTTTCAAC	STREME-9	Chr11_17486449_17486549	24	36	-	8.90789	2.71e-05	0.0803	CACATTCTTCAAG
9-CACGTCTTTCAAC	STREME-9	Chr7_872339_872439	47	59	-	8.82895	2.77e-05	0.0817	CACGCTTCCCAAT
9-CACGTCTTTCAAC	STREME-9	Chr4_4243320_4243420	81	93	-	8.82895	2.77e-05	0.0817	CACGCTTCCCAAT
9-CACGTCTTTCAAC	STREME-9	Chr1_11066858_11066958	57	69	-	8.75	2.84e-05	0.0837	CACGTCTTCCAAA
9-CACGTCTTTCAAC	STREME-9	Chr3_31873766_31873866	33	45	-	8.64474	2.94e-05	0.0864	CACATGTCCCAAG
9-CACGTCTTTCAAC	STREME-9	Chr1_14477217_14477317	37	49	-	8.64474	2.94e-05	0.0864	CACATGTTCCGAC
9-CACGTCTTTCAAC	STREME-9	Chr15_21772985_21773085	76	88	-	8.64474	2.94e-05	0.0864	CACATGTCCCAAG
9-CACGTCTTTCAAC	STREME-9	Chr2_12987146_12987246	38	50	+	8.61842	2.97e-05	0.087	CATGTCGTCCAAC
9-CACGTCTTTCAAC	STREME-9	Chr1_19746255_19746355	72	84	+	8.52632	3.04e-05	0.0886	CACGTATCTCAGT
9-CACGTCTTTCAAC	STREME-9	Chr13_20640760_20640860	75	87	-	8.52632	3.04e-05	0.0886	CACACTTTGCAGC
9-CACGTCTTTCAAC	STREME-9	Chr7_11051866_11051966	38	50	+	8.5	3.06e-05	0.0893	TACGTGCCCCAGC
9-CACGTCTTTCAAC	STREME-9	Chr12_15463468_15463568	41	53	+	8.48684	3.08e-05	0.0895	CATGTTTTTCAAG
9-CACGTCTTTCAAC	STREME-9	Chr1_39865401_39865501	45	57	-	8.48684	3.08e-05	0.0895	TACGTTTCCCAAT
9-CACGTCTTTCAAC	STREME-9	Chr9_18663760_18663860	15	27	-	8.43421	3.12e-05	0.0906	CATGTCCCCCACC
9-CACGTCTTTCAAC	STREME-9	Chr9_25103384_25103484	20	32	+	8.42105	3.14e-05	0.0908	CATATGTTTTAGC
9-CACGTCTTTCAAC	STREME-9	Chr3_276936_277036	26	38	-	8.42105	3.14e-05	0.0908	AACGTCTCTCAAC
9-CACGTCTTTCAAC	STREME-9	Chr15_1297647_1297747	70	82	-	8.38158	3.17e-05	0.0916	TACATCCTCTAAC
9-CACGTCTTTCAAC	STREME-9	Chr13_4524612_4524712	84	96	+	8.35526	3.19e-05	0.092	CACGTGGCTCAAT
9-CACGTCTTTCAAC	STREME-9	Chr13_4524612_4524712	77	89	-	8.35526	3.19e-05	0.092	CACGTGTTTCCAC
9-CACGTCTTTCAAC	STREME-9	Chr12_14326451_14326551	75	87	-	8.34211	3.2e-05	0.0922	CATGTTCCCTAAC
9-CACGTCTTTCAAC	STREME-9	Chr9_7216849_7216949	40	52	+	8.28947	3.26e-05	0.0937	CACTTGTTTCAAC
9-CACGTCTTTCAAC	STREME-9	Chr1_14820695_14820795	57	69	+	8.26316	3.29e-05	0.0945	CATATTTTGCAAT
9-CACGTCTTTCAAC	STREME-9	Chr10_4356537_4356637	26	38	+	8.23684	3.32e-05	0.095	CATGTTTTCTAAT
9-CACGTCTTTCAAC	STREME-9	Chr13_23454125_23454225	73	85	-	8.23684	3.32e-05	0.095	CACATGCTTCACT
9-CACGTCTTTCAAC	STREME-9	Chr2_36870327_36870427	69	81	+	8.18421	3.38e-05	0.0964	CACACGTTCCAAT
9-CACGTCTTTCAAC	STREME-9	Chr15_21878502_21878602	14	26	+	8.14474	3.4e-05	0.0968	AACGTCCTTCAAC
9-CACGTCTTTCAAC	STREME-9	Chr12_20192445_20192545	53	65	+	8.14474	3.4e-05	0.0968	CACATATTCCAAT
9-CACGTCTTTCAAC	STREME-9	Chr7_16821113_16821213	39	51	+	8.03947	3.49e-05	0.0993	CATATTTCTCAAT
9-CACGTCTTTCAAC	STREME-9	Chr13_1538319_1538419	44	56	+	8.02632	3.51e-05	0.0994	CACGTGTCTCGAT
9-CACGTCTTTCAAC	STREME-9	Chr14_2816466_2816566	63	75	+	8.02632	3.51e-05	0.0994	CACGTGTCTCGAT
9-CACGTCTTTCAAC	STREME-9	Chr6_13077759_13077859	51	63	+	8	3.54e-05	0.0998	CATGTGTTGCAAG
9-CACGTCTTTCAAC	STREME-9	Chr10_23344144_23344244	47	59	-	8	3.54e-05	0.0998	CATGTGTTGCAAG
9-CACGTCTTTCAAC	STREME-9	Chr2_3418900_3419000	49	61	-	8	3.54e-05	0.0998	CATGTGTTGCAAG
9-CACGTCTTTCAAC	STREME-9	Chr8_5245857_5245957	35	47	+	7.93421	3.6e-05	0.102	TATATCTTCCAAC
9-CACGTCTTTCAAC	STREME-9	Chr6_18386718_18386818	52	64	-	7.90789	3.62e-05	0.102	TACATCCTCCAAT
9-CACGTCTTTCAAC	STREME-9	Chr2_35813171_35813271	29	41	+	7.89474	3.63e-05	0.102	CTCGTCTTTCAGC
9-CACGTCTTTCAAC	STREME-9	Chr10_16531184_16531284	57	69	-	7.78947	3.73e-05	0.104	CACATGTCGTACC
9-CACGTCTTTCAAC	STREME-9	Chr6_12064834_12064934	35	47	+	7.75	3.79e-05	0.104	CACGCTTTTCAAG
9-CACGTCTTTCAAC	STREME-9	Chr9_16415022_16415122	38	50	+	7.75	3.79e-05	0.104	TACGCCTTCCAGC
9-CACGTCTTTCAAC	STREME-9	Chr14_13431407_13431507	40	52	+	7.75	3.79e-05	0.104	CACGCTTTTCAAG
9-CACGTCTTTCAAC	STREME-9	Chr4_306406_306506	31	43	-	7.75	3.79e-05	0.104	CACGCTTTTCAAG
9-CACGTCTTTCAAC	STREME-9	Chr1_14353874_14353974	41	53	-	7.75	3.79e-05	0.104	CACGCTTTTCAAG
9-CACGTCTTTCAAC	STREME-9	Chr10_8232373_8232473	41	53	-	7.75	3.79e-05	0.104	CACGCTTTTCAAG
9-CACGTCTTTCAAC	STREME-9	Chr13_10297142_10297242	42	54	-	7.75	3.79e-05	0.104	CACGCTTTTCAAG
9-CACGTCTTTCAAC	STREME-9	Chr13_15512059_15512159	58	70	+	7.75	3.79e-05	0.104	CACGCTTTTCAAG
9-CACGTCTTTCAAC	STREME-9	Chr12_1548114_1548214	61	73	+	7.75	3.79e-05	0.104	CACGCTTTTCAAG
9-CACGTCTTTCAAC	STREME-9	Chr11_25505639_25505739	64	76	+	7.75	3.79e-05	0.104	CACGCTTTTCAAG
9-CACGTCTTTCAAC	STREME-9	Chr13_15482902_15483002	67	79	+	7.75	3.79e-05	0.104	CACGCTTTTCAAG
9-CACGTCTTTCAAC	STREME-9	Chr7_1077284_1077384	59	71	-	7.75	3.79e-05	0.104	CACGCTTTTCAAG
9-CACGTCTTTCAAC	STREME-9	Chr13_15637105_15637205	83	95	+	7.75	3.79e-05	0.104	CACGCTTTTCAAG
9-CACGTCTTTCAAC	STREME-9	Chr13_12592813_12592913	8	20	-	7.69737	3.84e-05	0.105	CACGTGTCACAAC
9-CACGTCTTTCAAC	STREME-9	Chr13_4524612_4524712	41	53	+	7.69737	3.84e-05	0.105	CACGTGTCACAAC
9-CACGTCTTTCAAC	STREME-9	Chr12_4550599_4550699	55	67	+	7.69737	3.84e-05	0.105	CACGTGTCACAAC
9-CACGTCTTTCAAC	STREME-9	Chr11_11161119_11161219	56	68	+	7.69737	3.84e-05	0.105	CACGTGTCACAAC
9-CACGTCTTTCAAC	STREME-9	Chr1_33780312_33780412	56	68	-	7.69737	3.84e-05	0.105	CACGTGTCACAAC
9-CACGTCTTTCAAC	STREME-9	Chr6_668538_668638	82	94	+	7.69737	3.84e-05	0.105	CACGTGTCACAAC
9-CACGTCTTTCAAC	STREME-9	Chr11_15725517_15725617	87	99	+	7.69737	3.84e-05	0.105	CACGTGTCACAAC
9-CACGTCTTTCAAC	STREME-9	Chr5_33319935_33320035	77	89	-	7.68421	3.86e-05	0.105	CACGTTCTCTAAG
9-CACGTCTTTCAAC	STREME-9	Chr5_21645607_21645707	22	34	+	7.65789	3.88e-05	0.105	CACATTCTCCAAG
9-CACGTCTTTCAAC	STREME-9	Chr8_27113071_27113171	58	70	+	7.65789	3.88e-05	0.105	CACATTCTCCAAG
9-CACGTCTTTCAAC	STREME-9	Chr5_32480949_32481049	11	23	-	7.64474	3.9e-05	0.106	CAGGTCTTTCAGC
9-CACGTCTTTCAAC	STREME-9	Chr11_626900_627000	83	95	-	7.59211	3.94e-05	0.107	CATGTTCTGTAGC
9-CACGTCTTTCAAC	STREME-9	Chr7_20357849_20357949	13	25	-	7.57895	3.96e-05	0.107	CATGTTTTTTACC
9-CACGTCTTTCAAC	STREME-9	Chr4_27582831_27582931	40	52	+	7.52632	4.03e-05	0.109	CACGTTTTTCAAA
9-CACGTCTTTCAAC	STREME-9	Chr11_15942554_15942654	76	88	-	7.52632	4.03e-05	0.109	CACGTTTTTCAAA
9-CACGTCTTTCAAC	STREME-9	Chr1_9120108_9120208	56	68	-	7.48684	4.09e-05	0.11	CACATTCTTCGAC
9-CACGTCTTTCAAC	STREME-9	Chr8_5130499_5130599	16	28	+	7.32895	4.26e-05	0.115	CACGTCTCCCAAA
9-CACGTCTTTCAAC	STREME-9	Chr8_20451705_20451805	23	35	+	7.32895	4.26e-05	0.115	CACGCCCTGCAAG
9-CACGTCTTTCAAC	STREME-9	Chr11_15766362_15766462	25	37	+	7.28947	4.32e-05	0.116	CACATCCCCCGAC
9-CACGTCTTTCAAC	STREME-9	Chr7_6956168_6956268	52	64	-	7.27632	4.34e-05	0.116	CACGTCTATCAAT
9-CACGTCTTTCAAC	STREME-9	Chr11_9227547_9227647	50	62	+	7.25	4.38e-05	0.117	CAAGTCTCGCAAC
9-CACGTCTTTCAAC	STREME-9	Chr2_7568527_7568627	10	22	+	7.23684	4.4e-05	0.117	CATATTTTTCAGT
9-CACGTCTTTCAAC	STREME-9	Chr11_4406944_4407044	13	25	-	7.23684	4.4e-05	0.117	CATGTTTTCCAAG
9-CACGTCTTTCAAC	STREME-9	Chr15_21339775_21339875	45	57	-	7.22368	4.42e-05	0.118	CATATGCTCCAAT
9-CACGTCTTTCAAC	STREME-9	Chr12_16898962_16899062	35	47	+	7.21053	4.44e-05	0.118	CACGCGTTCCAAG
9-CACGTCTTTCAAC	STREME-9	Chr11_2444621_2444721	28	40	-	7.18421	4.48e-05	0.119	CACATTTTGCAGG
9-CACGTCTTTCAAC	STREME-9	Chr5_1774357_1774457	27	39	-	7.17105	4.49e-05	0.119	CACGTATTCCAAG
9-CACGTCTTTCAAC	STREME-9	Chr5_1675885_1675985	43	55	-	7.17105	4.49e-05	0.119	CACGTATTCCAAG
9-CACGTCTTTCAAC	STREME-9	Chr1_40374672_40374772	76	88	-	7.17105	4.49e-05	0.119	CACGTCGCGTAGC
9-CACGTCTTTCAAC	STREME-9	Chr4_12007164_12007264	25	37	+	7.09211	4.6e-05	0.121	CACGCATCCCAAC
9-CACGTCTTTCAAC	STREME-9	Chr4_26912537_26912637	16	28	-	7.09211	4.6e-05	0.121	CACGTGTTGAAAC
9-CACGTCTTTCAAC	STREME-9	Chr12_17404286_17404386	87	99	-	7.09211	4.6e-05	0.121	AACGTCTTTTAAC
9-CACGTCTTTCAAC	STREME-9	Chr14_23225535_23225635	52	64	+	7.06579	4.63e-05	0.122	CATGTTCTCCAGT
9-CACGTCTTTCAAC	STREME-9	Chr2_11697331_11697431	67	79	+	7.05263	4.65e-05	0.122	CATACTTTTCAAC
9-CACGTCTTTCAAC	STREME-9	Chr2_6505675_6505775	19	31	-	7.03947	4.68e-05	0.123	CACTTGTTCCAAC
9-CACGTCTTTCAAC	STREME-9	Chr7_7637685_7637785	52	64	+	7.02632	4.7e-05	0.123	CACGTCTACCAGC
9-CACGTCTTTCAAC	STREME-9	Chr13_24017319_24017419	64	76	+	7.02632	4.7e-05	0.123	TACGTGGTTCAAC
9-CACGTCTTTCAAC	STREME-9	Chr10_9018264_9018364	87	99	+	7.02632	4.7e-05	0.123	TACGTGGTTCAAC
9-CACGTCTTTCAAC	STREME-9	Chr11_1804605_1804705	18	30	-	7	4.73e-05	0.123	CACATGGTTCAAT
9-CACGTCTTTCAAC	STREME-9	Chr11_16210093_16210193	45	57	+	6.97368	4.77e-05	0.124	CATGTGTTTCAGG
9-CACGTCTTTCAAC	STREME-9	Chr3_27271112_27271212	55	67	-	6.92105	4.83e-05	0.126	CACGACTTTCAAT
9-CACGTCTTTCAAC	STREME-9	Chr3_32172737_32172837	20	32	-	6.89474	4.86e-05	0.126	CACGTCTTTCCAT
9-CACGTCTTTCAAC	STREME-9	Chr10_8400068_8400168	26	38	-	6.89474	4.86e-05	0.126	CCCGTCTTTCAAT
9-CACGTCTTTCAAC	STREME-9	Chr5_33309837_33309937	32	44	+	6.88158	4.87e-05	0.126	CACGTCGTTTACC
9-CACGTCTTTCAAC	STREME-9	Chr8_20396266_20396366	10	22	+	6.85526	4.91e-05	0.127	TACATCTTCTAAT
9-CACGTCTTTCAAC	STREME-9	Chr14_10543040_10543140	54	66	-	6.84211	4.93e-05	0.128	CACGTCTCGTGGC
9-CACGTCTTTCAAC	STREME-9	Chr15_23255566_23255666	58	70	-	6.75	5.07e-05	0.131	CACATACCTTAAC
9-CACGTCTTTCAAC	STREME-9	Chr2_19318630_19318730	23	35	-	6.64474	5.21e-05	0.133	CACATATTTTAAT
9-CACGTCTTTCAAC	STREME-9	Chr4_33935011_33935111	30	42	+	6.63158	5.22e-05	0.133	CATGTCCTCCACT
9-CACGTCTTTCAAC	STREME-9	Chr6_26017295_26017395	41	53	+	6.61842	5.24e-05	0.133	CACACCTCCCACC
9-CACGTCTTTCAAC	STREME-9	Chr5_16169202_16169302	22	34	-	6.57895	5.29e-05	0.133	CACTTCTTCCAGC
9-CACGTCTTTCAAC	STREME-9	Chr5_23060079_23060179	29	41	-	6.57895	5.29e-05	0.133	CACTTCTTCCAGC
9-CACGTCTTTCAAC	STREME-9	Chr1_47583272_47583372	44	56	+	6.57895	5.29e-05	0.133	TACGTTTCCCACC
9-CACGTCTTTCAAC	STREME-9	Chr9_18692027_18692127	36	48	-	6.57895	5.29e-05	0.133	CACTTCTTCCAGC
9-CACGTCTTTCAAC	STREME-9	Chr4_23900806_23900906	50	62	+	6.57895	5.29e-05	0.133	CACCTCTTCCAGC
9-CACGTCTTTCAAC	STREME-9	Chr5_33416431_33416531	54	66	+	6.57895	5.29e-05	0.133	CACTTCTTCCAGC
9-CACGTCTTTCAAC	STREME-9	Chr6_25288682_25288782	62	74	+	6.57895	5.29e-05	0.133	CACTTCTTCCAGC
9-CACGTCTTTCAAC	STREME-9	Chr6_11135866_11135966	65	77	+	6.57895	5.29e-05	0.133	CACTTCTTCCAGC
9-CACGTCTTTCAAC	STREME-9	Chr7_15314043_15314143	66	78	+	6.57895	5.29e-05	0.133	CACTTCTTCCAGC
9-CACGTCTTTCAAC	STREME-9	Chr1_12784847_12784947	2	14	+	6.56579	5.31e-05	0.133	CATATCTCGTAAT
9-CACGTCTTTCAAC	STREME-9	Chr6_2465081_2465181	7	19	+	6.56579	5.31e-05	0.133	CATATCTCGTAAT
9-CACGTCTTTCAAC	STREME-9	Chr11_13561412_13561512	21	33	+	6.56579	5.31e-05	0.133	CATATCTCGTAAT
9-CACGTCTTTCAAC	STREME-9	Chr11_18901088_18901188	11	23	-	6.56579	5.31e-05	0.133	CATATCTCGTAAT
9-CACGTCTTTCAAC	STREME-9	Chr5_23586362_23586462	30	42	+	6.56579	5.31e-05	0.133	CATATCTCGTAAT
9-CACGTCTTTCAAC	STREME-9	Chr2_37491570_37491670	25	37	-	6.56579	5.31e-05	0.133	CATATCTCGTAAT
9-CACGTCTTTCAAC	STREME-9	Chr11_17646359_17646459	45	57	-	6.56579	5.31e-05	0.133	CATATCTCGTAAT
9-CACGTCTTTCAAC	STREME-9	Chr14_21299877_21299977	65	77	+	6.56579	5.31e-05	0.133	CATATCTCGTAAT
9-CACGTCTTTCAAC	STREME-9	Chr11_12161855_12161955	62	74	-	6.56579	5.31e-05	0.133	CATATCTCGTAAT
9-CACGTCTTTCAAC	STREME-9	Chr5_1551925_1552025	62	74	-	6.56579	5.31e-05	0.133	CATATCTCGTAAT
9-CACGTCTTTCAAC	STREME-9	Chr2_9804158_9804258	66	78	-	6.56579	5.31e-05	0.133	CATATCTCGTAAT
9-CACGTCTTTCAAC	STREME-9	Chr10_25264310_25264410	75	87	-	6.56579	5.31e-05	0.133	CATATCTCGTAAT
9-CACGTCTTTCAAC	STREME-9	Chr6_30192391_30192491	78	90	-	6.56579	5.31e-05	0.133	CATATCTCGTAAT
9-CACGTCTTTCAAC	STREME-9	Chr13_13959548_13959648	54	66	-	6.53947	5.35e-05	0.134	CACGCATTTCAAT
9-CACGTCTTTCAAC	STREME-9	Chr7_8856798_8856898	10	22	+	6.51316	5.4e-05	0.134	CACGTTTTTCGGT
9-CACGTCTTTCAAC	STREME-9	Chr13_8840208_8840308	27	39	-	6.5	5.43e-05	0.134	CACGCTTTCCAAG
9-CACGTCTTTCAAC	STREME-9	Chr15_17420328_17420428	21	33	+	6.47368	5.47e-05	0.134	CTCGTCTCTCAGC
9-CACGTCTTTCAAC	STREME-9	Chr2_2007285_2007385	30	42	+	6.47368	5.47e-05	0.134	CTCGTCTCTCAGC
9-CACGTCTTTCAAC	STREME-9	Chr15_3240148_3240248	31	43	-	6.47368	5.47e-05	0.134	CTCGTCTCTCAGC
9-CACGTCTTTCAAC	STREME-9	Chr7_11660262_11660362	55	67	+	6.47368	5.47e-05	0.134	CTCGTCTCTCAGC
9-CACGTCTTTCAAC	STREME-9	Chr3_10994049_10994149	64	76	+	6.47368	5.47e-05	0.134	CTCGTCTCTCAGC
9-CACGTCTTTCAAC	STREME-9	Chr9_4199039_4199139	56	68	-	6.47368	5.47e-05	0.134	CACATTTTTTACT
9-CACGTCTTTCAAC	STREME-9	Chr15_18869680_18869780	59	71	-	6.47368	5.47e-05	0.134	CTCGTCTCTCAGC
9-CACGTCTTTCAAC	STREME-9	Chr14_13809976_13810076	71	83	+	6.47368	5.47e-05	0.134	CTCGTCTCTCAGC
9-CACGTCTTTCAAC	STREME-9	Chr13_17524985_17525085	68	80	-	6.47368	5.47e-05	0.134	CTCGTCTCTCAGC
9-CACGTCTTTCAAC	STREME-9	Chr7_23314461_23314561	88	100	+	6.47368	5.47e-05	0.134	CTCGTCTCTCAGC
9-CACGTCTTTCAAC	STREME-9	Chr13_11740766_11740866	85	97	-	6.47368	5.47e-05	0.134	CACATTTTTTACT
9-CACGTCTTTCAAC	STREME-9	Chr15_5106086_5106186	42	54	-	6.46053	5.48e-05	0.134	CACGCCGCCCAAC
9-CACGTCTTTCAAC	STREME-9	Chr2_26321355_26321455	43	55	-	6.44737	5.5e-05	0.135	CACATACTCCAAT
9-CACGTCTTTCAAC	STREME-9	Chr4_15754996_15755096	83	95	+	6.44737	5.5e-05	0.135	CATGTGTTTTAAG
9-CACGTCTTTCAAC	STREME-9	Chr9_23015676_23015776	47	59	+	6.40789	5.56e-05	0.136	CAGGTGCTTCAAC
9-CACGTCTTTCAAC	STREME-9	Chr10_26467947_26468047	88	100	-	6.36842	5.61e-05	0.137	CACGTCTCGCGGT
9-CACGTCTTTCAAC	STREME-9	Chr1_26366504_26366604	21	33	+	6.32895	5.68e-05	0.137	CACGTTTTGCAAA
9-CACGTCTTTCAAC	STREME-9	Chr3_5289679_5289779	22	34	+	6.32895	5.68e-05	0.137	CACGTTTTGCAAA
9-CACGTCTTTCAAC	STREME-9	Chr3_30882279_30882379	12	24	-	6.32895	5.68e-05	0.137	CACGTTTTGCAAA
9-CACGTCTTTCAAC	STREME-9	Chr12_22174338_22174438	31	43	-	6.32895	5.68e-05	0.137	CACGCTTCTCAAG
9-CACGTCTTTCAAC	STREME-9	Chr10_16738248_16738348	71	83	-	6.32895	5.68e-05	0.137	CATGCCTTTTAAT
9-CACGTCTTTCAAC	STREME-9	Chr1_3678122_3678222	84	96	+	6.32895	5.68e-05	0.137	CACGTGCCTCGAT
9-CACGTCTTTCAAC	STREME-9	Chr10_22806788_22806888	67	79	-	6.31579	5.7e-05	0.137	CACGTATTGTACC
9-CACGTCTTTCAAC	STREME-9	Chr9_28796631_28796731	51	63	+	6.28947	5.74e-05	0.137	CACGTGTCCCACG
9-CACGTCTTTCAAC	STREME-9	Chr15_7164226_7164326	67	79	+	6.28947	5.74e-05	0.137	CACATTCTGCGAC
9-CACGTCTTTCAAC	STREME-9	Chr11_17509941_17510041	4	16	+	6.27632	5.76e-05	0.137	CACGTTTTCCAAA
9-CACGTCTTTCAAC	STREME-9	Chr14_23077356_23077456	19	31	-	6.27632	5.76e-05	0.137	CACGTTTTCCAAA
9-CACGTCTTTCAAC	STREME-9	Chr10_24990907_24991007	46	58	+	6.27632	5.76e-05	0.137	CACGTTTTCCAAA
9-CACGTCTTTCAAC	STREME-9	Chr2_21749352_21749452	47	59	+	6.27632	5.76e-05	0.137	CACGTTTTCCAAA
9-CACGTCTTTCAAC	STREME-9	Chr3_31319196_31319296	44	56	-	6.27632	5.76e-05	0.137	CACGTTTTCCAAA
9-CACGTCTTTCAAC	STREME-9	Chr12_7238451_7238551	50	62	-	6.27632	5.76e-05	0.137	CACGTTTTCCAAA
9-CACGTCTTTCAAC	STREME-9	Chr14_21936060_21936160	51	63	-	6.27632	5.76e-05	0.137	CACGTTTTCCAAA
9-CACGTCTTTCAAC	STREME-9	Chr1_21889090_21889190	53	65	-	6.27632	5.76e-05	0.137	CACGTTTTCCAAA
9-CACGTCTTTCAAC	STREME-9	Chr12_685963_686063	54	66	-	6.27632	5.76e-05	0.137	CACGTTTTCCAAA
9-CACGTCTTTCAAC	STREME-9	Chr2_20342958_20343058	86	98	-	6.27632	5.76e-05	0.137	CACGTTTTCCAAA
9-CACGTCTTTCAAC	STREME-9	Chr8_27223804_27223904	24	36	-	6.25	5.79e-05	0.138	CACATGTCTCGGC
9-CACGTCTTTCAAC	STREME-9	Chr6_13796111_13796211	73	85	+	6.25	5.79e-05	0.138	CACGATTCTCAAC
9-CACGTCTTTCAAC	STREME-9	Chr4_8602842_8602942	45	57	+	6.23684	5.81e-05	0.138	CACATTCCCCAAG
9-CACGTCTTTCAAC	STREME-9	Chr3_28741907_28742007	33	45	+	6.22368	5.84e-05	0.139	CGCGTTTCTCAAC
9-CACGTCTTTCAAC	STREME-9	Chr14_881914_882014	36	48	+	6.21053	5.85e-05	0.139	CACGTCTTCCGAG
9-CACGTCTTTCAAC	STREME-9	Chr1_42583269_42583369	36	48	+	6.17105	5.92e-05	0.14	CATGCGCCCCAAC
9-CACGTCTTTCAAC	STREME-9	Chr6_20089193_20089293	60	72	-	6.15789	5.95e-05	0.14	TACGTTTTCCAAG
9-CACGTCTTTCAAC	STREME-9	Chr2_27985275_27985375	74	86	+	6.15789	5.95e-05	0.14	CACTTTTCTCAAC
9-CACGTCTTTCAAC	STREME-9	Chr12_17837767_17837867	38	50	+	6.13158	5.99e-05	0.141	CACGTCCTTGAGC
9-CACGTCTTTCAAC	STREME-9	Chr1_34845290_34845390	73	85	+	6.13158	5.99e-05	0.141	CACTTCCTTCAGC
9-CACGTCTTTCAAC	STREME-9	Chr13_12538836_12538936	89	101	+	6.07895	6.09e-05	0.143	CACATCTTGGAAC
9-CACGTCTTTCAAC	STREME-9	Chr12_23599907_23600007	4	16	-	6.06579	6.12e-05	0.143	CACTTGTTTCAGC
9-CACGTCTTTCAAC	STREME-9	Chr11_4113267_4113367	22	34	+	6.06579	6.12e-05	0.143	CACACCTTTCACT
9-CACGTCTTTCAAC	STREME-9	Chr7_27733565_27733665	31	43	+	6.06579	6.12e-05	0.143	CACTTGTTTCAGC
9-CACGTCTTTCAAC	STREME-9	Chr9_28568675_28568775	29	41	-	6.06579	6.12e-05	0.143	CACTTGTTTCAGC
9-CACGTCTTTCAAC	STREME-9	Chr6_5555482_5555582	43	55	+	6.06579	6.12e-05	0.143	CACGTTGTCTAGC
9-CACGTCTTTCAAC	STREME-9	Chr13_5236012_5236112	71	83	+	6.06579	6.12e-05	0.143	CACTTGTTTCAGC
9-CACGTCTTTCAAC	STREME-9	Chr10_16916655_16916755	35	47	+	6.05263	6.14e-05	0.143	CACGCTCTTCAAG
9-CACGTCTTTCAAC	STREME-9	Chr2_6967259_6967359	63	75	-	6.02632	6.19e-05	0.144	CACGTGGTTCAAG
9-CACGTCTTTCAAC	STREME-9	Chr10_4558905_4559005	62	74	+	6.01316	6.21e-05	0.145	CACACGTTGCAGT
9-CACGTCTTTCAAC	STREME-9	Chr9_18130106_18130206	60	72	+	5.96053	6.32e-05	0.147	CACATTTTTCGAT
9-CACGTCTTTCAAC	STREME-9	Chr4_15931737_15931837	39	51	+	5.94737	6.35e-05	0.147	CAGGTCCTTCAGC
9-CACGTCTTTCAAC	STREME-9	Chr10_16212270_16212370	68	80	+	5.94737	6.35e-05	0.147	CAGGTCCTTCAGC
9-CACGTCTTTCAAC	STREME-9	Chr3_12844907_12845007	86	98	-	5.90789	6.4e-05	0.148	CATGTTTTGCACT
9-CACGTCTTTCAAC	STREME-9	Chr8_24264358_24264458	3	15	-	5.89474	6.42e-05	0.149	CACGTACCCCACC
9-CACGTCTTTCAAC	STREME-9	Chr2_6265713_6265813	16	28	-	5.88158	6.45e-05	0.149	CATACCTCTCAGC
9-CACGTCTTTCAAC	STREME-9	Chr2_19784285_19784385	28	40	+	5.88158	6.45e-05	0.149	CATACCTCTCAGC
9-CACGTCTTTCAAC	STREME-9	Chr7_9365689_9365789	46	58	-	5.88158	6.45e-05	0.149	CAAGTGTTTCAGC
9-CACGTCTTTCAAC	STREME-9	Chr11_21438114_21438214	69	81	-	5.88158	6.45e-05	0.149	CACTTTCTTCAAC
9-CACGTCTTTCAAC	STREME-9	Chr1_5890418_5890518	76	88	+	5.86842	6.47e-05	0.149	AACATCTTGCAAC
9-CACGTCTTTCAAC	STREME-9	Chr3_2502876_2502976	78	90	+	5.86842	6.47e-05	0.149	CATGTCGTCTAAC
9-CACGTCTTTCAAC	STREME-9	Chr7_18301929_18302029	33	45	-	5.85526	6.5e-05	0.149	CACGCCCCCCAAG
9-CACGTCTTTCAAC	STREME-9	Chr2_37113387_37113487	27	39	-	5.82895	6.55e-05	0.15	TATGTGCCCCAAC
9-CACGTCTTTCAAC	STREME-9	Chr11_6746391_6746491	9	21	+	5.81579	6.57e-05	0.15	AACATCTTCCAAC
9-CACGTCTTTCAAC	STREME-9	Chr12_9165612_9165712	50	62	+	5.81579	6.57e-05	0.15	AACATCTTCCAAC
9-CACGTCTTTCAAC	STREME-9	Chr1_35208653_35208753	79	91	-	5.81579	6.57e-05	0.15	AACATCTTCCAAC
9-CACGTCTTTCAAC	STREME-9	Chr12_18902378_18902478	48	60	-	5.75	6.69e-05	0.153	CACGTATCCCAAG
9-CACGTCTTTCAAC	STREME-9	Chr3_30471019_30471119	11	23	-	5.72368	6.74e-05	0.154	CACATGTCTTGAC
9-CACGTCTTTCAAC	STREME-9	Chr11_4113267_4113367	42	54	-	5.69737	6.79e-05	0.155	CACGTGTTTCGAG
9-CACGTCTTTCAAC	STREME-9	Chr2_37461748_37461848	34	46	-	5.67105	6.85e-05	0.156	GACGTTCTTCAAC
9-CACGTCTTTCAAC	STREME-9	Chr5_17277922_17278022	15	27	+	5.64474	6.89e-05	0.156	CTCATCCTTCAAC
9-CACGTCTTTCAAC	STREME-9	Chr10_9055328_9055428	39	51	-	5.64474	6.89e-05	0.156	CACGTCTTCCCAT
9-CACGTCTTTCAAC	STREME-9	Chr7_14145626_14145726	67	79	+	5.64474	6.89e-05	0.156	CTCGTCTTCCAAT
9-CACGTCTTTCAAC	STREME-9	Chr12_4040505_4040605	4	16	-	5.60526	6.98e-05	0.158	CACGTGTTTTTAC
9-CACGTCTTTCAAC	STREME-9	Chr2_10194475_10194575	70	82	+	5.60526	6.98e-05	0.158	CACCTCCTTTAAC
9-CACGTCTTTCAAC	STREME-9	Chr12_5039773_5039873	4	16	-	5.57895	7.03e-05	0.159	CATACCTTGTAAC
9-CACGTCTTTCAAC	STREME-9	Chr11_1033821_1033921	49	61	-	5.57895	7.03e-05	0.159	CACATCCTTAAAC
9-CACGTCTTTCAAC	STREME-9	Chr15_19822888_19822988	21	33	+	5.56579	7.06e-05	0.159	CACGTGTCCCAAA
9-CACGTCTTTCAAC	STREME-9	Chr2_34215931_34216031	69	81	-	5.56579	7.06e-05	0.159	CACATTGTGTAAC
9-CACGTCTTTCAAC	STREME-9	Chr13_4524612_4524712	29	41	+	5.53947	7.11e-05	0.16	CATGTCTTCTGAC
9-CACGTCTTTCAAC	STREME-9	Chr13_20040349_20040449	5	17	+	5.52632	7.13e-05	0.16	CACATCCTTCAAA
9-CACGTCTTTCAAC	STREME-9	Chr11_18114048_18114148	47	59	-	5.51316	7.17e-05	0.161	CACATGTTTGAAC
9-CACGTCTTTCAAC	STREME-9	Chr6_4665575_4665675	86	98	+	5.46053	7.28e-05	0.163	CATATTTTCTAAT
9-CACGTCTTTCAAC	STREME-9	Chr3_36060318_36060418	61	73	+	5.44737	7.3e-05	0.163	CACGGTTTTCAGC
9-CACGTCTTTCAAC	STREME-9	Chr10_15441582_15441682	23	35	+	5.43421	7.33e-05	0.164	CACGAGCTCCAAC
9-CACGTCTTTCAAC	STREME-9	Chr7_20589840_20589940	51	63	-	5.43421	7.33e-05	0.164	CACGAGCTCCAAC
9-CACGTCTTTCAAC	STREME-9	Chr4_351116_351216	70	82	-	5.42105	7.35e-05	0.164	CACGCTTCTTACC
9-CACGTCTTTCAAC	STREME-9	Chr2_27425171_27425271	76	88	+	5.39474	7.41e-05	0.165	CACCTGCTGCAAC
9-CACGTCTTTCAAC	STREME-9	Chr6_5739070_5739170	34	46	-	5.38158	7.43e-05	0.165	CACGTCCAGCAGC
9-CACGTCTTTCAAC	STREME-9	Chr14_12511864_12511964	88	100	-	5.35526	7.48e-05	0.166	CACGTCTTGTGCC
9-CACGTCTTTCAAC	STREME-9	Chr6_3160499_3160599	89	101	-	5.35526	7.48e-05	0.166	CACGTCTTGTGCC
9-CACGTCTTTCAAC	STREME-9	Chr1_39029108_39029208	58	70	+	5.34211	7.51e-05	0.166	CACGTACTTCACT
9-CACGTCTTTCAAC	STREME-9	Chr3_30623918_30624018	72	84	-	5.34211	7.51e-05	0.166	CATATCTCTCGAC
9-CACGTCTTTCAAC	STREME-9	Chr12_2160658_2160758	8	20	-	5.32895	7.53e-05	0.166	CACGTCCACCAGC
9-CACGTCTTTCAAC	STREME-9	Chr10_4452578_4452678	39	51	+	5.31579	7.55e-05	0.166	CACGTTGTTCAAG
9-CACGTCTTTCAAC	STREME-9	Chr1_19612126_19612226	43	55	+	5.31579	7.55e-05	0.166	CACGTTGTTCAAG
9-CACGTCTTTCAAC	STREME-9	Chr6_16173399_16173499	46	58	+	5.31579	7.55e-05	0.166	CACGTTGTTCAAG
9-CACGTCTTTCAAC	STREME-9	Chr8_1722895_1722995	55	67	+	5.31579	7.55e-05	0.166	CACGTTGTTCAAG
9-CACGTCTTTCAAC	STREME-9	Chr1_18993924_18994024	58	70	-	5.31579	7.55e-05	0.166	CACGTTGTTCAAG
9-CACGTCTTTCAAC	STREME-9	Chr1_48494264_48494364	70	82	-	5.31579	7.55e-05	0.166	CATATGCTCCACC
9-CACGTCTTTCAAC	STREME-9	Chr3_30609483_30609583	83	95	-	5.31579	7.55e-05	0.166	CACGTTGTTCAAG
9-CACGTCTTTCAAC	STREME-9	Chr12_21925437_21925537	55	67	-	5.28947	7.6e-05	0.167	CACGCATTCCAAT
9-CACGTCTTTCAAC	STREME-9	Chr1_4917029_4917129	13	25	+	5.22368	7.74e-05	0.169	CTCGTCTCCCAGC
9-CACGTCTTTCAAC	STREME-9	Chr15_6488416_6488516	23	35	+	5.22368	7.74e-05	0.169	CTCGTCTCCCAGC
9-CACGTCTTTCAAC	STREME-9	Chr13_19103617_19103717	45	57	-	5.22368	7.74e-05	0.169	CTCGTCTCCCAGC
9-CACGTCTTTCAAC	STREME-9	Chr2_11297068_11297168	61	73	+	5.22368	7.74e-05	0.169	CTTGTCTTTCAAC
9-CACGTCTTTCAAC	STREME-9	Chr3_15206948_15207048	16	28	-	5.19737	7.79e-05	0.17	CACGTCCTTCCAT
9-CACGTCTTTCAAC	STREME-9	Chr1_872449_872549	48	60	-	5.17105	7.83e-05	0.17	CACCTGCCTCAAC
9-CACGTCTTTCAAC	STREME-9	Chr1_18360643_18360743	56	68	-	5.14474	7.89e-05	0.17	CTCGTCTTTTAGC
9-CACGTCTTTCAAC	STREME-9	Chr2_27439985_27440085	75	87	-	5.11842	7.96e-05	0.17	CACGCTTTCCACT
9-CACGTCTTTCAAC	STREME-9	Chr12_14298539_14298639	84	96	+	5.07895	8.03e-05	0.17	CACGCTTCCCAAG
9-CACGTCTTTCAAC	STREME-9	Chr14_22317946_22318046	55	67	+	5.06579	8.06e-05	0.17	CACATCCCCCGGC
9-CACGTCTTTCAAC	STREME-9	Chr15_17992639_17992739	18	30	+	5.05263	8.09e-05	0.17	CACGTCTGTCAGT
9-CACGTCTTTCAAC	STREME-9	Chr10_19109985_19110085	32	44	+	5.05263	8.09e-05	0.17	CACGTCTGTCAGT
9-CACGTCTTTCAAC	STREME-9	Chr11_7645683_7645783	28	40	-	5.05263	8.09e-05	0.17	CACGTCTGTCAGT
9-CACGTCTTTCAAC	STREME-9	Chr14_6290345_6290445	46	58	+	5.05263	8.09e-05	0.17	CACGTCTGTCAGT
9-CACGTCTTTCAAC	STREME-9	Chr15_23371163_23371263	42	54	-	5.05263	8.09e-05	0.17	CACGTCTGTCAGT
9-CACGTCTTTCAAC	STREME-9	Chr2_2645601_2645701	59	71	+	5.05263	8.09e-05	0.17	CACGTCTGTCAGT
9-CACGTCTTTCAAC	STREME-9	Chr3_32570732_32570832	47	59	-	5.05263	8.09e-05	0.17	CACGTCTGTCAGT
9-CACGTCTTTCAAC	STREME-9	Chr10_17041581_17041681	70	82	-	5.05263	8.09e-05	0.17	CACGTCTGTCAGT
9-CACGTCTTTCAAC	STREME-9	Chr9_27537638_27537738	74	86	-	5.05263	8.09e-05	0.17	CACGTCTGTCAGT
9-CACGTCTTTCAAC	STREME-9	Chr12_18737315_18737415	75	87	-	5.05263	8.09e-05	0.17	CACGTCTGTCAGT
9-CACGTCTTTCAAC	STREME-9	Chr9_1969007_1969107	78	90	-	5.05263	8.09e-05	0.17	CACGTCTGTCAGT
9-CACGTCTTTCAAC	STREME-9	Chr8_4838045_4838145	46	58	-	5.03947	8.11e-05	0.17	CACATTGTCCAAT
9-CACGTCTTTCAAC	STREME-9	Chr3_28039870_28039970	75	87	+	5.02632	8.14e-05	0.17	CACGACCTGCAGC
9-CACGTCTTTCAAC	STREME-9	Chr11_3949233_3949333	25	37	+	5	8.21e-05	0.17	CACGATTCCCAAC
9-CACGTCTTTCAAC	STREME-9	Chr11_7143611_7143711	15	27	-	5	8.21e-05	0.17	CACGATTCCCAAC
9-CACGTCTTTCAAC	STREME-9	Chr11_3969216_3969316	36	48	+	5	8.21e-05	0.17	CACGATTCCCAAC
9-CACGTCTTTCAAC	STREME-9	Chr13_13395314_13395414	49	61	-	5	8.21e-05	0.17	CACATCACCCAAC
9-CACGTCTTTCAAC	STREME-9	Chr7_30101740_30101840	53	65	-	4.97368	8.27e-05	0.17	CACACTTTTCAAG
9-CACGTCTTTCAAC	STREME-9	Chr1_35555571_35555671	40	52	-	4.94737	8.32e-05	0.17	AACGTCTCCCAGC
9-CACGTCTTTCAAC	STREME-9	Chr10_22183283_22183383	49	61	-	4.94737	8.32e-05	0.17	CACATACTTTAAT
9-CACGTCTTTCAAC	STREME-9	Chr2_34068905_34069005	75	87	-	4.93421	8.34e-05	0.17	CACATCTCCCATC
9-CACGTCTTTCAAC	STREME-9	Chr4_14118415_14118515	1	13	+	4.92105	8.37e-05	0.17	CATGTGCTGCACT
9-CACGTCTTTCAAC	STREME-9	Chr13_20345723_20345823	7	19	-	4.88158	8.47e-05	0.17	CAGGTGTTTCAAT
9-CACGTCTTTCAAC	STREME-9	Chr9_6877579_6877679	10	22	+	4.86842	8.51e-05	0.17	CACGTGTTGAAGC
9-CACGTCTTTCAAC	STREME-9	Chr7_29484960_29485060	29	41	-	4.86842	8.51e-05	0.17	CACATTTTTCCAC
9-CACGTCTTTCAAC	STREME-9	Chr2_33196431_33196531	30	42	-	4.85526	8.53e-05	0.17	CACGTTTCCCAAA
9-CACGTCTTTCAAC	STREME-9	Chr1_38097391_38097491	41	53	-	4.85526	8.53e-05	0.17	AACGTGTTTCAAT
9-CACGTCTTTCAAC	STREME-9	Chr14_784659_784759	45	57	-	4.85526	8.53e-05	0.17	CACGTTTCCCAAA
9-CACGTCTTTCAAC	STREME-9	Chr5_34007104_34007204	63	75	+	4.84211	8.56e-05	0.17	TATGTTTCTCAAT
9-CACGTCTTTCAAC	STREME-9	Chr5_34036541_34036641	79	91	+	4.84211	8.56e-05	0.17	TATGTTTCTCAAT
9-CACGTCTTTCAAC	STREME-9	Chr1_40585591_40585691	80	92	-	4.84211	8.56e-05	0.17	CACGCACTTCAAT
9-CACGTCTTTCAAC	STREME-9	Chr1_29908555_29908655	16	28	+	4.82895	8.59e-05	0.17	CATACTTTTCAGC
9-CACGTCTTTCAAC	STREME-9	Chr10_19923216_19923316	39	51	-	4.82895	8.59e-05	0.17	CATACTTTTCAGC
9-CACGTCTTTCAAC	STREME-9	Chr4_10379436_10379536	73	85	+	4.82895	8.59e-05	0.17	CACATCCGGCAAC
9-CACGTCTTTCAAC	STREME-9	Chr2_29700100_29700200	5	17	-	4.81579	8.62e-05	0.17	CACTTGTTCCAGC
9-CACGTCTTTCAAC	STREME-9	Chr5_7731099_7731199	10	22	-	4.81579	8.62e-05	0.17	CACTTGTTCCAGC
9-CACGTCTTTCAAC	STREME-9	Chr15_19869045_19869145	10	22	-	4.81579	8.62e-05	0.17	CACTTGTTCCAGC
9-CACGTCTTTCAAC	STREME-9	Chr6_22823463_22823563	13	25	-	4.81579	8.62e-05	0.17	CACTTGTTCCAGC
9-CACGTCTTTCAAC	STREME-9	Chr7_8971046_8971146	14	26	-	4.81579	8.62e-05	0.17	CACTTGTTCCAGC
9-CACGTCTTTCAAC	STREME-9	Chr1_14006451_14006551	21	33	-	4.81579	8.62e-05	0.17	CACTTGTTCCAGC
9-CACGTCTTTCAAC	STREME-9	Chr6_11248955_11249055	27	39	-	4.81579	8.62e-05	0.17	CACTTGTTCCAGC
9-CACGTCTTTCAAC	STREME-9	Chr1_6442474_6442574	45	57	+	4.81579	8.62e-05	0.17	CACTTGTTCCAGC
9-CACGTCTTTCAAC	STREME-9	Chr6_5814430_5814530	39	51	-	4.81579	8.62e-05	0.17	CACTTGTTCCAGC
9-CACGTCTTTCAAC	STREME-9	Chr1_18601355_18601455	54	66	+	4.81579	8.62e-05	0.17	CACTTGTTCCAGC
9-CACGTCTTTCAAC	STREME-9	Chr13_24099784_24099884	64	76	+	4.81579	8.62e-05	0.17	CACTTGTTCCAGC
9-CACGTCTTTCAAC	STREME-9	Chr4_33541076_33541176	64	76	+	4.81579	8.62e-05	0.17	CACTTGTTCCAGC
9-CACGTCTTTCAAC	STREME-9	Chr2_34186930_34187030	72	84	+	4.81579	8.62e-05	0.17	CACTTGTTCCAGC
9-CACGTCTTTCAAC	STREME-9	Chr1_13981072_13981172	72	84	+	4.81579	8.62e-05	0.17	CACTTGTTCCAGC
9-CACGTCTTTCAAC	STREME-9	Chr5_21990916_21991016	76	88	+	4.81579	8.62e-05	0.17	CACTTGTTCCAGC
9-CACGTCTTTCAAC	STREME-9	Chr7_5116425_5116525	78	90	+	4.81579	8.62e-05	0.17	CACTTGTTCCAGC
9-CACGTCTTTCAAC	STREME-9	Chr1_18509846_18509946	82	94	+	4.81579	8.62e-05	0.17	CACTTGTTCCAGC
9-CACGTCTTTCAAC	STREME-9	Chr10_16509189_16509289	83	95	+	4.81579	8.62e-05	0.17	CACTTGTTCCAGC
9-CACGTCTTTCAAC	STREME-9	Chr8_4270697_4270797	74	86	-	4.81579	8.62e-05	0.17	CACTTGTTCCAGC
9-CACGTCTTTCAAC	STREME-9	Chr1_29241079_29241179	86	98	+	4.81579	8.62e-05	0.17	CACTTGTTCCAGC
9-CACGTCTTTCAAC	STREME-9	Chr10_12658252_12658352	2	14	-	4.80263	8.66e-05	0.17	TACGTGGTTCAGC
9-CACGTCTTTCAAC	STREME-9	Chr8_29556744_29556844	3	15	-	4.80263	8.66e-05	0.17	TACGTGGTTCAGC
9-CACGTCTTTCAAC	STREME-9	Chr12_618206_618306	6	18	-	4.80263	8.66e-05	0.17	TACGTGGTTCAGC
9-CACGTCTTTCAAC	STREME-9	Chr5_13741262_13741362	6	18	-	4.80263	8.66e-05	0.17	TACGTGGTTCAGC
9-CACGTCTTTCAAC	STREME-9	Chr14_23590465_23590565	7	19	-	4.80263	8.66e-05	0.17	TACGTGGTTCAGC
9-CACGTCTTTCAAC	STREME-9	Chr12_16338453_16338553	7	19	-	4.80263	8.66e-05	0.17	TACGTGGTTCAGC
9-CACGTCTTTCAAC	STREME-9	Chr1_36814065_36814165	10	22	-	4.80263	8.66e-05	0.17	TACGTGGTTCAGC
9-CACGTCTTTCAAC	STREME-9	Chr2_31130116_31130216	23	35	+	4.80263	8.66e-05	0.17	TACGTGGTTCAGC
9-CACGTCTTTCAAC	STREME-9	Chr1_17086739_17086839	12	24	-	4.80263	8.66e-05	0.17	TACGTGGTTCAGC
9-CACGTCTTTCAAC	STREME-9	Chr10_23051767_23051867	16	28	-	4.80263	8.66e-05	0.17	TACGTGGTTCAGC
9-CACGTCTTTCAAC	STREME-9	Chr7_6165895_6165995	18	30	-	4.80263	8.66e-05	0.17	TACGTGGTTCAGC
9-CACGTCTTTCAAC	STREME-9	Chr11_18399762_18399862	30	42	+	4.80263	8.66e-05	0.17	TACGTGGTTCAGC
9-CACGTCTTTCAAC	STREME-9	Chr10_25928992_25929092	22	34	-	4.80263	8.66e-05	0.17	TACGTGGTTCAGC
9-CACGTCTTTCAAC	STREME-9	Chr1_32792380_32792480	35	47	+	4.80263	8.66e-05	0.17	TACGTGGTTCAGC
9-CACGTCTTTCAAC	STREME-9	Chr5_24864042_24864142	27	39	-	4.80263	8.66e-05	0.17	TACGTGGTTCAGC
9-CACGTCTTTCAAC	STREME-9	Chr1_37699625_37699725	40	52	+	4.80263	8.66e-05	0.17	TACGTGGTTCAGC
9-CACGTCTTTCAAC	STREME-9	Chr14_22732445_22732545	31	43	-	4.80263	8.66e-05	0.17	TACGTGGTTCAGC
9-CACGTCTTTCAAC	STREME-9	Chr5_8593895_8593995	34	46	-	4.80263	8.66e-05	0.17	TACGTGGTTCAGC
9-CACGTCTTTCAAC	STREME-9	Chr1_35983027_35983127	49	61	+	4.80263	8.66e-05	0.17	TACGTGGTTCAGC
9-CACGTCTTTCAAC	STREME-9	Chr10_23024919_23025019	38	50	-	4.80263	8.66e-05	0.17	TACGTGGTTCAGC
9-CACGTCTTTCAAC	STREME-9	Chr3_19385000_19385100	51	63	+	4.80263	8.66e-05	0.17	TACGTGGTTCAGC
9-CACGTCTTTCAAC	STREME-9	Chr8_18605937_18606037	51	63	+	4.80263	8.66e-05	0.17	TACGTGGTTCAGC
9-CACGTCTTTCAAC	STREME-9	Chr4_11602133_11602233	52	64	+	4.80263	8.66e-05	0.17	CACGCTCTCCAAG
9-CACGTCTTTCAAC	STREME-9	Chr1_4347136_4347236	54	66	+	4.80263	8.66e-05	0.17	TACGTGGTTCAGC
9-CACGTCTTTCAAC	STREME-9	Chr11_23920690_23920790	43	55	-	4.80263	8.66e-05	0.17	TACGTGGTTCAGC
9-CACGTCTTTCAAC	STREME-9	Chr9_18720707_18720807	60	72	+	4.80263	8.66e-05	0.17	TACGTGGTTCAGC
9-CACGTCTTTCAAC	STREME-9	Chr14_14344281_14344381	50	62	-	4.80263	8.66e-05	0.17	TACGTGGTTCAGC
9-CACGTCTTTCAAC	STREME-9	Chr8_9900381_9900481	50	62	-	4.80263	8.66e-05	0.17	CATGTACTCTAAC
9-CACGTCTTTCAAC	STREME-9	Chr10_17600948_17601048	70	82	+	4.80263	8.66e-05	0.17	TACGTGGTTCAGC
9-CACGTCTTTCAAC	STREME-9	Chr10_25914189_25914289	74	86	+	4.80263	8.66e-05	0.17	TACGTGGTTCAGC
9-CACGTCTTTCAAC	STREME-9	Chr10_13290787_13290887	75	87	+	4.80263	8.66e-05	0.17	TACGTGGTTCAGC
9-CACGTCTTTCAAC	STREME-9	Chr1_15732652_15732752	78	90	+	4.80263	8.66e-05	0.17	TACGTGGTTCAGC
9-CACGTCTTTCAAC	STREME-9	Chr15_16786632_16786732	80	92	+	4.80263	8.66e-05	0.17	TACGTGGTTCAGC
9-CACGTCTTTCAAC	STREME-9	Chr14_9470154_9470254	70	82	-	4.80263	8.66e-05	0.17	TACGTGGTTCAGC
9-CACGTCTTTCAAC	STREME-9	Chr6_11278311_11278411	83	95	+	4.80263	8.66e-05	0.17	TACGTGGTTCAGC
9-CACGTCTTTCAAC	STREME-9	Chr9_10342063_10342163	84	96	+	4.80263	8.66e-05	0.17	TACGTGGTTCAGC
9-CACGTCTTTCAAC	STREME-9	Chr2_15726950_15727050	87	99	+	4.80263	8.66e-05	0.17	TACGTGGTTCAGC
9-CACGTCTTTCAAC	STREME-9	Chr15_17575239_17575339	89	101	+	4.80263	8.66e-05	0.17	TACGTGGTTCAGC
9-CACGTCTTTCAAC	STREME-9	Chr12_8930137_8930237	89	101	+	4.80263	8.66e-05	0.17	TACGTGGTTCAGC
9-CACGTCTTTCAAC	STREME-9	Chr10_11973991_11974091	81	93	-	4.80263	8.66e-05	0.17	TACGTGGTTCAGC
9-CACGTCTTTCAAC	STREME-9	Chr14_4935530_4935630	31	43	-	4.77632	8.73e-05	0.171	CACACCTCCCAAG
9-CACGTCTTTCAAC	STREME-9	Chr1_27185472_27185572	78	90	-	4.77632	8.73e-05	0.171	CACGGTCTGCAAC
9-CACGTCTTTCAAC	STREME-9	Chr5_6249858_6249958	53	65	+	4.75	8.8e-05	0.172	CACATTTTTCAAA
9-CACGTCTTTCAAC	STREME-9	Chr7_13690759_13690859	69	81	+	4.75	8.8e-05	0.172	CACGTCTCGTCAC
9-CACGTCTTTCAAC	STREME-9	Chr9_24823619_24823719	43	55	+	4.72368	8.86e-05	0.173	CAGGTTTCCCAAC
9-CACGTCTTTCAAC	STREME-9	Chr14_1246376_1246476	53	65	+	4.72368	8.86e-05	0.173	CACGATCTCCAAC
9-CACGTCTTTCAAC	STREME-9	Chr1_41808927_41809027	25	37	+	4.69737	8.92e-05	0.174	CACAACTCCCAAC
9-CACGTCTTTCAAC	STREME-9	Chr14_12386139_12386239	28	40	-	4.68421	8.94e-05	0.174	CATGTGGTGCAGC
9-CACGTCTTTCAAC	STREME-9	Chr7_24913587_24913687	88	100	+	4.68421	8.94e-05	0.174	CACGTTTTTCATT
9-CACGTCTTTCAAC	STREME-9	Chr7_30775196_30775296	86	98	-	4.68421	8.94e-05	0.174	CATGTGGTGCAGC
9-CACGTCTTTCAAC	STREME-9	Chr15_18869680_18869780	10	22	+	4.64474	9.03e-05	0.175	CACGTGTCTGAGC
9-CACGTCTTTCAAC	STREME-9	Chr1_49036856_49036956	51	63	+	4.64474	9.03e-05	0.175	CACGTGTCTGAGC
9-CACGTCTTTCAAC	STREME-9	Chr15_17420328_17420428	70	82	-	4.64474	9.03e-05	0.175	CACGTGTCTGAGC
9-CACGTCTTTCAAC	STREME-9	Chr2_8288715_8288815	86	98	+	4.64474	9.03e-05	0.175	CACGTGTCTGAGC
9-CACGTCTTTCAAC	STREME-9	Chr2_35813171_35813271	78	90	-	4.64474	9.03e-05	0.175	CACGTGTCTGAGC
9-CACGTCTTTCAAC	STREME-9	Chr2_21826841_21826941	10	22	-	4.63158	9.07e-05	0.175	CACACGCTGCACC
9-CACGTCTTTCAAC	STREME-9	Chr15_3870009_3870109	32	44	+	4.63158	9.07e-05	0.175	CACGCTCTTCGAC
9-CACGTCTTTCAAC	STREME-9	Chr1_29873563_29873663	48	60	+	4.57895	9.19e-05	0.177	CACGTGCCTTGGC
9-CACGTCTTTCAAC	STREME-9	Chr5_7093495_7093595	57	69	-	4.57895	9.19e-05	0.177	CACGTGCCTTGGC
9-CACGTCTTTCAAC	STREME-9	Chr4_3598415_3598515	55	67	+	4.52632	9.31e-05	0.179	TATATGCTGCAAC
9-CACGTCTTTCAAC	STREME-9	Chr9_7839772_7839872	21	33	-	4.5	9.37e-05	0.18	CAGGTTCTGCAAC
9-CACGTCTTTCAAC	STREME-9	Chr1_38021688_38021788	40	52	-	4.5	9.37e-05	0.18	CAGGTTCTGCAAC
9-CACGTCTTTCAAC	STREME-9	Chr3_28242669_28242769	42	54	+	4.48684	9.41e-05	0.18	CACGCCTTTCCAC
9-CACGTCTTTCAAC	STREME-9	Chr6_2480973_2481073	35	47	-	4.48684	9.41e-05	0.18	CACGCCTTTCCAC
9-CACGTCTTTCAAC	STREME-9	Chr11_9662262_9662362	23	35	+	4.47368	9.45e-05	0.181	CACGTGTCACAAT
9-CACGTCTTTCAAC	STREME-9	Chr11_10041950_10042050	71	83	+	4.47368	9.45e-05	0.181	CACGTGTCACAAT
9-CACGTCTTTCAAC	STREME-9	Chr10_23091297_23091397	66	78	-	4.47368	9.45e-05	0.181	CACGTCCTGTCAC
9-CACGTCTTTCAAC	STREME-9	Chr3_29894281_29894381	85	97	-	4.47368	9.45e-05	0.181	CACGTGTTTTGGT
9-CACGTCTTTCAAC	STREME-9	Chr11_9793224_9793324	37	49	+	4.44737	9.52e-05	0.182	CACGATTTTCAAT
9-CACGTCTTTCAAC	STREME-9	Chr1_2454448_2454548	55	67	+	4.43421	9.55e-05	0.182	CACACGTTCCAAG
9-CACGTCTTTCAAC	STREME-9	Chr13_7073424_7073524	2	14	-	4.42105	9.61e-05	0.182	CCCGTCCTCTAAC
9-CACGTCTTTCAAC	STREME-9	Chr4_5313353_5313453	31	43	+	4.42105	9.61e-05	0.182	CACGTTTTTCCAT
9-CACGTCTTTCAAC	STREME-9	Chr4_18210576_18210676	37	49	-	4.42105	9.61e-05	0.182	CACGTTTTTCCAT
9-CACGTCTTTCAAC	STREME-9	Chr15_11425747_11425847	65	77	+	4.42105	9.61e-05	0.182	CACGTTTTTCTAT
9-CACGTCTTTCAAC	STREME-9	Chr12_6063599_6063699	66	78	-	4.42105	9.61e-05	0.182	CACGTTTTTCCAT
9-CACGTCTTTCAAC	STREME-9	Chr6_25810243_25810343	89	101	-	4.42105	9.61e-05	0.182	CAAGTCTTTCAGT
9-CACGTCTTTCAAC	STREME-9	Chr1_48583091_48583191	47	59	+	4.39474	9.67e-05	0.183	CACATATTCCAAG
9-CACGTCTTTCAAC	STREME-9	Chr6_1976948_1977048	52	64	-	4.39474	9.67e-05	0.183	AACGTCTTTCAGT
9-CACGTCTTTCAAC	STREME-9	Chr5_4727379_4727479	8	20	-	4.38158	9.7e-05	0.183	CACGTCCAGCAAT
9-CACGTCTTTCAAC	STREME-9	Chr3_1262561_1262661	6	18	-	4.36842	9.73e-05	0.184	CACGTTCCCCGAT
9-CACGTCTTTCAAC	STREME-9	Chr15_9654536_9654636	62	74	-	4.35526	9.78e-05	0.184	CACCTCCTCTAAC
9-CACGTCTTTCAAC	STREME-9	Chr3_25495001_25495101	73	85	-	4.35526	9.78e-05	0.184	CATGTCATGCAAC

# FIMO (Find Individual Motif Occurrences): Version 5.5.1 compiled on Apr 10 2023 at 16:56:57
# The format of this file is described at https://meme-suite.org/meme/doc/fimo-output-format.html.
# fimo --parse-genomic-coord --verbosity 1 --oc LITCHI007109.meme_chip/fimo_out_10 --bgfile LITCHI007109.meme_chip/background --motif 9-CACGTCTTTCAAC LITCHI007109.meme_chip/streme_out/streme.xml LITCHI007109.meme_chip/LITCHI007109.peak.region.fa
