motif_id	motif_alt_id	sequence_name	start	stop	strand	score	p-value	q-value	matched_sequence
10-AATCCTTGTGT	STREME-10	Chr5_6188078_6188178	4	14	+	20.2439	3.09e-07	0.00504	AATCCTTGTGT
10-AATCCTTGTGT	STREME-10	Chr10_19099403_19099503	5	15	+	20.2439	3.09e-07	0.00504	AATCCTTGTGT
10-AATCCTTGTGT	STREME-10	Chr13_15457299_15457399	6	16	+	20.2439	3.09e-07	0.00504	AATCCTTGTGT
10-AATCCTTGTGT	STREME-10	Chr14_4061698_4061798	2	12	-	20.2439	3.09e-07	0.00504	AATCCTTGTGT
10-AATCCTTGTGT	STREME-10	Chr5_10431855_10431955	12	22	+	20.2439	3.09e-07	0.00504	AATCCTTGTGT
10-AATCCTTGTGT	STREME-10	Chr15_22854706_22854806	14	24	+	20.2439	3.09e-07	0.00504	AATCCTTGTGT
10-AATCCTTGTGT	STREME-10	Chr2_37239674_37239774	17	27	+	20.2439	3.09e-07	0.00504	AATCCTTGTGT
10-AATCCTTGTGT	STREME-10	Chr2_31184482_31184582	19	29	+	20.2439	3.09e-07	0.00504	AATCCTTGTGT
10-AATCCTTGTGT	STREME-10	Chr10_14657569_14657669	10	20	-	20.2439	3.09e-07	0.00504	AATCCTTGTGT
10-AATCCTTGTGT	STREME-10	Chr2_352179_352279	21	31	+	20.2439	3.09e-07	0.00504	AATCCTTGTGT
10-AATCCTTGTGT	STREME-10	Chr1_5046593_5046693	23	33	+	20.2439	3.09e-07	0.00504	AATCCTTGTGT
10-AATCCTTGTGT	STREME-10	Chr3_15127602_15127702	14	24	-	20.2439	3.09e-07	0.00504	AATCCTTGTGT
10-AATCCTTGTGT	STREME-10	Chr1_29064137_29064237	25	35	+	20.2439	3.09e-07	0.00504	AATCCTTGTGT
10-AATCCTTGTGT	STREME-10	Chr8_396274_396374	25	35	+	20.2439	3.09e-07	0.00504	AATCCTTGTGT
10-AATCCTTGTGT	STREME-10	Chr14_6279758_6279858	26	36	+	20.2439	3.09e-07	0.00504	AATCCTTGTGT
10-AATCCTTGTGT	STREME-10	Chr9_13821336_13821436	17	27	-	20.2439	3.09e-07	0.00504	AATCCTTGTGT
10-AATCCTTGTGT	STREME-10	Chr3_5126303_5126403	29	39	+	20.2439	3.09e-07	0.00504	AATCCTTGTGT
10-AATCCTTGTGT	STREME-10	Chr5_12652737_12652837	20	30	-	20.2439	3.09e-07	0.00504	AATCCTTGTGT
10-AATCCTTGTGT	STREME-10	Chr10_19373734_19373834	31	41	+	20.2439	3.09e-07	0.00504	AATCCTTGTGT
10-AATCCTTGTGT	STREME-10	Chr8_19128329_19128429	31	41	+	20.2439	3.09e-07	0.00504	AATCCTTGTGT
10-AATCCTTGTGT	STREME-10	Chr8_23891314_23891414	22	32	-	20.2439	3.09e-07	0.00504	AATCCTTGTGT
10-AATCCTTGTGT	STREME-10	Chr14_24007789_24007889	33	43	+	20.2439	3.09e-07	0.00504	AATCCTTGTGT
10-AATCCTTGTGT	STREME-10	Chr11_5956163_5956263	23	33	-	20.2439	3.09e-07	0.00504	AATCCTTGTGT
10-AATCCTTGTGT	STREME-10	Chr3_3994006_3994106	36	46	+	20.2439	3.09e-07	0.00504	AATCCTTGTGT
10-AATCCTTGTGT	STREME-10	Chr13_14650758_14650858	26	36	-	20.2439	3.09e-07	0.00504	AATCCTTGTGT
10-AATCCTTGTGT	STREME-10	Chr8_19370557_19370657	27	37	-	20.2439	3.09e-07	0.00504	AATCCTTGTGT
10-AATCCTTGTGT	STREME-10	Chr6_5401151_5401251	27	37	-	20.2439	3.09e-07	0.00504	AATCCTTGTGT
10-AATCCTTGTGT	STREME-10	Chr1_49137075_49137175	28	38	-	20.2439	3.09e-07	0.00504	AATCCTTGTGT
10-AATCCTTGTGT	STREME-10	Chr10_25989121_25989221	38	48	+	20.2439	3.09e-07	0.00504	AATCCTTGTGT
10-AATCCTTGTGT	STREME-10	Chr1_5161111_5161211	38	48	+	20.2439	3.09e-07	0.00504	AATCCTTGTGT
10-AATCCTTGTGT	STREME-10	Chr15_15003856_15003956	28	38	-	20.2439	3.09e-07	0.00504	AATCCTTGTGT
10-AATCCTTGTGT	STREME-10	Chr15_9803003_9803103	28	38	-	20.2439	3.09e-07	0.00504	AATCCTTGTGT
10-AATCCTTGTGT	STREME-10	Chr1_31533015_31533115	29	39	-	20.2439	3.09e-07	0.00504	AATCCTTGTGT
10-AATCCTTGTGT	STREME-10	Chr13_5686064_5686164	41	51	+	20.2439	3.09e-07	0.00504	AATCCTTGTGT
10-AATCCTTGTGT	STREME-10	Chr3_34999541_34999641	41	51	+	20.2439	3.09e-07	0.00504	AATCCTTGTGT
10-AATCCTTGTGT	STREME-10	Chr13_7541452_7541552	42	52	+	20.2439	3.09e-07	0.00504	AATCCTTGTGT
10-AATCCTTGTGT	STREME-10	Chr10_13211320_13211420	32	42	-	20.2439	3.09e-07	0.00504	AATCCTTGTGT
10-AATCCTTGTGT	STREME-10	Chr15_22299438_22299538	32	42	-	20.2439	3.09e-07	0.00504	AATCCTTGTGT
10-AATCCTTGTGT	STREME-10	Chr12_19803464_19803564	42	52	+	20.2439	3.09e-07	0.00504	AATCCTTGTGT
10-AATCCTTGTGT	STREME-10	Chr11_5945383_5945483	43	53	+	20.2439	3.09e-07	0.00504	AATCCTTGTGT
10-AATCCTTGTGT	STREME-10	Chr1_47800285_47800385	45	55	+	20.2439	3.09e-07	0.00504	AATCCTTGTGT
10-AATCCTTGTGT	STREME-10	Chr12_11716918_11717018	45	55	+	20.2439	3.09e-07	0.00504	AATCCTTGTGT
10-AATCCTTGTGT	STREME-10	Chr1_13355195_13355295	35	45	-	20.2439	3.09e-07	0.00504	AATCCTTGTGT
10-AATCCTTGTGT	STREME-10	Chr14_4588422_4588522	45	55	+	20.2439	3.09e-07	0.00504	AATCCTTGTGT
10-AATCCTTGTGT	STREME-10	Chr4_25355922_25356022	45	55	+	20.2439	3.09e-07	0.00504	AATCCTTGTGT
10-AATCCTTGTGT	STREME-10	Chr3_15785968_15786068	36	46	-	20.2439	3.09e-07	0.00504	AATCCTTGTGT
10-AATCCTTGTGT	STREME-10	Chr10_17657809_17657909	46	56	+	20.2439	3.09e-07	0.00504	AATCCTTGTGT
10-AATCCTTGTGT	STREME-10	Chr15_15015298_15015398	37	47	-	20.2439	3.09e-07	0.00504	AATCCTTGTGT
10-AATCCTTGTGT	STREME-10	Chr1_5981307_5981407	49	59	+	20.2439	3.09e-07	0.00504	AATCCTTGTGT
10-AATCCTTGTGT	STREME-10	Chr3_34364538_34364638	49	59	+	20.2439	3.09e-07	0.00504	AATCCTTGTGT
10-AATCCTTGTGT	STREME-10	Chr7_10310409_10310509	49	59	+	20.2439	3.09e-07	0.00504	AATCCTTGTGT
10-AATCCTTGTGT	STREME-10	Chr10_9655752_9655852	50	60	+	20.2439	3.09e-07	0.00504	AATCCTTGTGT
10-AATCCTTGTGT	STREME-10	Chr2_36928048_36928148	50	60	+	20.2439	3.09e-07	0.00504	AATCCTTGTGT
10-AATCCTTGTGT	STREME-10	Chr2_287191_287291	50	60	+	20.2439	3.09e-07	0.00504	AATCCTTGTGT
10-AATCCTTGTGT	STREME-10	Chr10_17619123_17619223	40	50	-	20.2439	3.09e-07	0.00504	AATCCTTGTGT
10-AATCCTTGTGT	STREME-10	Chr10_11048080_11048180	51	61	+	20.2439	3.09e-07	0.00504	AATCCTTGTGT
10-AATCCTTGTGT	STREME-10	Chr5_10922321_10922421	51	61	+	20.2439	3.09e-07	0.00504	AATCCTTGTGT
10-AATCCTTGTGT	STREME-10	Chr8_19381886_19381986	42	52	-	20.2439	3.09e-07	0.00504	AATCCTTGTGT
10-AATCCTTGTGT	STREME-10	Chr1_21795871_21795971	44	54	-	20.2439	3.09e-07	0.00504	AATCCTTGTGT
10-AATCCTTGTGT	STREME-10	Chr3_22657861_22657961	55	65	+	20.2439	3.09e-07	0.00504	AATCCTTGTGT
10-AATCCTTGTGT	STREME-10	Chr4_9709961_9710061	45	55	-	20.2439	3.09e-07	0.00504	AATCCTTGTGT
10-AATCCTTGTGT	STREME-10	Chr14_2579042_2579142	45	55	-	20.2439	3.09e-07	0.00504	AATCCTTGTGT
10-AATCCTTGTGT	STREME-10	Chr1_14724835_14724935	46	56	-	20.2439	3.09e-07	0.00504	AATCCTTGTGT
10-AATCCTTGTGT	STREME-10	Chr13_18683230_18683330	57	67	+	20.2439	3.09e-07	0.00504	AATCCTTGTGT
10-AATCCTTGTGT	STREME-10	Chr1_13756633_13756733	57	67	+	20.2439	3.09e-07	0.00504	AATCCTTGTGT
10-AATCCTTGTGT	STREME-10	Chr7_24483317_24483417	57	67	+	20.2439	3.09e-07	0.00504	AATCCTTGTGT
10-AATCCTTGTGT	STREME-10	Chr1_27737543_27737643	58	68	+	20.2439	3.09e-07	0.00504	AATCCTTGTGT
10-AATCCTTGTGT	STREME-10	Chr4_15131974_15132074	58	68	+	20.2439	3.09e-07	0.00504	AATCCTTGTGT
10-AATCCTTGTGT	STREME-10	Chr15_23283459_23283559	48	58	-	20.2439	3.09e-07	0.00504	AATCCTTGTGT
10-AATCCTTGTGT	STREME-10	Chr14_5940279_5940379	49	59	-	20.2439	3.09e-07	0.00504	AATCCTTGTGT
10-AATCCTTGTGT	STREME-10	Chr12_2618780_2618880	50	60	-	20.2439	3.09e-07	0.00504	AATCCTTGTGT
10-AATCCTTGTGT	STREME-10	Chr10_11416165_11416265	61	71	+	20.2439	3.09e-07	0.00504	AATCCTTGTGT
10-AATCCTTGTGT	STREME-10	Chr10_28074955_28075055	61	71	+	20.2439	3.09e-07	0.00504	AATCCTTGTGT
10-AATCCTTGTGT	STREME-10	Chr9_23632369_23632469	52	62	-	20.2439	3.09e-07	0.00504	AATCCTTGTGT
10-AATCCTTGTGT	STREME-10	Chr6_3251473_3251573	62	72	+	20.2439	3.09e-07	0.00504	AATCCTTGTGT
10-AATCCTTGTGT	STREME-10	Chr3_15624052_15624152	62	72	+	20.2439	3.09e-07	0.00504	AATCCTTGTGT
10-AATCCTTGTGT	STREME-10	Chr3_20631583_20631683	62	72	+	20.2439	3.09e-07	0.00504	AATCCTTGTGT
10-AATCCTTGTGT	STREME-10	Chr2_36782738_36782838	62	72	+	20.2439	3.09e-07	0.00504	AATCCTTGTGT
10-AATCCTTGTGT	STREME-10	Chr8_11472943_11473043	53	63	-	20.2439	3.09e-07	0.00504	AATCCTTGTGT
10-AATCCTTGTGT	STREME-10	Chr7_20762296_20762396	64	74	+	20.2439	3.09e-07	0.00504	AATCCTTGTGT
10-AATCCTTGTGT	STREME-10	Chr2_1475084_1475184	64	74	+	20.2439	3.09e-07	0.00504	AATCCTTGTGT
10-AATCCTTGTGT	STREME-10	Chr1_42825096_42825196	64	74	+	20.2439	3.09e-07	0.00504	AATCCTTGTGT
10-AATCCTTGTGT	STREME-10	Chr15_20407391_20407491	64	74	+	20.2439	3.09e-07	0.00504	AATCCTTGTGT
10-AATCCTTGTGT	STREME-10	Chr4_27227883_27227983	55	65	-	20.2439	3.09e-07	0.00504	AATCCTTGTGT
10-AATCCTTGTGT	STREME-10	Chr13_10931546_10931646	55	65	-	20.2439	3.09e-07	0.00504	AATCCTTGTGT
10-AATCCTTGTGT	STREME-10	Chr9_23386482_23386582	56	66	-	20.2439	3.09e-07	0.00504	AATCCTTGTGT
10-AATCCTTGTGT	STREME-10	Chr3_7700221_7700321	56	66	-	20.2439	3.09e-07	0.00504	AATCCTTGTGT
10-AATCCTTGTGT	STREME-10	Chr13_7383189_7383289	67	77	+	20.2439	3.09e-07	0.00504	AATCCTTGTGT
10-AATCCTTGTGT	STREME-10	Chr2_7522658_7522758	57	67	-	20.2439	3.09e-07	0.00504	AATCCTTGTGT
10-AATCCTTGTGT	STREME-10	Chr3_3982417_3982517	67	77	+	20.2439	3.09e-07	0.00504	AATCCTTGTGT
10-AATCCTTGTGT	STREME-10	Chr7_5319511_5319611	67	77	+	20.2439	3.09e-07	0.00504	AATCCTTGTGT
10-AATCCTTGTGT	STREME-10	Chr8_9265469_9265569	58	68	-	20.2439	3.09e-07	0.00504	AATCCTTGTGT
10-AATCCTTGTGT	STREME-10	Chr8_18401260_18401360	69	79	+	20.2439	3.09e-07	0.00504	AATCCTTGTGT
10-AATCCTTGTGT	STREME-10	Chr5_23126458_23126558	59	69	-	20.2439	3.09e-07	0.00504	AATCCTTGTGT
10-AATCCTTGTGT	STREME-10	Chr15_3128588_3128688	60	70	-	20.2439	3.09e-07	0.00504	AATCCTTGTGT
10-AATCCTTGTGT	STREME-10	Chr14_3668299_3668399	60	70	-	20.2439	3.09e-07	0.00504	AATCCTTGTGT
10-AATCCTTGTGT	STREME-10	Chr1_10213127_10213227	60	70	-	20.2439	3.09e-07	0.00504	AATCCTTGTGT
10-AATCCTTGTGT	STREME-10	Chr9_19063199_19063299	61	71	-	20.2439	3.09e-07	0.00504	AATCCTTGTGT
10-AATCCTTGTGT	STREME-10	Chr15_17476435_17476535	62	72	-	20.2439	3.09e-07	0.00504	AATCCTTGTGT
10-AATCCTTGTGT	STREME-10	Chr6_10824092_10824192	73	83	+	20.2439	3.09e-07	0.00504	AATCCTTGTGT
10-AATCCTTGTGT	STREME-10	Chr13_156856_156956	76	86	+	20.2439	3.09e-07	0.00504	AATCCTTGTGT
10-AATCCTTGTGT	STREME-10	Chr10_2626118_2626218	76	86	+	20.2439	3.09e-07	0.00504	AATCCTTGTGT
10-AATCCTTGTGT	STREME-10	Chr13_18519868_18519968	67	77	-	20.2439	3.09e-07	0.00504	AATCCTTGTGT
10-AATCCTTGTGT	STREME-10	Chr3_5906929_5907029	67	77	-	20.2439	3.09e-07	0.00504	AATCCTTGTGT
10-AATCCTTGTGT	STREME-10	Chr12_22652660_22652760	68	78	-	20.2439	3.09e-07	0.00504	AATCCTTGTGT
10-AATCCTTGTGT	STREME-10	Chr1_14257813_14257913	78	88	+	20.2439	3.09e-07	0.00504	AATCCTTGTGT
10-AATCCTTGTGT	STREME-10	Chr10_9883988_9884088	68	78	-	20.2439	3.09e-07	0.00504	AATCCTTGTGT
10-AATCCTTGTGT	STREME-10	Chr3_26247682_26247782	79	89	+	20.2439	3.09e-07	0.00504	AATCCTTGTGT
10-AATCCTTGTGT	STREME-10	Chr8_711161_711261	80	90	+	20.2439	3.09e-07	0.00504	AATCCTTGTGT
10-AATCCTTGTGT	STREME-10	Chr5_18364979_18365079	72	82	-	20.2439	3.09e-07	0.00504	AATCCTTGTGT
10-AATCCTTGTGT	STREME-10	Chr3_2605453_2605553	82	92	+	20.2439	3.09e-07	0.00504	AATCCTTGTGT
10-AATCCTTGTGT	STREME-10	Chr1_31544422_31544522	73	83	-	20.2439	3.09e-07	0.00504	AATCCTTGTGT
10-AATCCTTGTGT	STREME-10	Chr1_36144380_36144480	84	94	+	20.2439	3.09e-07	0.00504	AATCCTTGTGT
10-AATCCTTGTGT	STREME-10	Chr12_11297402_11297502	84	94	+	20.2439	3.09e-07	0.00504	AATCCTTGTGT
10-AATCCTTGTGT	STREME-10	Chr8_6129970_6130070	76	86	-	20.2439	3.09e-07	0.00504	AATCCTTGTGT
10-AATCCTTGTGT	STREME-10	Chr8_21165411_21165511	78	88	-	20.2439	3.09e-07	0.00504	AATCCTTGTGT
10-AATCCTTGTGT	STREME-10	Chr12_6598326_6598426	78	88	-	20.2439	3.09e-07	0.00504	AATCCTTGTGT
10-AATCCTTGTGT	STREME-10	Chr4_32500871_32500971	78	88	-	20.2439	3.09e-07	0.00504	AATCCTTGTGT
10-AATCCTTGTGT	STREME-10	Chr10_24693521_24693621	80	90	-	20.2439	3.09e-07	0.00504	AATCCTTGTGT
10-AATCCTTGTGT	STREME-10	Chr10_24218840_24218940	82	92	-	20.2439	3.09e-07	0.00504	AATCCTTGTGT
10-AATCCTTGTGT	STREME-10	Chr15_23606009_23606109	88	98	-	20.2439	3.09e-07	0.00504	AATCCTTGTGT
10-AATCCTTGTGT	STREME-10	Chr8_14304449_14304549	91	101	-	20.2439	3.09e-07	0.00504	AATCCTTGTGT
10-AATCCTTGTGT	STREME-10	Chr1_43029706_43029806	6	16	+	19.4512	5.58e-07	0.00854	AACCCTTGTGT
10-AATCCTTGTGT	STREME-10	Chr14_9855508_9855608	11	21	-	19.4512	5.58e-07	0.00854	AACCCTTGTGT
10-AATCCTTGTGT	STREME-10	Chr12_4994377_4994477	28	38	-	19.4512	5.58e-07	0.00854	AACCCTTGTGT
10-AATCCTTGTGT	STREME-10	Chr2_36126735_36126835	43	53	+	19.4512	5.58e-07	0.00854	AACCCTTGTGT
10-AATCCTTGTGT	STREME-10	Chr7_17094728_17094828	44	54	-	19.4512	5.58e-07	0.00854	AACCCTTGTGT
10-AATCCTTGTGT	STREME-10	Chr14_1643397_1643497	44	54	-	19.4512	5.58e-07	0.00854	AACCCTTGTGT
10-AATCCTTGTGT	STREME-10	Chr12_14283364_14283464	76	86	+	19.4512	5.58e-07	0.00854	AACCCTTGTGT
10-AATCCTTGTGT	STREME-10	Chr6_15483377_15483477	79	89	-	19.4512	5.58e-07	0.00854	AACCCTTGTGT
10-AATCCTTGTGT	STREME-10	Chr2_26892432_26892532	11	21	+	19.439	8.07e-07	0.0104	AATCCCTGTGT
10-AATCCTTGTGT	STREME-10	Chr14_1459749_1459849	33	43	-	19.439	8.07e-07	0.0104	AATCCCTGTGT
10-AATCCTTGTGT	STREME-10	Chr1_25900468_25900568	70	80	+	19.439	8.07e-07	0.0104	AATCCCTGTGT
10-AATCCTTGTGT	STREME-10	Chr14_12016989_12017089	1	11	-	18.6463	1.01e-06	0.0104	AACCCCTGTGT
10-AATCCTTGTGT	STREME-10	Chr11_7732363_7732463	3	13	-	18.6463	1.01e-06	0.0104	AACCCCTGTGT
10-AATCCTTGTGT	STREME-10	Chr15_9743327_9743427	14	24	+	18.6463	1.01e-06	0.0104	AACCCCTGTGT
10-AATCCTTGTGT	STREME-10	Chr3_18106396_18106496	10	20	-	18.6463	1.01e-06	0.0104	AACCCCTGTGT
10-AATCCTTGTGT	STREME-10	Chr11_5161768_5161868	22	32	+	18.6463	1.01e-06	0.0104	AACCCCTGTGT
10-AATCCTTGTGT	STREME-10	Chr13_12946159_12946259	24	34	+	18.6463	1.01e-06	0.0104	AACCCCTGTGT
10-AATCCTTGTGT	STREME-10	Chr1_40133084_40133184	28	38	+	18.6463	1.01e-06	0.0104	AACCCCTGTGT
10-AATCCTTGTGT	STREME-10	Chr10_25614555_25614655	22	32	-	18.6463	1.01e-06	0.0104	AACCCCTGTGT
10-AATCCTTGTGT	STREME-10	Chr3_30678841_30678941	36	46	+	18.6463	1.01e-06	0.0104	AACCCCTGTGT
10-AATCCTTGTGT	STREME-10	Chr11_7743855_7743955	26	36	-	18.6463	1.01e-06	0.0104	AACCCCTGTGT
10-AATCCTTGTGT	STREME-10	Chr15_10868245_10868345	27	37	-	18.6463	1.01e-06	0.0104	AACCCCTGTGT
10-AATCCTTGTGT	STREME-10	Chr15_7340035_7340135	30	40	-	18.6463	1.01e-06	0.0104	AACCCCTGTGT
10-AATCCTTGTGT	STREME-10	Chr2_320850_320950	30	40	-	18.6463	1.01e-06	0.0104	AACCCCTGTGT
10-AATCCTTGTGT	STREME-10	Chr12_18747969_18748069	31	41	-	18.6463	1.01e-06	0.0104	AACCCCTGTGT
10-AATCCTTGTGT	STREME-10	Chr10_10116311_10116411	31	41	-	18.6463	1.01e-06	0.0104	AACCCCTGTGT
10-AATCCTTGTGT	STREME-10	Chr1_8953762_8953862	41	51	+	18.6463	1.01e-06	0.0104	AACCCCTGTGT
10-AATCCTTGTGT	STREME-10	Chr15_19129006_19129106	34	44	-	18.6463	1.01e-06	0.0104	AACCCCTGTGT
10-AATCCTTGTGT	STREME-10	Chr1_13929644_13929744	36	46	-	18.6463	1.01e-06	0.0104	AACCCCTGTGT
10-AATCCTTGTGT	STREME-10	Chr8_8290508_8290608	47	57	+	18.6463	1.01e-06	0.0104	AACCCCTGTGT
10-AATCCTTGTGT	STREME-10	Chr15_93315_93415	37	47	-	18.6463	1.01e-06	0.0104	AACCCCTGTGT
10-AATCCTTGTGT	STREME-10	Chr1_33246692_33246792	38	48	-	18.6463	1.01e-06	0.0104	AACCCCTGTGT
10-AATCCTTGTGT	STREME-10	Chr10_5477611_5477711	39	49	-	18.6463	1.01e-06	0.0104	AACCCCTGTGT
10-AATCCTTGTGT	STREME-10	Chr2_10351005_10351105	40	50	-	18.6463	1.01e-06	0.0104	AACCCCTGTGT
10-AATCCTTGTGT	STREME-10	Chr11_19142401_19142501	41	51	-	18.6463	1.01e-06	0.0104	AACCCCTGTGT
10-AATCCTTGTGT	STREME-10	Chr5_11948474_11948574	41	51	-	18.6463	1.01e-06	0.0104	AACCCCTGTGT
10-AATCCTTGTGT	STREME-10	Chr15_7880470_7880570	52	62	+	18.6463	1.01e-06	0.0104	AACCCCTGTGT
10-AATCCTTGTGT	STREME-10	Chr13_18631136_18631236	52	62	+	18.6463	1.01e-06	0.0104	AACCCCTGTGT
10-AATCCTTGTGT	STREME-10	Chr4_12616859_12616959	43	53	-	18.6463	1.01e-06	0.0104	AACCCCTGTGT
10-AATCCTTGTGT	STREME-10	Chr9_21833174_21833274	54	64	+	18.6463	1.01e-06	0.0104	AACCCCTGTGT
10-AATCCTTGTGT	STREME-10	Chr8_18741863_18741963	54	64	+	18.6463	1.01e-06	0.0104	AACCCCTGTGT
10-AATCCTTGTGT	STREME-10	Chr1_5699197_5699297	54	64	+	18.6463	1.01e-06	0.0104	AACCCCTGTGT
10-AATCCTTGTGT	STREME-10	Chr7_4586279_4586379	46	56	-	18.6463	1.01e-06	0.0104	AACCCCTGTGT
10-AATCCTTGTGT	STREME-10	Chr10_20593199_20593299	47	57	-	18.6463	1.01e-06	0.0104	AACCCCTGTGT
10-AATCCTTGTGT	STREME-10	Chr10_9818625_9818725	47	57	-	18.6463	1.01e-06	0.0104	AACCCCTGTGT
10-AATCCTTGTGT	STREME-10	Chr14_8544219_8544319	48	58	-	18.6463	1.01e-06	0.0104	AACCCCTGTGT
10-AATCCTTGTGT	STREME-10	Chr13_12664620_12664720	48	58	-	18.6463	1.01e-06	0.0104	AACCCCTGTGT
10-AATCCTTGTGT	STREME-10	Chr15_22872387_22872487	50	60	-	18.6463	1.01e-06	0.0104	AACCCCTGTGT
10-AATCCTTGTGT	STREME-10	Chr1_14453030_14453130	61	71	+	18.6463	1.01e-06	0.0104	AACCCCTGTGT
10-AATCCTTGTGT	STREME-10	Chr15_19117506_19117606	52	62	-	18.6463	1.01e-06	0.0104	AACCCCTGTGT
10-AATCCTTGTGT	STREME-10	Chr12_12842975_12843075	63	73	+	18.6463	1.01e-06	0.0104	AACCCCTGTGT
10-AATCCTTGTGT	STREME-10	Chr4_23080287_23080387	63	73	+	18.6463	1.01e-06	0.0104	AACCCCTGTGT
10-AATCCTTGTGT	STREME-10	Chr13_18257493_18257593	64	74	+	18.6463	1.01e-06	0.0104	AACCCCTGTGT
10-AATCCTTGTGT	STREME-10	Chr1_8941974_8942074	64	74	+	18.6463	1.01e-06	0.0104	AACCCCTGTGT
10-AATCCTTGTGT	STREME-10	Chr1_5687575_5687675	66	76	+	18.6463	1.01e-06	0.0104	AACCCCTGTGT
10-AATCCTTGTGT	STREME-10	Chr1_21808253_21808353	56	66	-	18.6463	1.01e-06	0.0104	AACCCCTGTGT
10-AATCCTTGTGT	STREME-10	Chr13_18246128_18246228	66	76	+	18.6463	1.01e-06	0.0104	AACCCCTGTGT
10-AATCCTTGTGT	STREME-10	Chr1_47557323_47557423	69	79	+	18.6463	1.01e-06	0.0104	AACCCCTGTGT
10-AATCCTTGTGT	STREME-10	Chr4_23091712_23091812	70	80	+	18.6463	1.01e-06	0.0104	AACCCCTGTGT
10-AATCCTTGTGT	STREME-10	Chr12_14863482_14863582	70	80	+	18.6463	1.01e-06	0.0104	AACCCCTGTGT
10-AATCCTTGTGT	STREME-10	Chr1_14464497_14464597	70	80	+	18.6463	1.01e-06	0.0104	AACCCCTGTGT
10-AATCCTTGTGT	STREME-10	Chr2_26563742_26563842	71	81	+	18.6463	1.01e-06	0.0104	AACCCCTGTGT
10-AATCCTTGTGT	STREME-10	Chr2_26575197_26575297	71	81	+	18.6463	1.01e-06	0.0104	AACCCCTGTGT
10-AATCCTTGTGT	STREME-10	Chr13_12957414_12957514	72	82	+	18.6463	1.01e-06	0.0104	AACCCCTGTGT
10-AATCCTTGTGT	STREME-10	Chr8_7341432_7341532	75	85	+	18.6463	1.01e-06	0.0104	AACCCCTGTGT
10-AATCCTTGTGT	STREME-10	Chr6_31627368_31627468	79	89	+	18.6463	1.01e-06	0.0104	AACCCCTGTGT
10-AATCCTTGTGT	STREME-10	Chr3_20411740_20411840	80	90	+	18.6463	1.01e-06	0.0104	AACCCCTGTGT
10-AATCCTTGTGT	STREME-10	Chr7_23507713_23507813	80	90	+	18.6463	1.01e-06	0.0104	AACCCCTGTGT
10-AATCCTTGTGT	STREME-10	Chr1_47208445_47208545	71	81	-	18.6463	1.01e-06	0.0104	AACCCCTGTGT
10-AATCCTTGTGT	STREME-10	Chr12_22589224_22589324	71	81	-	18.6463	1.01e-06	0.0104	AACCCCTGTGT
10-AATCCTTGTGT	STREME-10	Chr8_5762877_5762977	80	90	-	18.6463	1.01e-06	0.0104	AACCCCTGTGT
10-AATCCTTGTGT	STREME-10	Chr1_33231055_33231155	6	16	+	16.2439	1.26e-06	0.0123	AATCCTGGTGT
10-AATCCTTGTGT	STREME-10	Chr13_22577796_22577896	22	32	-	16.2439	1.26e-06	0.0123	AATCCTGGTGT
10-AATCCTTGTGT	STREME-10	Chr11_18439988_18440088	35	45	+	16.2439	1.26e-06	0.0123	AATCCTGGTGT
10-AATCCTTGTGT	STREME-10	Chr8_29726417_29726517	44	54	+	16.2439	1.26e-06	0.0123	AATCCTGGTGT
10-AATCCTTGTGT	STREME-10	Chr12_16647531_16647631	53	63	+	16.2439	1.26e-06	0.0123	AATCCTGGTGT
10-AATCCTTGTGT	STREME-10	Chr3_32751623_32751723	45	55	-	16.2439	1.26e-06	0.0123	AATCCTGGTGT
10-AATCCTTGTGT	STREME-10	Chr13_22589054_22589154	45	55	-	16.2439	1.26e-06	0.0123	AATCCTGGTGT
10-AATCCTTGTGT	STREME-10	Chr1_7519957_7520057	59	69	+	16.2439	1.26e-06	0.0123	AATCCTGGTGT
10-AATCCTTGTGT	STREME-10	Chr3_31182334_31182434	68	78	+	16.2439	1.26e-06	0.0123	AATCCTGGTGT
10-AATCCTTGTGT	STREME-10	Chr10_20265734_20265834	66	76	-	16.2439	1.26e-06	0.0123	AATCCTGGTGT
10-AATCCTTGTGT	STREME-10	Chr15_13532001_13532101	80	90	-	16.2439	1.26e-06	0.0123	AATCCTGGTGT
10-AATCCTTGTGT	STREME-10	Chr11_23159479_23159579	15	25	+	15.3659	2.04e-06	0.0193	AATCCTTATGT
10-AATCCTTGTGT	STREME-10	Chr6_30634744_30634844	23	33	+	15.3659	2.04e-06	0.0193	AATCCTTATGT
10-AATCCTTGTGT	STREME-10	Chr8_6322400_6322500	54	64	+	15.3659	2.04e-06	0.0193	AATCCTTATGT
10-AATCCTTGTGT	STREME-10	Chr14_15675430_15675530	44	54	-	15.3659	2.04e-06	0.0193	AATCCTTATGT
10-AATCCTTGTGT	STREME-10	Chr9_19277557_19277657	57	67	+	15.3659	2.04e-06	0.0193	AATCCTTATGT
10-AATCCTTGTGT	STREME-10	Chr3_16002541_16002641	69	79	+	15.3659	2.04e-06	0.0193	AATCCTTATGT
10-AATCCTTGTGT	STREME-10	Chr7_10709742_10709842	90	100	-	15.3659	2.04e-06	0.0193	AATCCTTATGT
10-AATCCTTGTGT	STREME-10	Chr12_21153685_21153785	33	43	+	14.8537	2.29e-06	0.0206	AATCCTCGTGT
10-AATCCTTGTGT	STREME-10	Chr7_9531544_9531644	24	34	-	14.8537	2.29e-06	0.0206	AATCCTCGTGT
10-AATCCTTGTGT	STREME-10	Chr2_14402713_14402813	44	54	+	14.8537	2.29e-06	0.0206	AATCCTCGTGT
10-AATCCTTGTGT	STREME-10	Chr7_28575653_28575753	37	47	-	14.8537	2.29e-06	0.0206	AATCCTCGTGT
10-AATCCTTGTGT	STREME-10	Chr8_7935615_7935715	49	59	+	14.8537	2.29e-06	0.0206	AATCCTCGTGT
10-AATCCTTGTGT	STREME-10	Chr14_20987098_20987198	54	64	+	14.8537	2.29e-06	0.0206	AATCCTCGTGT
10-AATCCTTGTGT	STREME-10	Chr12_19077818_19077918	44	54	-	14.8537	2.29e-06	0.0206	AATCCTCGTGT
10-AATCCTTGTGT	STREME-10	Chr5_22374969_22375069	49	59	-	14.8537	2.29e-06	0.0206	AATCCTCGTGT
10-AATCCTTGTGT	STREME-10	Chr15_4388113_4388213	55	65	-	14.8537	2.29e-06	0.0206	AATCCTCGTGT
10-AATCCTTGTGT	STREME-10	Chr14_20998939_20999039	89	99	+	14.8537	2.29e-06	0.0206	AATCCTCGTGT
10-AATCCTTGTGT	STREME-10	Chr7_5308001_5308101	91	101	+	14.8537	2.29e-06	0.0206	AATCCTCGTGT
10-AATCCTTGTGT	STREME-10	Chr9_18079306_18079406	48	58	+	14.6829	2.54e-06	0.0225	ACTCCTTGTGT
10-AATCCTTGTGT	STREME-10	Chr6_6779025_6779125	69	79	-	14.6829	2.54e-06	0.0225	ACTCCTTGTGT
10-AATCCTTGTGT	STREME-10	Chr10_8248175_8248275	78	88	-	14.6829	2.54e-06	0.0225	ACTCCTTGTGT
10-AATCCTTGTGT	STREME-10	Chr14_12339165_12339265	45	55	+	14.5732	3.01e-06	0.0265	AACCCTTATGT
10-AATCCTTGTGT	STREME-10	Chr10_16435030_16435130	7	17	-	14.561	3.32e-06	0.0291	AATCCCTATGT
10-AATCCTTGTGT	STREME-10	Chr10_14803063_14803163	39	49	-	14.0976	3.88e-06	0.0333	GATCCTTGTGT
10-AATCCTTGTGT	STREME-10	Chr15_2338314_2338414	41	51	-	14.0976	3.88e-06	0.0333	GATCCTTGTGT
10-AATCCTTGTGT	STREME-10	Chr10_17670543_17670643	52	62	-	14.0976	3.88e-06	0.0333	AATCCATGTGT
10-AATCCTTGTGT	STREME-10	Chr4_10450557_10450657	85	95	-	14.0976	3.88e-06	0.0333	AATCCATGTGT
10-AATCCTTGTGT	STREME-10	Chr14_5953930_5954030	86	96	-	14.0976	3.88e-06	0.0333	AATCCATGTGT
10-AATCCTTGTGT	STREME-10	Chr8_1643089_1643189	70	80	+	14.0488	4.28e-06	0.0366	AATCCCCGTGT
10-AATCCTTGTGT	STREME-10	Chr8_7946916_7947016	12	22	+	13.8537	4.93e-06	0.0416	AATCCTTGTGC
10-AATCCTTGTGT	STREME-10	Chr10_10848689_10848789	59	69	+	13.8537	4.93e-06	0.0416	AATCCTTGTGC
10-AATCCTTGTGT	STREME-10	Chr5_8733502_8733602	82	92	-	13.8537	4.93e-06	0.0416	AATCCTTGTGC
10-AATCCTTGTGT	STREME-10	Chr4_17981653_17981753	6	16	+	13.6829	5.43e-06	0.0456	AAGCCTTGTGT
10-AATCCTTGTGT	STREME-10	Chr3_6669827_6669927	15	25	-	13.3049	5.88e-06	0.0488	AACCCATGTGT
10-AATCCTTGTGT	STREME-10	Chr13_420638_420738	45	55	+	13.3049	5.88e-06	0.0488	AACCCATGTGT
10-AATCCTTGTGT	STREME-10	Chr9_3826497_3826597	75	85	-	13.3049	5.88e-06	0.0488	AACCCATGTGT
10-AATCCTTGTGT	STREME-10	Chr1_22951300_22951400	9	19	+	13.1341	6.74e-06	0.055	AATCCTTGGGT
10-AATCCTTGTGT	STREME-10	Chr7_1778586_1778686	32	42	-	13.1341	6.74e-06	0.055	AATCCTTGCGT
10-AATCCTTGTGT	STREME-10	Chr10_24776984_24777084	42	52	+	13.1341	6.74e-06	0.055	AATCCTTGCGT
10-AATCCTTGTGT	STREME-10	Chr4_22502305_22502405	86	96	+	13.1341	6.74e-06	0.055	AATCCTTGCGT
10-AATCCTTGTGT	STREME-10	Chr3_16190854_16190954	47	57	-	12.939	7.62e-06	0.0619	AATCCTAGTGT
10-AATCCTTGTGT	STREME-10	Chr3_10823932_10824032	52	62	+	12.5366	8.2e-06	0.0659	AATCATTGTGT
10-AATCCTTGTGT	STREME-10	Chr15_19094152_19094252	68	78	+	12.5366	8.2e-06	0.0659	AATCATTGTGT
10-AATCCTTGTGT	STREME-10	Chr2_7684274_7684374	84	94	+	12.5366	8.2e-06	0.0659	AATCATTGTGT
10-AATCCTTGTGT	STREME-10	Chr2_5690820_5690920	73	83	+	12.3415	8.76e-06	0.0701	AACCCTTGGGT
10-AATCCTTGTGT	STREME-10	Chr4_29255383_29255483	2	12	-	12.3293	9.17e-06	0.0727	AATCCCTGCGT
10-AATCCTTGTGT	STREME-10	Chr5_32374794_32374894	63	73	-	12.3293	9.17e-06	0.0727	AATCCCTGGGT
10-AATCCTTGTGT	STREME-10	Chr10_8085748_8085848	40	50	-	12.2561	9.33e-06	0.0734	AACCCCTGTGC
10-AATCCTTGTGT	STREME-10	Chr10_8073806_8073906	45	55	-	12.2561	9.33e-06	0.0734	AACCCCTGTGC
10-AATCCTTGTGT	STREME-10	Chr3_20444450_20444550	8	18	+	12.1463	9.58e-06	0.0751	AACCCTAGTGT
10-AATCCTTGTGT	STREME-10	Chr15_18589869_18589969	9	19	+	11.6585	1.08e-05	0.084	AATCGTTGTGT
10-AATCCTTGTGT	STREME-10	Chr3_24426455_24426555	46	56	+	11.5366	1.11e-05	0.0862	AACCCCTGGGT
10-AATCCTTGTGT	STREME-10	Chr10_10536388_10536488	38	48	-	11.3659	1.14e-05	0.0882	AATCCTGATGT
10-AATCCTTGTGT	STREME-10	Chr6_24023959_24024059	74	84	-	10.7927	1.26e-05	0.0976	ATTCCTTGTGT
10-AATCCTTGTGT	STREME-10	Chr3_266827_266927	16	26	+	10.561	1.33e-05	0.102	AATCCCGATGT
10-AATCCTTGTGT	STREME-10	Chr2_335103_335203	37	47	-	10.561	1.33e-05	0.102	AATCCCGATGT
10-AATCCTTGTGT	STREME-10	Chr7_26480868_26480968	57	67	-	10.561	1.33e-05	0.102	AATCCCGATGT
10-AATCCTTGTGT	STREME-10	Chr4_5679269_5679369	53	63	+	10.0976	1.38e-05	0.104	GATCCTGGTGT
10-AATCCTTGTGT	STREME-10	Chr1_47105242_47105342	88	98	+	10.0976	1.38e-05	0.104	AATCCAGGTGT
10-AATCCTTGTGT	STREME-10	Chr2_8075288_8075388	14	24	+	9.68293	1.6e-05	0.121	AAGCCTGGTGT
10-AATCCTTGTGT	STREME-10	Chr10_9576564_9576664	36	46	-	9.30488	1.64e-05	0.123	GACCCTGGTGT
10-AATCCTTGTGT	STREME-10	Chr6_16991886_16991986	16	26	+	9.26829	1.73e-05	0.129	AAACCTTGTGT
10-AATCCTTGTGT	STREME-10	Chr1_38226543_38226643	44	54	-	9.26829	1.73e-05	0.129	AATCCGTGTGT
10-AATCCTTGTGT	STREME-10	Chr3_18341163_18341263	2	12	-	9.17073	1.87e-05	0.139	AATCCCCATGT
10-AATCCTTGTGT	STREME-10	Chr13_2088317_2088417	50	60	-	9.17073	1.87e-05	0.139	AATCCCCATGT
10-AATCCTTGTGT	STREME-10	Chr5_13586865_13586965	32	42	+	8.97561	2.04e-05	0.15	AATCCTTATGC
10-AATCCTTGTGT	STREME-10	Chr3_17968235_17968335	91	101	-	8.71951	2.25e-05	0.166	TATCCTTGTGT
10-AATCCTTGTGT	STREME-10	Chr9_28159931_28160031	66	76	+	8.53659	2.37e-05	0.174	GCTCCTTGTGT
10-AATCCTTGTGT	STREME-10	Chr1_32914198_32914298	2	12	+	8.46341	2.55e-05	0.184	AAACCCTGTGT
10-AATCCTTGTGT	STREME-10	Chr9_26304154_26304254	15	25	-	8.46341	2.55e-05	0.184	AATCCTTTTGT
10-AATCCTTGTGT	STREME-10	Chr5_34320483_34320583	56	66	+	8.46341	2.55e-05	0.184	AAACCCTGTGT
10-AATCCTTGTGT	STREME-10	Chr5_22954183_22954283	50	60	-	8.46341	2.55e-05	0.184	AAACCCTGTGT
10-AATCCTTGTGT	STREME-10	Chr9_9856701_9856801	62	72	-	8.46341	2.55e-05	0.184	AAACCCTGTGT
10-AATCCTTGTGT	STREME-10	Chr13_15699880_15699980	82	92	-	8.42683	2.61e-05	0.187	AACCCATATGT
10-AATCCTTGTGT	STREME-10	Chr15_15327794_15327894	1	11	+	8.41463	2.67e-05	0.187	AATCTTTGTGT
10-AATCCTTGTGT	STREME-10	Chr9_22236375_22236475	20	30	+	8.41463	2.67e-05	0.187	AATCTTTGTGT
10-AATCCTTGTGT	STREME-10	Chr10_26104810_26104910	24	34	-	8.41463	2.67e-05	0.187	AATCTTTGTGT
10-AATCCTTGTGT	STREME-10	Chr2_7088615_7088715	43	53	+	8.41463	2.67e-05	0.187	AATCTTTGTGT
10-AATCCTTGTGT	STREME-10	Chr3_7811122_7811222	78	88	-	8.41463	2.67e-05	0.187	AATCTTTGTGT
10-AATCCTTGTGT	STREME-10	Chr1_21115808_21115908	90	100	-	8.41463	2.67e-05	0.187	AATCTTTGTGT
10-AATCCTTGTGT	STREME-10	Chr3_20562157_20562257	14	24	+	8.40244	2.89e-05	0.199	AATCCTTGTCT
10-AATCCTTGTGT	STREME-10	Chr2_16999341_16999441	22	32	+	8.40244	2.89e-05	0.199	AATTCTTGTGT
10-AATCCTTGTGT	STREME-10	Chr9_13660018_13660118	26	36	-	8.40244	2.89e-05	0.199	AATCCTTGTTT
10-AATCCTTGTGT	STREME-10	Chr11_3258533_3258633	85	95	-	8.40244	2.89e-05	0.199	AATTCTTGTGT
10-AATCCTTGTGT	STREME-10	Chr13_3217459_3217559	11	21	+	8.37805	2.91e-05	0.199	AACCCCCATGT
10-AATCCTTGTGT	STREME-10	Chr3_35744103_35744203	62	72	+	8.37805	2.91e-05	0.199	AACCCCCATGT
10-AATCCTTGTGT	STREME-10	Chr2_11146025_11146125	77	87	-	8.37805	2.91e-05	0.199	AACCCCCATGT
10-AATCCTTGTGT	STREME-10	Chr7_25833619_25833719	3	13	-	8.29268	3.01e-05	0.205	ACTCCTTGTGC
10-AATCCTTGTGT	STREME-10	Chr13_4310987_4311087	36	46	-	8.2561	3.09e-05	0.21	AATCCTTACGT
10-AATCCTTGTGT	STREME-10	Chr1_42080993_42081093	73	83	+	8.17073	3.16e-05	0.214	AATCCCTATGC
10-AATCCTTGTGT	STREME-10	Chr10_16448443_16448543	48	58	+	8.12195	3.18e-05	0.215	ACGCCTTGTGT
10-AATCCTTGTGT	STREME-10	Chr15_20963198_20963298	42	52	-	8	3.24e-05	0.218	AAGCCCTATGT
10-AATCCTTGTGT	STREME-10	Chr12_21487603_21487703	40	50	+	7.93902	3.29e-05	0.22	AGCCCTTGTGT
10-AATCCTTGTGT	STREME-10	Chr7_5287735_5287835	68	78	+	7.92683	3.42e-05	0.229	AACCCTTGTGG
10-AATCCTTGTGT	STREME-10	Chr4_19894626_19894726	16	26	-	7.91463	3.57e-05	0.238	CATCCCTGTGT
10-AATCCTTGTGT	STREME-10	Chr3_35372738_35372838	14	24	-	7.7439	3.69e-05	0.245	ACCCCATGTGT
10-AATCCTTGTGT	STREME-10	Chr11_3949233_3949333	15	25	+	7.70732	3.78e-05	0.248	GATCCTTGTGC
10-AATCCTTGTGT	STREME-10	Chr13_2527358_2527458	22	32	+	7.70732	3.78e-05	0.248	AATCCATGTGC
10-AATCCTTGTGT	STREME-10	Chr11_3969216_3969316	26	36	+	7.70732	3.78e-05	0.248	GATCCTTGTGC
10-AATCCTTGTGT	STREME-10	Chr13_14242924_14243024	2	12	+	7.67073	3.86e-05	0.25	AACCCTTTTGT
10-AATCCTTGTGT	STREME-10	Chr15_9075803_9075903	24	34	+	7.67073	3.86e-05	0.25	AACCCTTCTGT
10-AATCCTTGTGT	STREME-10	Chr3_35600959_35601059	42	52	+	7.67073	3.86e-05	0.25	AACCCTCGTGC
10-AATCCTTGTGT	STREME-10	Chr15_5024809_5024909	56	66	-	7.67073	3.86e-05	0.25	AACCCTTTTGT
10-AATCCTTGTGT	STREME-10	Chr10_15834151_15834251	9	19	+	7.65854	4.01e-05	0.256	AATCCCTCTGT
10-AATCCTTGTGT	STREME-10	Chr1_31183948_31184048	22	32	-	7.65854	4.01e-05	0.256	AATCATTATGT
10-AATCCTTGTGT	STREME-10	Chr4_19948572_19948672	43	53	-	7.65854	4.01e-05	0.256	AATCGTGGTGT
10-AATCCTTGTGT	STREME-10	Chr15_22420620_22420720	49	59	-	7.65854	4.01e-05	0.256	AATCGTGGTGT
10-AATCCTTGTGT	STREME-10	Chr8_17994921_17995021	87	97	-	7.62195	4.06e-05	0.259	AACCTTTGTGT
10-AATCCTTGTGT	STREME-10	Chr3_2170238_2170338	1	11	-	7.60976	4.26e-05	0.262	AATCTCTGTGT
10-AATCCTTGTGT	STREME-10	Chr6_9211414_9211514	15	25	-	7.60976	4.26e-05	0.262	AACTCTTGTGT
10-AATCCTTGTGT	STREME-10	Chr1_38561578_38561678	48	58	+	7.60976	4.26e-05	0.262	AATCTCTGTGT
10-AATCCTTGTGT	STREME-10	Chr6_17979050_17979150	50	60	+	7.60976	4.26e-05	0.262	AACTCTTGTGT
10-AATCCTTGTGT	STREME-10	Chr14_11900142_11900242	53	63	-	7.60976	4.26e-05	0.262	AACACTTGTGT
10-AATCCTTGTGT	STREME-10	Chr5_24549212_24549312	65	75	+	7.60976	4.26e-05	0.262	AACTCTTGTGT
10-AATCCTTGTGT	STREME-10	Chr10_4776348_4776448	66	76	+	7.60976	4.26e-05	0.262	AACTCTTGTGT
10-AATCCTTGTGT	STREME-10	Chr10_9363503_9363603	60	70	-	7.60976	4.26e-05	0.262	AACACTTGTGT
10-AATCCTTGTGT	STREME-10	Chr5_12955042_12955142	76	86	+	7.60976	4.26e-05	0.262	AACACTTGTGT
10-AATCCTTGTGT	STREME-10	Chr3_3598811_3598911	81	91	+	7.60976	4.26e-05	0.262	AATCTCTGTGT
10-AATCCTTGTGT	STREME-10	Chr7_21680104_21680204	89	99	+	7.60976	4.26e-05	0.262	AACTCTTGTGT
10-AATCCTTGTGT	STREME-10	Chr11_25813801_25813901	80	90	-	7.60976	4.26e-05	0.262	AATCTCTGTGT
10-AATCCTTGTGT	STREME-10	Chr5_27854626_27854726	17	27	-	7.59756	4.43e-05	0.269	AATCCCTGTTT
10-AATCCTTGTGT	STREME-10	Chr1_40554945_40555045	22	32	-	7.59756	4.43e-05	0.269	AATACCTGTGT
10-AATCCTTGTGT	STREME-10	Chr14_23547117_23547217	50	60	-	7.59756	4.43e-05	0.269	AATCCCTGTCT
10-AATCCTTGTGT	STREME-10	Chr6_26436438_26436538	64	74	+	7.59756	4.43e-05	0.269	AATACCTGTGT
10-AATCCTTGTGT	STREME-10	Chr1_20818240_20818340	28	38	+	7.53659	4.55e-05	0.275	AAGCCATGTGT
10-AATCCTTGTGT	STREME-10	Chr3_3037717_3037817	33	43	-	7.45122	4.69e-05	0.283	AATCCCTAGGT
10-AATCCTTGTGT	STREME-10	Chr1_12816717_12816817	39	49	-	7.37805	4.74e-05	0.285	AACCCCTATGC
10-AATCCTTGTGT	STREME-10	Chr12_7432796_7432896	47	57	-	7.2561	4.84e-05	0.288	AATCCCAATGT
10-AATCCTTGTGT	STREME-10	Chr4_11428076_11428176	48	58	-	7.2561	4.84e-05	0.288	AATCCCAATGT
10-AATCCTTGTGT	STREME-10	Chr3_13839220_13839320	67	77	-	7.2561	4.84e-05	0.288	AATCCCAATGT
10-AATCCTTGTGT	STREME-10	Chr10_9624802_9624902	78	88	-	7.14634	4.89e-05	0.291	AATCATCGTGT
10-AATCCTTGTGT	STREME-10	Chr15_20849999_20850099	9	19	+	6.9878	5.1e-05	0.301	GATCCTTGGGT
10-AATCCTTGTGT	STREME-10	Chr9_29641939_29642039	6	16	+	6.97561	5.13e-05	0.301	ACTCATTGTGT
10-AATCCTTGTGT	STREME-10	Chr7_14318364_14318464	39	49	-	6.97561	5.13e-05	0.301	ACTCATTGTGT
10-AATCCTTGTGT	STREME-10	Chr6_24108005_24108105	60	70	-	6.97561	5.13e-05	0.301	ACTCATTGTGT
10-AATCCTTGTGT	STREME-10	Chr1_18480842_18480942	83	93	+	6.91463	5.27e-05	0.308	GACCCTTGTGC
10-AATCCTTGTGT	STREME-10	Chr3_33760366_33760466	54	64	-	6.90244	5.28e-05	0.308	GATCCCTGTGC
10-AATCCTTGTGT	STREME-10	Chr4_1563130_1563230	75	85	-	6.86585	5.4e-05	0.314	AACCCCTTTGT
10-AATCCTTGTGT	STREME-10	Chr1_6673304_6673404	2	12	+	6.80488	5.62e-05	0.323	AACTCCTGTGT
10-AATCCTTGTGT	STREME-10	Chr10_17041581_17041681	6	16	-	6.80488	5.62e-05	0.323	AACGCCTGTGT
10-AATCCTTGTGT	STREME-10	Chr1_24194196_24194296	20	30	-	6.80488	5.62e-05	0.323	AACCCCTGTCT
10-AATCCTTGTGT	STREME-10	Chr12_10492680_10492780	34	44	-	6.80488	5.62e-05	0.323	AACGCCTGTGT
10-AATCCTTGTGT	STREME-10	Chr9_2877463_2877563	74	84	-	6.80488	5.62e-05	0.323	AACCCCTGTCT
10-AATCCTTGTGT	STREME-10	Chr6_11573609_11573709	8	18	+	6.79268	5.7e-05	0.325	ATTCCTGGTGT
10-AATCCTTGTGT	STREME-10	Chr1_41698673_41698773	21	31	+	6.79268	5.7e-05	0.325	GATCCTAGTGT
10-AATCCTTGTGT	STREME-10	Chr3_27271112_27271212	36	46	-	6.78049	5.77e-05	0.328	AATCGTTATGT
10-AATCCTTGTGT	STREME-10	Chr4_16809579_16809679	67	77	+	6.78049	5.77e-05	0.328	ACCCCTTGGGT
10-AATCCTTGTGT	STREME-10	Chr12_5792993_5793093	78	88	+	6.7439	5.85e-05	0.331	AATCCTTGCGC
10-AATCCTTGTGT	STREME-10	Chr3_8499983_8500083	83	93	-	6.35366	6.18e-05	0.349	AACCATCGTGT
10-AATCCTTGTGT	STREME-10	Chr1_11864002_11864102	40	50	+	6.18293	6.36e-05	0.353	ACCCATTGTGT
10-AATCCTTGTGT	STREME-10	Chr4_12818687_12818787	44	54	+	6.18293	6.36e-05	0.353	GATCCCTGGGT
10-AATCCTTGTGT	STREME-10	Chr7_7650123_7650223	55	65	-	6.18293	6.36e-05	0.353	ACCCATTGTGT
10-AATCCTTGTGT	STREME-10	Chr14_2529540_2529640	64	74	-	6.18293	6.36e-05	0.353	ACCCATTGTGT
10-AATCCTTGTGT	STREME-10	Chr2_31501263_31501363	75	85	-	6.18293	6.36e-05	0.353	GATCCCTGGGT
10-AATCCTTGTGT	STREME-10	Chr3_7575528_7575628	89	99	+	6.18293	6.36e-05	0.353	ACCCATTGTGT
10-AATCCTTGTGT	STREME-10	Chr5_14077774_14077874	19	29	-	6.09756	6.48e-05	0.359	ACTCGTTGTGT
10-AATCCTTGTGT	STREME-10	Chr10_15150547_15150647	52	62	-	6.06098	6.53e-05	0.36	AACCACTATGT
10-AATCCTTGTGT	STREME-10	Chr4_22795758_22795858	9	19	+	6	6.59e-05	0.363	GACCCTAGTGT
10-AATCCTTGTGT	STREME-10	Chr5_26226002_26226102	42	52	-	5.9878	6.66e-05	0.366	GATCCCAGTGT
10-AATCCTTGTGT	STREME-10	Chr7_21254642_21254742	10	20	-	5.97561	6.75e-05	0.368	AATCGCTATGT
10-AATCCTTGTGT	STREME-10	Chr13_1704617_1704717	51	61	-	5.97561	6.75e-05	0.368	AAGCATTGTGT
10-AATCCTTGTGT	STREME-10	Chr2_27425171_27425271	57	67	+	5.7439	7.02e-05	0.381	AATCCCAGTGC
10-AATCCTTGTGT	STREME-10	Chr3_29599585_29599685	62	72	+	5.7439	7.02e-05	0.381	AATCCCAGTGC
10-AATCCTTGTGT	STREME-10	Chr6_31791534_31791634	64	74	+	5.59756	7.08e-05	0.383	AACCAATGTGT
10-AATCCTTGTGT	STREME-10	Chr7_8579174_8579274	32	42	+	5.5122	7.2e-05	0.388	GATCGTTGTGT
10-AATCCTTGTGT	STREME-10	Chr12_1990993_1991093	49	59	+	5.42683	7.3e-05	0.392	AATCATTGGGT
10-AATCCTTGTGT	STREME-10	Chr9_28844311_28844411	43	53	-	5.42683	7.3e-05	0.392	AATCATTGGGT
10-AATCCTTGTGT	STREME-10	Chr5_19545261_19545361	30	40	-	5.34146	7.42e-05	0.397	AATCACTGTGC
10-AATCCTTGTGT	STREME-10	Chr3_13273453_13273553	36	46	-	5.30488	7.44e-05	0.397	ACCCGTTGTGT
10-AATCCTTGTGT	STREME-10	Chr11_721991_722091	15	25	+	5.21951	7.62e-05	0.406	AATCCAGATGT
10-AATCCTTGTGT	STREME-10	Chr8_5704645_5704745	23	33	+	5.18293	7.68e-05	0.408	AACCGCTATGT
10-AATCCTTGTGT	STREME-10	Chr2_46663_46763	54	64	-	5.09756	7.82e-05	0.414	AAGCGTTGTGT
10-AATCCTTGTGT	STREME-10	Chr15_14842407_14842507	24	34	-	4.97561	7.96e-05	0.421	AATCCTGATGC
10-AATCCTTGTGT	STREME-10	Chr6_17999340_17999440	40	50	-	4.80488	8.01e-05	0.422	AAGCCTGATGT
10-AATCCTTGTGT	STREME-10	Chr14_10593985_10594085	85	95	-	4.71951	8.21e-05	0.431	AATCCTGGAGT
10-AATCCTTGTGT	STREME-10	Chr1_26791636_26791736	17	27	+	4.59756	8.44e-05	0.438	ATTCCCCGTGT
10-AATCCTTGTGT	STREME-10	Chr9_25178772_25178872	10	20	-	4.59756	8.44e-05	0.438	ATTCCCCGTGT
10-AATCCTTGTGT	STREME-10	Chr11_12135046_12135146	59	69	+	4.59756	8.44e-05	0.438	ATTCCCCGTGT
10-AATCCTTGTGT	STREME-10	Chr5_22531629_22531729	66	76	+	4.59756	8.44e-05	0.438	ATTCCCCGTGT
10-AATCCTTGTGT	STREME-10	Chr10_2385736_2385836	91	101	+	4.59756	8.44e-05	0.438	ATTCCCCGTGT
10-AATCCTTGTGT	STREME-10	Chr10_649974_650074	2	12	-	4.46341	8.69e-05	0.445	AAACCCGGTGT
10-AATCCTTGTGT	STREME-10	Chr11_11603010_11603110	3	13	-	4.46341	8.69e-05	0.445	AAACCCGGTGT
10-AATCCTTGTGT	STREME-10	Chr8_23166708_23166808	36	46	-	4.46341	8.69e-05	0.445	AAACCCGGTGT
10-AATCCTTGTGT	STREME-10	Chr8_18973639_18973739	62	72	+	4.46341	8.69e-05	0.445	AAACCCGGTGT
10-AATCCTTGTGT	STREME-10	Chr9_18873951_18874051	86	96	+	4.46341	8.69e-05	0.445	AATCCTGCTGT
10-AATCCTTGTGT	STREME-10	Chr10_7686540_7686640	20	30	+	4.42683	8.8e-05	0.446	AACCCAGATGT
10-AATCCTTGTGT	STREME-10	Chr10_7686540_7686640	78	88	+	4.42683	8.8e-05	0.446	AACCCAGATGT
10-AATCCTTGTGT	STREME-10	Chr7_14318364_14318464	85	95	-	4.42683	8.8e-05	0.446	AATCACAGTGT
10-AATCCTTGTGT	STREME-10	Chr1_30215951_30216051	24	34	-	4.41463	8.88e-05	0.446	AATCTTGGTGT
10-AATCCTTGTGT	STREME-10	Chr1_43505351_43505451	71	81	+	4.41463	8.88e-05	0.446	GATCCCGATGT
10-AATCCTTGTGT	STREME-10	Chr9_20625342_20625442	70	80	-	4.41463	8.88e-05	0.446	AATCTTGGTGT
10-AATCCTTGTGT	STREME-10	Chr5_25890097_25890197	6	16	+	4.40244	9.07e-05	0.446	ATTCCTTGTGC
10-AATCCTTGTGT	STREME-10	Chr7_30613340_30613440	12	22	-	4.40244	9.07e-05	0.446	AATTCTGGTGT
10-AATCCTTGTGT	STREME-10	Chr8_161731_161831	48	58	+	4.40244	9.07e-05	0.446	AATTCTGGTGT
10-AATCCTTGTGT	STREME-10	Chr12_19720951_19721051	48	58	+	4.40244	9.07e-05	0.446	AATTCTGGTGT
10-AATCCTTGTGT	STREME-10	Chr2_38831378_38831478	39	49	-	4.40244	9.07e-05	0.446	AATTCTGGTGT
10-AATCCTTGTGT	STREME-10	Chr10_25578466_25578566	52	62	+	4.40244	9.07e-05	0.446	AATTCTGGTGT
10-AATCCTTGTGT	STREME-10	Chr5_9486621_9486721	62	72	+	4.40244	9.07e-05	0.446	AATTCTGGTGT
10-AATCCTTGTGT	STREME-10	Chr2_10423267_10423367	53	63	-	4.40244	9.07e-05	0.446	AATTCTGGTGT
10-AATCCTTGTGT	STREME-10	Chr4_3909498_3909598	65	75	-	4.40244	9.07e-05	0.446	AATTCTGGTGT
10-AATCCTTGTGT	STREME-10	Chr6_13490000_13490100	82	92	+	4.40244	9.07e-05	0.446	AATTCTGGTGT
10-AATCCTTGTGT	STREME-10	Chr1_31843371_31843471	34	44	+	4.39024	9.14e-05	0.448	AAACCTTATGT
10-AATCCTTGTGT	STREME-10	Chr15_4415044_4415144	44	54	+	4.17073	9.4e-05	0.459	AATCCCGATGC
10-AATCCTTGTGT	STREME-10	Chr11_5174450_5174550	53	63	+	4.17073	9.4e-05	0.459	AATCCCGATGC
10-AATCCTTGTGT	STREME-10	Chr4_24502350_24502450	8	18	-	3.92683	9.58e-05	0.467	CACCCTGGTGT
10-AATCCTTGTGT	STREME-10	Chr1_40374672_40374772	41	51	-	3.91463	9.69e-05	0.471	AATCCCGGTGA
10-AATCCTTGTGT	STREME-10	Chr14_8976820_8976920	8	18	+	3.87805	9.73e-05	0.472	AAACCTCGTGT
10-AATCCTTGTGT	STREME-10	Chr11_1697481_1697581	17	27	-	3.85366	9.81e-05	0.473	ATCCCATGTGT
10-AATCCTTGTGT	STREME-10	Chr1_10285645_10285745	70	80	+	3.85366	9.81e-05	0.473	ATCCCATGTGT

# FIMO (Find Individual Motif Occurrences): Version 5.5.1 compiled on Apr 10 2023 at 16:56:57
# The format of this file is described at https://meme-suite.org/meme/doc/fimo-output-format.html.
# fimo --parse-genomic-coord --verbosity 1 --oc LITCHI007109.meme_chip/fimo_out_11 --bgfile LITCHI007109.meme_chip/background --motif 10-AATCCTTGTGT LITCHI007109.meme_chip/streme_out/streme.xml LITCHI007109.meme_chip/LITCHI007109.peak.region.fa
