motif_id	motif_alt_id	sequence_name	start	stop	strand	score	p-value	q-value	matched_sequence
ACGTGGTTCGGYRAY	MEME-2	Chr1_11864002_11864102	22	36	-	27.6308	5.01e-10	1.47e-05	ACGTGGTTCGGCGAC
ACGTGGTTCGGYRAY	MEME-2	Chr13_7541452_7541552	24	38	-	27.6308	5.01e-10	1.47e-05	ACGTGGTTCGGCGAC
ACGTGGTTCGGYRAY	MEME-2	Chr3_13273453_13273553	50	64	+	27.6308	5.01e-10	1.47e-05	ACGTGGTTCGGCGAC
ACGTGGTTCGGYRAY	MEME-2	Chr3_22657861_22657961	37	51	-	27.6308	5.01e-10	1.47e-05	ACGTGGTTCGGCGAC
ACGTGGTTCGGYRAY	MEME-2	Chr10_12277425_12277525	58	72	+	27.6308	5.01e-10	1.47e-05	ACGTGGTTCGGCGAC
ACGTGGTTCGGYRAY	MEME-2	Chr3_12393061_12393161	52	66	-	27.6308	5.01e-10	1.47e-05	ACGTGGTTCGGCGAC
ACGTGGTTCGGYRAY	MEME-2	Chr15_3128588_3128688	74	88	+	27.6308	5.01e-10	1.47e-05	ACGTGGTTCGGCGAC
ACGTGGTTCGGYRAY	MEME-2	Chr6_24108005_24108105	74	88	+	27.6308	5.01e-10	1.47e-05	ACGTGGTTCGGCGAC
ACGTGGTTCGGYRAY	MEME-2	Chr3_2605453_2605553	64	78	-	27.6308	5.01e-10	1.47e-05	ACGTGGTTCGGCGAC
ACGTGGTTCGGYRAY	MEME-2	Chr15_5657692_5657792	85	99	+	27.6308	5.01e-10	1.47e-05	ACGTGGTTCGGCGAC
ACGTGGTTCGGYRAY	MEME-2	Chr4_13770801_13770901	2	16	+	27.0923	2.36e-09	1.47e-05	ACGTGGTTCGGTGAC
ACGTGGTTCGGYRAY	MEME-2	Chr1_4586820_4586920	4	18	+	27.0923	2.36e-09	1.47e-05	ACGTGGTTCGGTGAC
ACGTGGTTCGGYRAY	MEME-2	Chr5_16019920_16020020	9	23	+	27.0923	2.36e-09	1.47e-05	ACGTGGTTCGGTGAC
ACGTGGTTCGGYRAY	MEME-2	Chr11_20786317_20786417	9	23	+	27.0923	2.36e-09	1.47e-05	ACGTGGTTCGGTGAC
ACGTGGTTCGGYRAY	MEME-2	Chr2_22745959_22746059	10	24	+	27.0923	2.36e-09	1.47e-05	ACGTGGTTCGGTGAC
ACGTGGTTCGGYRAY	MEME-2	Chr2_39110623_39110723	12	26	+	27.0923	2.36e-09	1.47e-05	ACGTGGTTCGGTGAC
ACGTGGTTCGGYRAY	MEME-2	Chr15_21985027_21985127	14	28	+	27.0923	2.36e-09	1.47e-05	ACGTGGTTCGGTGAC
ACGTGGTTCGGYRAY	MEME-2	Chr14_12016989_12017089	15	29	+	27.0923	2.36e-09	1.47e-05	ACGTGGTTCGGTGAC
ACGTGGTTCGGYRAY	MEME-2	Chr14_4061698_4061798	16	30	+	27.0923	2.36e-09	1.47e-05	ACGTGGTTCGGTGAC
ACGTGGTTCGGYRAY	MEME-2	Chr4_29255383_29255483	16	30	+	27.0923	2.36e-09	1.47e-05	ACGTGGTTCGGTGAC
ACGTGGTTCGGYRAY	MEME-2	Chr11_7732363_7732463	17	31	+	27.0923	2.36e-09	1.47e-05	ACGTGGTTCGGTGAC
ACGTGGTTCGGYRAY	MEME-2	Chr2_352179_352279	3	17	-	27.0923	2.36e-09	1.47e-05	ACGTGGTTCGGTGAC
ACGTGGTTCGGYRAY	MEME-2	Chr1_46672067_46672167	18	32	+	27.0923	2.36e-09	1.47e-05	ACGTGGTTCGGTGAC
ACGTGGTTCGGYRAY	MEME-2	Chr11_5161768_5161868	4	18	-	27.0923	2.36e-09	1.47e-05	ACGTGGTTCGGTGAC
ACGTGGTTCGGYRAY	MEME-2	Chr1_5046593_5046693	5	19	-	27.0923	2.36e-09	1.47e-05	ACGTGGTTCGGTGAC
ACGTGGTTCGGYRAY	MEME-2	Chr13_12946159_12946259	6	20	-	27.0923	2.36e-09	1.47e-05	ACGTGGTTCGGTGAC
ACGTGGTTCGGYRAY	MEME-2	Chr3_18106396_18106496	24	38	+	27.0923	2.36e-09	1.47e-05	ACGTGGTTCGGTGAC
ACGTGGTTCGGYRAY	MEME-2	Chr1_40133084_40133184	10	24	-	27.0923	2.36e-09	1.47e-05	ACGTGGTTCGGTGAC
ACGTGGTTCGGYRAY	MEME-2	Chr10_14657569_14657669	24	38	+	27.0923	2.36e-09	1.47e-05	ACGTGGTTCGGTGAC
ACGTGGTTCGGYRAY	MEME-2	Chr3_5126303_5126403	11	25	-	27.0923	2.36e-09	1.47e-05	ACGTGGTTCGGTGAC
ACGTGGTTCGGYRAY	MEME-2	Chr12_21153685_21153785	13	27	-	27.0923	2.36e-09	1.47e-05	ACGTGGTTCGGTGAC
ACGTGGTTCGGYRAY	MEME-2	Chr8_19128329_19128429	13	27	-	27.0923	2.36e-09	1.47e-05	ACGTGGTTCGGTGAC
ACGTGGTTCGGYRAY	MEME-2	Chr3_15127602_15127702	28	42	+	27.0923	2.36e-09	1.47e-05	ACGTGGTTCGGTGAC
ACGTGGTTCGGYRAY	MEME-2	Chr5_13586865_13586965	15	29	-	27.0923	2.36e-09	1.47e-05	ACGTGGTTCGGTGAC
ACGTGGTTCGGYRAY	MEME-2	Chr14_24007789_24007889	15	29	-	27.0923	2.36e-09	1.47e-05	ACGTGGTTCGGTGAC
ACGTGGTTCGGYRAY	MEME-2	Chr9_13821336_13821436	31	45	+	27.0923	2.36e-09	1.47e-05	ACGTGGTTCGGTGAC
ACGTGGTTCGGYRAY	MEME-2	Chr11_18439988_18440088	17	31	-	27.0923	2.36e-09	1.47e-05	ACGTGGTTCGGTGAC
ACGTGGTTCGGYRAY	MEME-2	Chr3_3994006_3994106	18	32	-	27.0923	2.36e-09	1.47e-05	ACGTGGTTCGGTGAC
ACGTGGTTCGGYRAY	MEME-2	Chr3_30678841_30678941	18	32	-	27.0923	2.36e-09	1.47e-05	ACGTGGTTCGGTGAC
ACGTGGTTCGGYRAY	MEME-2	Chr10_6638368_6638468	34	48	+	27.0923	2.36e-09	1.47e-05	ACGTGGTTCGGTGAC
ACGTGGTTCGGYRAY	MEME-2	Chr10_25989121_25989221	20	34	-	27.0923	2.36e-09	1.47e-05	ACGTGGTTCGGTGAC
ACGTGGTTCGGYRAY	MEME-2	Chr5_12652737_12652837	34	48	+	27.0923	2.36e-09	1.47e-05	ACGTGGTTCGGTGAC
ACGTGGTTCGGYRAY	MEME-2	Chr1_5161111_5161211	20	34	-	27.0923	2.36e-09	1.47e-05	ACGTGGTTCGGTGAC
ACGTGGTTCGGYRAY	MEME-2	Chr8_23891314_23891414	36	50	+	27.0923	2.36e-09	1.47e-05	ACGTGGTTCGGTGAC
ACGTGGTTCGGYRAY	MEME-2	Chr10_25614555_25614655	36	50	+	27.0923	2.36e-09	1.47e-05	ACGTGGTTCGGTGAC
ACGTGGTTCGGYRAY	MEME-2	Chr13_22577796_22577896	36	50	+	27.0923	2.36e-09	1.47e-05	ACGTGGTTCGGTGAC
ACGTGGTTCGGYRAY	MEME-2	Chr13_5686064_5686164	23	37	-	27.0923	2.36e-09	1.47e-05	ACGTGGTTCGGTGAC
ACGTGGTTCGGYRAY	MEME-2	Chr11_5956163_5956263	37	51	+	27.0923	2.36e-09	1.47e-05	ACGTGGTTCGGTGAC
ACGTGGTTCGGYRAY	MEME-2	Chr1_8953762_8953862	23	37	-	27.0923	2.36e-09	1.47e-05	ACGTGGTTCGGTGAC
ACGTGGTTCGGYRAY	MEME-2	Chr3_34999541_34999641	23	37	-	27.0923	2.36e-09	1.47e-05	ACGTGGTTCGGTGAC
ACGTGGTTCGGYRAY	MEME-2	Chr10_24776984_24777084	24	38	-	27.0923	2.36e-09	1.47e-05	ACGTGGTTCGGTGAC
ACGTGGTTCGGYRAY	MEME-2	Chr12_19803464_19803564	24	38	-	27.0923	2.36e-09	1.47e-05	ACGTGGTTCGGTGAC
ACGTGGTTCGGYRAY	MEME-2	Chr7_9531544_9531644	38	52	+	27.0923	2.36e-09	1.47e-05	ACGTGGTTCGGTGAC
ACGTGGTTCGGYRAY	MEME-2	Chr10_26104810_26104910	38	52	+	27.0923	2.36e-09	1.47e-05	ACGTGGTTCGGTGAC
ACGTGGTTCGGYRAY	MEME-2	Chr2_36126735_36126835	25	39	-	27.0923	2.36e-09	1.47e-05	ACGTGGTTCGGTGAC
ACGTGGTTCGGYRAY	MEME-2	Chr11_5945383_5945483	25	39	-	27.0923	2.36e-09	1.47e-05	ACGTGGTTCGGTGAC
ACGTGGTTCGGYRAY	MEME-2	Chr12_11716918_11717018	26	40	-	27.0923	2.36e-09	1.47e-05	ACGTGGTTCGGTGAC
ACGTGGTTCGGYRAY	MEME-2	Chr11_7743855_7743955	40	54	+	27.0923	2.36e-09	1.47e-05	ACGTGGTTCGGTGAC
ACGTGGTTCGGYRAY	MEME-2	Chr2_14402713_14402813	26	40	-	27.0923	2.36e-09	1.47e-05	ACGTGGTTCGGTGAC
ACGTGGTTCGGYRAY	MEME-2	Chr8_29726417_29726517	26	40	-	27.0923	2.36e-09	1.47e-05	ACGTGGTTCGGTGAC
ACGTGGTTCGGYRAY	MEME-2	Chr15_10868245_10868345	41	55	+	27.0923	2.36e-09	1.47e-05	ACGTGGTTCGGTGAC
ACGTGGTTCGGYRAY	MEME-2	Chr6_5401151_5401251	41	55	+	27.0923	2.36e-09	1.47e-05	ACGTGGTTCGGTGAC
ACGTGGTTCGGYRAY	MEME-2	Chr8_19370557_19370657	41	55	+	27.0923	2.36e-09	1.47e-05	ACGTGGTTCGGTGAC
ACGTGGTTCGGYRAY	MEME-2	Chr1_47800285_47800385	27	41	-	27.0923	2.36e-09	1.47e-05	ACGTGGTTCGGTGAC
ACGTGGTTCGGYRAY	MEME-2	Chr4_25355922_25356022	27	41	-	27.0923	2.36e-09	1.47e-05	ACGTGGTTCGGTGAC
ACGTGGTTCGGYRAY	MEME-2	Chr10_17657809_17657909	28	42	-	27.0923	2.36e-09	1.47e-05	ACGTGGTTCGGTGAC
ACGTGGTTCGGYRAY	MEME-2	Chr1_49137075_49137175	42	56	+	27.0923	2.36e-09	1.47e-05	ACGTGGTTCGGTGAC
ACGTGGTTCGGYRAY	MEME-2	Chr15_15003856_15003956	42	56	+	27.0923	2.36e-09	1.47e-05	ACGTGGTTCGGTGAC
ACGTGGTTCGGYRAY	MEME-2	Chr12_4994377_4994477	42	56	+	27.0923	2.36e-09	1.47e-05	ACGTGGTTCGGTGAC
ACGTGGTTCGGYRAY	MEME-2	Chr1_31533015_31533115	43	57	+	27.0923	2.36e-09	1.47e-05	ACGTGGTTCGGTGAC
ACGTGGTTCGGYRAY	MEME-2	Chr15_7340035_7340135	44	58	+	27.0923	2.36e-09	1.47e-05	ACGTGGTTCGGTGAC
ACGTGGTTCGGYRAY	MEME-2	Chr2_320850_320950	44	58	+	27.0923	2.36e-09	1.47e-05	ACGTGGTTCGGTGAC
ACGTGGTTCGGYRAY	MEME-2	Chr7_10310409_10310509	31	45	-	27.0923	2.36e-09	1.47e-05	ACGTGGTTCGGTGAC
ACGTGGTTCGGYRAY	MEME-2	Chr8_7935615_7935715	31	45	-	27.0923	2.36e-09	1.47e-05	ACGTGGTTCGGTGAC
ACGTGGTTCGGYRAY	MEME-2	Chr10_10116311_10116411	45	59	+	27.0923	2.36e-09	1.47e-05	ACGTGGTTCGGTGAC
ACGTGGTTCGGYRAY	MEME-2	Chr1_5981307_5981407	31	45	-	27.0923	2.36e-09	1.47e-05	ACGTGGTTCGGTGAC
ACGTGGTTCGGYRAY	MEME-2	Chr12_18747969_18748069	45	59	+	27.0923	2.36e-09	1.47e-05	ACGTGGTTCGGTGAC
ACGTGGTTCGGYRAY	MEME-2	Chr10_9655752_9655852	32	46	-	27.0923	2.36e-09	1.47e-05	ACGTGGTTCGGTGAC
ACGTGGTTCGGYRAY	MEME-2	Chr2_36928048_36928148	32	46	-	27.0923	2.36e-09	1.47e-05	ACGTGGTTCGGTGAC
ACGTGGTTCGGYRAY	MEME-2	Chr2_287191_287291	32	46	-	27.0923	2.36e-09	1.47e-05	ACGTGGTTCGGTGAC
ACGTGGTTCGGYRAY	MEME-2	Chr10_13211320_13211420	46	60	+	27.0923	2.36e-09	1.47e-05	ACGTGGTTCGGTGAC
ACGTGGTTCGGYRAY	MEME-2	Chr7_1778586_1778686	46	60	+	27.0923	2.36e-09	1.47e-05	ACGTGGTTCGGTGAC
ACGTGGTTCGGYRAY	MEME-2	Chr15_22299438_22299538	46	60	+	27.0923	2.36e-09	1.47e-05	ACGTGGTTCGGTGAC
ACGTGGTTCGGYRAY	MEME-2	Chr10_18118122_18118222	33	47	-	27.0923	2.36e-09	1.47e-05	ACGTGGTTCGGTGAC
ACGTGGTTCGGYRAY	MEME-2	Chr5_10922321_10922421	33	47	-	27.0923	2.36e-09	1.47e-05	ACGTGGTTCGGTGAC
ACGTGGTTCGGYRAY	MEME-2	Chr14_1459749_1459849	47	61	+	27.0923	2.36e-09	1.47e-05	ACGTGGTTCGGTGAC
ACGTGGTTCGGYRAY	MEME-2	Chr3_10823932_10824032	33	47	-	27.0923	2.36e-09	1.47e-05	ACGTGGTTCGGTGAC
ACGTGGTTCGGYRAY	MEME-2	Chr10_11048080_11048180	33	47	-	27.0923	2.36e-09	1.47e-05	ACGTGGTTCGGTGAC
ACGTGGTTCGGYRAY	MEME-2	Chr13_18631136_18631236	34	48	-	27.0923	2.36e-09	1.47e-05	ACGTGGTTCGGTGAC
ACGTGGTTCGGYRAY	MEME-2	Chr10_25578466_25578566	34	48	-	27.0923	2.36e-09	1.47e-05	ACGTGGTTCGGTGAC
ACGTGGTTCGGYRAY	MEME-2	Chr15_7880470_7880570	34	48	-	27.0923	2.36e-09	1.47e-05	ACGTGGTTCGGTGAC
ACGTGGTTCGGYRAY	MEME-2	Chr15_19129006_19129106	48	62	+	27.0923	2.36e-09	1.47e-05	ACGTGGTTCGGTGAC
ACGTGGTTCGGYRAY	MEME-2	Chr1_13355195_13355295	49	63	+	27.0923	2.36e-09	1.47e-05	ACGTGGTTCGGTGAC
ACGTGGTTCGGYRAY	MEME-2	Chr12_16647531_16647631	35	49	-	27.0923	2.36e-09	1.47e-05	ACGTGGTTCGGTGAC
ACGTGGTTCGGYRAY	MEME-2	Chr8_18741863_18741963	36	50	-	27.0923	2.36e-09	1.47e-05	ACGTGGTTCGGTGAC
ACGTGGTTCGGYRAY	MEME-2	Chr14_20987098_20987198	36	50	-	27.0923	2.36e-09	1.47e-05	ACGTGGTTCGGTGAC
ACGTGGTTCGGYRAY	MEME-2	Chr13_4310987_4311087	50	64	+	27.0923	2.36e-09	1.47e-05	ACGTGGTTCGGTGAC
ACGTGGTTCGGYRAY	MEME-2	Chr1_5699197_5699297	36	50	-	27.0923	2.36e-09	1.47e-05	ACGTGGTTCGGTGAC
ACGTGGTTCGGYRAY	MEME-2	Chr3_15785968_15786068	50	64	+	27.0923	2.36e-09	1.47e-05	ACGTGGTTCGGTGAC
ACGTGGTTCGGYRAY	MEME-2	Chr1_13929644_13929744	50	64	+	27.0923	2.36e-09	1.47e-05	ACGTGGTTCGGTGAC
ACGTGGTTCGGYRAY	MEME-2	Chr9_21833174_21833274	36	50	-	27.0923	2.36e-09	1.47e-05	ACGTGGTTCGGTGAC
ACGTGGTTCGGYRAY	MEME-2	Chr8_6322400_6322500	36	50	-	27.0923	2.36e-09	1.47e-05	ACGTGGTTCGGTGAC
ACGTGGTTCGGYRAY	MEME-2	Chr15_15015298_15015398	51	65	+	27.0923	2.36e-09	1.47e-05	ACGTGGTTCGGTGAC
ACGTGGTTCGGYRAY	MEME-2	Chr15_93315_93415	51	65	+	27.0923	2.36e-09	1.47e-05	ACGTGGTTCGGTGAC
ACGTGGTTCGGYRAY	MEME-2	Chr1_33246692_33246792	52	66	+	27.0923	2.36e-09	1.47e-05	ACGTGGTTCGGTGAC
ACGTGGTTCGGYRAY	MEME-2	Chr4_24502350_24502450	38	52	-	27.0923	2.36e-09	1.47e-05	ACGTGGTTCGGTGAC
ACGTGGTTCGGYRAY	MEME-2	Chr10_14803063_14803163	53	67	+	27.0923	2.36e-09	1.47e-05	ACGTGGTTCGGTGAC
ACGTGGTTCGGYRAY	MEME-2	Chr7_24483317_24483417	39	53	-	27.0923	2.36e-09	1.47e-05	ACGTGGTTCGGTGAC
ACGTGGTTCGGYRAY	MEME-2	Chr13_18683230_18683330	39	53	-	27.0923	2.36e-09	1.47e-05	ACGTGGTTCGGTGAC
ACGTGGTTCGGYRAY	MEME-2	Chr10_5477611_5477711	53	67	+	27.0923	2.36e-09	1.47e-05	ACGTGGTTCGGTGAC
ACGTGGTTCGGYRAY	MEME-2	Chr1_13756633_13756733	39	53	-	27.0923	2.36e-09	1.47e-05	ACGTGGTTCGGTGAC
ACGTGGTTCGGYRAY	MEME-2	Chr9_19277557_19277657	39	53	-	27.0923	2.36e-09	1.47e-05	ACGTGGTTCGGTGAC
ACGTGGTTCGGYRAY	MEME-2	Chr10_8085748_8085848	54	68	+	27.0923	2.36e-09	1.47e-05	ACGTGGTTCGGTGAC
ACGTGGTTCGGYRAY	MEME-2	Chr4_15131974_15132074	40	54	-	27.0923	2.36e-09	1.47e-05	ACGTGGTTCGGTGAC
ACGTGGTTCGGYRAY	MEME-2	Chr10_17619123_17619223	54	68	+	27.0923	2.36e-09	1.47e-05	ACGTGGTTCGGTGAC
ACGTGGTTCGGYRAY	MEME-2	Chr2_10351005_10351105	54	68	+	27.0923	2.36e-09	1.47e-05	ACGTGGTTCGGTGAC
ACGTGGTTCGGYRAY	MEME-2	Chr1_27737543_27737643	40	54	-	27.0923	2.36e-09	1.47e-05	ACGTGGTTCGGTGAC
ACGTGGTTCGGYRAY	MEME-2	Chr1_7519957_7520057	41	55	-	27.0923	2.36e-09	1.47e-05	ACGTGGTTCGGTGAC
ACGTGGTTCGGYRAY	MEME-2	Chr15_2338314_2338414	55	69	+	27.0923	2.36e-09	1.47e-05	ACGTGGTTCGGTGAC
ACGTGGTTCGGYRAY	MEME-2	Chr10_10848689_10848789	41	55	-	27.0923	2.36e-09	1.47e-05	ACGTGGTTCGGTGAC
ACGTGGTTCGGYRAY	MEME-2	Chr11_19142401_19142501	55	69	+	27.0923	2.36e-09	1.47e-05	ACGTGGTTCGGTGAC
ACGTGGTTCGGYRAY	MEME-2	Chr5_11948474_11948574	55	69	+	27.0923	2.36e-09	1.47e-05	ACGTGGTTCGGTGAC
ACGTGGTTCGGYRAY	MEME-2	Chr8_19381886_19381986	56	70	+	27.0923	2.36e-09	1.47e-05	ACGTGGTTCGGTGAC
ACGTGGTTCGGYRAY	MEME-2	Chr10_11416165_11416265	43	57	-	27.0923	2.36e-09	1.47e-05	ACGTGGTTCGGTGAC
ACGTGGTTCGGYRAY	MEME-2	Chr1_14453030_14453130	43	57	-	27.0923	2.36e-09	1.47e-05	ACGTGGTTCGGTGAC
ACGTGGTTCGGYRAY	MEME-2	Chr10_28074955_28075055	43	57	-	27.0923	2.36e-09	1.47e-05	ACGTGGTTCGGTGAC
ACGTGGTTCGGYRAY	MEME-2	Chr4_12616859_12616959	57	71	+	27.0923	2.36e-09	1.47e-05	ACGTGGTTCGGTGAC
ACGTGGTTCGGYRAY	MEME-2	Chr3_20631583_20631683	44	58	-	27.0923	2.36e-09	1.47e-05	ACGTGGTTCGGTGAC
ACGTGGTTCGGYRAY	MEME-2	Chr12_19077818_19077918	58	72	+	27.0923	2.36e-09	1.47e-05	ACGTGGTTCGGTGAC
ACGTGGTTCGGYRAY	MEME-2	Chr6_3251473_3251573	44	58	-	27.0923	2.36e-09	1.47e-05	ACGTGGTTCGGTGAC
ACGTGGTTCGGYRAY	MEME-2	Chr3_15624052_15624152	44	58	-	27.0923	2.36e-09	1.47e-05	ACGTGGTTCGGTGAC
ACGTGGTTCGGYRAY	MEME-2	Chr2_36782738_36782838	44	58	-	27.0923	2.36e-09	1.47e-05	ACGTGGTTCGGTGAC
ACGTGGTTCGGYRAY	MEME-2	Chr14_1643397_1643497	59	73	+	27.0923	2.36e-09	1.47e-05	ACGTGGTTCGGTGAC
ACGTGGTTCGGYRAY	MEME-2	Chr3_32751623_32751723	59	73	+	27.0923	2.36e-09	1.47e-05	ACGTGGTTCGGTGAC
ACGTGGTTCGGYRAY	MEME-2	Chr12_12842975_12843075	45	59	-	27.0923	2.36e-09	1.47e-05	ACGTGGTTCGGTGAC
ACGTGGTTCGGYRAY	MEME-2	Chr13_22589054_22589154	59	73	+	27.0923	2.36e-09	1.47e-05	ACGTGGTTCGGTGAC
ACGTGGTTCGGYRAY	MEME-2	Chr7_17094728_17094828	59	73	+	27.0923	2.36e-09	1.47e-05	ACGTGGTTCGGTGAC
ACGTGGTTCGGYRAY	MEME-2	Chr4_23080287_23080387	45	59	-	27.0923	2.36e-09	1.47e-05	ACGTGGTTCGGTGAC
ACGTGGTTCGGYRAY	MEME-2	Chr10_8073806_8073906	59	73	+	27.0923	2.36e-09	1.47e-05	ACGTGGTTCGGTGAC
ACGTGGTTCGGYRAY	MEME-2	Chr14_2579042_2579142	59	73	+	27.0923	2.36e-09	1.47e-05	ACGTGGTTCGGTGAC
ACGTGGTTCGGYRAY	MEME-2	Chr4_9709961_9710061	59	73	+	27.0923	2.36e-09	1.47e-05	ACGTGGTTCGGTGAC
ACGTGGTTCGGYRAY	MEME-2	Chr7_20762296_20762396	46	60	-	27.0923	2.36e-09	1.47e-05	ACGTGGTTCGGTGAC
ACGTGGTTCGGYRAY	MEME-2	Chr7_4586279_4586379	60	74	+	27.0923	2.36e-09	1.47e-05	ACGTGGTTCGGTGAC
ACGTGGTTCGGYRAY	MEME-2	Chr2_1475084_1475184	46	60	-	27.0923	2.36e-09	1.47e-05	ACGTGGTTCGGTGAC
ACGTGGTTCGGYRAY	MEME-2	Chr15_20407391_20407491	46	60	-	27.0923	2.36e-09	1.47e-05	ACGTGGTTCGGTGAC
ACGTGGTTCGGYRAY	MEME-2	Chr1_42825096_42825196	46	60	-	27.0923	2.36e-09	1.47e-05	ACGTGGTTCGGTGAC
ACGTGGTTCGGYRAY	MEME-2	Chr13_18257493_18257593	46	60	-	27.0923	2.36e-09	1.47e-05	ACGTGGTTCGGTGAC
ACGTGGTTCGGYRAY	MEME-2	Chr10_16423733_16423833	46	60	-	27.0923	2.36e-09	1.47e-05	ACGTGGTTCGGTGAC
ACGTGGTTCGGYRAY	MEME-2	Chr1_14724835_14724935	60	74	+	27.0923	2.36e-09	1.47e-05	ACGTGGTTCGGTGAC
ACGTGGTTCGGYRAY	MEME-2	Chr1_8941974_8942074	46	60	-	27.0923	2.36e-09	1.47e-05	ACGTGGTTCGGTGAC
ACGTGGTTCGGYRAY	MEME-2	Chr10_9818625_9818725	61	75	+	27.0923	2.36e-09	1.47e-05	ACGTGGTTCGGTGAC
ACGTGGTTCGGYRAY	MEME-2	Chr10_20593199_20593299	61	75	+	27.0923	2.36e-09	1.47e-05	ACGTGGTTCGGTGAC
ACGTGGTTCGGYRAY	MEME-2	Chr1_5687575_5687675	48	62	-	27.0923	2.36e-09	1.47e-05	ACGTGGTTCGGTGAC
ACGTGGTTCGGYRAY	MEME-2	Chr15_23283459_23283559	62	76	+	27.0923	2.36e-09	1.47e-05	ACGTGGTTCGGTGAC
ACGTGGTTCGGYRAY	MEME-2	Chr14_8544219_8544319	62	76	+	27.0923	2.36e-09	1.47e-05	ACGTGGTTCGGTGAC
ACGTGGTTCGGYRAY	MEME-2	Chr13_12664620_12664720	62	76	+	27.0923	2.36e-09	1.47e-05	ACGTGGTTCGGTGAC
ACGTGGTTCGGYRAY	MEME-2	Chr13_18246128_18246228	48	62	-	27.0923	2.36e-09	1.47e-05	ACGTGGTTCGGTGAC
ACGTGGTTCGGYRAY	MEME-2	Chr3_3982417_3982517	49	63	-	27.0923	2.36e-09	1.47e-05	ACGTGGTTCGGTGAC
ACGTGGTTCGGYRAY	MEME-2	Chr13_7383189_7383289	49	63	-	27.0923	2.36e-09	1.47e-05	ACGTGGTTCGGTGAC
ACGTGGTTCGGYRAY	MEME-2	Chr7_5319511_5319611	49	63	-	27.0923	2.36e-09	1.47e-05	ACGTGGTTCGGTGAC
ACGTGGTTCGGYRAY	MEME-2	Chr5_22374969_22375069	63	77	+	27.0923	2.36e-09	1.47e-05	ACGTGGTTCGGTGAC
ACGTGGTTCGGYRAY	MEME-2	Chr14_5940279_5940379	63	77	+	27.0923	2.36e-09	1.47e-05	ACGTGGTTCGGTGAC
ACGTGGTTCGGYRAY	MEME-2	Chr12_2618780_2618880	64	78	+	27.0923	2.36e-09	1.47e-05	ACGTGGTTCGGTGAC
ACGTGGTTCGGYRAY	MEME-2	Chr15_22872387_22872487	64	78	+	27.0923	2.36e-09	1.47e-05	ACGTGGTTCGGTGAC
ACGTGGTTCGGYRAY	MEME-2	Chr3_31182334_31182434	50	64	-	27.0923	2.36e-09	1.47e-05	ACGTGGTTCGGTGAC
ACGTGGTTCGGYRAY	MEME-2	Chr1_47557323_47557423	51	65	-	27.0923	2.36e-09	1.47e-05	ACGTGGTTCGGTGAC
ACGTGGTTCGGYRAY	MEME-2	Chr3_16002541_16002641	51	65	-	27.0923	2.36e-09	1.47e-05	ACGTGGTTCGGTGAC
ACGTGGTTCGGYRAY	MEME-2	Chr8_18401260_18401360	51	65	-	27.0923	2.36e-09	1.47e-05	ACGTGGTTCGGTGAC
ACGTGGTTCGGYRAY	MEME-2	Chr8_1643089_1643189	52	66	-	27.0923	2.36e-09	1.47e-05	ACGTGGTTCGGTGAC
ACGTGGTTCGGYRAY	MEME-2	Chr12_14863482_14863582	52	66	-	27.0923	2.36e-09	1.47e-05	ACGTGGTTCGGTGAC
ACGTGGTTCGGYRAY	MEME-2	Chr9_23632369_23632469	66	80	+	27.0923	2.36e-09	1.47e-05	ACGTGGTTCGGTGAC
ACGTGGTTCGGYRAY	MEME-2	Chr15_19117506_19117606	66	80	+	27.0923	2.36e-09	1.47e-05	ACGTGGTTCGGTGAC
ACGTGGTTCGGYRAY	MEME-2	Chr4_23091712_23091812	52	66	-	27.0923	2.36e-09	1.47e-05	ACGTGGTTCGGTGAC
ACGTGGTTCGGYRAY	MEME-2	Chr1_14464497_14464597	52	66	-	27.0923	2.36e-09	1.47e-05	ACGTGGTTCGGTGAC
ACGTGGTTCGGYRAY	MEME-2	Chr2_26563742_26563842	53	67	-	27.0923	2.36e-09	1.47e-05	ACGTGGTTCGGTGAC
ACGTGGTTCGGYRAY	MEME-2	Chr2_26575197_26575297	53	67	-	27.0923	2.36e-09	1.47e-05	ACGTGGTTCGGTGAC
ACGTGGTTCGGYRAY	MEME-2	Chr13_12957414_12957514	54	68	-	27.0923	2.36e-09	1.47e-05	ACGTGGTTCGGTGAC
ACGTGGTTCGGYRAY	MEME-2	Chr4_27227883_27227983	69	83	+	27.0923	2.36e-09	1.47e-05	ACGTGGTTCGGTGAC
ACGTGGTTCGGYRAY	MEME-2	Chr6_10824092_10824192	55	69	-	27.0923	2.36e-09	1.47e-05	ACGTGGTTCGGTGAC
ACGTGGTTCGGYRAY	MEME-2	Chr15_4388113_4388213	69	83	+	27.0923	2.36e-09	1.47e-05	ACGTGGTTCGGTGAC
ACGTGGTTCGGYRAY	MEME-2	Chr13_10931546_10931646	69	83	+	27.0923	2.36e-09	1.47e-05	ACGTGGTTCGGTGAC
ACGTGGTTCGGYRAY	MEME-2	Chr1_21808253_21808353	70	84	+	27.0923	2.36e-09	1.47e-05	ACGTGGTTCGGTGAC
ACGTGGTTCGGYRAY	MEME-2	Chr3_7700221_7700321	70	84	+	27.0923	2.36e-09	1.47e-05	ACGTGGTTCGGTGAC
ACGTGGTTCGGYRAY	MEME-2	Chr8_7341432_7341532	57	71	-	27.0923	2.36e-09	1.47e-05	ACGTGGTTCGGTGAC
ACGTGGTTCGGYRAY	MEME-2	Chr12_14283364_14283464	57	71	-	27.0923	2.36e-09	1.47e-05	ACGTGGTTCGGTGAC
ACGTGGTTCGGYRAY	MEME-2	Chr10_2626118_2626218	58	72	-	27.0923	2.36e-09	1.47e-05	ACGTGGTTCGGTGAC
ACGTGGTTCGGYRAY	MEME-2	Chr13_156856_156956	58	72	-	27.0923	2.36e-09	1.47e-05	ACGTGGTTCGGTGAC
ACGTGGTTCGGYRAY	MEME-2	Chr8_9265469_9265569	72	86	+	27.0923	2.36e-09	1.47e-05	ACGTGGTTCGGTGAC
ACGTGGTTCGGYRAY	MEME-2	Chr1_14257813_14257913	60	74	-	27.0923	2.36e-09	1.47e-05	ACGTGGTTCGGTGAC
ACGTGGTTCGGYRAY	MEME-2	Chr1_10213127_10213227	74	88	+	27.0923	2.36e-09	1.47e-05	ACGTGGTTCGGTGAC
ACGTGGTTCGGYRAY	MEME-2	Chr14_3668299_3668399	74	88	+	27.0923	2.36e-09	1.47e-05	ACGTGGTTCGGTGAC
ACGTGGTTCGGYRAY	MEME-2	Chr6_31627368_31627468	61	75	-	27.0923	2.36e-09	1.47e-05	ACGTGGTTCGGTGAC
ACGTGGTTCGGYRAY	MEME-2	Chr3_26247682_26247782	61	75	-	27.0923	2.36e-09	1.47e-05	ACGTGGTTCGGTGAC
ACGTGGTTCGGYRAY	MEME-2	Chr9_9856701_9856801	76	90	+	27.0923	2.36e-09	1.47e-05	ACGTGGTTCGGTGAC
ACGTGGTTCGGYRAY	MEME-2	Chr3_20411740_20411840	62	76	-	27.0923	2.36e-09	1.47e-05	ACGTGGTTCGGTGAC
ACGTGGTTCGGYRAY	MEME-2	Chr7_23507713_23507813	62	76	-	27.0923	2.36e-09	1.47e-05	ACGTGGTTCGGTGAC
ACGTGGTTCGGYRAY	MEME-2	Chr15_17476435_17476535	76	90	+	27.0923	2.36e-09	1.47e-05	ACGTGGTTCGGTGAC
ACGTGGTTCGGYRAY	MEME-2	Chr12_11297402_11297502	66	80	-	27.0923	2.36e-09	1.47e-05	ACGTGGTTCGGTGAC
ACGTGGTTCGGYRAY	MEME-2	Chr1_36144380_36144480	66	80	-	27.0923	2.36e-09	1.47e-05	ACGTGGTTCGGTGAC
ACGTGGTTCGGYRAY	MEME-2	Chr10_20265734_20265834	80	94	+	27.0923	2.36e-09	1.47e-05	ACGTGGTTCGGTGAC
ACGTGGTTCGGYRAY	MEME-2	Chr3_5906929_5907029	81	95	+	27.0923	2.36e-09	1.47e-05	ACGTGGTTCGGTGAC
ACGTGGTTCGGYRAY	MEME-2	Chr10_9883988_9884088	82	96	+	27.0923	2.36e-09	1.47e-05	ACGTGGTTCGGTGAC
ACGTGGTTCGGYRAY	MEME-2	Chr4_22502305_22502405	68	82	-	27.0923	2.36e-09	1.47e-05	ACGTGGTTCGGTGAC
ACGTGGTTCGGYRAY	MEME-2	Chr12_22652660_22652760	82	96	+	27.0923	2.36e-09	1.47e-05	ACGTGGTTCGGTGAC
ACGTGGTTCGGYRAY	MEME-2	Chr9_20625342_20625442	84	98	+	27.0923	2.36e-09	1.47e-05	ACGTGGTTCGGTGAC
ACGTGGTTCGGYRAY	MEME-2	Chr12_22589224_22589324	85	99	+	27.0923	2.36e-09	1.47e-05	ACGTGGTTCGGTGAC
ACGTGGTTCGGYRAY	MEME-2	Chr3_7575528_7575628	71	85	-	27.0923	2.36e-09	1.47e-05	ACGTGGTTCGGTGAC
ACGTGGTTCGGYRAY	MEME-2	Chr1_47208445_47208545	85	99	+	27.0923	2.36e-09	1.47e-05	ACGTGGTTCGGTGAC
ACGTGGTTCGGYRAY	MEME-2	Chr7_5308001_5308101	73	87	-	27.0923	2.36e-09	1.47e-05	ACGTGGTTCGGTGAC
ACGTGGTTCGGYRAY	MEME-2	Chr1_31544422_31544522	87	101	+	27.0923	2.36e-09	1.47e-05	ACGTGGTTCGGTGAC
ACGTGGTTCGGYRAY	MEME-2	Chr12_9806584_9806684	74	88	-	27.0923	2.36e-09	1.47e-05	ACGTGGTTCGGTGAC
ACGTGGTTCGGYRAY	MEME-2	Chr10_4128740_4128840	76	90	-	27.0923	2.36e-09	1.47e-05	ACGTGGTTCGGTGAC
ACGTGGTTCGGYRAY	MEME-2	Chr14_5893747_5893847	76	90	-	27.0923	2.36e-09	1.47e-05	ACGTGGTTCGGTGAC
ACGTGGTTCGGYRAY	MEME-2	Chr13_3025266_3025366	76	90	-	27.0923	2.36e-09	1.47e-05	ACGTGGTTCGGTGAC
ACGTGGTTCGGYRAY	MEME-2	Chr5_26324707_26324807	80	94	-	27.0923	2.36e-09	1.47e-05	ACGTGGTTCGGTGAC
ACGTGGTTCGGYRAY	MEME-2	Chr2_29164919_29165019	86	100	-	27.0923	2.36e-09	1.47e-05	ACGTGGTTCGGTGAC
ACGTGGTTCGGYRAY	MEME-2	Chr8_9810749_9810849	86	100	-	27.0923	2.36e-09	1.47e-05	ACGTGGTTCGGTGAC
ACGTGGTTCGGYRAY	MEME-2	Chr14_9969962_9970062	1	15	+	27.0615	3.13e-09	1.47e-05	ACGTGGTTCGGCAAT
ACGTGGTTCGGYRAY	MEME-2	Chr4_28301955_28302055	6	20	+	27.0615	3.13e-09	1.47e-05	ACGTGGTTCGGCAAT
ACGTGGTTCGGYRAY	MEME-2	Chr7_4361826_4361926	12	26	+	27.0615	3.13e-09	1.47e-05	ACGTGGTTCGGCAAT
ACGTGGTTCGGYRAY	MEME-2	Chr7_23876098_23876198	16	30	+	27.0615	3.13e-09	1.47e-05	ACGTGGTTCGGCAAT
ACGTGGTTCGGYRAY	MEME-2	Chr7_19905398_19905498	2	16	-	27.0615	3.13e-09	1.47e-05	ACGTGGTTCGGCAAT
ACGTGGTTCGGYRAY	MEME-2	Chr15_9394084_9394184	2	16	-	27.0615	3.13e-09	1.47e-05	ACGTGGTTCGGCAAT
ACGTGGTTCGGYRAY	MEME-2	Chr5_5211964_5212064	2	16	-	27.0615	3.13e-09	1.47e-05	ACGTGGTTCGGCAAT
ACGTGGTTCGGYRAY	MEME-2	Chr9_22236375_22236475	3	17	-	27.0615	3.13e-09	1.47e-05	ACGTGGTTCGGCAAT
ACGTGGTTCGGYRAY	MEME-2	Chr3_26892196_26892296	3	17	-	27.0615	3.13e-09	1.47e-05	ACGTGGTTCGGCAAT
ACGTGGTTCGGYRAY	MEME-2	Chr5_15120225_15120325	3	17	-	27.0615	3.13e-09	1.47e-05	ACGTGGTTCGGCAAT
ACGTGGTTCGGYRAY	MEME-2	Chr2_30397831_30397931	4	18	-	27.0615	3.13e-09	1.47e-05	ACGTGGTTCGGCAAT
ACGTGGTTCGGYRAY	MEME-2	Chr15_15832360_15832460	4	18	-	27.0615	3.13e-09	1.47e-05	ACGTGGTTCGGCAAT
ACGTGGTTCGGYRAY	MEME-2	Chr7_26327184_26327284	4	18	-	27.0615	3.13e-09	1.47e-05	ACGTGGTTCGGCAAT
ACGTGGTTCGGYRAY	MEME-2	Chr5_18051164_18051264	4	18	-	27.0615	3.13e-09	1.47e-05	ACGTGGTTCGGCAAT
ACGTGGTTCGGYRAY	MEME-2	Chr7_706024_706124	4	18	-	27.0615	3.13e-09	1.47e-05	ACGTGGTTCGGCAAT
ACGTGGTTCGGYRAY	MEME-2	Chr1_38540933_38541033	4	18	-	27.0615	3.13e-09	1.47e-05	ACGTGGTTCGGCAAT
ACGTGGTTCGGYRAY	MEME-2	Chr6_23922604_23922704	4	18	-	27.0615	3.13e-09	1.47e-05	ACGTGGTTCGGCAAT
ACGTGGTTCGGYRAY	MEME-2	Chr12_20423110_20423210	4	18	-	27.0615	3.13e-09	1.47e-05	ACGTGGTTCGGCAAT
ACGTGGTTCGGYRAY	MEME-2	Chr2_32240674_32240774	5	19	-	27.0615	3.13e-09	1.47e-05	ACGTGGTTCGGCAAT
ACGTGGTTCGGYRAY	MEME-2	Chr4_30653862_30653962	7	21	-	27.0615	3.13e-09	1.47e-05	ACGTGGTTCGGCAAT
ACGTGGTTCGGYRAY	MEME-2	Chr10_2405467_2405567	7	21	-	27.0615	3.13e-09	1.47e-05	ACGTGGTTCGGCAAT
ACGTGGTTCGGYRAY	MEME-2	Chr5_31161868_31161968	7	21	-	27.0615	3.13e-09	1.47e-05	ACGTGGTTCGGCAAT
ACGTGGTTCGGYRAY	MEME-2	Chr1_16633020_16633120	9	23	-	27.0615	3.13e-09	1.47e-05	ACGTGGTTCGGCAAT
ACGTGGTTCGGYRAY	MEME-2	Chr5_22729374_22729474	10	24	-	27.0615	3.13e-09	1.47e-05	ACGTGGTTCGGCAAT
ACGTGGTTCGGYRAY	MEME-2	Chr13_10428248_10428348	11	25	-	27.0615	3.13e-09	1.47e-05	ACGTGGTTCGGCAAT
ACGTGGTTCGGYRAY	MEME-2	Chr4_22577754_22577854	12	26	-	27.0615	3.13e-09	1.47e-05	ACGTGGTTCGGCAAT
ACGTGGTTCGGYRAY	MEME-2	Chr6_16386126_16386226	13	27	-	27.0615	3.13e-09	1.47e-05	ACGTGGTTCGGCAAT
ACGTGGTTCGGYRAY	MEME-2	Chr3_22299062_22299162	14	28	-	27.0615	3.13e-09	1.47e-05	ACGTGGTTCGGCAAT
ACGTGGTTCGGYRAY	MEME-2	Chr3_36649756_36649856	14	28	-	27.0615	3.13e-09	1.47e-05	ACGTGGTTCGGCAAT
ACGTGGTTCGGYRAY	MEME-2	Chr10_12751718_12751818	28	42	+	27.0615	3.13e-09	1.47e-05	ACGTGGTTCGGCAAT
ACGTGGTTCGGYRAY	MEME-2	Chr4_5888119_5888219	15	29	-	27.0615	3.13e-09	1.47e-05	ACGTGGTTCGGCAAT
ACGTGGTTCGGYRAY	MEME-2	Chr6_3094960_3095060	15	29	-	27.0615	3.13e-09	1.47e-05	ACGTGGTTCGGCAAT
ACGTGGTTCGGYRAY	MEME-2	Chr1_27825221_27825321	16	30	-	27.0615	3.13e-09	1.47e-05	ACGTGGTTCGGCAAT
ACGTGGTTCGGYRAY	MEME-2	Chr5_29245445_29245545	16	30	-	27.0615	3.13e-09	1.47e-05	ACGTGGTTCGGCAAT
ACGTGGTTCGGYRAY	MEME-2	Chr10_26577698_26577798	16	30	-	27.0615	3.13e-09	1.47e-05	ACGTGGTTCGGCAAT
ACGTGGTTCGGYRAY	MEME-2	Chr1_15052784_15052884	31	45	+	27.0615	3.13e-09	1.47e-05	ACGTGGTTCGGCAAT
ACGTGGTTCGGYRAY	MEME-2	Chr1_8123581_8123681	17	31	-	27.0615	3.13e-09	1.47e-05	ACGTGGTTCGGCAAT
ACGTGGTTCGGYRAY	MEME-2	Chr3_1623935_1624035	17	31	-	27.0615	3.13e-09	1.47e-05	ACGTGGTTCGGCAAT
ACGTGGTTCGGYRAY	MEME-2	Chr1_24528745_24528845	18	32	-	27.0615	3.13e-09	1.47e-05	ACGTGGTTCGGCAAT
ACGTGGTTCGGYRAY	MEME-2	Chr2_21583599_21583699	19	33	-	27.0615	3.13e-09	1.47e-05	ACGTGGTTCGGCAAT
ACGTGGTTCGGYRAY	MEME-2	Chr1_19638353_19638453	19	33	-	27.0615	3.13e-09	1.47e-05	ACGTGGTTCGGCAAT
ACGTGGTTCGGYRAY	MEME-2	Chr2_36972656_36972756	19	33	-	27.0615	3.13e-09	1.47e-05	ACGTGGTTCGGCAAT
ACGTGGTTCGGYRAY	MEME-2	Chr7_11125546_11125646	20	34	-	27.0615	3.13e-09	1.47e-05	ACGTGGTTCGGCAAT
ACGTGGTTCGGYRAY	MEME-2	Chr15_2201940_2202040	20	34	-	27.0615	3.13e-09	1.47e-05	ACGTGGTTCGGCAAT
ACGTGGTTCGGYRAY	MEME-2	Chr14_21382392_21382492	21	35	-	27.0615	3.13e-09	1.47e-05	ACGTGGTTCGGCAAT
ACGTGGTTCGGYRAY	MEME-2	Chr10_16593419_16593519	21	35	-	27.0615	3.13e-09	1.47e-05	ACGTGGTTCGGCAAT
ACGTGGTTCGGYRAY	MEME-2	Chr7_6437715_6437815	22	36	-	27.0615	3.13e-09	1.47e-05	ACGTGGTTCGGCAAT
ACGTGGTTCGGYRAY	MEME-2	Chr4_1538272_1538372	36	50	+	27.0615	3.13e-09	1.47e-05	ACGTGGTTCGGCAAT
ACGTGGTTCGGYRAY	MEME-2	Chr3_16357525_16357625	22	36	-	27.0615	3.13e-09	1.47e-05	ACGTGGTTCGGCAAT
ACGTGGTTCGGYRAY	MEME-2	Chr7_17415748_17415848	23	37	-	27.0615	3.13e-09	1.47e-05	ACGTGGTTCGGCAAT
ACGTGGTTCGGYRAY	MEME-2	Chr7_15138284_15138384	23	37	-	27.0615	3.13e-09	1.47e-05	ACGTGGTTCGGCAAT
ACGTGGTTCGGYRAY	MEME-2	Chr12_6230960_6231060	23	37	-	27.0615	3.13e-09	1.47e-05	ACGTGGTTCGGCAAT
ACGTGGTTCGGYRAY	MEME-2	Chr12_14037345_14037445	24	38	-	27.0615	3.13e-09	1.47e-05	ACGTGGTTCGGCAAT
ACGTGGTTCGGYRAY	MEME-2	Chr5_16885608_16885708	38	52	+	27.0615	3.13e-09	1.47e-05	ACGTGGTTCGGCAAT
ACGTGGTTCGGYRAY	MEME-2	Chr10_1798790_1798890	25	39	-	27.0615	3.13e-09	1.47e-05	ACGTGGTTCGGCAAT
ACGTGGTTCGGYRAY	MEME-2	Chr8_24908678_24908778	25	39	-	27.0615	3.13e-09	1.47e-05	ACGTGGTTCGGCAAT
ACGTGGTTCGGYRAY	MEME-2	Chr4_1119714_1119814	39	53	+	27.0615	3.13e-09	1.47e-05	ACGTGGTTCGGCAAT
ACGTGGTTCGGYRAY	MEME-2	Chr1_26409484_26409584	25	39	-	27.0615	3.13e-09	1.47e-05	ACGTGGTTCGGCAAT
ACGTGGTTCGGYRAY	MEME-2	Chr12_983923_984023	25	39	-	27.0615	3.13e-09	1.47e-05	ACGTGGTTCGGCAAT
ACGTGGTTCGGYRAY	MEME-2	Chr15_16278743_16278843	26	40	-	27.0615	3.13e-09	1.47e-05	ACGTGGTTCGGCAAT
ACGTGGTTCGGYRAY	MEME-2	Chr7_15976002_15976102	28	42	-	27.0615	3.13e-09	1.47e-05	ACGTGGTTCGGCAAT
ACGTGGTTCGGYRAY	MEME-2	Chr15_7140858_7140958	28	42	-	27.0615	3.13e-09	1.47e-05	ACGTGGTTCGGCAAT
ACGTGGTTCGGYRAY	MEME-2	Chr1_19383066_19383166	28	42	-	27.0615	3.13e-09	1.47e-05	ACGTGGTTCGGCAAT
ACGTGGTTCGGYRAY	MEME-2	Chr7_8015534_8015634	29	43	-	27.0615	3.13e-09	1.47e-05	ACGTGGTTCGGCAAT
ACGTGGTTCGGYRAY	MEME-2	Chr14_6533277_6533377	43	57	+	27.0615	3.13e-09	1.47e-05	ACGTGGTTCGGCAAT
ACGTGGTTCGGYRAY	MEME-2	Chr15_11458750_11458850	29	43	-	27.0615	3.13e-09	1.47e-05	ACGTGGTTCGGCAAT
ACGTGGTTCGGYRAY	MEME-2	Chr12_3887719_3887819	43	57	+	27.0615	3.13e-09	1.47e-05	ACGTGGTTCGGCAAT
ACGTGGTTCGGYRAY	MEME-2	Chr3_31960564_31960664	30	44	-	27.0615	3.13e-09	1.47e-05	ACGTGGTTCGGCAAT
ACGTGGTTCGGYRAY	MEME-2	Chr10_2416345_2416445	31	45	-	27.0615	3.13e-09	1.47e-05	ACGTGGTTCGGCAAT
ACGTGGTTCGGYRAY	MEME-2	Chr4_208895_208995	31	45	-	27.0615	3.13e-09	1.47e-05	ACGTGGTTCGGCAAT
ACGTGGTTCGGYRAY	MEME-2	Chr7_24939825_24939925	45	59	+	27.0615	3.13e-09	1.47e-05	ACGTGGTTCGGCAAT
ACGTGGTTCGGYRAY	MEME-2	Chr4_17361215_17361315	32	46	-	27.0615	3.13e-09	1.47e-05	ACGTGGTTCGGCAAT
ACGTGGTTCGGYRAY	MEME-2	Chr12_16037040_16037140	46	60	+	27.0615	3.13e-09	1.47e-05	ACGTGGTTCGGCAAT
ACGTGGTTCGGYRAY	MEME-2	Chr12_4118513_4118613	32	46	-	27.0615	3.13e-09	1.47e-05	ACGTGGTTCGGCAAT
ACGTGGTTCGGYRAY	MEME-2	Chr5_15714932_15715032	46	60	+	27.0615	3.13e-09	1.47e-05	ACGTGGTTCGGCAAT
ACGTGGTTCGGYRAY	MEME-2	Chr4_28844732_28844832	47	61	+	27.0615	3.13e-09	1.47e-05	ACGTGGTTCGGCAAT
ACGTGGTTCGGYRAY	MEME-2	Chr8_5361735_5361835	47	61	+	27.0615	3.13e-09	1.47e-05	ACGTGGTTCGGCAAT
ACGTGGTTCGGYRAY	MEME-2	Chr3_24088869_24088969	33	47	-	27.0615	3.13e-09	1.47e-05	ACGTGGTTCGGCAAT
ACGTGGTTCGGYRAY	MEME-2	Chr1_21543380_21543480	33	47	-	27.0615	3.13e-09	1.47e-05	ACGTGGTTCGGCAAT
ACGTGGTTCGGYRAY	MEME-2	Chr10_27646736_27646836	47	61	+	27.0615	3.13e-09	1.47e-05	ACGTGGTTCGGCAAT
ACGTGGTTCGGYRAY	MEME-2	Chr1_26420816_26420916	34	48	-	27.0615	3.13e-09	1.47e-05	ACGTGGTTCGGCAAT
ACGTGGTTCGGYRAY	MEME-2	Chr7_30743020_30743120	48	62	+	27.0615	3.13e-09	1.47e-05	ACGTGGTTCGGCAAT
ACGTGGTTCGGYRAY	MEME-2	Chr6_10546194_10546294	34	48	-	27.0615	3.13e-09	1.47e-05	ACGTGGTTCGGCAAT
ACGTGGTTCGGYRAY	MEME-2	Chr11_3640888_3640988	34	48	-	27.0615	3.13e-09	1.47e-05	ACGTGGTTCGGCAAT
ACGTGGTTCGGYRAY	MEME-2	Chr10_3150079_3150179	35	49	-	27.0615	3.13e-09	1.47e-05	ACGTGGTTCGGCAAT
ACGTGGTTCGGYRAY	MEME-2	Chr9_1362453_1362553	35	49	-	27.0615	3.13e-09	1.47e-05	ACGTGGTTCGGCAAT
ACGTGGTTCGGYRAY	MEME-2	Chr4_7733312_7733412	35	49	-	27.0615	3.13e-09	1.47e-05	ACGTGGTTCGGCAAT
ACGTGGTTCGGYRAY	MEME-2	Chr7_26338380_26338480	35	49	-	27.0615	3.13e-09	1.47e-05	ACGTGGTTCGGCAAT
ACGTGGTTCGGYRAY	MEME-2	Chr9_22338557_22338657	36	50	-	27.0615	3.13e-09	1.47e-05	ACGTGGTTCGGCAAT
ACGTGGTTCGGYRAY	MEME-2	Chr2_7815365_7815465	51	65	+	27.0615	3.13e-09	1.47e-05	ACGTGGTTCGGCAAT
ACGTGGTTCGGYRAY	MEME-2	Chr3_31834147_31834247	37	51	-	27.0615	3.13e-09	1.47e-05	ACGTGGTTCGGCAAT
ACGTGGTTCGGYRAY	MEME-2	Chr13_13061230_13061330	37	51	-	27.0615	3.13e-09	1.47e-05	ACGTGGTTCGGCAAT
ACGTGGTTCGGYRAY	MEME-2	Chr9_4119475_4119575	52	66	+	27.0615	3.13e-09	1.47e-05	ACGTGGTTCGGCAAT
ACGTGGTTCGGYRAY	MEME-2	Chr8_25403631_25403731	52	66	+	27.0615	3.13e-09	1.47e-05	ACGTGGTTCGGCAAT
ACGTGGTTCGGYRAY	MEME-2	Chr12_13162579_13162679	52	66	+	27.0615	3.13e-09	1.47e-05	ACGTGGTTCGGCAAT
ACGTGGTTCGGYRAY	MEME-2	Chr8_27790498_27790598	53	67	+	27.0615	3.13e-09	1.47e-05	ACGTGGTTCGGCAAT
ACGTGGTTCGGYRAY	MEME-2	Chr6_17999340_17999440	53	67	+	27.0615	3.13e-09	1.47e-05	ACGTGGTTCGGCAAT
ACGTGGTTCGGYRAY	MEME-2	Chr1_31753194_31753294	39	53	-	27.0615	3.13e-09	1.47e-05	ACGTGGTTCGGCAAT
ACGTGGTTCGGYRAY	MEME-2	Chr10_8189101_8189201	40	54	-	27.0615	3.13e-09	1.47e-05	ACGTGGTTCGGCAAT
ACGTGGTTCGGYRAY	MEME-2	Chr1_14538858_14538958	54	68	+	27.0615	3.13e-09	1.47e-05	ACGTGGTTCGGCAAT
ACGTGGTTCGGYRAY	MEME-2	Chr5_12201812_12201912	40	54	-	27.0615	3.13e-09	1.47e-05	ACGTGGTTCGGCAAT
ACGTGGTTCGGYRAY	MEME-2	Chr2_36214571_36214671	55	69	+	27.0615	3.13e-09	1.47e-05	ACGTGGTTCGGCAAT
ACGTGGTTCGGYRAY	MEME-2	Chr14_12127052_12127152	41	55	-	27.0615	3.13e-09	1.47e-05	ACGTGGTTCGGCAAT
ACGTGGTTCGGYRAY	MEME-2	Chr14_14069959_14070059	41	55	-	27.0615	3.13e-09	1.47e-05	ACGTGGTTCGGCAAT
ACGTGGTTCGGYRAY	MEME-2	Chr3_10983250_10983350	41	55	-	27.0615	3.13e-09	1.47e-05	ACGTGGTTCGGCAAT
ACGTGGTTCGGYRAY	MEME-2	Chr1_49705704_49705804	41	55	-	27.0615	3.13e-09	1.47e-05	ACGTGGTTCGGCAAT
ACGTGGTTCGGYRAY	MEME-2	Chr2_29639273_29639373	42	56	-	27.0615	3.13e-09	1.47e-05	ACGTGGTTCGGCAAT
ACGTGGTTCGGYRAY	MEME-2	Chr5_24797137_24797237	56	70	+	27.0615	3.13e-09	1.47e-05	ACGTGGTTCGGCAAT
ACGTGGTTCGGYRAY	MEME-2	Chr14_11367363_11367463	56	70	+	27.0615	3.13e-09	1.47e-05	ACGTGGTTCGGCAAT
ACGTGGTTCGGYRAY	MEME-2	Chr2_10831949_10832049	58	72	+	27.0615	3.13e-09	1.47e-05	ACGTGGTTCGGCAAT
ACGTGGTTCGGYRAY	MEME-2	Chr2_7803695_7803795	58	72	+	27.0615	3.13e-09	1.47e-05	ACGTGGTTCGGCAAT
ACGTGGTTCGGYRAY	MEME-2	Chr6_22969670_22969770	44	58	-	27.0615	3.13e-09	1.47e-05	ACGTGGTTCGGCAAT
ACGTGGTTCGGYRAY	MEME-2	Chr8_29317533_29317633	59	73	+	27.0615	3.13e-09	1.47e-05	ACGTGGTTCGGCAAT
ACGTGGTTCGGYRAY	MEME-2	Chr7_3700934_3701034	59	73	+	27.0615	3.13e-09	1.47e-05	ACGTGGTTCGGCAAT
ACGTGGTTCGGYRAY	MEME-2	Chr6_29984037_29984137	59	73	+	27.0615	3.13e-09	1.47e-05	ACGTGGTTCGGCAAT
ACGTGGTTCGGYRAY	MEME-2	Chr8_16510258_16510358	45	59	-	27.0615	3.13e-09	1.47e-05	ACGTGGTTCGGCAAT
ACGTGGTTCGGYRAY	MEME-2	Chr11_2729772_2729872	59	73	+	27.0615	3.13e-09	1.47e-05	ACGTGGTTCGGCAAT
ACGTGGTTCGGYRAY	MEME-2	Chr7_12028396_12028496	60	74	+	27.0615	3.13e-09	1.47e-05	ACGTGGTTCGGCAAT
ACGTGGTTCGGYRAY	MEME-2	Chr4_9738666_9738766	62	76	+	27.0615	3.13e-09	1.47e-05	ACGTGGTTCGGCAAT
ACGTGGTTCGGYRAY	MEME-2	Chr14_10764655_10764755	62	76	+	27.0615	3.13e-09	1.47e-05	ACGTGGTTCGGCAAT
ACGTGGTTCGGYRAY	MEME-2	Chr8_5373168_5373268	63	77	+	27.0615	3.13e-09	1.47e-05	ACGTGGTTCGGCAAT
ACGTGGTTCGGYRAY	MEME-2	Chr7_13506588_13506688	64	78	+	27.0615	3.13e-09	1.47e-05	ACGTGGTTCGGCAAT
ACGTGGTTCGGYRAY	MEME-2	Chr6_29580292_29580392	64	78	+	27.0615	3.13e-09	1.47e-05	ACGTGGTTCGGCAAT
ACGTGGTTCGGYRAY	MEME-2	Chr6_21358295_21358395	64	78	+	27.0615	3.13e-09	1.47e-05	ACGTGGTTCGGCAAT
ACGTGGTTCGGYRAY	MEME-2	Chr2_36096563_36096663	50	64	-	27.0615	3.13e-09	1.47e-05	ACGTGGTTCGGCAAT
ACGTGGTTCGGYRAY	MEME-2	Chr1_30408478_30408578	65	79	+	27.0615	3.13e-09	1.47e-05	ACGTGGTTCGGCAAT
ACGTGGTTCGGYRAY	MEME-2	Chr8_15740238_15740338	65	79	+	27.0615	3.13e-09	1.47e-05	ACGTGGTTCGGCAAT
ACGTGGTTCGGYRAY	MEME-2	Chr13_23825079_23825179	65	79	+	27.0615	3.13e-09	1.47e-05	ACGTGGTTCGGCAAT
ACGTGGTTCGGYRAY	MEME-2	Chr1_25900468_25900568	52	66	-	27.0615	3.13e-09	1.47e-05	ACGTGGTTCGGCAAT
ACGTGGTTCGGYRAY	MEME-2	Chr7_26141036_26141136	66	80	+	27.0615	3.13e-09	1.47e-05	ACGTGGTTCGGCAAT
ACGTGGTTCGGYRAY	MEME-2	Chr14_4042554_4042654	66	80	+	27.0615	3.13e-09	1.47e-05	ACGTGGTTCGGCAAT
ACGTGGTTCGGYRAY	MEME-2	Chr12_13413862_13413962	66	80	+	27.0615	3.13e-09	1.47e-05	ACGTGGTTCGGCAAT
ACGTGGTTCGGYRAY	MEME-2	Chr15_11273275_11273375	53	67	-	27.0615	3.13e-09	1.47e-05	ACGTGGTTCGGCAAT
ACGTGGTTCGGYRAY	MEME-2	Chr6_23476891_23476991	67	81	+	27.0615	3.13e-09	1.47e-05	ACGTGGTTCGGCAAT
ACGTGGTTCGGYRAY	MEME-2	Chr2_35305726_35305826	67	81	+	27.0615	3.13e-09	1.47e-05	ACGTGGTTCGGCAAT
ACGTGGTTCGGYRAY	MEME-2	Chr2_31636998_31637098	67	81	+	27.0615	3.13e-09	1.47e-05	ACGTGGTTCGGCAAT
ACGTGGTTCGGYRAY	MEME-2	Chr10_16560276_16560376	67	81	+	27.0615	3.13e-09	1.47e-05	ACGTGGTTCGGCAAT
ACGTGGTTCGGYRAY	MEME-2	Chr9_11392487_11392587	68	82	+	27.0615	3.13e-09	1.47e-05	ACGTGGTTCGGCAAT
ACGTGGTTCGGYRAY	MEME-2	Chr2_18575996_18576096	68	82	+	27.0615	3.13e-09	1.47e-05	ACGTGGTTCGGCAAT
ACGTGGTTCGGYRAY	MEME-2	Chr10_19592551_19592651	54	68	-	27.0615	3.13e-09	1.47e-05	ACGTGGTTCGGCAAT
ACGTGGTTCGGYRAY	MEME-2	Chr11_14900225_14900325	69	83	+	27.0615	3.13e-09	1.47e-05	ACGTGGTTCGGCAAT
ACGTGGTTCGGYRAY	MEME-2	Chr6_22923242_22923342	69	83	+	27.0615	3.13e-09	1.47e-05	ACGTGGTTCGGCAAT
ACGTGGTTCGGYRAY	MEME-2	Chr11_7035426_7035526	70	84	+	27.0615	3.13e-09	1.47e-05	ACGTGGTTCGGCAAT
ACGTGGTTCGGYRAY	MEME-2	Chr13_12042707_12042807	70	84	+	27.0615	3.13e-09	1.47e-05	ACGTGGTTCGGCAAT
ACGTGGTTCGGYRAY	MEME-2	Chr3_33038793_33038893	70	84	+	27.0615	3.13e-09	1.47e-05	ACGTGGTTCGGCAAT
ACGTGGTTCGGYRAY	MEME-2	Chr3_23217504_23217604	70	84	+	27.0615	3.13e-09	1.47e-05	ACGTGGTTCGGCAAT
ACGTGGTTCGGYRAY	MEME-2	Chr6_19427063_19427163	70	84	+	27.0615	3.13e-09	1.47e-05	ACGTGGTTCGGCAAT
ACGTGGTTCGGYRAY	MEME-2	Chr6_30495688_30495788	70	84	+	27.0615	3.13e-09	1.47e-05	ACGTGGTTCGGCAAT
ACGTGGTTCGGYRAY	MEME-2	Chr5_5526578_5526678	70	84	+	27.0615	3.13e-09	1.47e-05	ACGTGGTTCGGCAAT
ACGTGGTTCGGYRAY	MEME-2	Chr15_8132502_8132602	71	85	+	27.0615	3.13e-09	1.47e-05	ACGTGGTTCGGCAAT
ACGTGGTTCGGYRAY	MEME-2	Chr12_646176_646276	71	85	+	27.0615	3.13e-09	1.47e-05	ACGTGGTTCGGCAAT
ACGTGGTTCGGYRAY	MEME-2	Chr3_34887256_34887356	72	86	+	27.0615	3.13e-09	1.47e-05	ACGTGGTTCGGCAAT
ACGTGGTTCGGYRAY	MEME-2	Chr14_23273832_23273932	72	86	+	27.0615	3.13e-09	1.47e-05	ACGTGGTTCGGCAAT
ACGTGGTTCGGYRAY	MEME-2	Chr1_33913664_33913764	58	72	-	27.0615	3.13e-09	1.47e-05	ACGTGGTTCGGCAAT
ACGTGGTTCGGYRAY	MEME-2	Chr5_4871569_4871669	73	87	+	27.0615	3.13e-09	1.47e-05	ACGTGGTTCGGCAAT
ACGTGGTTCGGYRAY	MEME-2	Chr11_17235478_17235578	74	88	+	27.0615	3.13e-09	1.47e-05	ACGTGGTTCGGCAAT
ACGTGGTTCGGYRAY	MEME-2	Chr1_23465958_23466058	60	74	-	27.0615	3.13e-09	1.47e-05	ACGTGGTTCGGCAAT
ACGTGGTTCGGYRAY	MEME-2	Chr7_8355853_8355953	60	74	-	27.0615	3.13e-09	1.47e-05	ACGTGGTTCGGCAAT
ACGTGGTTCGGYRAY	MEME-2	Chr1_5919786_5919886	74	88	+	27.0615	3.13e-09	1.47e-05	ACGTGGTTCGGCAAT
ACGTGGTTCGGYRAY	MEME-2	Chr14_22624023_22624123	74	88	+	27.0615	3.13e-09	1.47e-05	ACGTGGTTCGGCAAT
ACGTGGTTCGGYRAY	MEME-2	Chr5_18570256_18570356	74	88	+	27.0615	3.13e-09	1.47e-05	ACGTGGTTCGGCAAT
ACGTGGTTCGGYRAY	MEME-2	Chr10_8811726_8811826	75	89	+	27.0615	3.13e-09	1.47e-05	ACGTGGTTCGGCAAT
ACGTGGTTCGGYRAY	MEME-2	Chr2_28718513_28718613	75	89	+	27.0615	3.13e-09	1.47e-05	ACGTGGTTCGGCAAT
ACGTGGTTCGGYRAY	MEME-2	Chr6_15117773_15117873	76	90	+	27.0615	3.13e-09	1.47e-05	ACGTGGTTCGGCAAT
ACGTGGTTCGGYRAY	MEME-2	Chr13_16874895_16874995	76	90	+	27.0615	3.13e-09	1.47e-05	ACGTGGTTCGGCAAT
ACGTGGTTCGGYRAY	MEME-2	Chr13_8162885_8162985	76	90	+	27.0615	3.13e-09	1.47e-05	ACGTGGTTCGGCAAT
ACGTGGTTCGGYRAY	MEME-2	Chr2_21296487_21296587	63	77	-	27.0615	3.13e-09	1.47e-05	ACGTGGTTCGGCAAT
ACGTGGTTCGGYRAY	MEME-2	Chr3_3598811_3598911	63	77	-	27.0615	3.13e-09	1.47e-05	ACGTGGTTCGGCAAT
ACGTGGTTCGGYRAY	MEME-2	Chr10_14744192_14744292	78	92	+	27.0615	3.13e-09	1.47e-05	ACGTGGTTCGGCAAT
ACGTGGTTCGGYRAY	MEME-2	Chr7_15450974_15451074	78	92	+	27.0615	3.13e-09	1.47e-05	ACGTGGTTCGGCAAT
ACGTGGTTCGGYRAY	MEME-2	Chr14_11378595_11378695	78	92	+	27.0615	3.13e-09	1.47e-05	ACGTGGTTCGGCAAT
ACGTGGTTCGGYRAY	MEME-2	Chr6_2544168_2544268	78	92	+	27.0615	3.13e-09	1.47e-05	ACGTGGTTCGGCAAT
ACGTGGTTCGGYRAY	MEME-2	Chr3_583029_583129	78	92	+	27.0615	3.13e-09	1.47e-05	ACGTGGTTCGGCAAT
ACGTGGTTCGGYRAY	MEME-2	Chr1_28130507_28130607	79	93	+	27.0615	3.13e-09	1.47e-05	ACGTGGTTCGGCAAT
ACGTGGTTCGGYRAY	MEME-2	Chr2_37991535_37991635	79	93	+	27.0615	3.13e-09	1.47e-05	ACGTGGTTCGGCAAT
ACGTGGTTCGGYRAY	MEME-2	Chr11_11849098_11849198	79	93	+	27.0615	3.13e-09	1.47e-05	ACGTGGTTCGGCAAT
ACGTGGTTCGGYRAY	MEME-2	Chr9_142391_142491	80	94	+	27.0615	3.13e-09	1.47e-05	ACGTGGTTCGGCAAT
ACGTGGTTCGGYRAY	MEME-2	Chr3_34898243_34898343	80	94	+	27.0615	3.13e-09	1.47e-05	ACGTGGTTCGGCAAT
ACGTGGTTCGGYRAY	MEME-2	Chr6_15205139_15205239	80	94	+	27.0615	3.13e-09	1.47e-05	ACGTGGTTCGGCAAT
ACGTGGTTCGGYRAY	MEME-2	Chr12_196553_196653	81	95	+	27.0615	3.13e-09	1.47e-05	ACGTGGTTCGGCAAT
ACGTGGTTCGGYRAY	MEME-2	Chr13_13320134_13320234	82	96	+	27.0615	3.13e-09	1.47e-05	ACGTGGTTCGGCAAT
ACGTGGTTCGGYRAY	MEME-2	Chr6_30212108_30212208	83	97	+	27.0615	3.13e-09	1.47e-05	ACGTGGTTCGGCAAT
ACGTGGTTCGGYRAY	MEME-2	Chr5_25607527_25607627	83	97	+	27.0615	3.13e-09	1.47e-05	ACGTGGTTCGGCAAT
ACGTGGTTCGGYRAY	MEME-2	Chr2_32446901_32447001	83	97	+	27.0615	3.13e-09	1.47e-05	ACGTGGTTCGGCAAT
ACGTGGTTCGGYRAY	MEME-2	Chr9_14689746_14689846	84	98	+	27.0615	3.13e-09	1.47e-05	ACGTGGTTCGGCAAT
ACGTGGTTCGGYRAY	MEME-2	Chr7_13320356_13320456	84	98	+	27.0615	3.13e-09	1.47e-05	ACGTGGTTCGGCAAT
ACGTGGTTCGGYRAY	MEME-2	Chr13_10585371_10585471	84	98	+	27.0615	3.13e-09	1.47e-05	ACGTGGTTCGGCAAT
ACGTGGTTCGGYRAY	MEME-2	Chr11_13314207_13314307	84	98	+	27.0615	3.13e-09	1.47e-05	ACGTGGTTCGGCAAT
ACGTGGTTCGGYRAY	MEME-2	Chr5_20814439_20814539	84	98	+	27.0615	3.13e-09	1.47e-05	ACGTGGTTCGGCAAT
ACGTGGTTCGGYRAY	MEME-2	Chr11_6951010_6951110	86	100	+	27.0615	3.13e-09	1.47e-05	ACGTGGTTCGGCAAT
ACGTGGTTCGGYRAY	MEME-2	Chr14_16498726_16498826	74	88	-	27.0615	3.13e-09	1.47e-05	ACGTGGTTCGGCAAT
ACGTGGTTCGGYRAY	MEME-2	Chr2_31184482_31184582	2	16	-	26.8462	3.9e-09	1.81e-05	ACGTGGTTCGGTGAT
ACGTGGTTCGGYRAY	MEME-2	Chr3_34364538_34364638	31	45	-	26.8462	3.9e-09	1.81e-05	ACGTGGTTCGGTGAT
ACGTGGTTCGGYRAY	MEME-2	Chr8_11472943_11473043	67	81	+	26.8462	3.9e-09	1.81e-05	ACGTGGTTCGGTGAT
ACGTGGTTCGGYRAY	MEME-2	Chr13_18519868_18519968	81	95	+	26.8462	3.9e-09	1.81e-05	ACGTGGTTCGGTGAT
ACGTGGTTCGGYRAY	MEME-2	Chr14_9855508_9855608	25	39	+	26.7692	4.67e-09	2.16e-05	ACGTGGTTCGGTAAC
ACGTGGTTCGGYRAY	MEME-2	Chr8_711161_711261	62	76	-	26.7692	4.67e-09	2.16e-05	ACGTGGTTCGGTAAC
ACGTGGTTCGGYRAY	MEME-2	Chr15_9405212_9405312	8	22	-	26.5231	5.62e-09	2.58e-05	ACGTGGTTCGGTAAT
ACGTGGTTCGGYRAY	MEME-2	Chr1_38561578_38561678	30	44	-	26.5231	5.62e-09	2.58e-05	ACGTGGTTCGGTAAT
ACGTGGTTCGGYRAY	MEME-2	Chr12_19455420_19455520	37	51	-	26.5231	5.62e-09	2.58e-05	ACGTGGTTCGGTAAT
ACGTGGTTCGGYRAY	MEME-2	Chr3_16190854_16190954	61	75	+	24.3385	9.52e-09	4.37e-05	ACGTGGTTCGGTGAG
ACGTGGTTCGGYRAY	MEME-2	Chr1_21795871_21795971	58	72	+	24.2	1.03e-08	4.71e-05	ACGTGGTTCAGTGAC
ACGTGGTTCGGYRAY	MEME-2	Chr12_618206_618306	3	17	-	24.1692	1.12e-08	4.8e-05	ACGTGGTTCAGCAAT
ACGTGGTTCGGYRAY	MEME-2	Chr5_13741262_13741362	3	17	-	24.1692	1.12e-08	4.8e-05	ACGTGGTTCAGCAAT
ACGTGGTTCGGYRAY	MEME-2	Chr14_23590465_23590565	4	18	-	24.1692	1.12e-08	4.8e-05	ACGTGGTTCAGCAAT
ACGTGGTTCGGYRAY	MEME-2	Chr12_16338453_16338553	4	18	-	24.1692	1.12e-08	4.8e-05	ACGTGGTTCAGCAAT
ACGTGGTTCGGYRAY	MEME-2	Chr1_36814065_36814165	7	21	-	24.1692	1.12e-08	4.8e-05	ACGTGGTTCAGCAAT
ACGTGGTTCGGYRAY	MEME-2	Chr1_17086739_17086839	9	23	-	24.1692	1.12e-08	4.8e-05	ACGTGGTTCAGCAAT
ACGTGGTTCGGYRAY	MEME-2	Chr10_23051767_23051867	13	27	-	24.1692	1.12e-08	4.8e-05	ACGTGGTTCAGCAAT
ACGTGGTTCGGYRAY	MEME-2	Chr7_6165895_6165995	15	29	-	24.1692	1.12e-08	4.8e-05	ACGTGGTTCAGCAAT
ACGTGGTTCGGYRAY	MEME-2	Chr10_25928992_25929092	19	33	-	24.1692	1.12e-08	4.8e-05	ACGTGGTTCAGCAAT
ACGTGGTTCGGYRAY	MEME-2	Chr1_32792380_32792480	36	50	+	24.1692	1.12e-08	4.8e-05	ACGTGGTTCAGCAAT
ACGTGGTTCGGYRAY	MEME-2	Chr5_24864042_24864142	24	38	-	24.1692	1.12e-08	4.8e-05	ACGTGGTTCAGCAAT
ACGTGGTTCGGYRAY	MEME-2	Chr1_37699625_37699725	41	55	+	24.1692	1.12e-08	4.8e-05	ACGTGGTTCAGCAAT
ACGTGGTTCGGYRAY	MEME-2	Chr14_22732445_22732545	28	42	-	24.1692	1.12e-08	4.8e-05	ACGTGGTTCAGCAAT
ACGTGGTTCGGYRAY	MEME-2	Chr5_8593895_8593995	31	45	-	24.1692	1.12e-08	4.8e-05	ACGTGGTTCAGCAAT
ACGTGGTTCGGYRAY	MEME-2	Chr10_23024919_23025019	35	49	-	24.1692	1.12e-08	4.8e-05	ACGTGGTTCAGCAAT
ACGTGGTTCGGYRAY	MEME-2	Chr1_35983027_35983127	50	64	+	24.1692	1.12e-08	4.8e-05	ACGTGGTTCAGCAAT
ACGTGGTTCGGYRAY	MEME-2	Chr8_18605937_18606037	52	66	+	24.1692	1.12e-08	4.8e-05	ACGTGGTTCAGCAAT
ACGTGGTTCGGYRAY	MEME-2	Chr11_23920690_23920790	40	54	-	24.1692	1.12e-08	4.8e-05	ACGTGGTTCAGCAAT
ACGTGGTTCGGYRAY	MEME-2	Chr1_4347136_4347236	55	69	+	24.1692	1.12e-08	4.8e-05	ACGTGGTTCAGCAAT
ACGTGGTTCGGYRAY	MEME-2	Chr5_15694744_15694844	57	71	+	24.1692	1.12e-08	4.8e-05	ACGTGGTTCAGCAAT
ACGTGGTTCGGYRAY	MEME-2	Chr8_28821063_28821163	60	74	+	24.1692	1.12e-08	4.8e-05	ACGTGGTTCAGCAAT
ACGTGGTTCGGYRAY	MEME-2	Chr9_18720707_18720807	61	75	+	24.1692	1.12e-08	4.8e-05	ACGTGGTTCAGCAAT
ACGTGGTTCGGYRAY	MEME-2	Chr14_14344281_14344381	47	61	-	24.1692	1.12e-08	4.8e-05	ACGTGGTTCAGCAAT
ACGTGGTTCGGYRAY	MEME-2	Chr10_17600948_17601048	71	85	+	24.1692	1.12e-08	4.8e-05	ACGTGGTTCAGCAAT
ACGTGGTTCGGYRAY	MEME-2	Chr10_25914189_25914289	75	89	+	24.1692	1.12e-08	4.8e-05	ACGTGGTTCAGCAAT
ACGTGGTTCGGYRAY	MEME-2	Chr10_13290787_13290887	76	90	+	24.1692	1.12e-08	4.8e-05	ACGTGGTTCAGCAAT
ACGTGGTTCGGYRAY	MEME-2	Chr15_16786632_16786732	81	95	+	24.1692	1.12e-08	4.8e-05	ACGTGGTTCAGCAAT
ACGTGGTTCGGYRAY	MEME-2	Chr14_9470154_9470254	67	81	-	24.1692	1.12e-08	4.8e-05	ACGTGGTTCAGCAAT
ACGTGGTTCGGYRAY	MEME-2	Chr6_11278311_11278411	84	98	+	24.1692	1.12e-08	4.8e-05	ACGTGGTTCAGCAAT
ACGTGGTTCGGYRAY	MEME-2	Chr10_11973991_11974091	78	92	-	24.1692	1.12e-08	4.8e-05	ACGTGGTTCAGCAAT
ACGTGGTTCGGYRAY	MEME-2	Chr1_7165615_7165715	19	33	-	24.0154	1.2e-08	5.1e-05	ACGTGGTTCGGTAAG
ACGTGGTTCGGYRAY	MEME-2	Chr11_1400086_1400186	71	85	+	24.0154	1.2e-08	5.1e-05	ACGTGGTTCGGTAAG
ACGTGGTTCGGYRAY	MEME-2	Chr14_9951053_9951153	17	31	-	23.6308	1.51e-08	6.4e-05	ACGTGGTTCAGTAAT
ACGTGGTTCGGYRAY	MEME-2	Chr5_18364979_18365079	86	100	+	22.1846	1.57e-08	6.63e-05	ACGTGGTTCGACGAC
ACGTGGTTCGGYRAY	MEME-2	Chr14_6330847_6330947	2	16	-	21.9846	1.63e-08	6.63e-05	ACGTGGTTCAGCGAG
ACGTGGTTCGGYRAY	MEME-2	Chr14_22940966_22941066	3	17	-	21.9846	1.63e-08	6.63e-05	ACGTGGTTCAGCGAG
ACGTGGTTCGGYRAY	MEME-2	Chr3_29733784_29733884	4	18	-	21.9846	1.63e-08	6.63e-05	ACGTGGTTCAGCGAG
ACGTGGTTCGGYRAY	MEME-2	Chr13_1266881_1266981	9	23	-	21.9846	1.63e-08	6.63e-05	ACGTGGTTCAGCGAG
ACGTGGTTCGGYRAY	MEME-2	Chr3_32556371_32556471	15	29	-	21.9846	1.63e-08	6.63e-05	ACGTGGTTCAGCGAG
ACGTGGTTCGGYRAY	MEME-2	Chr11_18399762_18399862	31	45	+	21.9846	1.63e-08	6.63e-05	ACGTGGTTCAGCGAG
ACGTGGTTCGGYRAY	MEME-2	Chr9_13293189_13293289	19	33	-	21.9846	1.63e-08	6.63e-05	ACGTGGTTCAGCGAG
ACGTGGTTCGGYRAY	MEME-2	Chr6_3848098_3848198	19	33	-	21.9846	1.63e-08	6.63e-05	ACGTGGTTCAGCGAG
ACGTGGTTCGGYRAY	MEME-2	Chr15_13687544_13687644	35	49	-	21.9846	1.63e-08	6.63e-05	ACGTGGTTCAGCGAG
ACGTGGTTCGGYRAY	MEME-2	Chr11_12503822_12503922	49	63	+	21.9846	1.63e-08	6.63e-05	ACGTGGTTCAGCGAG
ACGTGGTTCGGYRAY	MEME-2	Chr3_19385000_19385100	52	66	+	21.9846	1.63e-08	6.63e-05	ACGTGGTTCAGCGAG
ACGTGGTTCGGYRAY	MEME-2	Chr5_34320483_34320583	38	52	-	21.9846	1.63e-08	6.63e-05	ACGTGGTTCAGCGAG
ACGTGGTTCGGYRAY	MEME-2	Chr3_31171835_31171935	58	72	+	21.9846	1.63e-08	6.63e-05	ACGTGGTTCAGCGAG
ACGTGGTTCGGYRAY	MEME-2	Chr1_26392087_26392187	46	60	-	21.9846	1.63e-08	6.63e-05	ACGTGGTTCAGCGAG
ACGTGGTTCGGYRAY	MEME-2	Chr15_4588449_4588549	52	66	-	21.9846	1.63e-08	6.63e-05	ACGTGGTTCAGCGAG
ACGTGGTTCGGYRAY	MEME-2	Chr1_26555359_26555459	76	90	+	21.9846	1.63e-08	6.63e-05	ACGTGGTTCAGCGAG
ACGTGGTTCGGYRAY	MEME-2	Chr13_17469864_17469964	80	94	+	21.9846	1.63e-08	6.63e-05	ACGTGGTTCAGCGAG
ACGTGGTTCGGYRAY	MEME-2	Chr7_2009695_2009795	81	95	+	21.9846	1.63e-08	6.63e-05	ACGTGGTTCAGCGAG
ACGTGGTTCGGYRAY	MEME-2	Chr9_10342063_10342163	85	99	+	21.9846	1.63e-08	6.63e-05	ACGTGGTTCAGCGAG
ACGTGGTTCGGYRAY	MEME-2	Chr10_26857308_26857408	8	22	-	21.6615	1.86e-08	7.43e-05	ACGTGGTTCAGCAAG
ACGTGGTTCGGYRAY	MEME-2	Chr2_31130116_31130216	24	38	+	21.6615	1.86e-08	7.43e-05	ACGTGGTTCAGCAAG
ACGTGGTTCGGYRAY	MEME-2	Chr1_19195064_19195164	12	26	-	21.6615	1.86e-08	7.43e-05	ACGTGGTTCAGCAAG
ACGTGGTTCGGYRAY	MEME-2	Chr10_12851533_12851633	30	44	-	21.6615	1.86e-08	7.43e-05	ACGTGGTTCAGCAAG
ACGTGGTTCGGYRAY	MEME-2	Chr10_26911550_26911650	45	59	+	21.6615	1.86e-08	7.43e-05	ACGTGGTTCAGCAAG
ACGTGGTTCGGYRAY	MEME-2	Chr2_25431108_25431208	52	66	+	21.6615	1.86e-08	7.43e-05	ACGTGGTTCAGCAAG
ACGTGGTTCGGYRAY	MEME-2	Chr3_19977864_19977964	38	52	-	21.6615	1.86e-08	7.43e-05	ACGTGGTTCAGCAAG
ACGTGGTTCGGYRAY	MEME-2	Chr9_28697961_28698061	59	73	+	21.6615	1.86e-08	7.43e-05	ACGTGGTTCAGCAAG
ACGTGGTTCGGYRAY	MEME-2	Chr4_34233105_34233205	82	96	+	21.6615	1.86e-08	7.43e-05	ACGTGGTTCAGCAAG
ACGTGGTTCGGYRAY	MEME-2	Chr14_15675430_15675530	58	72	+	21.6462	1.94e-08	7.69e-05	ACGTGGTTCGATGAC
ACGTGGTTCGGYRAY	MEME-2	Chr2_7522658_7522758	71	85	+	21.6462	1.94e-08	7.69e-05	ACGTGGTTCGATGAC
ACGTGGTTCGGYRAY	MEME-2	Chr14_20998939_20999039	71	85	-	21.6462	1.94e-08	7.69e-05	ACGTGGTTCGATGAC
ACGTGGTTCGGYRAY	MEME-2	Chr3_7464637_7464737	12	26	+	21.6154	2.04e-08	7.95e-05	ACGTGGTTCGACAAT
ACGTGGTTCGGYRAY	MEME-2	Chr4_29060580_29060680	10	24	-	21.6154	2.04e-08	7.95e-05	ACGTGGTTCGACAAT
ACGTGGTTCGGYRAY	MEME-2	Chr2_26695892_26695992	33	47	-	21.6154	2.04e-08	7.95e-05	ACGTGGTTCGACAAT
ACGTGGTTCGGYRAY	MEME-2	Chr1_38937399_38937499	36	50	-	21.6154	2.04e-08	7.95e-05	ACGTGGTTCGACAAT
ACGTGGTTCGGYRAY	MEME-2	Chr7_565476_565576	57	71	+	21.6154	2.04e-08	7.95e-05	ACGTGGTTCGACAAT
ACGTGGTTCGGYRAY	MEME-2	Chr9_19320525_19320625	58	72	+	21.6154	2.04e-08	7.95e-05	ACGTGGTTCGACAAT
ACGTGGTTCGGYRAY	MEME-2	Chr5_26215738_26215838	70	84	+	21.6154	2.04e-08	7.95e-05	ACGTGGTTCGACAAT
ACGTGGTTCGGYRAY	MEME-2	Chr5_5936292_5936392	19	33	-	21.4462	2.17e-08	8.47e-05	ACGTGGTTCAGTGAG
ACGTGGTTCGGYRAY	MEME-2	Chr8_396274_396374	7	21	-	21.2923	2.41e-08	9.33e-05	ACGTGGTTCGGCGGC
ACGTGGTTCGGYRAY	MEME-2	Chr9_18079306_18079406	30	44	-	21.2923	2.41e-08	9.33e-05	ACGTGGTTCGGCGGC
ACGTGGTTCGGYRAY	MEME-2	Chr3_33277363_33277463	53	67	+	21.1231	2.58e-08	9.96e-05	ACGTGGTTCAGTAAG
ACGTGGTTCGGYRAY	MEME-2	Chr5_15566521_15566621	77	91	+	21.1231	2.58e-08	9.96e-05	ACGTGGTTCAGTAAG
ACGTGGTTCGGYRAY	MEME-2	Chr14_6279758_6279858	8	22	-	20.9538	2.87e-08	0.000111	ACGTGGTTCGGTGAA
ACGTGGTTCGGYRAY	MEME-2	Chr8_8290508_8290608	29	43	-	20.7538	2.98e-08	0.000114	ACGTGGTTCGGTGGC
ACGTGGTTCGGYRAY	MEME-2	Chr9_19063199_19063299	75	89	+	20.7538	2.98e-08	0.000114	ACGTGGTTCGGTGGC
ACGTGGTTCGGYRAY	MEME-2	Chr4_10915179_10915279	74	88	-	20.7538	2.98e-08	0.000114	ACGTGGTTCGGTGGC
ACGTGGTTCGGYRAY	MEME-2	Chr13_24017319_24017419	65	79	+	19.2923	3.9e-08	0.000149	ACGTGGTTCAACGAC
ACGTGGTTCGGYRAY	MEME-2	Chr1_29064137_29064237	7	21	-	19.1385	3.97e-08	0.000151	ACGTGGTTCGGTGTC
ACGTGGTTCGGYRAY	MEME-2	Chr5_11539056_11539156	2	16	-	18.7231	4.75e-08	0.000181	ACGTGGTTCAACAAT
ACGTGGTTCGGYRAY	MEME-2	Chr13_9075062_9075162	73	87	+	18.6	4.83e-08	0.000184	ACGTGGTTCAGCGAA
ACGTGGTTCGGYRAY	MEME-2	Chr9_6866834_6866934	43	57	-	18.2769	5.44e-08	0.000206	ACGTGGTTCAGCAAA
ACGTGGTTCGGYRAY	MEME-2	Chr1_15732652_15732752	79	93	+	18.2769	5.44e-08	0.000206	ACGTGGTTCAGCAAA
ACGTGGTTCGGYRAY	MEME-2	Chr4_19764972_19765072	42	56	-	18.1846	5.64e-08	0.000213	ACGTGGTTCAATAAT
ACGTGGTTCGGYRAY	MEME-2	Chr9_26443147_26443247	17	31	-	17.3692	6.9e-08	0.00026	ACGTGGTTCAGAAAT
ACGTGGTTCGGYRAY	MEME-2	Chr7_30894377_30894477	31	45	+	17.3692	6.9e-08	0.00026	ACGTGGTTCAGAAAT
ACGTGGTTCGGYRAY	MEME-2	Chr10_18304733_18304833	83	97	-	17.3692	6.9e-08	0.00026	ACGTGGTTCAGAAAT
ACGTGGTTCGGYRAY	MEME-2	Chr1_20818240_20818340	10	24	-	16.5385	7.33e-08	0.000274	ACGTGGTTCAACGAG
ACGTGGTTCGGYRAY	MEME-2	Chr7_5936636_5936736	13	27	-	16.5385	7.33e-08	0.000274	ACGTGGTTCAACGAG
ACGTGGTTCGGYRAY	MEME-2	Chr14_495808_495908	75	89	+	16.5385	7.33e-08	0.000274	ACGTGGTTCAACGAG
ACGTGGTTCGGYRAY	MEME-2	Chr15_9803003_9803103	42	56	+	16.2462	7.54e-08	0.000281	ACGTGGTTCAGTGTC
ACGTGGTTCGGYRAY	MEME-2	Chr13_11666756_11666856	85	99	+	15.6769	8.55e-08	0.000318	ACGTGGTTCAATAAG
ACGTGGTTCGGYRAY	MEME-2	Chr6_24890053_24890153	4	18	-	15.6462	8.6e-08	0.000318	ACGTGGTTCAGCGGG
ACGTGGTTCGGYRAY	MEME-2	Chr15_19982634_19982734	28	42	-	15.6462	8.6e-08	0.000318	ACGTGGTTCAGCGGG
ACGTGGTTCGGYRAY	MEME-2	Chr4_33621923_33622023	66	80	+	15.6462	8.6e-08	0.000318	ACGTGGTTCAGCGGG
ACGTGGTTCGGYRAY	MEME-2	Chr10_19267407_19267507	59	73	-	15.1846	9.3e-08	0.000343	ACGTGGTTCGATAAA
ACGTGGTTCGGYRAY	MEME-2	Chr1_47831153_47831253	14	28	-	15.1077	9.5e-08	0.00035	ACGTGGTTCAGTGGG
ACGTGGTTCGGYRAY	MEME-2	Chr5_23126458_23126558	73	87	+	13.1385	1.51e-07	0.000556	ACATGGTTCGGCGAC
ACGTGGTTCGGYRAY	MEME-2	Chr14_2529540_2529640	78	92	+	12.9077	1.72e-07	0.000633	ACGTGGTTCGGCACT
ACGTGGTTCGGYRAY	MEME-2	Chr5_23162937_23163037	8	22	+	12.6769	2.11e-07	0.000764	ACGTGGTTCGGTATA
ACGTGGTTCGGYRAY	MEME-2	Chr11_9193137_9193237	11	25	+	12.6769	2.11e-07	0.000764	ACGTGGTTCGGTATA
ACGTGGTTCGGYRAY	MEME-2	Chr7_30613340_30613440	24	38	+	12.6769	2.11e-07	0.000764	ACGTGGTTCGGTATA
ACGTGGTTCGGYRAY	MEME-2	Chr8_161731_161831	32	46	-	12.6769	2.11e-07	0.000764	ACGTGGTTCGGTATA
ACGTGGTTCGGYRAY	MEME-2	Chr2_38831378_38831478	51	65	+	12.6769	2.11e-07	0.000764	ACGTGGTTCGGTATA
ACGTGGTTCGGYRAY	MEME-2	Chr5_9486621_9486721	46	60	-	12.6769	2.11e-07	0.000764	ACGTGGTTCGGTATA
ACGTGGTTCGGYRAY	MEME-2	Chr4_3909498_3909598	77	91	+	12.6769	2.11e-07	0.000764	ACGTGGTTCGGTATA
ACGTGGTTCGGYRAY	MEME-2	Chr6_13490000_13490100	66	80	-	12.6769	2.11e-07	0.000764	ACGTGGTTCGGTATA
ACGTGGTTCGGYRAY	MEME-2	Chr10_19373734_19373834	13	27	-	12.6	2.37e-07	0.000849	ATGTGGTTCGGTGAC
ACGTGGTTCGGYRAY	MEME-2	Chr2_7088615_7088715	25	39	-	12.6	2.37e-07	0.000849	ACGTGATTCGGTGAC
ACGTGGTTCGGYRAY	MEME-2	Chr13_14650758_14650858	40	54	+	12.6	2.37e-07	0.000849	ACGTAGTTCGGTGAC
ACGTGGTTCGGYRAY	MEME-2	Chr14_4588422_4588522	27	41	-	12.6	2.37e-07	0.000849	ACGTTGTTCGGTGAC
ACGTGGTTCGGYRAY	MEME-2	Chr10_17670543_17670643	66	80	+	12.6	2.37e-07	0.000849	ACGTGGTTTGGTGAC
ACGTGGTTCGGYRAY	MEME-2	Chr9_23386482_23386582	70	84	+	12.6	2.37e-07	0.000849	ATGTGGTTCGGTGAC
ACGTGGTTCGGYRAY	MEME-2	Chr13_9340834_9340934	6	20	-	12.5692	2.6e-07	0.000923	ACGTGGTTTGGCAAT
ACGTGGTTCGGYRAY	MEME-2	Chr14_6710725_6710825	12	26	-	12.5692	2.6e-07	0.000923	ATGTGGTTCGGCAAT
ACGTGGTTCGGYRAY	MEME-2	Chr6_8645818_8645918	21	35	-	12.5692	2.6e-07	0.000923	ACGTGGTTTGGCAAT
ACGTGGTTCGGYRAY	MEME-2	Chr5_11044658_11044758	21	35	-	12.5692	2.6e-07	0.000923	ACATGGTTCGGCAAT
ACGTGGTTCGGYRAY	MEME-2	Chr1_32172170_32172270	24	38	-	12.5692	2.6e-07	0.000923	ACGTAGTTCGGCAAT
ACGTGGTTCGGYRAY	MEME-2	Chr2_32638503_32638603	30	44	+	12.2615	3.13e-07	0.00111	ACGTGGTTCCGTAAT
ACGTGGTTCGGYRAY	MEME-2	Chr8_21688718_21688818	68	82	+	10.5846	3.76e-07	0.00133	ACGTGGTTCAGGAAT
ACGTGGTTCGGYRAY	MEME-2	Chr12_19720951_19721051	32	46	-	9.78462	5.34e-07	0.00188	ACGTGGTTCAGTATA
ACGTGGTTCGGYRAY	MEME-2	Chr5_14976863_14976963	12	26	-	9.70769	5.67e-07	0.00199	ACATGGTTCAGTGAC
ACGTGGTTCGGYRAY	MEME-2	Chr5_32514578_32514678	37	51	+	9.67692	5.93e-07	0.00208	ACATGGTTCAGCAAT
ACGTGGTTCGGYRAY	MEME-2	Chr3_16058484_16058584	1	15	-	8	7.2e-07	0.00251	ACGTGGTTCGGCCAA
ACGTGGTTCGGYRAY	MEME-2	Chr8_10397346_10397446	30	44	-	8	7.2e-07	0.00251	ACGTGGTTCGGCCAA
ACGTGGTTCGGYRAY	MEME-2	Chr6_24802029_24802129	30	44	-	8	7.2e-07	0.00251	ACGTGGTTCGGCCAA
ACGTGGTTCGGYRAY	MEME-2	Chr7_7650123_7650223	69	83	+	7.69231	7.56e-07	0.00264	ACGTAGTTCGACGAC
ACGTGGTTCGGYRAY	MEME-2	Chr12_7350386_7350486	30	44	+	7.49231	7.84e-07	0.00272	ACGTAGTTCAGCGAG
ACGTGGTTCGGYRAY	MEME-2	Chr7_28575653_28575753	52	66	+	7.49231	7.84e-07	0.00272	ACGTGGTTTAGCGAG
ACGTGGTTCGGYRAY	MEME-2	Chr5_22954183_22954283	64	78	+	7.49231	7.84e-07	0.00272	ACATGGTTCAGCGAG
ACGTGGTTCGGYRAY	MEME-2	Chr11_10987098_10987198	35	49	+	7.23077	8.67e-07	0.003	ACGTGGTTCGATATA
ACGTGGTTCGGYRAY	MEME-2	Chr14_13798369_13798469	4	18	-	7.16923	8.94e-07	0.00308	ACGTGATTCAGCAAG
ACGTGGTTCGGYRAY	MEME-2	Chr3_31109187_31109287	13	27	-	7.16923	8.94e-07	0.00308	ACGTGATTCAGCAAG
ACGTGGTTCGGYRAY	MEME-2	Chr2_6967259_6967359	60	74	-	5.13846	1.48e-06	0.0051	ACGTGGTTCAAGAAT
ACGTGGTTCGGYRAY	MEME-2	Chr1_30215951_30216051	39	53	+	5.10769	1.49e-06	0.00512	ACGTGGTTCAGCCAA
ACGTGGTTCGGYRAY	MEME-2	Chr14_16201071_16201171	59	73	+	4.8	1.59e-06	0.00545	ACGTGTTTCAACGAC
ACGTGGTTCGGYRAY	MEME-2	Chr10_6623356_6623456	54	68	+	4.4	1.78e-06	0.00608	ACGTAGTTCGATGAG
ACGTGGTTCGGYRAY	MEME-2	Chr4_20291245_20291345	28	42	+	2.13846	2.63e-06	0.00893	ACGTGGTTCGAGAAA
ACGTGGTTCGGYRAY	MEME-2	Chr9_26987144_26987244	38	52	+	2.13846	2.63e-06	0.00893	ACGTGGTTCGAGAAA
ACGTGGTTCGGYRAY	MEME-2	Chr5_24549212_24549312	48	62	-	2.13846	2.63e-06	0.00893	ACGTGGTTCGAGAAA
ACGTGGTTCGGYRAY	MEME-2	Chr10_4776348_4776448	49	63	-	2.13846	2.63e-06	0.00893	ACGTGGTTCGAGAAA
ACGTGGTTCGGYRAY	MEME-2	Chr11_1804605_1804705	15	29	-	1.50769	2.92e-06	0.00992	ACATGGTTCAATGAG
ACGTGGTTCGGYRAY	MEME-2	Chr8_8831228_8831328	6	20	-	1.23077	3.03e-06	0.0103	ACGTAGTTCGACAAA
ACGTGGTTCGGYRAY	MEME-2	Chr8_26876077_26876177	26	40	-	1.01538	3.16e-06	0.0107	ACGTCGTTCGATGAA
ACGTGGTTCGGYRAY	MEME-2	Chr15_2730907_2731007	49	63	-	0.876923	3.25e-06	0.011	ACGTGGATCGATGGT
ACGTGGTTCGGYRAY	MEME-2	Chr15_9792844_9792944	15	29	+	-0.2	3.75e-06	0.0126	AGGTGGTTCGGTAGA
ACGTGGTTCGGYRAY	MEME-2	Chr2_10248265_10248365	10	24	-	-0.953846	4.25e-06	0.0143	ACGTGGTACGGCGCT
ACGTGGTTCGGYRAY	MEME-2	Chr13_1824448_1824548	13	27	+	-1.87692	6.56e-06	0.022	ACGTTGTTCAATGAA
ACGTGGTTCGGYRAY	MEME-2	Chr12_15781254_15781354	60	74	-	-1.89231	6.65e-06	0.0223	TCGTGGTTCAATAAA
ACGTGGTTCGGYRAY	MEME-2	Chr4_18142976_18143076	17	31	+	-2.78462	8.15e-06	0.0273	ACGTGGCTCAGTAGA
ACGTGGTTCGGYRAY	MEME-2	Chr4_30691051_30691151	41	55	+	-3.41538	8.59e-06	0.0287	TCGTGGTTCAACATT
ACGTGGTTCGGYRAY	MEME-2	Chr15_15858399_15858499	76	90	+	-3.55385	8.74e-06	0.0291	ACGTGTTTCGATGTG
ACGTGGTTCGGYRAY	MEME-2	Chr5_27548697_27548797	21	35	+	-3.93846	9.43e-06	0.0314	ATGTGGTCCAGCGAC
ACGTGGTTCGGYRAY	MEME-2	Chr7_22376162_22376262	36	50	-	-4.16923	9.93e-06	0.033	ACGTGGCTCAGCACT
ACGTGGTTCGGYRAY	MEME-2	Chr9_17890051_17890151	13	27	+	-4.44615	1.1e-05	0.0363	AGGTGGTTCATCGAT
ACGTGGTTCGGYRAY	MEME-2	Chr4_2031301_2031401	20	34	-	-4.44615	1.1e-05	0.0363	ACGTGGTTGACCGAT
ACGTGGTTCGGYRAY	MEME-2	Chr1_1656624_1656724	59	73	+	-4.52308	1.15e-05	0.0381	GCGTGGTTCAATGGG
ACGTGGTTCGGYRAY	MEME-2	Chr1_17862551_17862651	73	87	-	-5.07692	1.35e-05	0.0445	ACCTGGTTCAAAAAG
ACGTGGTTCGGYRAY	MEME-2	Chr12_21003545_21003645	64	78	+	-5.35385	1.39e-05	0.0458	ACCTTGTTCAGTAAT
ACGTGGTTCGGYRAY	MEME-2	Chr2_8321673_8321773	6	20	-	-5.53846	1.4e-05	0.0458	ACGTGGTTCCAAAGC
ACGTGGTTCGGYRAY	MEME-2	Chr2_1401681_1401781	50	64	+	-5.53846	1.4e-05	0.0458	ACGTGGTTCCAAAGC
ACGTGGTTCGGYRAY	MEME-2	Chr6_14746263_14746363	39	53	-	-5.56923	1.4e-05	0.0458	ACGTGTTTCGAAAAA
ACGTGGTTCGGYRAY	MEME-2	Chr1_31048272_31048372	46	60	-	-5.64615	1.4e-05	0.0459	ACGTAGTTCGATAGA
ACGTGGTTCGGYRAY	MEME-2	Chr7_13775372_13775472	23	37	+	-6.38462	1.46e-05	0.0478	ACGGGGTGCAGCGAG
ACGTGGTTCGGYRAY	MEME-2	Chr3_29327444_29327544	84	98	+	-6.70769	1.54e-05	0.0501	ACGGGGTGCAGCAAG
ACGTGGTTCGGYRAY	MEME-2	Chr6_17979050_17979150	33	47	-	-6.90769	1.61e-05	0.0522	ATGTGGTTCGGGAAA
ACGTGGTTCGGYRAY	MEME-2	Chr8_15622777_15622877	83	97	-	-6.90769	1.61e-05	0.0522	ACGTGATTCGGGAAA
ACGTGGTTCGGYRAY	MEME-2	Chr14_12386139_12386239	25	39	-	-7.01538	1.65e-05	0.0537	ATGTGGTGCAGCAAG
ACGTGGTTCGGYRAY	MEME-2	Chr13_7073424_7073524	65	79	+	-7.03077	1.67e-05	0.0542	GTGTGGTTCGATGAC
ACGTGGTTCGGYRAY	MEME-2	Chr8_451679_451779	37	51	+	-7.24615	1.78e-05	0.0576	ACGTGATTCGATGCT
ACGTGGTTCGGYRAY	MEME-2	Chr6_87727_87827	60	74	-	-7.32308	1.83e-05	0.0592	ACATAGTTCAGCAAG
ACGTGGTTCGGYRAY	MEME-2	Chr8_26233957_26234057	29	43	+	-7.58462	2e-05	0.0643	AAGTGCTTCGATGAT
ACGTGGTTCGGYRAY	MEME-2	Chr11_1151777_1151877	30	44	-	-7.69231	2.07e-05	0.0664	AGGTGGTTTGGCGGC
ACGTGGTTCGGYRAY	MEME-2	Chr6_2962173_2962273	76	90	+	-7.70769	2.08e-05	0.0667	TCGTGGTTTGGCAGC
ACGTGGTTCGGYRAY	MEME-2	Chr5_34174754_34174854	38	52	+	-8.16923	2.35e-05	0.0752	ACGTGGTTTTGAGAT
ACGTGGTTCGGYRAY	MEME-2	Chr12_13101247_13101347	40	54	+	-8.33846	2.41e-05	0.0772	CCGTGGTTCGAGGAG
ACGTGGTTCGGYRAY	MEME-2	Chr3_2531920_2532020	79	93	+	-9.24615	2.68e-05	0.0857	ACGAAGTTCGACGAG
ACGTGGTTCGGYRAY	MEME-2	Chr13_6848224_6848324	23	37	+	-9.35385	2.73e-05	0.0868	ACGTGGTTTAAGAAT
ACGTGGTTCGGYRAY	MEME-2	Chr9_21471062_21471162	38	52	-	-9.35385	2.73e-05	0.0868	ACATGGTTCAAGAAT
ACGTGGTTCGGYRAY	MEME-2	Chr6_1018749_1018849	61	75	-	-9.35385	2.73e-05	0.0868	ACGTGGTTTAAGAAT
ACGTGGTTCGGYRAY	MEME-2	Chr14_8391888_8391988	71	85	-	-9.35385	2.73e-05	0.0868	ACATGGTTCAAGAAT
ACGTGGTTCGGYRAY	MEME-2	Chr3_25495001_25495101	81	95	+	-9.56923	2.85e-05	0.0902	ACATGGCTCGACAAG
ACGTGGTTCGGYRAY	MEME-2	Chr4_7335512_7335612	8	22	-	-9.64615	2.91e-05	0.0918	CCGTGGATCAACAAT
ACGTGGTTCGGYRAY	MEME-2	Chr4_6883680_6883780	31	45	-	-9.64615	2.91e-05	0.0918	CCGTGGATCAACAAT
ACGTGGTTCGGYRAY	MEME-2	Chr1_2069084_2069184	76	90	+	-9.67692	2.91e-05	0.0918	ACGTGTTTCAACACC
ACGTGGTTCGGYRAY	MEME-2	Chr4_27345488_27345588	64	78	-	-9.70769	2.94e-05	0.0925	AGGTGGTGCAACAAC
ACGTGGTTCGGYRAY	MEME-2	Chr11_2901134_2901234	82	96	+	-9.87692	3.06e-05	0.0963	ACGTAGTTTGACAAG
ACGTGGTTCGGYRAY	MEME-2	Chr10_9555599_9555699	44	58	+	-9.95385	3.14e-05	0.0985	ACTTGGTTCAAAGTC
ACGTGGTTCGGYRAY	MEME-2	Chr2_37461748_37461848	31	45	-	-10.0154	3.16e-05	0.099	ACGTTCTTCAACAAC
ACGTGGTTCGGYRAY	MEME-2	Chr11_12749751_12749851	67	81	-	-10.2462	3.36e-05	0.105	ACCTGGTTCAGGAGT
ACGTGGTTCGGYRAY	MEME-2	Chr12_20182035_20182135	43	57	-	-10.3385	3.4e-05	0.106	ATGTGGTTCATCGAA
ACGTGGTTCGGYRAY	MEME-2	Chr1_45245760_45245860	83	97	-	-10.4308	3.47e-05	0.108	ACGTGGACCAGAGAC
ACGTGGTTCGGYRAY	MEME-2	Chr13_6651926_6652026	73	87	-	-10.6	3.61e-05	0.112	ACGTGCCTCAGCAGC
ACGTGGTTCGGYRAY	MEME-2	Chr12_21574244_21574344	28	42	+	-10.7538	3.71e-05	0.115	ACGTGGCACAGAAAC
ACGTGGTTCGGYRAY	MEME-2	Chr3_6101084_6101184	6	20	-	-10.7692	3.72e-05	0.115	GCGTGGTTCATTGGC
ACGTGGTTCGGYRAY	MEME-2	Chr3_29789957_29790057	61	75	-	-10.7692	3.72e-05	0.115	CCGTGGTTCTGTAGG
ACGTGGTTCGGYRAY	MEME-2	Chr1_49403921_49404021	82	96	+	-10.8	3.74e-05	0.116	AGATGGTTCAATAAT
ACGTGGTTCGGYRAY	MEME-2	Chr12_4774560_4774660	86	100	+	-11.3077	4.1e-05	0.127	AAGTGGTTAGGTAGG
ACGTGGTTCGGYRAY	MEME-2	Chr10_10470252_10470352	66	80	-	-11.3231	4.11e-05	0.127	ACGTAGTTCATTGGT
ACGTGGTTCGGYRAY	MEME-2	Chr8_17150248_17150348	28	42	+	-11.4462	4.17e-05	0.128	ACCTGCTTCAGTAGC
ACGTGGTTCGGYRAY	MEME-2	Chr15_9280350_9280450	65	79	-	-11.6923	4.23e-05	0.13	ACGTGGTTCGAGGCA
ACGTGGTTCGGYRAY	MEME-2	Chr10_22194974_22195074	25	39	+	-12.0462	4.3e-05	0.132	ACGAGGTTCGAGAAA
ACGTGGTTCGGYRAY	MEME-2	Chr6_9211414_9211514	28	42	+	-12.0462	4.3e-05	0.132	GCGTGGTTCGAGAAA
ACGTGGTTCGGYRAY	MEME-2	Chr5_5512807_5512907	3	17	-	-12.1538	4.38e-05	0.134	ACGTGGAACAACAAG
ACGTGGTTCGGYRAY	MEME-2	Chr4_12541381_12541481	59	73	-	-12.4769	4.55e-05	0.139	ACATGGTTCACCATC
ACGTGGTTCGGYRAY	MEME-2	Chr7_11347045_11347145	32	46	-	-12.6308	4.62e-05	0.141	ACGTGCCTCGACGAA
ACGTGGTTCGGYRAY	MEME-2	Chr1_38097391_38097491	38	52	-	-12.6462	4.63e-05	0.141	ACGTGTTTCAATGCG
ACGTGGTTCGGYRAY	MEME-2	Chr10_22806788_22806888	63	77	+	-12.6615	4.63e-05	0.141	ACGTGGTACAATACG
ACGTGGTTCGGYRAY	MEME-2	Chr11_693981_694081	7	21	+	-12.6769	4.66e-05	0.141	ACGTGCATCAATGAG
ACGTGGTTCGGYRAY	MEME-2	Chr9_16681592_16681692	24	38	-	-12.6923	4.68e-05	0.142	GCGTGGATCAATAAG
ACGTGGTTCGGYRAY	MEME-2	Chr13_20345723_20345823	4	18	-	-12.9846	4.87e-05	0.147	AGGTGTTTCAATGAG
ACGTGGTTCGGYRAY	MEME-2	Chr1_3678122_3678222	85	99	+	-13.1692	5.01e-05	0.151	ACGTGCCTCGATGAA
ACGTGGTTCGGYRAY	MEME-2	Chr1_46889172_46889272	17	31	-	-13.2615	5.06e-05	0.153	AAGTCGTTCGACAAA
ACGTGGTTCGGYRAY	MEME-2	Chr7_20920755_20920855	66	80	-	-13.2923	5.08e-05	0.153	CAGTGGTTCGAAGAC
ACGTGGTTCGGYRAY	MEME-2	Chr5_8799683_8799783	60	74	+	-13.3385	5.13e-05	0.154	ACTTGTTTCAGCGGG
ACGTGGTTCGGYRAY	MEME-2	Chr1_9060669_9060769	5	19	+	-13.4923	5.26e-05	0.158	ACTCGGTTCAGAGAG
ACGTGGTTCGGYRAY	MEME-2	Chr13_816122_816222	25	39	-	-13.5385	5.3e-05	0.159	ACGTGGGTCGAGGTC
ACGTGGTTCGGYRAY	MEME-2	Chr14_5165887_5165987	59	73	-	-13.6154	5.37e-05	0.161	ATGTGGTGCGAAAAC
ACGTGGTTCGGYRAY	MEME-2	Chr1_28218320_28218420	31	45	-	-13.9538	5.64e-05	0.168	ACGTGGTCCTGAGGC
ACGTGGTTCGGYRAY	MEME-2	Chr11_18727578_18727678	47	61	-	-14	5.67e-05	0.169	AAGTGGTTAGATAGC
ACGTGGTTCGGYRAY	MEME-2	Chr9_22470245_22470345	14	28	+	-14.0615	5.7e-05	0.17	CCGTAGTTCGGTGGA
ACGTGGTTCGGYRAY	MEME-2	Chr6_5606181_5606281	17	31	-	-14.0923	5.71e-05	0.17	ACGTAGTTCGAGGTT
ACGTGGTTCGGYRAY	MEME-2	Chr5_33416431_33416531	34	48	-	-14.2308	5.8e-05	0.172	ACGTGGATCGATTTT
ACGTGGTTCGGYRAY	MEME-2	Chr15_7709548_7709648	55	69	+	-14.3077	5.85e-05	0.173	ACCTGGCTCGGAAAA
ACGTGGTTCGGYRAY	MEME-2	Chr3_29894281_29894381	82	96	-	-14.3692	5.87e-05	0.174	ACGTGTTTTGGTGGA
ACGTGGTTCGGYRAY	MEME-2	Chr12_19627386_19627486	15	29	-	-14.4923	5.96e-05	0.176	ACGTAGTTGGGAGGC
ACGTGGTTCGGYRAY	MEME-2	Chr1_46499337_46499437	14	28	+	-14.6308	6.06e-05	0.179	ACGTTGTACGGGGAC
ACGTGGTTCGGYRAY	MEME-2	Chr7_22903923_22904023	29	43	-	-14.6462	6.07e-05	0.179	GCGTGGATCGGGAAC
ACGTGGTTCGGYRAY	MEME-2	Chr9_7025432_7025532	80	94	+	-14.7077	6.12e-05	0.18	ACGTTGTTCTGGGAC
ACGTGGTTCGGYRAY	MEME-2	Chr1_44153268_44153368	50	64	-	-14.9692	6.35e-05	0.187	ACCCGGTTCAGCATG
ACGTGGTTCGGYRAY	MEME-2	Chr5_4528733_4528833	28	42	+	-15.0308	6.43e-05	0.189	ACGTGGTCCGTTTAC
ACGTGGTTCGGYRAY	MEME-2	Chr10_25499709_25499809	52	66	+	-15.0769	6.5e-05	0.19	AAGTGGTACGGTTAC
ACGTGGTTCGGYRAY	MEME-2	Chr1_10905094_10905194	70	84	+	-15.0769	6.5e-05	0.19	AAGTGGTGCGGTTAC
ACGTGGTTCGGYRAY	MEME-2	Chr10_7962840_7962940	62	76	+	-15.1538	6.56e-05	0.191	ACGTGGTTGTGTTAC
ACGTGGTTCGGYRAY	MEME-2	Chr5_14395913_14396013	40	54	-	-15.1846	6.59e-05	0.192	ACGTCGTTTGGGGAT
ACGTGGTTCGGYRAY	MEME-2	Chr1_30081947_30082047	52	66	+	-15.2308	6.69e-05	0.194	ACGTCGGACGGCGAC
ACGTGGTTCGGYRAY	MEME-2	Chr14_2816466_2816566	64	78	+	-15.2308	6.69e-05	0.194	ACGTGTCTCGATGTT
ACGTGGTTCGGYRAY	MEME-2	Chr1_46476151_46476251	82	96	-	-15.2462	6.71e-05	0.194	TCGTGGTGCTGCGAT
ACGTGGTTCGGYRAY	MEME-2	Chr12_14326451_14326551	70	84	+	-15.2615	6.72e-05	0.195	AGGTGGTTAGGGAAC
ACGTGGTTCGGYRAY	MEME-2	Chr14_21260561_21260661	8	22	+	-15.3077	6.8e-05	0.197	ACGTGGTTAGAGAGG
ACGTGGTTCGGYRAY	MEME-2	Chr9_29505489_29505589	1	15	-	-15.3231	6.85e-05	0.198	AAGTGGTTGGACATT
ACGTGGTTCGGYRAY	MEME-2	Chr2_38371332_38371432	5	19	-	-15.4769	7.02e-05	0.201	TCGTTGGTCGGCGAT
ACGTGGTTCGGYRAY	MEME-2	Chr1_21754550_21754650	22	36	-	-15.4769	7.02e-05	0.201	TCGTGGTTCGCCACC
ACGTGGTTCGGYRAY	MEME-2	Chr10_23287648_23287748	71	85	+	-15.4769	7.02e-05	0.201	TCGTGGTTCGCCACC
ACGTGGTTCGGYRAY	MEME-2	Chr10_12367779_12367879	62	76	-	-15.4769	7.02e-05	0.201	TCGTGGTTCGCCACC
ACGTGGTTCGGYRAY	MEME-2	Chr6_22046397_22046497	84	98	+	-15.4769	7.02e-05	0.201	TCGTGGTTCGCCACC
ACGTGGTTCGGYRAY	MEME-2	Chr7_29447900_29448000	14	28	-	-15.5538	7.32e-05	0.209	GCGTCGGTCGGCAAC
ACGTGGTTCGGYRAY	MEME-2	Chr9_6055682_6055782	39	53	+	-15.5538	7.32e-05	0.209	GCGTCGGTCGGCAAC
ACGTGGTTCGGYRAY	MEME-2	Chr3_12240897_12240997	62	76	+	-15.5538	7.32e-05	0.209	GCGTCGGTCGGCAAC
ACGTGGTTCGGYRAY	MEME-2	Chr15_10179814_10179914	65	79	-	-15.6308	7.43e-05	0.211	GCGTTGTTCCGCAAC
ACGTGGTTCGGYRAY	MEME-2	Chr6_2331833_2331933	6	20	-	-15.6923	7.46e-05	0.211	ACCTGGTTCAAGAGT
ACGTGGTTCGGYRAY	MEME-2	Chr2_30685161_30685261	9	23	-	-15.6923	7.46e-05	0.211	ACCTGGTTCAAGAGT
ACGTGGTTCGGYRAY	MEME-2	Chr3_34152518_34152618	71	85	+	-15.6923	7.46e-05	0.211	ACCTGGTTCAAGAGT
ACGTGGTTCGGYRAY	MEME-2	Chr14_17611257_17611357	74	88	+	-15.6923	7.46e-05	0.211	ACTTGGTTCAAGAGT
ACGTGGTTCGGYRAY	MEME-2	Chr15_2552861_2552961	59	73	+	-15.7231	7.5e-05	0.212	ACGTGGATCAATGCA
ACGTGGTTCGGYRAY	MEME-2	Chr2_10618915_10619015	35	49	-	-15.7385	7.54e-05	0.213	ACGTAGTTCAAACAT
ACGTGGTTCGGYRAY	MEME-2	Chr6_12807608_12807708	10	24	-	-15.8154	7.88e-05	0.222	ACCTGGGTCGCCAAC
ACGTGGTTCGGYRAY	MEME-2	Chr15_19952334_19952434	37	51	-	-15.8154	7.88e-05	0.222	ACCTGGGTCGCCAAC
ACGTGGTTCGGYRAY	MEME-2	Chr9_10778635_10778735	38	52	+	-15.8308	7.9e-05	0.222	AGGTCGTTCAACGAA
ACGTGGTTCGGYRAY	MEME-2	Chr2_39883643_39883743	46	60	-	-15.8615	8.09e-05	0.227	ACGTATTTCGATATT
ACGTGGTTCGGYRAY	MEME-2	Chr11_5598527_5598627	58	72	+	-15.9385	8.18e-05	0.229	ACGTGGATCGGACGG
ACGTGGTTCGGYRAY	MEME-2	Chr10_18705580_18705680	19	33	+	-16.0154	8.32e-05	0.231	AAGCGGTGCGGTGAT
ACGTGGTTCGGYRAY	MEME-2	Chr7_14110688_14110788	1	15	-	-16.0308	8.36e-05	0.231	AAGTGGTTCGCCACT
ACGTGGTTCGGYRAY	MEME-2	Chr10_22687270_22687370	5	19	-	-16.0308	8.36e-05	0.231	AAGTGGTTCGCCACT
ACGTGGTTCGGYRAY	MEME-2	Chr7_10346485_10346585	10	24	-	-16.0308	8.36e-05	0.231	AAGTGGTTCGCCACT
ACGTGGTTCGGYRAY	MEME-2	Chr5_9761169_9761269	15	29	-	-16.0308	8.36e-05	0.231	AAGTGGTTCGCCACT
ACGTGGTTCGGYRAY	MEME-2	Chr7_11347045_11347145	63	77	+	-16.0308	8.36e-05	0.231	AAGTGGTTCGCCACT
ACGTGGTTCGGYRAY	MEME-2	Chr1_3678122_3678222	54	68	-	-16.0308	8.36e-05	0.231	AAGTGGTTCGCCACT
ACGTGGTTCGGYRAY	MEME-2	Chr5_13318186_13318286	74	88	+	-16.0308	8.36e-05	0.231	AAGTGGTTCGCCACT
ACGTGGTTCGGYRAY	MEME-2	Chr10_23628268_23628368	84	98	+	-16.0308	8.36e-05	0.231	AAGTGGTTCGCCACT
ACGTGGTTCGGYRAY	MEME-2	Chr5_28253761_28253861	59	73	+	-16.0615	8.52e-05	0.233	ACGGAGTTCAATGAA
ACGTGGTTCGGYRAY	MEME-2	Chr7_11956924_11957024	77	91	+	-16.0615	8.52e-05	0.233	ACCTGGGTCGCCAAT
ACGTGGTTCGGYRAY	MEME-2	Chr2_7434786_7434886	1	15	+	-16.0769	8.62e-05	0.233	CTGTGGTTAGGTGAC
ACGTGGTTCGGYRAY	MEME-2	Chr8_17799816_17799916	24	38	+	-16.0769	8.62e-05	0.233	CTGTGGTTAGGTGAC
ACGTGGTTCGGYRAY	MEME-2	Chr7_12552125_12552225	10	24	-	-16.0769	8.62e-05	0.233	CTGTGGTTAGGTGAC
ACGTGGTTCGGYRAY	MEME-2	Chr11_14385973_14386073	35	49	+	-16.0769	8.62e-05	0.233	CTGTGGTTAGGTGAC
ACGTGGTTCGGYRAY	MEME-2	Chr7_12383420_12383520	27	41	-	-16.0769	8.62e-05	0.233	CTGTGGTTAGGTGAC
ACGTGGTTCGGYRAY	MEME-2	Chr4_10642477_10642577	42	56	+	-16.0769	8.62e-05	0.233	CTGTGGTTAGGTGAC
ACGTGGTTCGGYRAY	MEME-2	Chr8_17787731_17787831	48	62	+	-16.0769	8.62e-05	0.233	CTGTGGTTAGGTGAC
ACGTGGTTCGGYRAY	MEME-2	Chr2_7449001_7449101	48	62	+	-16.0769	8.62e-05	0.233	CTGTGGTTAGGTGAC
ACGTGGTTCGGYRAY	MEME-2	Chr8_19641864_19641964	54	68	+	-16.0769	8.62e-05	0.233	CTGTGGTTAGGTGAC
ACGTGGTTCGGYRAY	MEME-2	Chr8_17762266_17762366	54	68	+	-16.0769	8.62e-05	0.233	CTGTGGTTAGGTGAC
ACGTGGTTCGGYRAY	MEME-2	Chr7_12395692_12395792	43	57	-	-16.0769	8.62e-05	0.233	CGGTGGTTAGGTGAC
ACGTGGTTCGGYRAY	MEME-2	Chr13_4685869_4685969	71	85	+	-16.0769	8.62e-05	0.233	GTGTGGTTAGGTGAC
ACGTGGTTCGGYRAY	MEME-2	Chr3_31676251_31676351	76	90	+	-16.0769	8.62e-05	0.233	TTGTGGTTAGGTGAC
ACGTGGTTCGGYRAY	MEME-2	Chr3_31661777_31661877	86	100	+	-16.0769	8.62e-05	0.233	TTGTGGTTAGGTGAC
ACGTGGTTCGGYRAY	MEME-2	Chr15_20624023_20624123	38	52	-	-16.0923	8.73e-05	0.235	ACGCTGATCGGTAAC
ACGTGGTTCGGYRAY	MEME-2	Chr2_35902063_35902163	76	90	+	-16.0923	8.73e-05	0.235	TTGAGGTTCGGTAAC
ACGTGGTTCGGYRAY	MEME-2	Chr10_4862206_4862306	81	95	-	-16.0923	8.73e-05	0.235	TCGGGGTTTGGTAAC
ACGTGGTTCGGYRAY	MEME-2	Chr12_21982513_21982613	43	57	+	-16.1385	8.93e-05	0.237	ACGTGGGTCCAAAAG
ACGTGGTTCGGYRAY	MEME-2	Chr14_2620430_2620530	70	84	-	-16.1385	8.93e-05	0.237	ACGTGGCGCGATAGG
ACGTGGTTCGGYRAY	MEME-2	Chr8_14699597_14699697	5	19	+	-16.1692	9.02e-05	0.237	AGGTGCTTAGGCAAC
ACGTGGTTCGGYRAY	MEME-2	Chr6_28472376_28472476	9	23	-	-16.1692	9.02e-05	0.237	AGGTGCTTAGGCAAC
ACGTGGTTCGGYRAY	MEME-2	Chr12_1337247_1337347	12	26	-	-16.1692	9.02e-05	0.237	AGGTGCTTAGGCAAC
ACGTGGTTCGGYRAY	MEME-2	Chr3_26098512_26098612	14	28	-	-16.1692	9.02e-05	0.237	AGGTGCTTAGGCAAC
ACGTGGTTCGGYRAY	MEME-2	Chr13_5184_5284	16	30	-	-16.1692	9.02e-05	0.237	AGGTGCTTAGGCAAC
ACGTGGTTCGGYRAY	MEME-2	Chr4_25783894_25783994	31	45	+	-16.1692	9.02e-05	0.237	AGGTGCTTAGGCAAC
ACGTGGTTCGGYRAY	MEME-2	Chr4_17625836_17625936	34	48	+	-16.1692	9.02e-05	0.237	AGGTGCTTAGGCAAC
ACGTGGTTCGGYRAY	MEME-2	Chr1_21613439_21613539	23	37	-	-16.1692	9.02e-05	0.237	AGGTGCTTAGGCAAC
ACGTGGTTCGGYRAY	MEME-2	Chr5_3870817_3870917	25	39	-	-16.1692	9.02e-05	0.237	AGGTGCTTAGGCAAC
ACGTGGTTCGGYRAY	MEME-2	Chr3_28613402_28613502	26	40	-	-16.1692	9.02e-05	0.237	AGGTGCTTAGGCAAC
ACGTGGTTCGGYRAY	MEME-2	Chr5_26385328_26385428	44	58	+	-16.1692	9.02e-05	0.237	AGGTGCTTAGGCAAC
ACGTGGTTCGGYRAY	MEME-2	Chr9_15615104_15615204	37	51	-	-16.1692	9.02e-05	0.237	AGGTGCTTAGGCAAC
ACGTGGTTCGGYRAY	MEME-2	Chr3_31916273_31916373	72	86	+	-16.1692	9.02e-05	0.237	AGGTGCTTAGGCAAC
ACGTGGTTCGGYRAY	MEME-2	Chr1_39015416_39015516	65	79	-	-16.1692	9.02e-05	0.237	AAGTGCTTAGGCAAC
ACGTGGTTCGGYRAY	MEME-2	Chr10_26251477_26251577	81	95	+	-16.1692	9.02e-05	0.237	AGGTGCTTAGGCAAC
ACGTGGTTCGGYRAY	MEME-2	Chr4_7259693_7259793	86	100	+	-16.1692	9.02e-05	0.237	AGGTGCTTAGGCAAC
ACGTGGTTCGGYRAY	MEME-2	Chr2_13018230_13018330	75	89	+	-16.1846	9.06e-05	0.238	ACCCGGTTCAAAGAC
ACGTGGTTCGGYRAY	MEME-2	Chr7_8856798_8856898	11	25	+	-16.2923	9.2e-05	0.241	ACGTTTTTCGGTGCT
ACGTGGTTCGGYRAY	MEME-2	Chr10_3021812_3021912	33	47	-	-16.3077	9.22e-05	0.241	ATGTGTTTCGGTATA
ACGTGGTTCGGYRAY	MEME-2	Chr3_1355452_1355552	2	16	-	-16.3231	9.33e-05	0.244	CAGTGCTTCGGTGAT
ACGTGGTTCGGYRAY	MEME-2	Chr15_8994585_8994685	17	31	-	-16.3385	9.42e-05	0.245	ACGTGCTTTGTTGAC
ACGTGGTTCGGYRAY	MEME-2	Chr8_6546604_6546704	3	17	-	-16.3538	9.48e-05	0.245	ACGTGGTTGCTTGAT
ACGTGGTTCGGYRAY	MEME-2	Chr5_26132443_26132543	9	23	-	-16.3692	9.57e-05	0.245	ACGTCGTTTGCCAAT
ACGTGGTTCGGYRAY	MEME-2	Chr1_17343475_17343575	11	25	-	-16.3692	9.57e-05	0.245	ACTTGGGTCGGAATT
ACGTGGTTCGGYRAY	MEME-2	Chr6_31157306_31157406	17	31	-	-16.3692	9.57e-05	0.245	ACGTCGTTTGCCAAT
ACGTGGTTCGGYRAY	MEME-2	Chr2_37417389_37417489	18	32	-	-16.3692	9.57e-05	0.245	ACGTCGTTTGCCAAT
ACGTGGTTCGGYRAY	MEME-2	Chr11_13524821_13524921	25	39	-	-16.3692	9.57e-05	0.245	ACGTCGTTTGCCAAT
ACGTGGTTCGGYRAY	MEME-2	Chr2_38028436_38028536	56	70	+	-16.3692	9.57e-05	0.245	ACGTCGTTTGCCAAT
ACGTGGTTCGGYRAY	MEME-2	Chr7_5907687_5907787	58	72	+	-16.3692	9.57e-05	0.245	ACGTCGTTTGCCAAT
ACGTGGTTCGGYRAY	MEME-2	Chr13_4897754_4897854	50	64	-	-16.3692	9.57e-05	0.245	ACGTCGTTTGCCAAT
ACGTGGTTCGGYRAY	MEME-2	Chr7_1756303_1756403	62	76	-	-16.3692	9.57e-05	0.245	ACTTGTTTCAATGAA
ACGTGGTTCGGYRAY	MEME-2	Chr3_18701060_18701160	77	91	+	-16.3692	9.57e-05	0.245	ACGTCGTTTGCCAAT
ACGTGGTTCGGYRAY	MEME-2	Chr6_19441028_19441128	78	92	+	-16.3692	9.57e-05	0.245	ACTTGTTTCAATGAA
ACGTGGTTCGGYRAY	MEME-2	Chr1_18350020_18350120	82	96	+	-16.3692	9.57e-05	0.245	ACTTGGCTCGGAATT
ACGTGGTTCGGYRAY	MEME-2	Chr1_6780341_6780441	41	55	+	-16.4	9.75e-05	0.25	ACGTCGTTCAAAGCT
ACGTGGTTCGGYRAY	MEME-2	Chr6_6197639_6197739	18	32	-	-16.4923	9.95e-05	0.254	ACGTATTTCAAAGAC

# FIMO (Find Individual Motif Occurrences): Version 5.5.1 compiled on Apr 10 2023 at 16:56:57
# The format of this file is described at https://meme-suite.org/meme/doc/fimo-output-format.html.
# fimo --parse-genomic-coord --verbosity 1 --oc LITCHI007109.meme_chip/fimo_out_1 --bgfile LITCHI007109.meme_chip/background --motif ACGTGGTTCGGYRAY LITCHI007109.meme_chip/meme_out/meme.xml LITCHI007109.meme_chip/LITCHI007109.peak.region.fa
