motif_id	motif_alt_id	sequence_name	start	stop	strand	score	p-value	q-value	matched_sequence
13-CCTCGAAAACCG	STREME-13	Chr14_19509096_19509196	6	17	+	22.44	4.5e-08	0.000817	CCTCGAAAACCG
13-CCTCGAAAACCG	STREME-13	Chr7_27733565_27733665	7	18	+	22.44	4.5e-08	0.000817	CCTCGAAAACCG
13-CCTCGAAAACCG	STREME-13	Chr13_888314_888414	1	12	-	22.44	4.5e-08	0.000817	CCTCGAAAACCG
13-CCTCGAAAACCG	STREME-13	Chr2_32626846_32626946	2	13	-	22.44	4.5e-08	0.000817	CCTCGAAAACCG
13-CCTCGAAAACCG	STREME-13	Chr7_29513022_29513122	15	26	+	22.44	4.5e-08	0.000817	CCTCGAAAACCG
13-CCTCGAAAACCG	STREME-13	Chr9_7216849_7216949	16	27	+	22.44	4.5e-08	0.000817	CCTCGAAAACCG
13-CCTCGAAAACCG	STREME-13	Chr11_23878167_23878267	8	19	-	22.44	4.5e-08	0.000817	CCTCGAAAACCG
13-CCTCGAAAACCG	STREME-13	Chr5_518209_518309	20	31	+	22.44	4.5e-08	0.000817	CCTCGAAAACCG
13-CCTCGAAAACCG	STREME-13	Chr9_16355988_16356088	20	31	+	22.44	4.5e-08	0.000817	CCTCGAAAACCG
13-CCTCGAAAACCG	STREME-13	Chr4_17934716_17934816	24	35	+	22.44	4.5e-08	0.000817	CCTCGAAAACCG
13-CCTCGAAAACCG	STREME-13	Chr2_1936118_1936218	28	39	+	22.44	4.5e-08	0.000817	CCTCGAAAACCG
13-CCTCGAAAACCG	STREME-13	Chr4_3943_4043	28	39	+	22.44	4.5e-08	0.000817	CCTCGAAAACCG
13-CCTCGAAAACCG	STREME-13	Chr9_25346330_25346430	18	29	-	22.44	4.5e-08	0.000817	CCTCGAAAACCG
13-CCTCGAAAACCG	STREME-13	Chr1_18601355_18601455	30	41	+	22.44	4.5e-08	0.000817	CCTCGAAAACCG
13-CCTCGAAAACCG	STREME-13	Chr5_8511156_8511256	21	32	-	22.44	4.5e-08	0.000817	CCTCGAAAACCG
13-CCTCGAAAACCG	STREME-13	Chr6_29017787_29017887	22	33	-	22.44	4.5e-08	0.000817	CCTCGAAAACCG
13-CCTCGAAAACCG	STREME-13	Chr9_26182005_26182105	33	44	+	22.44	4.5e-08	0.000817	CCTCGAAAACCG
13-CCTCGAAAACCG	STREME-13	Chr15_6580988_6581088	23	34	-	22.44	4.5e-08	0.000817	CCTCGAAAACCG
13-CCTCGAAAACCG	STREME-13	Chr14_20083192_20083292	34	45	+	22.44	4.5e-08	0.000817	CCTCGAAAACCG
13-CCTCGAAAACCG	STREME-13	Chr12_22479678_22479778	35	46	+	22.44	4.5e-08	0.000817	CCTCGAAAACCG
13-CCTCGAAAACCG	STREME-13	Chr6_13943325_13943425	24	35	-	22.44	4.5e-08	0.000817	CCTCGAAAACCG
13-CCTCGAAAACCG	STREME-13	Chr5_8556668_8556768	36	47	+	22.44	4.5e-08	0.000817	CCTCGAAAACCG
13-CCTCGAAAACCG	STREME-13	Chr2_5098804_5098904	36	47	+	22.44	4.5e-08	0.000817	CCTCGAAAACCG
13-CCTCGAAAACCG	STREME-13	Chr6_25288682_25288782	37	48	+	22.44	4.5e-08	0.000817	CCTCGAAAACCG
13-CCTCGAAAACCG	STREME-13	Chr2_32997659_32997759	37	48	+	22.44	4.5e-08	0.000817	CCTCGAAAACCG
13-CCTCGAAAACCG	STREME-13	Chr2_7198324_7198424	27	38	-	22.44	4.5e-08	0.000817	CCTCGAAAACCG
13-CCTCGAAAACCG	STREME-13	Chr9_15274021_15274121	39	50	+	22.44	4.5e-08	0.000817	CCTCGAAAACCG
13-CCTCGAAAACCG	STREME-13	Chr6_1534488_1534588	39	50	+	22.44	4.5e-08	0.000817	CCTCGAAAACCG
13-CCTCGAAAACCG	STREME-13	Chr2_31355546_31355646	29	40	-	22.44	4.5e-08	0.000817	CCTCGAAAACCG
13-CCTCGAAAACCG	STREME-13	Chr6_1690782_1690882	40	51	+	22.44	4.5e-08	0.000817	CCTCGAAAACCG
13-CCTCGAAAACCG	STREME-13	Chr13_24099784_24099884	40	51	+	22.44	4.5e-08	0.000817	CCTCGAAAACCG
13-CCTCGAAAACCG	STREME-13	Chr6_11135866_11135966	40	51	+	22.44	4.5e-08	0.000817	CCTCGAAAACCG
13-CCTCGAAAACCG	STREME-13	Chr12_23599907_23600007	29	40	-	22.44	4.5e-08	0.000817	CCTCGAAAACCG
13-CCTCGAAAACCG	STREME-13	Chr4_33541076_33541176	40	51	+	22.44	4.5e-08	0.000817	CCTCGAAAACCG
13-CCTCGAAAACCG	STREME-13	Chr5_17355782_17355882	41	52	+	22.44	4.5e-08	0.000817	CCTCGAAAACCG
13-CCTCGAAAACCG	STREME-13	Chr2_38522343_38522443	41	52	+	22.44	4.5e-08	0.000817	CCTCGAAAACCG
13-CCTCGAAAACCG	STREME-13	Chr2_29700100_29700200	30	41	-	22.44	4.5e-08	0.000817	CCTCGAAAACCG
13-CCTCGAAAACCG	STREME-13	Chr11_6376529_6376629	41	52	+	22.44	4.5e-08	0.000817	CCTCGAAAACCG
13-CCTCGAAAACCG	STREME-13	Chr7_15314043_15314143	41	52	+	22.44	4.5e-08	0.000817	CCTCGAAAACCG
13-CCTCGAAAACCG	STREME-13	Chr2_1123065_1123165	32	43	-	22.44	4.5e-08	0.000817	CCTCGAAAACCG
13-CCTCGAAAACCG	STREME-13	Chr2_28189460_28189560	32	43	-	22.44	4.5e-08	0.000817	CCTCGAAAACCG
13-CCTCGAAAACCG	STREME-13	Chr1_6341237_6341337	43	54	+	22.44	4.5e-08	0.000817	CCTCGAAAACCG
13-CCTCGAAAACCG	STREME-13	Chr4_20259380_20259480	33	44	-	22.44	4.5e-08	0.000817	CCTCGAAAACCG
13-CCTCGAAAACCG	STREME-13	Chr11_18471867_18471967	44	55	+	22.44	4.5e-08	0.000817	CCTCGAAAACCG
13-CCTCGAAAACCG	STREME-13	Chr1_34245305_34245405	44	55	+	22.44	4.5e-08	0.000817	CCTCGAAAACCG
13-CCTCGAAAACCG	STREME-13	Chr2_6687914_6688014	45	56	+	22.44	4.5e-08	0.000817	CCTCGAAAACCG
13-CCTCGAAAACCG	STREME-13	Chr8_26864691_26864791	35	46	-	22.44	4.5e-08	0.000817	CCTCGAAAACCG
13-CCTCGAAAACCG	STREME-13	Chr5_7731099_7731199	35	46	-	22.44	4.5e-08	0.000817	CCTCGAAAACCG
13-CCTCGAAAACCG	STREME-13	Chr5_24621158_24621258	46	57	+	22.44	4.5e-08	0.000817	CCTCGAAAACCG
13-CCTCGAAAACCG	STREME-13	Chr13_5236012_5236112	47	58	+	22.44	4.5e-08	0.000817	CCTCGAAAACCG
13-CCTCGAAAACCG	STREME-13	Chr1_13981072_13981172	48	59	+	22.44	4.5e-08	0.000817	CCTCGAAAACCG
13-CCTCGAAAACCG	STREME-13	Chr8_25258813_25258913	48	59	+	22.44	4.5e-08	0.000817	CCTCGAAAACCG
13-CCTCGAAAACCG	STREME-13	Chr2_34186930_34187030	48	59	+	22.44	4.5e-08	0.000817	CCTCGAAAACCG
13-CCTCGAAAACCG	STREME-13	Chr13_12301358_12301458	51	62	+	22.44	4.5e-08	0.000817	CCTCGAAAACCG
13-CCTCGAAAACCG	STREME-13	Chr5_14547268_14547368	51	62	+	22.44	4.5e-08	0.000817	CCTCGAAAACCG
13-CCTCGAAAACCG	STREME-13	Chr2_36228106_36228206	41	52	-	22.44	4.5e-08	0.000817	CCTCGAAAACCG
13-CCTCGAAAACCG	STREME-13	Chr10_8216393_8216493	53	64	+	22.44	4.5e-08	0.000817	CCTCGAAAACCG
13-CCTCGAAAACCG	STREME-13	Chr13_15881972_15882072	54	65	+	22.44	4.5e-08	0.000817	CCTCGAAAACCG
13-CCTCGAAAACCG	STREME-13	Chr7_5116425_5116525	54	65	+	22.44	4.5e-08	0.000817	CCTCGAAAACCG
13-CCTCGAAAACCG	STREME-13	Chr2_6505675_6505775	44	55	-	22.44	4.5e-08	0.000817	CCTCGAAAACCG
13-CCTCGAAAACCG	STREME-13	Chr12_19549289_19549389	44	55	-	22.44	4.5e-08	0.000817	CCTCGAAAACCG
13-CCTCGAAAACCG	STREME-13	Chr6_28088856_28088956	57	68	+	22.44	4.5e-08	0.000817	CCTCGAAAACCG
13-CCTCGAAAACCG	STREME-13	Chr1_14006451_14006551	46	57	-	22.44	4.5e-08	0.000817	CCTCGAAAACCG
13-CCTCGAAAACCG	STREME-13	Chr1_16076740_16076840	46	57	-	22.44	4.5e-08	0.000817	CCTCGAAAACCG
13-CCTCGAAAACCG	STREME-13	Chr3_19252444_19252544	57	68	+	22.44	4.5e-08	0.000817	CCTCGAAAACCG
13-CCTCGAAAACCG	STREME-13	Chr6_29697548_29697648	47	58	-	22.44	4.5e-08	0.000817	CCTCGAAAACCG
13-CCTCGAAAACCG	STREME-13	Chr4_30386938_30387038	48	59	-	22.44	4.5e-08	0.000817	CCTCGAAAACCG
13-CCTCGAAAACCG	STREME-13	Chr10_16509189_16509289	59	70	+	22.44	4.5e-08	0.000817	CCTCGAAAACCG
13-CCTCGAAAACCG	STREME-13	Chr4_15736195_15736295	48	59	-	22.44	4.5e-08	0.000817	CCTCGAAAACCG
13-CCTCGAAAACCG	STREME-13	Chr2_38759237_38759337	49	60	-	22.44	4.5e-08	0.000817	CCTCGAAAACCG
13-CCTCGAAAACCG	STREME-13	Chr13_5074229_5074329	49	60	-	22.44	4.5e-08	0.000817	CCTCGAAAACCG
13-CCTCGAAAACCG	STREME-13	Chr4_23877291_23877391	51	62	-	22.44	4.5e-08	0.000817	CCTCGAAAACCG
13-CCTCGAAAACCG	STREME-13	Chr10_3481354_3481454	51	62	-	22.44	4.5e-08	0.000817	CCTCGAAAACCG
13-CCTCGAAAACCG	STREME-13	Chr14_13381109_13381209	51	62	-	22.44	4.5e-08	0.000817	CCTCGAAAACCG
13-CCTCGAAAACCG	STREME-13	Chr10_20445956_20446056	51	62	-	22.44	4.5e-08	0.000817	CCTCGAAAACCG
13-CCTCGAAAACCG	STREME-13	Chr1_29241079_29241179	62	73	+	22.44	4.5e-08	0.000817	CCTCGAAAACCG
13-CCTCGAAAACCG	STREME-13	Chr4_13606343_13606443	63	74	+	22.44	4.5e-08	0.000817	CCTCGAAAACCG
13-CCTCGAAAACCG	STREME-13	Chr5_12047786_12047886	53	64	-	22.44	4.5e-08	0.000817	CCTCGAAAACCG
13-CCTCGAAAACCG	STREME-13	Chr5_12067965_12068065	64	75	+	22.44	4.5e-08	0.000817	CCTCGAAAACCG
13-CCTCGAAAACCG	STREME-13	Chr4_4879996_4880096	53	64	-	22.44	4.5e-08	0.000817	CCTCGAAAACCG
13-CCTCGAAAACCG	STREME-13	Chr4_14527857_14527957	54	65	-	22.44	4.5e-08	0.000817	CCTCGAAAACCG
13-CCTCGAAAACCG	STREME-13	Chr9_28568675_28568775	54	65	-	22.44	4.5e-08	0.000817	CCTCGAAAACCG
13-CCTCGAAAACCG	STREME-13	Chr2_22462768_22462868	65	76	+	22.44	4.5e-08	0.000817	CCTCGAAAACCG
13-CCTCGAAAACCG	STREME-13	Chr5_23060079_23060179	54	65	-	22.44	4.5e-08	0.000817	CCTCGAAAACCG
13-CCTCGAAAACCG	STREME-13	Chr8_11504297_11504397	54	65	-	22.44	4.5e-08	0.000817	CCTCGAAAACCG
13-CCTCGAAAACCG	STREME-13	Chr14_14952299_14952399	65	76	+	22.44	4.5e-08	0.000817	CCTCGAAAACCG
13-CCTCGAAAACCG	STREME-13	Chr12_6213043_6213143	66	77	+	22.44	4.5e-08	0.000817	CCTCGAAAACCG
13-CCTCGAAAACCG	STREME-13	Chr7_26860109_26860209	56	67	-	22.44	4.5e-08	0.000817	CCTCGAAAACCG
13-CCTCGAAAACCG	STREME-13	Chr1_36101545_36101645	57	68	-	22.44	4.5e-08	0.000817	CCTCGAAAACCG
13-CCTCGAAAACCG	STREME-13	Chr8_30160361_30160461	68	79	+	22.44	4.5e-08	0.000817	CCTCGAAAACCG
13-CCTCGAAAACCG	STREME-13	Chr1_24965419_24965519	69	80	+	22.44	4.5e-08	0.000817	CCTCGAAAACCG
13-CCTCGAAAACCG	STREME-13	Chr1_35236864_35236964	58	69	-	22.44	4.5e-08	0.000817	CCTCGAAAACCG
13-CCTCGAAAACCG	STREME-13	Chr2_7072661_7072761	58	69	-	22.44	4.5e-08	0.000817	CCTCGAAAACCG
13-CCTCGAAAACCG	STREME-13	Chr7_944589_944689	58	69	-	22.44	4.5e-08	0.000817	CCTCGAAAACCG
13-CCTCGAAAACCG	STREME-13	Chr14_17326053_17326153	69	80	+	22.44	4.5e-08	0.000817	CCTCGAAAACCG
13-CCTCGAAAACCG	STREME-13	Chr2_155550_155650	70	81	+	22.44	4.5e-08	0.000817	CCTCGAAAACCG
13-CCTCGAAAACCG	STREME-13	Chr3_25402942_25403042	70	81	+	22.44	4.5e-08	0.000817	CCTCGAAAACCG
13-CCTCGAAAACCG	STREME-13	Chr5_21756612_21756712	70	81	+	22.44	4.5e-08	0.000817	CCTCGAAAACCG
13-CCTCGAAAACCG	STREME-13	Chr12_14182686_14182786	71	82	+	22.44	4.5e-08	0.000817	CCTCGAAAACCG
13-CCTCGAAAACCG	STREME-13	Chr8_13644308_13644408	72	83	+	22.44	4.5e-08	0.000817	CCTCGAAAACCG
13-CCTCGAAAACCG	STREME-13	Chr7_2448314_2448414	73	84	+	22.44	4.5e-08	0.000817	CCTCGAAAACCG
13-CCTCGAAAACCG	STREME-13	Chr9_18692027_18692127	62	73	-	22.44	4.5e-08	0.000817	CCTCGAAAACCG
13-CCTCGAAAACCG	STREME-13	Chr3_7431746_7431846	74	85	+	22.44	4.5e-08	0.000817	CCTCGAAAACCG
13-CCTCGAAAACCG	STREME-13	Chr11_3603164_3603264	63	74	-	22.44	4.5e-08	0.000817	CCTCGAAAACCG
13-CCTCGAAAACCG	STREME-13	Chr12_12042425_12042525	68	79	-	22.44	4.5e-08	0.000817	CCTCGAAAACCG
13-CCTCGAAAACCG	STREME-13	Chr11_7537074_7537174	75	86	-	22.44	4.5e-08	0.000817	CCTCGAAAACCG
13-CCTCGAAAACCG	STREME-13	Chr12_6926586_6926686	88	99	+	22.44	4.5e-08	0.000817	CCTCGAAAACCG
13-CCTCGAAAACCG	STREME-13	Chr8_3094685_3094785	77	88	-	22.44	4.5e-08	0.000817	CCTCGAAAACCG
13-CCTCGAAAACCG	STREME-13	Chr7_28005756_28005856	89	100	-	22.44	4.5e-08	0.000817	CCTCGAAAACCG
13-CCTCGAAAACCG	STREME-13	Chr10_8248175_8248275	13	24	+	20.6267	1.01e-07	0.00162	CCTCGAAAATCG
13-CCTCGAAAACCG	STREME-13	Chr1_6442474_6442574	21	32	+	20.6267	1.01e-07	0.00162	CCTCGAAAATCG
13-CCTCGAAAACCG	STREME-13	Chr15_2927175_2927275	36	47	+	20.6267	1.01e-07	0.00162	CCTCGAAAATCG
13-CCTCGAAAACCG	STREME-13	Chr5_15254050_15254150	39	50	+	20.6267	1.01e-07	0.00162	CCTCGAAAATCG
13-CCTCGAAAACCG	STREME-13	Chr1_49500798_49500898	31	42	-	20.6267	1.01e-07	0.00162	CCTCGAAAATCG
13-CCTCGAAAACCG	STREME-13	Chr3_27961369_27961469	50	61	+	20.6267	1.01e-07	0.00162	CCTCGAAAATCG
13-CCTCGAAAACCG	STREME-13	Chr5_21990916_21991016	52	63	+	20.6267	1.01e-07	0.00162	CCTCGAAAATCG
13-CCTCGAAAACCG	STREME-13	Chr8_9914295_9914395	41	52	-	20.6267	1.01e-07	0.00162	CCTCGAAAATCG
13-CCTCGAAAACCG	STREME-13	Chr1_18509846_18509946	58	69	+	20.6267	1.01e-07	0.00162	CCTCGAAAATCG
13-CCTCGAAAACCG	STREME-13	Chr8_26915655_26915755	58	69	+	20.6267	1.01e-07	0.00162	CCTCGAAAATCG
13-CCTCGAAAACCG	STREME-13	Chr2_20193464_20193564	59	70	+	20.6267	1.01e-07	0.00162	CCTCGAAAATCG
13-CCTCGAAAACCG	STREME-13	Chr2_1077547_1077647	52	63	-	20.6267	1.01e-07	0.00162	CCTCGAAAATCG
13-CCTCGAAAACCG	STREME-13	Chr6_11248955_11249055	52	63	-	20.6267	1.01e-07	0.00162	CCTCGAAAATCG
13-CCTCGAAAACCG	STREME-13	Chr6_13943325_13943425	55	66	-	20.6267	1.01e-07	0.00162	CCTCGAAAATCG
13-CCTCGAAAACCG	STREME-13	Chr11_8668668_8668768	32	43	+	20.3333	1.46e-07	0.00227	CCTCGAAAAGCG
13-CCTCGAAAACCG	STREME-13	Chr1_29456423_29456523	46	57	+	20.3333	1.46e-07	0.00227	CCTCGAAAAGCG
13-CCTCGAAAACCG	STREME-13	Chr1_47522903_47523003	37	48	-	20.3333	1.46e-07	0.00227	CCTCGAAAAGCG
13-CCTCGAAAACCG	STREME-13	Chr10_1538277_1538377	58	69	+	20.3333	1.46e-07	0.00227	CCTCGAAAAGCG
13-CCTCGAAAACCG	STREME-13	Chr1_14369422_14369522	13	24	-	19.3733	2.57e-07	0.00395	CCTTGAAAACCG
13-CCTCGAAAACCG	STREME-13	Chr7_6075814_6075914	62	73	+	19.3733	2.57e-07	0.00395	CCTTGAAAACCG
13-CCTCGAAAACCG	STREME-13	Chr5_30272549_30272649	13	24	+	19.0933	3.02e-07	0.0041	CCTGGAAAACCG
13-CCTCGAAAACCG	STREME-13	Chr4_23900806_23900906	10	21	-	19.0933	3.02e-07	0.0041	CCTGGAAAACCG
13-CCTCGAAAACCG	STREME-13	Chr12_10639818_10639918	13	24	-	19.0933	3.02e-07	0.0041	CCTGGAAAACCG
13-CCTCGAAAACCG	STREME-13	Chr2_1936118_1936218	13	24	-	19.0933	3.02e-07	0.0041	CCTGGAAAACCG
13-CCTCGAAAACCG	STREME-13	Chr5_25530989_25531089	33	44	+	19.0933	3.02e-07	0.0041	CCTGGAAAACCG
13-CCTCGAAAACCG	STREME-13	Chr6_11135866_11135966	25	36	-	19.0933	3.02e-07	0.0041	CCTGGAAAACCG
13-CCTCGAAAACCG	STREME-13	Chr7_15314043_15314143	26	37	-	19.0933	3.02e-07	0.0041	CCTGGAAAACCG
13-CCTCGAAAACCG	STREME-13	Chr5_1922819_1922919	39	50	+	19.0933	3.02e-07	0.0041	CCTGGAAAACCG
13-CCTCGAAAACCG	STREME-13	Chr6_21255740_21255840	36	47	-	19.0933	3.02e-07	0.0041	CCTGGAAAACCG
13-CCTCGAAAACCG	STREME-13	Chr1_40420633_40420733	43	54	-	19.0933	3.02e-07	0.0041	CCTGGAAAACCG
13-CCTCGAAAACCG	STREME-13	Chr7_6075814_6075914	47	58	-	19.0933	3.02e-07	0.0041	CCTGGAAAACCG
13-CCTCGAAAACCG	STREME-13	Chr2_29806475_29806575	48	59	-	19.0933	3.02e-07	0.0041	CCTGGAAAACCG
13-CCTCGAAAACCG	STREME-13	Chr5_16169202_16169302	63	74	+	19.0933	3.02e-07	0.0041	CCTGGAAAACCG
13-CCTCGAAAACCG	STREME-13	Chr6_7263284_7263384	54	65	-	19.0933	3.02e-07	0.0041	CCTGGAAAACCG
13-CCTCGAAAACCG	STREME-13	Chr14_7426282_7426382	54	65	-	19.0933	3.02e-07	0.0041	CCTGGAAAACCG
13-CCTCGAAAACCG	STREME-13	Chr9_18692027_18692127	77	88	+	19.0933	3.02e-07	0.0041	CCTGGAAAACCG
13-CCTCGAAAACCG	STREME-13	Chr12_6926586_6926686	73	84	-	19.0933	3.02e-07	0.0041	CCTGGAAAACCG
13-CCTCGAAAACCG	STREME-13	Chr11_298189_298289	48	59	-	18.8667	3.47e-07	0.00468	CCTCGTAAACCG
13-CCTCGAAAACCG	STREME-13	Chr15_7395355_7395455	7	18	-	18.4	3.92e-07	0.00511	CCTCGAATACCG
13-CCTCGAAAACCG	STREME-13	Chr6_22823463_22823563	38	49	-	18.4	3.92e-07	0.00511	CCTCGAATACCG
13-CCTCGAAAACCG	STREME-13	Chr7_8971046_8971146	39	50	-	18.4	3.92e-07	0.00511	CCTCGAATACCG
13-CCTCGAAAACCG	STREME-13	Chr6_19267323_19267423	72	83	+	18.4	3.92e-07	0.00511	CCTCGAATACCG
13-CCTCGAAAACCG	STREME-13	Chr6_5814430_5814530	64	75	-	18.4	3.92e-07	0.00511	CCTCGAATACCG
13-CCTCGAAAACCG	STREME-13	Chr14_21434071_21434171	5	16	-	18.36	4.47e-07	0.0053	CCTCAAAAACCG
13-CCTCGAAAACCG	STREME-13	Chr11_7537074_7537174	8	19	-	18.36	4.47e-07	0.0053	CCTCAAAAACCG
13-CCTCGAAAACCG	STREME-13	Chr8_3094685_3094785	10	21	-	18.36	4.47e-07	0.0053	CCTCAAAAACCG
13-CCTCGAAAACCG	STREME-13	Chr14_18117760_18117860	13	24	-	18.36	4.47e-07	0.0053	CCTCAAAAACCG
13-CCTCGAAAACCG	STREME-13	Chr7_6075814_6075914	16	27	-	18.36	4.47e-07	0.0053	CCTCAAAAACCG
13-CCTCGAAAACCG	STREME-13	Chr10_16939489_16939589	22	33	-	18.36	4.47e-07	0.0053	CCTCAAAAACCG
13-CCTCGAAAACCG	STREME-13	Chr11_19229698_19229798	33	44	+	18.36	4.47e-07	0.0053	CCTCAAAAACCG
13-CCTCGAAAACCG	STREME-13	Chr2_31104036_31104136	50	61	+	18.36	4.47e-07	0.0053	CCTCAAAAACCG
13-CCTCGAAAACCG	STREME-13	Chr6_5664740_5664840	55	66	-	18.36	4.47e-07	0.0053	CCTCAAAAACCG
13-CCTCGAAAACCG	STREME-13	Chr14_2606036_2606136	55	66	-	18.36	4.47e-07	0.0053	CCTCAAAAACCG
13-CCTCGAAAACCG	STREME-13	Chr7_19270499_19270599	72	83	+	18.36	4.47e-07	0.0053	CCTCAAAAACCG
13-CCTCGAAAACCG	STREME-13	Chr14_19509096_19509196	73	84	+	18.36	4.47e-07	0.0053	CCTCAAAAACCG
13-CCTCGAAAACCG	STREME-13	Chr5_5572215_5572315	16	27	+	18.1867	5.16e-07	0.0053	CATCGAAAATCG
13-CCTCGAAAACCG	STREME-13	Chr3_21544467_21544567	16	27	+	18.1867	5.16e-07	0.0053	CATCGAAAATCG
13-CCTCGAAAACCG	STREME-13	Chr4_25722390_25722490	20	31	+	18.1867	5.16e-07	0.0053	CATCGAAAATCG
13-CCTCGAAAACCG	STREME-13	Chr9_11122147_11122247	20	31	+	18.1867	5.16e-07	0.0053	CATCGAAAATCG
13-CCTCGAAAACCG	STREME-13	Chr5_14805492_14805592	28	39	+	18.1867	5.16e-07	0.0053	CATCGAAAATCG
13-CCTCGAAAACCG	STREME-13	Chr1_22633549_22633649	17	28	-	18.1867	5.16e-07	0.0053	CATCGAAAATCG
13-CCTCGAAAACCG	STREME-13	Chr13_3939360_3939460	34	45	+	18.1867	5.16e-07	0.0053	CATCGAAAATCG
13-CCTCGAAAACCG	STREME-13	Chr1_18440584_18440684	35	46	+	18.1867	5.16e-07	0.0053	CATCGAAAATCG
13-CCTCGAAAACCG	STREME-13	Chr7_22439855_22439955	24	35	-	18.1867	5.16e-07	0.0053	CATCGAAAATCG
13-CCTCGAAAACCG	STREME-13	Chr7_11446918_11447018	40	51	+	18.1867	5.16e-07	0.0053	CATCGAAAATCG
13-CCTCGAAAACCG	STREME-13	Chr8_18169741_18169841	37	48	-	18.1867	5.16e-07	0.0053	CATCGAAAATCG
13-CCTCGAAAACCG	STREME-13	Chr4_9517238_9517338	48	59	+	18.1867	5.16e-07	0.0053	CATCGAAAATCG
13-CCTCGAAAACCG	STREME-13	Chr7_27817835_27817935	39	50	-	18.1867	5.16e-07	0.0053	CATCGAAAATCG
13-CCTCGAAAACCG	STREME-13	Chr14_21466194_21466294	40	51	-	18.1867	5.16e-07	0.0053	CATCGAAAATCG
13-CCTCGAAAACCG	STREME-13	Chr3_31135933_31136033	53	64	+	18.1867	5.16e-07	0.0053	CATCGAAAATCG
13-CCTCGAAAACCG	STREME-13	Chr11_14207599_14207699	55	66	+	18.1867	5.16e-07	0.0053	CATCGAAAATCG
13-CCTCGAAAACCG	STREME-13	Chr2_13315520_13315620	56	67	+	18.1867	5.16e-07	0.0053	CATCGAAAATCG
13-CCTCGAAAACCG	STREME-13	Chr2_27741857_27741957	58	69	+	18.1867	5.16e-07	0.0053	CATCGAAAATCG
13-CCTCGAAAACCG	STREME-13	Chr8_16775831_16775931	47	58	-	18.1867	5.16e-07	0.0053	CATCGAAAATCG
13-CCTCGAAAACCG	STREME-13	Chr13_6445086_6445186	48	59	-	18.1867	5.16e-07	0.0053	CATCGAAAATCG
13-CCTCGAAAACCG	STREME-13	Chr3_11658856_11658956	49	60	-	18.1867	5.16e-07	0.0053	CATCGAAAATCG
13-CCTCGAAAACCG	STREME-13	Chr9_16568197_16568297	61	72	+	18.1867	5.16e-07	0.0053	CATCGAAAATCG
13-CCTCGAAAACCG	STREME-13	Chr2_690135_690235	53	64	-	18.1867	5.16e-07	0.0053	CATCGAAAATCG
13-CCTCGAAAACCG	STREME-13	Chr6_26228063_26228163	56	67	-	18.1867	5.16e-07	0.0053	CATCGAAAATCG
13-CCTCGAAAACCG	STREME-13	Chr1_23371472_23371572	57	68	-	18.1867	5.16e-07	0.0053	CATCGAAAATCG
13-CCTCGAAAACCG	STREME-13	Chr15_16986493_16986593	78	89	+	18.1867	5.16e-07	0.0053	CATCGAAAATCG
13-CCTCGAAAACCG	STREME-13	Chr1_26973246_26973346	70	81	-	18.1867	5.16e-07	0.0053	CATCGAAAATCG
13-CCTCGAAAACCG	STREME-13	Chr1_15628265_15628365	89	100	+	18.1867	5.16e-07	0.0053	CATCGAAAATCG
13-CCTCGAAAACCG	STREME-13	Chr14_21588986_21589086	85	96	-	18.1867	5.16e-07	0.0053	CATCGAAAATCG
13-CCTCGAAAACCG	STREME-13	Chr7_25740342_25740442	8	19	-	18.0267	5.53e-07	0.00556	CCTCGGAAACCG
13-CCTCGAAAACCG	STREME-13	Chr1_42264374_42264474	40	51	-	18.0267	5.53e-07	0.00556	CCTCGGAAACCG
13-CCTCGAAAACCG	STREME-13	Chr5_23239683_23239783	58	69	+	18.0267	5.53e-07	0.00556	CCTCGGAAACCG
13-CCTCGAAAACCG	STREME-13	Chr4_12686898_12686998	64	75	+	18.0267	5.53e-07	0.00556	CCTCGGAAACCG
13-CCTCGAAAACCG	STREME-13	Chr10_27549000_27549100	48	59	+	17.8933	6.08e-07	0.00609	CATCGAAAAGCG
13-CCTCGAAAACCG	STREME-13	Chr14_21038444_21038544	32	43	+	17.7733	6.53e-07	0.00647	CCTCGAAATCCG
13-CCTCGAAAACCG	STREME-13	Chr11_4816229_4816329	22	33	-	17.7733	6.53e-07	0.00647	CCTCGAAATCCG
13-CCTCGAAAACCG	STREME-13	Chr9_22929393_22929493	43	54	-	17.7067	6.98e-07	0.00689	CGTCGAAAACCG
13-CCTCGAAAACCG	STREME-13	Chr3_33936810_33936910	50	61	+	17.56	7.67e-07	0.00753	CCTTGAAAATCG
13-CCTCGAAAACCG	STREME-13	Chr8_8032949_8033049	39	50	+	17.3333	8.4e-07	0.0082	CCTCGACAACCG
13-CCTCGAAAACCG	STREME-13	Chr2_6656004_6656104	13	24	-	17.28	8.96e-07	0.00825	CCTGGAAAATCG
13-CCTCGAAAACCG	STREME-13	Chr6_25288682_25288782	22	33	-	17.28	8.96e-07	0.00825	CCTGGAAAATCG
13-CCTCGAAAACCG	STREME-13	Chr6_1421902_1422002	24	35	-	17.28	8.96e-07	0.00825	CCTGGAAAATCG
13-CCTCGAAAACCG	STREME-13	Chr6_1690782_1690882	25	36	-	17.28	8.96e-07	0.00825	CCTGGAAAATCG
13-CCTCGAAAACCG	STREME-13	Chr1_28529322_28529422	29	40	-	17.28	8.96e-07	0.00825	CCTGGAAAATCG
13-CCTCGAAAACCG	STREME-13	Chr2_1123065_1123165	47	58	+	17.28	8.96e-07	0.00825	CCTGGAAAATCG
13-CCTCGAAAACCG	STREME-13	Chr9_15054537_15054637	52	63	+	17.28	8.96e-07	0.00825	CCTGGAAAATCG
13-CCTCGAAAACCG	STREME-13	Chr1_1515570_1515670	53	64	+	17.28	8.96e-07	0.00825	CCTGGAAAATCG
13-CCTCGAAAACCG	STREME-13	Chr2_20193464_20193564	44	55	-	17.28	8.96e-07	0.00825	CCTGGAAAATCG
13-CCTCGAAAACCG	STREME-13	Chr7_10556926_10557026	72	83	+	17.28	8.96e-07	0.00825	CCTGGAAAATCG
13-CCTCGAAAACCG	STREME-13	Chr2_7072661_7072761	73	84	+	17.28	8.96e-07	0.00825	CCTGGAAAATCG
13-CCTCGAAAACCG	STREME-13	Chr8_26086651_26086751	83	94	-	17.28	8.96e-07	0.00825	CCTGGAAAATCG
13-CCTCGAAAACCG	STREME-13	Chr4_306406_306506	30	41	+	17.2667	9.51e-07	0.0083	CCTTGAAAAGCG
13-CCTCGAAAACCG	STREME-13	Chr10_8232373_8232473	40	51	+	17.2667	9.51e-07	0.0083	CCTTGAAAAGCG
13-CCTCGAAAACCG	STREME-13	Chr1_14353874_14353974	40	51	+	17.2667	9.51e-07	0.0083	CCTTGAAAAGCG
13-CCTCGAAAACCG	STREME-13	Chr13_10297142_10297242	41	52	+	17.2667	9.51e-07	0.0083	CCTTGAAAAGCG
13-CCTCGAAAACCG	STREME-13	Chr6_12064834_12064934	37	48	-	17.2667	9.51e-07	0.0083	CCTTGAAAAGCG
13-CCTCGAAAACCG	STREME-13	Chr14_13431407_13431507	42	53	-	17.2667	9.51e-07	0.0083	CCTTGAAAAGCG
13-CCTCGAAAACCG	STREME-13	Chr5_15033182_15033282	43	54	-	17.2667	9.51e-07	0.0083	CCTTGAAAAGCG
13-CCTCGAAAACCG	STREME-13	Chr13_15512059_15512159	60	71	-	17.2667	9.51e-07	0.0083	CCTTGAAAAGCG
13-CCTCGAAAACCG	STREME-13	Chr13_19741416_19741516	64	75	-	17.2667	9.51e-07	0.0083	CCTTGAAAAGCG
13-CCTCGAAAACCG	STREME-13	Chr11_25505639_25505739	66	77	-	17.2667	9.51e-07	0.0083	CCTTGAAAAGCG
13-CCTCGAAAACCG	STREME-13	Chr13_15482902_15483002	69	80	-	17.2667	9.51e-07	0.0083	CCTTGAAAAGCG
13-CCTCGAAAACCG	STREME-13	Chr13_15637105_15637205	85	96	-	17.2667	9.51e-07	0.0083	CCTTGAAAAGCG
13-CCTCGAAAACCG	STREME-13	Chr9_26304154_26304254	47	58	-	17.0533	1.01e-06	0.00843	CCTCGTAAATCG
13-CCTCGAAAACCG	STREME-13	Chr15_5442313_5442413	47	58	-	17.0533	1.01e-06	0.00843	CCTCGTAAATCG
13-CCTCGAAAACCG	STREME-13	Chr7_21429243_21429343	12	23	-	16.7733	1.16e-06	0.00843	CCTCGAAAGCCG
13-CCTCGAAAACCG	STREME-13	Chr7_21221162_21221262	46	57	+	16.7733	1.16e-06	0.00843	CCTCGAAAGCCG
13-CCTCGAAAACCG	STREME-13	Chr5_623838_623938	7	18	+	16.76	1.2e-06	0.00843	CCTCGTAAAGCG
13-CCTCGAAAACCG	STREME-13	Chr11_14483726_14483826	47	58	+	16.76	1.2e-06	0.00843	CCTCGTAAAGCG
13-CCTCGAAAACCG	STREME-13	Chr1_39080020_39080120	18	29	-	16.7467	1.26e-06	0.00843	CCTAGAAAACCG
13-CCTCGAAAACCG	STREME-13	Chr9_24212654_24212754	32	43	-	16.6933	1.31e-06	0.00843	CCTCGAAAACTG
13-CCTCGAAAACCG	STREME-13	Chr14_18492038_18492138	40	51	-	16.6933	1.31e-06	0.00843	CCTCGAAAACTG
13-CCTCGAAAACCG	STREME-13	Chr1_13949590_13949690	1	12	+	16.6533	1.37e-06	0.00843	CATGGAAAACCG
13-CCTCGAAAACCG	STREME-13	Chr9_7216849_7216949	1	12	-	16.6533	1.37e-06	0.00843	CATGGAAAACCG
13-CCTCGAAAACCG	STREME-13	Chr13_888314_888414	16	27	+	16.6533	1.37e-06	0.00843	CATGGAAAACCG
13-CCTCGAAAACCG	STREME-13	Chr9_16355988_16356088	5	16	-	16.6533	1.37e-06	0.00843	CATGGAAAACCG
13-CCTCGAAAACCG	STREME-13	Chr1_6442474_6442574	6	17	-	16.6533	1.37e-06	0.00843	CATGGAAAACCG
13-CCTCGAAAACCG	STREME-13	Chr2_32626846_32626946	17	28	+	16.6533	1.37e-06	0.00843	CATGGAAAACCG
13-CCTCGAAAACCG	STREME-13	Chr4_17934716_17934816	9	20	-	16.6533	1.37e-06	0.00843	CATGGAAAACCG
13-CCTCGAAAACCG	STREME-13	Chr11_23878167_23878267	23	34	+	16.6533	1.37e-06	0.00843	CATGGAAAACCG
13-CCTCGAAAACCG	STREME-13	Chr9_26182005_26182105	18	29	-	16.6533	1.37e-06	0.00843	CATGGAAAACCG
13-CCTCGAAAACCG	STREME-13	Chr2_32997659_32997759	22	33	-	16.6533	1.37e-06	0.00843	CATGGAAAACCG
13-CCTCGAAAACCG	STREME-13	Chr9_25346330_25346430	33	44	+	16.6533	1.37e-06	0.00843	CATGGAAAACCG
13-CCTCGAAAACCG	STREME-13	Chr5_8511156_8511256	36	47	+	16.6533	1.37e-06	0.00843	CATGGAAAACCG
13-CCTCGAAAACCG	STREME-13	Chr4_33541076_33541176	25	36	-	16.6533	1.37e-06	0.00843	CATGGAAAACCG
13-CCTCGAAAACCG	STREME-13	Chr13_24099784_24099884	25	36	-	16.6533	1.37e-06	0.00843	CATGGAAAACCG
13-CCTCGAAAACCG	STREME-13	Chr5_17355782_17355882	26	37	-	16.6533	1.37e-06	0.00843	CATGGAAAACCG
13-CCTCGAAAACCG	STREME-13	Chr6_29017787_29017887	37	48	+	16.6533	1.37e-06	0.00843	CATGGAAAACCG
13-CCTCGAAAACCG	STREME-13	Chr2_38522343_38522443	26	37	-	16.6533	1.37e-06	0.00843	CATGGAAAACCG
13-CCTCGAAAACCG	STREME-13	Chr11_6376529_6376629	26	37	-	16.6533	1.37e-06	0.00843	CATGGAAAACCG
13-CCTCGAAAACCG	STREME-13	Chr1_34245305_34245405	29	40	-	16.6533	1.37e-06	0.00843	CATGGAAAACCG
13-CCTCGAAAACCG	STREME-13	Chr11_18471867_18471967	29	40	-	16.6533	1.37e-06	0.00843	CATGGAAAACCG
13-CCTCGAAAACCG	STREME-13	Chr2_6687914_6688014	30	41	-	16.6533	1.37e-06	0.00843	CATGGAAAACCG
13-CCTCGAAAACCG	STREME-13	Chr1_13981072_13981172	33	44	-	16.6533	1.37e-06	0.00843	CATGGAAAACCG
13-CCTCGAAAACCG	STREME-13	Chr12_23599907_23600007	44	55	+	16.6533	1.37e-06	0.00843	CATGGAAAACCG
13-CCTCGAAAACCG	STREME-13	Chr2_31355546_31355646	44	55	+	16.6533	1.37e-06	0.00843	CATGGAAAACCG
13-CCTCGAAAACCG	STREME-13	Chr2_34186930_34187030	33	44	-	16.6533	1.37e-06	0.00843	CATGGAAAACCG
13-CCTCGAAAACCG	STREME-13	Chr8_25258813_25258913	33	44	-	16.6533	1.37e-06	0.00843	CATGGAAAACCG
13-CCTCGAAAACCG	STREME-13	Chr2_29700100_29700200	45	56	+	16.6533	1.37e-06	0.00843	CATGGAAAACCG
13-CCTCGAAAACCG	STREME-13	Chr3_27961369_27961469	35	46	-	16.6533	1.37e-06	0.00843	CATGGAAAACCG
13-CCTCGAAAACCG	STREME-13	Chr9_24212654_24212754	47	58	+	16.6533	1.37e-06	0.00843	CATGGAAAACCG
13-CCTCGAAAACCG	STREME-13	Chr13_12301358_12301458	36	47	-	16.6533	1.37e-06	0.00843	CATGGAAAACCG
13-CCTCGAAAACCG	STREME-13	Chr2_28189460_28189560	47	58	+	16.6533	1.37e-06	0.00843	CATGGAAAACCG
13-CCTCGAAAACCG	STREME-13	Chr5_14547268_14547368	36	47	-	16.6533	1.37e-06	0.00843	CATGGAAAACCG
13-CCTCGAAAACCG	STREME-13	Chr4_20259380_20259480	48	59	+	16.6533	1.37e-06	0.00843	CATGGAAAACCG
13-CCTCGAAAACCG	STREME-13	Chr10_8216393_8216493	38	49	-	16.6533	1.37e-06	0.00843	CATGGAAAACCG
13-CCTCGAAAACCG	STREME-13	Chr7_5116425_5116525	39	50	-	16.6533	1.37e-06	0.00843	CATGGAAAACCG
13-CCTCGAAAACCG	STREME-13	Chr13_15881972_15882072	39	50	-	16.6533	1.37e-06	0.00843	CATGGAAAACCG
13-CCTCGAAAACCG	STREME-13	Chr15_19869045_19869145	50	61	+	16.6533	1.37e-06	0.00843	CATGGAAAACCG
13-CCTCGAAAACCG	STREME-13	Chr8_26864691_26864791	50	61	+	16.6533	1.37e-06	0.00843	CATGGAAAACCG
13-CCTCGAAAACCG	STREME-13	Chr5_7731099_7731199	50	61	+	16.6533	1.37e-06	0.00843	CATGGAAAACCG
13-CCTCGAAAACCG	STREME-13	Chr14_2872577_2872677	42	53	-	16.6533	1.37e-06	0.00843	CATGGAAAACCG
13-CCTCGAAAACCG	STREME-13	Chr6_22823463_22823563	53	64	+	16.6533	1.37e-06	0.00843	CATGGAAAACCG
13-CCTCGAAAACCG	STREME-13	Chr6_28088856_28088956	42	53	-	16.6533	1.37e-06	0.00843	CATGGAAAACCG
13-CCTCGAAAACCG	STREME-13	Chr7_8971046_8971146	54	65	+	16.6533	1.37e-06	0.00843	CATGGAAAACCG
13-CCTCGAAAACCG	STREME-13	Chr1_18509846_18509946	43	54	-	16.6533	1.37e-06	0.00843	CATGGAAAACCG
13-CCTCGAAAACCG	STREME-13	Chr8_26915655_26915755	43	54	-	16.6533	1.37e-06	0.00843	CATGGAAAACCG
13-CCTCGAAAACCG	STREME-13	Chr14_18492038_18492138	55	66	+	16.6533	1.37e-06	0.00843	CATGGAAAACCG
13-CCTCGAAAACCG	STREME-13	Chr2_36228106_36228206	56	67	+	16.6533	1.37e-06	0.00843	CATGGAAAACCG
13-CCTCGAAAACCG	STREME-13	Chr1_29241079_29241179	47	58	-	16.6533	1.37e-06	0.00843	CATGGAAAACCG
13-CCTCGAAAACCG	STREME-13	Chr4_13606343_13606443	48	59	-	16.6533	1.37e-06	0.00843	CATGGAAAACCG
13-CCTCGAAAACCG	STREME-13	Chr12_19549289_19549389	59	70	+	16.6533	1.37e-06	0.00843	CATGGAAAACCG
13-CCTCGAAAACCG	STREME-13	Chr14_14952299_14952399	50	61	-	16.6533	1.37e-06	0.00843	CATGGAAAACCG
13-CCTCGAAAACCG	STREME-13	Chr1_14006451_14006551	61	72	+	16.6533	1.37e-06	0.00843	CATGGAAAACCG
13-CCTCGAAAACCG	STREME-13	Chr1_16076740_16076840	61	72	+	16.6533	1.37e-06	0.00843	CATGGAAAACCG
13-CCTCGAAAACCG	STREME-13	Chr2_22462768_22462868	50	61	-	16.6533	1.37e-06	0.00843	CATGGAAAACCG
13-CCTCGAAAACCG	STREME-13	Chr6_29697548_29697648	62	73	+	16.6533	1.37e-06	0.00843	CATGGAAAACCG
13-CCTCGAAAACCG	STREME-13	Chr12_6213043_6213143	51	62	-	16.6533	1.37e-06	0.00843	CATGGAAAACCG
13-CCTCGAAAACCG	STREME-13	Chr4_15736195_15736295	63	74	+	16.6533	1.37e-06	0.00843	CATGGAAAACCG
13-CCTCGAAAACCG	STREME-13	Chr7_27770399_27770499	53	64	-	16.6533	1.37e-06	0.00843	CATGGAAAACCG
13-CCTCGAAAACCG	STREME-13	Chr13_5074229_5074329	64	75	+	16.6533	1.37e-06	0.00843	CATGGAAAACCG
13-CCTCGAAAACCG	STREME-13	Chr2_38759237_38759337	64	75	+	16.6533	1.37e-06	0.00843	CATGGAAAACCG
13-CCTCGAAAACCG	STREME-13	Chr14_17326053_17326153	54	65	-	16.6533	1.37e-06	0.00843	CATGGAAAACCG
13-CCTCGAAAACCG	STREME-13	Chr1_24965419_24965519	54	65	-	16.6533	1.37e-06	0.00843	CATGGAAAACCG
13-CCTCGAAAACCG	STREME-13	Chr3_25402942_25403042	55	66	-	16.6533	1.37e-06	0.00843	CATGGAAAACCG
13-CCTCGAAAACCG	STREME-13	Chr2_155550_155650	55	66	-	16.6533	1.37e-06	0.00843	CATGGAAAACCG
13-CCTCGAAAACCG	STREME-13	Chr5_21756612_21756712	55	66	-	16.6533	1.37e-06	0.00843	CATGGAAAACCG
13-CCTCGAAAACCG	STREME-13	Chr10_20445956_20446056	66	77	+	16.6533	1.37e-06	0.00843	CATGGAAAACCG
13-CCTCGAAAACCG	STREME-13	Chr10_3481354_3481454	66	77	+	16.6533	1.37e-06	0.00843	CATGGAAAACCG
13-CCTCGAAAACCG	STREME-13	Chr4_23877291_23877391	66	77	+	16.6533	1.37e-06	0.00843	CATGGAAAACCG
13-CCTCGAAAACCG	STREME-13	Chr2_1077547_1077647	67	78	+	16.6533	1.37e-06	0.00843	CATGGAAAACCG
13-CCTCGAAAACCG	STREME-13	Chr5_12047786_12047886	68	79	+	16.6533	1.37e-06	0.00843	CATGGAAAACCG
13-CCTCGAAAACCG	STREME-13	Chr4_4879996_4880096	68	79	+	16.6533	1.37e-06	0.00843	CATGGAAAACCG
13-CCTCGAAAACCG	STREME-13	Chr8_13644308_13644408	57	68	-	16.6533	1.37e-06	0.00843	CATGGAAAACCG
13-CCTCGAAAACCG	STREME-13	Chr6_19267323_19267423	57	68	-	16.6533	1.37e-06	0.00843	CATGGAAAACCG
13-CCTCGAAAACCG	STREME-13	Chr7_2448314_2448414	58	69	-	16.6533	1.37e-06	0.00843	CATGGAAAACCG
13-CCTCGAAAACCG	STREME-13	Chr9_28568675_28568775	69	80	+	16.6533	1.37e-06	0.00843	CATGGAAAACCG
13-CCTCGAAAACCG	STREME-13	Chr8_11504297_11504397	69	80	+	16.6533	1.37e-06	0.00843	CATGGAAAACCG
13-CCTCGAAAACCG	STREME-13	Chr3_7431746_7431846	59	70	-	16.6533	1.37e-06	0.00843	CATGGAAAACCG
13-CCTCGAAAACCG	STREME-13	Chr7_26860109_26860209	71	82	+	16.6533	1.37e-06	0.00843	CATGGAAAACCG
13-CCTCGAAAACCG	STREME-13	Chr1_36101545_36101645	72	83	+	16.6533	1.37e-06	0.00843	CATGGAAAACCG
13-CCTCGAAAACCG	STREME-13	Chr7_944589_944689	73	84	+	16.6533	1.37e-06	0.00843	CATGGAAAACCG
13-CCTCGAAAACCG	STREME-13	Chr6_5814430_5814530	79	90	+	16.6533	1.37e-06	0.00843	CATGGAAAACCG
13-CCTCGAAAACCG	STREME-13	Chr12_12042425_12042525	83	94	+	16.6533	1.37e-06	0.00843	CATGGAAAACCG
13-CCTCGAAAACCG	STREME-13	Chr11_7537074_7537174	90	101	+	16.6533	1.37e-06	0.00843	CATGGAAAACCG
13-CCTCGAAAACCG	STREME-13	Chr8_14676656_14676756	80	91	-	16.6533	1.37e-06	0.00843	CATGGAAAACCG
13-CCTCGAAAACCG	STREME-13	Chr12_11685071_11685171	87	98	-	16.6533	1.37e-06	0.00843	CATGGAAAACCG
13-CCTCGAAAACCG	STREME-13	Chr7_27733565_27733665	90	101	-	16.6533	1.37e-06	0.00843	CATGGAAAACCG
13-CCTCGAAAACCG	STREME-13	Chr3_21593583_21593683	24	35	-	16.5867	1.42e-06	0.00871	CCTCGAATATCG
13-CCTCGAAAACCG	STREME-13	Chr15_19869045_19869145	35	46	-	16.5867	1.42e-06	0.00871	CCTCGAATATCG
13-CCTCGAAAACCG	STREME-13	Chr12_12042425_12042525	1	12	-	16.5467	1.49e-06	0.00911	CCTCAAAAATCG
13-CCTCGAAAACCG	STREME-13	Chr1_43151189_43151289	41	52	+	16.4533	1.54e-06	0.00935	CCTCGATAACCG
13-CCTCGAAAACCG	STREME-13	Chr10_24257011_24257111	67	78	+	16.4267	1.59e-06	0.00966	CATCGTAAACCG
13-CCTCGAAAACCG	STREME-13	Chr2_37771796_37771896	3	14	-	16.2933	1.64e-06	0.0097	CCTCGAATAGCG
13-CCTCGAAAACCG	STREME-13	Chr2_38014817_38014917	37	48	+	16.2933	1.64e-06	0.0097	CCTCGAATAGCG
13-CCTCGAAAACCG	STREME-13	Chr2_17376193_17376293	31	42	-	16.2933	1.64e-06	0.0097	CCTCGAATAGCG
13-CCTCGAAAACCG	STREME-13	Chr2_39780049_39780149	58	69	-	16.2933	1.64e-06	0.0097	CCTCGAATAGCG
13-CCTCGAAAACCG	STREME-13	Chr2_39704478_39704578	62	73	-	16.2933	1.64e-06	0.0097	CCTCGAATAGCG
13-CCTCGAAAACCG	STREME-13	Chr2_39849510_39849610	62	73	-	16.2933	1.64e-06	0.0097	CCTCGAATAGCG
13-CCTCGAAAACCG	STREME-13	Chr2_37651414_37651514	67	78	-	16.2933	1.64e-06	0.0097	CCTCGAATAGCG
13-CCTCGAAAACCG	STREME-13	Chr2_39651755_39651855	67	78	-	16.2933	1.64e-06	0.0097	CCTCGAATAGCG
13-CCTCGAAAACCG	STREME-13	Chr1_35601885_35601985	69	80	+	16.2533	1.69e-06	0.01	CCTCAAAAAGCG
13-CCTCGAAAACCG	STREME-13	Chr3_26556790_26556890	34	45	+	15.96	1.85e-06	0.0108	CCTCGAAATTCG
13-CCTCGAAAACCG	STREME-13	Chr15_1163009_1163109	26	37	-	15.96	1.85e-06	0.0108	CCTCGAAATTCG
13-CCTCGAAAACCG	STREME-13	Chr1_17172610_17172710	42	53	-	15.96	1.85e-06	0.0108	CCTCGAAATTCG
13-CCTCGAAAACCG	STREME-13	Chr9_24981627_24981727	37	48	+	15.8	2.1e-06	0.0122	CCTTGTAAACCG
13-CCTCGAAAACCG	STREME-13	Chr7_19091472_19091572	45	56	-	15.8	2.1e-06	0.0122	CCTTGTAAACCG
13-CCTCGAAAACCG	STREME-13	Chr10_11374102_11374202	52	63	+	15.7733	2.14e-06	0.0124	CCTCGAGAACCG
13-CCTCGAAAACCG	STREME-13	Chr12_18194334_18194434	45	56	-	15.6667	2.22e-06	0.0128	CCTCGAAATGCG
13-CCTCGAAAACCG	STREME-13	Chr7_24498248_24498348	85	96	-	15.6667	2.22e-06	0.0128	CCTCGAAATGCG
13-CCTCGAAAACCG	STREME-13	Chr10_16478436_16478536	27	38	-	15.5867	2.31e-06	0.0132	CATCGGAAACCG
13-CCTCGAAAACCG	STREME-13	Chr11_12045601_12045701	70	81	-	15.5867	2.31e-06	0.0132	CATCGGAAACCG
13-CCTCGAAAACCG	STREME-13	Chr4_4879996_4880096	1	12	+	15.2933	2.63e-06	0.0136	CCTTAAAAACCG
13-CCTCGAAAACCG	STREME-13	Chr9_28568675_28568775	2	13	+	15.2933	2.63e-06	0.0136	CCTTAAAAACCG
13-CCTCGAAAACCG	STREME-13	Chr4_14527857_14527957	2	13	+	15.2933	2.63e-06	0.0136	CCTTAAAAACCG
13-CCTCGAAAACCG	STREME-13	Chr8_11504297_11504397	2	13	+	15.2933	2.63e-06	0.0136	CCTTAAAAACCG
13-CCTCGAAAACCG	STREME-13	Chr7_26860109_26860209	4	15	+	15.2933	2.63e-06	0.0136	CCTTAAAAACCG
13-CCTCGAAAACCG	STREME-13	Chr1_36101545_36101645	5	16	+	15.2933	2.63e-06	0.0136	CCTTAAAAACCG
13-CCTCGAAAACCG	STREME-13	Chr7_944589_944689	6	17	+	15.2933	2.63e-06	0.0136	CCTTAAAAACCG
13-CCTCGAAAACCG	STREME-13	Chr1_35236864_35236964	6	17	+	15.2933	2.63e-06	0.0136	CCTTAAAAACCG
13-CCTCGAAAACCG	STREME-13	Chr2_1077547_1077647	8	19	+	15.2933	2.63e-06	0.0136	CCTTAAAAACCG
13-CCTCGAAAACCG	STREME-13	Chr11_3603164_3603264	11	22	+	15.2933	2.63e-06	0.0136	CCTTAAAAACCG
13-CCTCGAAAACCG	STREME-13	Chr6_5814430_5814530	12	23	+	15.2933	2.63e-06	0.0136	CCTTAAAAACCG
13-CCTCGAAAACCG	STREME-13	Chr12_12042425_12042525	16	27	+	15.2933	2.63e-06	0.0136	CCTTAAAAACCG
13-CCTCGAAAACCG	STREME-13	Chr11_7537074_7537174	23	34	+	15.2933	2.63e-06	0.0136	CCTTAAAAACCG
13-CCTCGAAAACCG	STREME-13	Chr14_18117760_18117860	28	39	+	15.2933	2.63e-06	0.0136	CCTTAAAAACCG
13-CCTCGAAAACCG	STREME-13	Chr11_19229698_19229798	18	29	-	15.2933	2.63e-06	0.0136	CCTTAAAAACCG
13-CCTCGAAAACCG	STREME-13	Chr13_8970582_8970682	19	30	-	15.2933	2.63e-06	0.0136	CCTTAAAAACCG
13-CCTCGAAAACCG	STREME-13	Chr7_28005756_28005856	37	48	+	15.2933	2.63e-06	0.0136	CCTTAAAAACCG
13-CCTCGAAAACCG	STREME-13	Chr2_31104036_31104136	35	46	-	15.2933	2.63e-06	0.0136	CCTTAAAAACCG
13-CCTCGAAAACCG	STREME-13	Chr6_25200498_25200598	47	58	+	15.2933	2.63e-06	0.0136	CCTTAAAAACCG
13-CCTCGAAAACCG	STREME-13	Chr8_4270697_4270797	47	58	+	15.2933	2.63e-06	0.0136	CCTTAAAAACCG
13-CCTCGAAAACCG	STREME-13	Chr12_12471341_12471441	59	70	+	15.2933	2.63e-06	0.0136	CCTTAAAAACCG
13-CCTCGAAAACCG	STREME-13	Chr14_19509096_19509196	58	69	-	15.2933	2.63e-06	0.0136	CCTTAAAAACCG
13-CCTCGAAAACCG	STREME-13	Chr7_27733565_27733665	59	70	-	15.2933	2.63e-06	0.0136	CCTTAAAAACCG
13-CCTCGAAAACCG	STREME-13	Chr8_366022_366122	59	70	-	15.2933	2.63e-06	0.0136	CCTTAAAAACCG
13-CCTCGAAAACCG	STREME-13	Chr9_7216849_7216949	68	79	-	15.2933	2.63e-06	0.0136	CCTTAAAAACCG
13-CCTCGAAAACCG	STREME-13	Chr9_16355988_16356088	72	83	-	15.2933	2.63e-06	0.0136	CCTTAAAAACCG
13-CCTCGAAAACCG	STREME-13	Chr5_518209_518309	72	83	-	15.2933	2.63e-06	0.0136	CCTTAAAAACCG
13-CCTCGAAAACCG	STREME-13	Chr4_17934716_17934816	76	87	-	15.2933	2.63e-06	0.0136	CCTTAAAAACCG
13-CCTCGAAAACCG	STREME-13	Chr2_5098804_5098904	80	91	-	15.2933	2.63e-06	0.0136	CCTTAAAAACCG
13-CCTCGAAAACCG	STREME-13	Chr4_3943_4043	80	91	-	15.2933	2.63e-06	0.0136	CCTTAAAAACCG
13-CCTCGAAAACCG	STREME-13	Chr1_18601355_18601455	82	93	-	15.2933	2.63e-06	0.0136	CCTTAAAAACCG
13-CCTCGAAAACCG	STREME-13	Chr3_34972732_34972832	82	93	-	15.2933	2.63e-06	0.0136	CCTTAAAAACCG
13-CCTCGAAAACCG	STREME-13	Chr5_17355782_17355882	85	96	-	15.2933	2.63e-06	0.0136	CCTTAAAAACCG
13-CCTCGAAAACCG	STREME-13	Chr9_26182005_26182105	85	96	-	15.2933	2.63e-06	0.0136	CCTTAAAAACCG
13-CCTCGAAAACCG	STREME-13	Chr14_20083192_20083292	86	97	-	15.2933	2.63e-06	0.0136	CCTTAAAAACCG
13-CCTCGAAAACCG	STREME-13	Chr12_22479678_22479778	87	98	-	15.2933	2.63e-06	0.0136	CCTTAAAAACCG
13-CCTCGAAAACCG	STREME-13	Chr15_2927175_2927275	88	99	-	15.2933	2.63e-06	0.0136	CCTTAAAAACCG
13-CCTCGAAAACCG	STREME-13	Chr15_20905455_20905555	54	65	+	15.28	2.66e-06	0.0137	CCTCGAAGAGCG
13-CCTCGAAAACCG	STREME-13	Chr10_18813946_18814046	35	46	+	15.12	2.78e-06	0.0143	CATTGAAAATCG
13-CCTCGAAAACCG	STREME-13	Chr11_9793224_9793324	39	50	-	15.12	2.78e-06	0.0143	CATTGAAAATCG
13-CCTCGAAAACCG	STREME-13	Chr14_14976661_14976761	44	55	-	15.12	2.78e-06	0.0143	CATTGAAAATCG
13-CCTCGAAAACCG	STREME-13	Chr6_1421902_1422002	8	19	+	15.0133	2.89e-06	0.0143	CCTGAAAAACCG
13-CCTCGAAAACCG	STREME-13	Chr6_21255740_21255840	20	31	+	15.0133	2.89e-06	0.0143	CCTGAAAAACCG
13-CCTCGAAAACCG	STREME-13	Chr12_5765776_5765876	14	25	-	15.0133	2.89e-06	0.0143	CCTGAAAAACCG
13-CCTCGAAAACCG	STREME-13	Chr1_40420633_40420733	27	38	+	15.0133	2.89e-06	0.0143	CCTGAAAAACCG
13-CCTCGAAAACCG	STREME-13	Chr3_25402942_25403042	39	50	+	15.0133	2.89e-06	0.0143	CCTGAAAAACCG
13-CCTCGAAAACCG	STREME-13	Chr1_34530347_34530447	31	42	-	15.0133	2.89e-06	0.0143	CCTGAAAAACCG
13-CCTCGAAAACCG	STREME-13	Chr14_21434071_21434171	36	47	-	15.0133	2.89e-06	0.0143	CCTGAAAAACCG
13-CCTCGAAAACCG	STREME-13	Chr12_14182686_14182786	56	67	-	15.0133	2.89e-06	0.0143	CCTGAAAAACCG
13-CCTCGAAAACCG	STREME-13	Chr8_26086651_26086751	67	78	+	15.0133	2.89e-06	0.0143	CCTGAAAAACCG
13-CCTCGAAAACCG	STREME-13	Chr9_15054537_15054637	68	79	-	15.0133	2.89e-06	0.0143	CCTGAAAAACCG
13-CCTCGAAAACCG	STREME-13	Chr4_15736195_15736295	79	90	-	15.0133	2.89e-06	0.0143	CCTGAAAAACCG
13-CCTCGAAAACCG	STREME-13	Chr14_13381109_13381209	82	93	-	15.0133	2.89e-06	0.0143	CCTGAAAAACCG
13-CCTCGAAAACCG	STREME-13	Chr15_12319553_12319653	41	52	-	14.96	2.98e-06	0.0147	CCTTGGAAACCG
13-CCTCGAAAACCG	STREME-13	Chr6_8178807_8178907	66	77	+	14.96	2.98e-06	0.0147	CCTCGAAAGTCG
13-CCTCGAAAACCG	STREME-13	Chr11_24914358_24914458	88	99	-	14.96	2.98e-06	0.0147	CCTCGAAAGTCG
13-CCTCGAAAACCG	STREME-13	Chr7_10556926_10557026	88	99	-	14.9333	3.09e-06	0.0152	CCTAGAAAATCG
13-CCTCGAAAACCG	STREME-13	Chr5_964378_964478	18	29	+	14.88	3.2e-06	0.0157	CCTCGAAAATTG
13-CCTCGAAAACCG	STREME-13	Chr7_27770399_27770499	68	79	+	14.88	3.2e-06	0.0157	CCTCGAAAATTG
13-CCTCGAAAACCG	STREME-13	Chr1_34530347_34530447	15	26	+	14.84	3.27e-06	0.0158	CATGGAAAATCG
13-CCTCGAAAACCG	STREME-13	Chr10_16509189_16509289	44	55	-	14.84	3.27e-06	0.0158	CATGGAAAATCG
13-CCTCGAAAACCG	STREME-13	Chr2_6505675_6505775	59	70	+	14.84	3.27e-06	0.0158	CATGGAAAATCG
13-CCTCGAAAACCG	STREME-13	Chr5_12067965_12068065	49	60	-	14.84	3.27e-06	0.0158	CATGGAAAATCG
13-CCTCGAAAACCG	STREME-13	Chr14_13381109_13381209	66	77	+	14.84	3.27e-06	0.0158	CATGGAAAATCG
13-CCTCGAAAACCG	STREME-13	Chr6_11248955_11249055	67	78	+	14.84	3.27e-06	0.0158	CATGGAAAATCG
13-CCTCGAAAACCG	STREME-13	Chr10_15392422_15392522	42	53	+	14.8267	3.42e-06	0.0163	CCTCGAAACCCG
13-CCTCGAAAACCG	STREME-13	Chr5_28618245_28618345	45	56	+	14.8267	3.42e-06	0.0163	CATTGAAAAGCG
13-CCTCGAAAACCG	STREME-13	Chr2_13044005_13044105	62	73	-	14.8267	3.42e-06	0.0163	CATTGAAAAGCG
13-CCTCGAAAACCG	STREME-13	Chr3_3301753_3301853	86	97	+	14.8267	3.42e-06	0.0163	CATTGAAAAGCG
13-CCTCGAAAACCG	STREME-13	Chr1_19288250_19288350	76	87	-	14.8267	3.42e-06	0.0163	CATTGAAAAGCG
13-CCTCGAAAACCG	STREME-13	Chr12_11552240_11552340	48	59	+	14.8133	3.48e-06	0.0165	CCTCGAAAAACG
13-CCTCGAAAACCG	STREME-13	Chr1_45911198_45911298	41	52	+	14.64	3.83e-06	0.0181	CCTAGAAAAGCG
13-CCTCGAAAACCG	STREME-13	Chr11_11520803_11520903	60	71	+	14.64	3.83e-06	0.0181	CCTAGAAAAGCG
13-CCTCGAAAACCG	STREME-13	Chr1_28259004_28259104	34	45	-	14.6133	3.9e-06	0.0183	CATCGTAAATCG
13-CCTCGAAAACCG	STREME-13	Chr2_31107_31207	38	49	-	14.6133	3.9e-06	0.0183	CATCGTAAATCG
13-CCTCGAAAACCG	STREME-13	Chr1_26354459_26354559	50	61	-	14.6133	3.9e-06	0.0183	CATCGTAAATCG
13-CCTCGAAAACCG	STREME-13	Chr10_25463847_25463947	67	78	-	14.6133	3.9e-06	0.0183	CATCGTAAATCG
13-CCTCGAAAACCG	STREME-13	Chr13_3765374_3765474	27	38	+	14.5467	4.01e-06	0.0187	CATGGAAAAGCG
13-CCTCGAAAACCG	STREME-13	Chr13_3645519_3645619	29	40	+	14.5467	4.01e-06	0.0187	CATGGAAAAGCG
13-CCTCGAAAACCG	STREME-13	Chr6_10136987_10137087	18	29	+	14.36	4.1e-06	0.0188	CGTGGAAAACCG
13-CCTCGAAAACCG	STREME-13	Chr1_32841706_32841806	20	31	+	14.36	4.1e-06	0.0188	CGTGGAAAACCG
13-CCTCGAAAACCG	STREME-13	Chr1_15108825_15108925	14	25	-	14.36	4.1e-06	0.0188	CGTGGAAAACCG
13-CCTCGAAAACCG	STREME-13	Chr9_22929393_22929493	29	40	-	14.36	4.1e-06	0.0188	CGTGGAAAACCG
13-CCTCGAAAACCG	STREME-13	Chr6_10136987_10137087	59	70	+	14.36	4.1e-06	0.0188	CGTGGAAAACCG
13-CCTCGAAAACCG	STREME-13	Chr2_1441953_1442053	51	62	-	14.36	4.1e-06	0.0188	CGTGGAAAACCG
13-CCTCGAAAACCG	STREME-13	Chr4_10220160_10220260	68	79	+	14.36	4.1e-06	0.0188	CGTGGAAAACCG
13-CCTCGAAAACCG	STREME-13	Chr1_15108825_15108925	81	92	-	14.36	4.1e-06	0.0188	CGTGGAAAACCG
13-CCTCGAAAACCG	STREME-13	Chr14_3286747_3286847	25	36	+	14.3467	4.14e-06	0.0189	CCTCGATAAGCG
13-CCTCGAAAACCG	STREME-13	Chr10_376790_376890	82	93	+	14.3467	4.14e-06	0.0189	CCTCGATAAGCG
13-CCTCGAAAACCG	STREME-13	Chr4_20965394_20965494	36	47	+	14.32	4.35e-06	0.0197	CATCGTAAAGCG
13-CCTCGAAAACCG	STREME-13	Chr12_2055504_2055604	66	77	-	14.32	4.35e-06	0.0197	CATCGTAAAGCG
13-CCTCGAAAACCG	STREME-13	Chr13_20269969_20270069	34	45	+	14.2533	4.53e-06	0.0205	CATCGAAAACTG
13-CCTCGAAAACCG	STREME-13	Chr11_17617685_17617785	61	72	-	14.1867	4.63e-06	0.0209	CCTCGAAAACAG
13-CCTCGAAAACCG	STREME-13	Chr11_1168750_1168850	40	51	+	14.1467	4.75e-06	0.0214	CCTCGAAAACCT
13-CCTCGAAAACCG	STREME-13	Chr10_22320177_22320277	34	45	-	14.1067	4.88e-06	0.0219	CATCAAAAATCG
13-CCTCGAAAACCG	STREME-13	Chr3_7888204_7888304	39	50	-	13.96	5.21e-06	0.0233	CCTCGAGAATCG
13-CCTCGAAAACCG	STREME-13	Chr1_5237043_5237143	85	96	+	13.7733	5.55e-06	0.0248	CCTCGCAAAGCG
13-CCTCGAAAACCG	STREME-13	Chr4_9893706_9893806	3	14	+	13.6267	6.05e-06	0.0269	CCTTGAAAACTG
13-CCTCGAAAACCG	STREME-13	Chr2_25946023_25946123	17	28	+	13.6267	6.05e-06	0.0269	CCTTGAAAACTG
13-CCTCGAAAACCG	STREME-13	Chr15_2516770_2516870	54	65	+	13.6267	6.05e-06	0.0269	CCTTGAAAACTG
13-CCTCGAAAACCG	STREME-13	Chr15_21082498_21082598	54	65	+	13.6133	6.09e-06	0.027	CCCCGAAAAGCG
13-CCTCGAAAACCG	STREME-13	Chr6_26359545_26359645	1	12	-	13.52	6.22e-06	0.0275	CCTTGAATATCG
13-CCTCGAAAACCG	STREME-13	Chr15_19847786_19847886	32	43	-	13.52	6.22e-06	0.0275	CATCGAAATTCG
13-CCTCGAAAACCG	STREME-13	Chr8_3094685_3094785	25	36	+	13.48	6.35e-06	0.0277	CCTTAAAAATCG
13-CCTCGAAAACCG	STREME-13	Chr15_778730_778830	67	78	+	13.48	6.35e-06	0.0277	CCTTAAAAATCG
13-CCTCGAAAACCG	STREME-13	Chr1_6442474_6442574	73	84	-	13.48	6.35e-06	0.0277	CCTTAAAAATCG
13-CCTCGAAAACCG	STREME-13	Chr4_23900806_23900906	78	89	-	13.48	6.35e-06	0.0277	CCTTAAAAATCG
13-CCTCGAAAACCG	STREME-13	Chr5_33416431_33416531	82	93	-	13.48	6.35e-06	0.0277	CCTTAAAAATCG
13-CCTCGAAAACCG	STREME-13	Chr2_32997659_32997759	89	100	-	13.48	6.35e-06	0.0277	CCTTAAAAATCG
13-CCTCGAAAACCG	STREME-13	Chr15_14015250_14015350	50	61	+	13.44	6.4e-06	0.0278	CATCGCAAACCG
13-CCTCGAAAACCG	STREME-13	Chr1_384490_384590	44	55	+	13.4133	6.48e-06	0.028	CCTGGTAAAGCG
13-CCTCGAAAACCG	STREME-13	Chr9_28665460_28665560	42	53	-	13.4133	6.48e-06	0.028	CCTGGTAAAGCG
13-CCTCGAAAACCG	STREME-13	Chr8_15534297_15534397	40	51	+	13.36	6.64e-06	0.0287	CCTCGGAATCCG
13-CCTCGAAAACCG	STREME-13	Chr10_9204535_9204635	1	12	-	13.3333	6.74e-06	0.029	CATCGAGAACCG
13-CCTCGAAAACCG	STREME-13	Chr7_3920831_3920931	67	78	-	13.3333	6.74e-06	0.029	CATCGAGAACCG
13-CCTCGAAAACCG	STREME-13	Chr9_2643459_2643559	60	71	-	13.3067	6.79e-06	0.029	CCTCAAAGACCG
13-CCTCGAAAACCG	STREME-13	Chr1_31302230_31302330	83	94	-	13.3067	6.79e-06	0.029	CCTCAAAGACCG
13-CCTCGAAAACCG	STREME-13	Chr15_10923976_10924076	85	96	+	13.2933	6.86e-06	0.0293	CGTCGGAAACCG
13-CCTCGAAAACCG	STREME-13	Chr12_17157801_17157901	41	52	+	13.28	6.9e-06	0.0294	CACCGAAAACCG
13-CCTCGAAAACCG	STREME-13	Chr9_11382620_11382720	24	35	-	13.2267	7.12e-06	0.0302	CCTTGAATAGCG
13-CCTCGAAAACCG	STREME-13	Chr4_24181004_24181104	44	55	-	13.2267	7.12e-06	0.0302	CCTTGAATAGCG
13-CCTCGAAAACCG	STREME-13	Chr3_34972732_34972832	13	24	-	13.2	7.22e-06	0.0303	CCTGAAAAATCG
13-CCTCGAAAACCG	STREME-13	Chr2_29806475_29806575	32	43	+	13.2	7.22e-06	0.0303	CCTGAAAAATCG
13-CCTCGAAAACCG	STREME-13	Chr14_7426282_7426382	38	49	+	13.2	7.22e-06	0.0303	CCTGAAAAATCG
13-CCTCGAAAACCG	STREME-13	Chr6_7263284_7263384	38	49	+	13.2	7.22e-06	0.0303	CCTGAAAAATCG
13-CCTCGAAAACCG	STREME-13	Chr9_4311255_4311355	61	72	-	13.2	7.22e-06	0.0303	CCTCGTAAGCCG
13-CCTCGAAAACCG	STREME-13	Chr1_1515570_1515670	69	80	-	13.2	7.22e-06	0.0303	CCTGAAAAATCG
13-CCTCGAAAACCG	STREME-13	Chr4_2590078_2590178	29	40	+	13.12	7.51e-06	0.0313	CCTCGTAAACTG
13-CCTCGAAAACCG	STREME-13	Chr4_11916055_11916155	37	48	+	13.12	7.51e-06	0.0313	CCTCGTAAACTG
13-CCTCGAAAACCG	STREME-13	Chr15_17357339_17357439	63	74	+	12.92	7.99e-06	0.0333	CCTCGGCAACCG
13-CCTCGAAAACCG	STREME-13	Chr7_10556926_10557026	4	15	+	12.8533	8.4e-06	0.0346	CATTAAAAACCG
13-CCTCGAAAACCG	STREME-13	Chr1_19061959_19062059	23	34	+	12.8533	8.4e-06	0.0346	CCTTGGAAAGCG
13-CCTCGAAAACCG	STREME-13	Chr1_28665875_28665975	50	61	-	12.8533	8.4e-06	0.0346	CCTTGGAAAGCG
13-CCTCGAAAACCG	STREME-13	Chr7_6410213_6410313	72	83	-	12.8533	8.4e-06	0.0346	CATTAAAAACCG
13-CCTCGAAAACCG	STREME-13	Chr1_39080020_39080120	86	97	-	12.8533	8.4e-06	0.0346	CATTAAAAACCG
13-CCTCGAAAACCG	STREME-13	Chr3_10626927_10627027	16	27	+	12.72	8.76e-06	0.036	CCTCGAAGTCCG
13-CCTCGAAAACCG	STREME-13	Chr13_18140615_18140715	34	45	-	12.6667	9.06e-06	0.0371	CCTCGACATCCG
13-CCTCGAAAACCG	STREME-13	Chr8_30160361_30160461	53	64	-	12.6667	9.06e-06	0.0371	CCTAAAAAACCG
13-CCTCGAAAACCG	STREME-13	Chr1_17172610_17172710	10	21	+	12.6133	9.38e-06	0.0383	CCTCAAAAACTG
13-CCTCGAAAACCG	STREME-13	Chr1_11147400_11147500	14	25	+	12.6	9.47e-06	0.0383	CCTTGAAATGCG
13-CCTCGAAAACCG	STREME-13	Chr7_28005756_28005856	6	17	+	12.5733	9.58e-06	0.0383	CATGAAAAACCG
13-CCTCGAAAACCG	STREME-13	Chr10_16939489_16939589	6	17	+	12.5733	9.58e-06	0.0383	CATGAAAAACCG
13-CCTCGAAAACCG	STREME-13	Chr6_25200498_25200598	16	27	+	12.5733	9.58e-06	0.0383	CATGAAAAACCG
13-CCTCGAAAACCG	STREME-13	Chr8_4270697_4270797	16	27	+	12.5733	9.58e-06	0.0383	CATGAAAAACCG
13-CCTCGAAAACCG	STREME-13	Chr1_18601355_18601455	15	26	-	12.5733	9.58e-06	0.0383	CATGAAAAACCG
13-CCTCGAAAACCG	STREME-13	Chr2_5098804_5098904	21	32	-	12.5733	9.58e-06	0.0383	CATGAAAAACCG
13-CCTCGAAAACCG	STREME-13	Chr5_25530989_25531089	49	60	-	12.5733	9.58e-06	0.0383	CATGAAAAACCG
13-CCTCGAAAACCG	STREME-13	Chr11_19229698_19229798	49	60	-	12.5733	9.58e-06	0.0383	CATGAAAAACCG
13-CCTCGAAAACCG	STREME-13	Chr2_31104036_31104136	66	77	-	12.5733	9.58e-06	0.0383	CATGAAAAACCG
13-CCTCGAAAACCG	STREME-13	Chr14_19509096_19509196	89	100	-	12.5733	9.58e-06	0.0383	CATGAAAAACCG
13-CCTCGAAAACCG	STREME-13	Chr11_23342947_23343047	44	55	+	12.52	9.84e-06	0.0392	CATCGAAAGTCG
13-CCTCGAAAACCG	STREME-13	Chr11_25334876_25334976	22	33	+	12.5067	9.96e-06	0.0396	CCTTGAAGATCG
13-CCTCGAAAACCG	STREME-13	Chr2_29347147_29347247	52	63	+	12.4933	1e-05	0.0399	CATAGAAAATCG
13-CCTCGAAAACCG	STREME-13	Chr2_25392998_25393098	21	32	-	12.44	1.02e-05	0.0404	CATCGAAAATTG
13-CCTCGAAAACCG	STREME-13	Chr2_34026848_34026948	79	90	-	12.4267	1.02e-05	0.0404	CCTGGAGAACCG
13-CCTCGAAAACCG	STREME-13	Chr1_7459941_7460041	24	35	+	12.4133	1.03e-05	0.0405	CCTCGATTACCG
13-CCTCGAAAACCG	STREME-13	Chr13_15729755_15729855	81	92	+	12.3867	1.04e-05	0.041	CCTCGTAATTCG
13-CCTCGAAAACCG	STREME-13	Chr10_22443319_22443419	77	88	-	12.3867	1.04e-05	0.041	CATCGTATACCG
13-CCTCGAAAACCG	STREME-13	Chr1_42301559_42301659	23	34	-	12.3333	1.09e-05	0.0426	CCTAGGAAACCG
13-CCTCGAAAACCG	STREME-13	Chr13_487933_488033	50	61	-	12.3333	1.09e-05	0.0426	CCTAGGAAACCG
13-CCTCGAAAACCG	STREME-13	Chr1_6884605_6884705	51	62	-	12.28	1.1e-05	0.0432	CCTCGACGACCG
13-CCTCGAAAACCG	STREME-13	Chr2_20814170_20814270	15	26	+	12.2667	1.11e-05	0.0434	CATTGAAATCCG
13-CCTCGAAAACCG	STREME-13	Chr7_23445679_23445779	50	61	+	12.24	1.12e-05	0.0435	CATGGGAAACCG
13-CCTCGAAAACCG	STREME-13	Chr8_3265002_3265102	77	88	-	12.24	1.12e-05	0.0435	CATGGGAAACCG
13-CCTCGAAAACCG	STREME-13	Chr11_2095588_2095688	35	46	+	12.2133	1.14e-05	0.0441	CCTTGAAGAGCG
13-CCTCGAAAACCG	STREME-13	Chr10_16916655_16916755	37	48	-	12.2133	1.14e-05	0.0441	CCTTGAAGAGCG
13-CCTCGAAAACCG	STREME-13	Chr1_3454203_3454303	28	39	+	12.2	1.16e-05	0.0446	CCTCGTGAACCG
13-CCTCGAAAACCG	STREME-13	Chr3_27229336_27229436	75	86	-	12.2	1.16e-05	0.0446	CATAGAAAAGCG
13-CCTCGAAAACCG	STREME-13	Chr15_14842407_14842507	57	68	-	12.0933	1.19e-05	0.0458	CCTCGTAATGCG
13-CCTCGAAAACCG	STREME-13	Chr6_2526023_2526123	23	34	-	12.0267	1.22e-05	0.047	CGTCGTAAAGCG
13-CCTCGAAAACCG	STREME-13	Chr4_30141505_30141605	37	48	+	11.92	1.26e-05	0.0482	CCTCGAATTTCG
13-CCTCGAAAACCG	STREME-13	Chr15_9196094_9196194	48	59	+	11.92	1.26e-05	0.0482	CCTCGAATTTCG
13-CCTCGAAAACCG	STREME-13	Chr3_17029299_17029399	61	72	-	11.8133	1.33e-05	0.0508	CCTTGAAAATTG
13-CCTCGAAAACCG	STREME-13	Chr12_23002065_23002165	70	81	-	11.8133	1.33e-05	0.0508	CCTTGAAAATTG
13-CCTCGAAAACCG	STREME-13	Chr1_19681086_19681186	31	42	+	11.76	1.36e-05	0.0515	CCTTGAAACCCG
13-CCTCGAAAACCG	STREME-13	Chr8_17139515_17139615	68	79	+	11.76	1.36e-05	0.0515	CCTTGAAACCCG
13-CCTCGAAAACCG	STREME-13	Chr13_14224576_14224676	43	54	+	11.7467	1.37e-05	0.0518	CCTTGAAAAACG
13-CCTCGAAAACCG	STREME-13	Chr5_1039315_1039415	42	53	-	11.7467	1.37e-05	0.0518	CCTTGAAAAACG
13-CCTCGAAAACCG	STREME-13	Chr2_33964445_33964545	76	87	-	11.7067	1.4e-05	0.0528	CATCGAAAACCT
13-CCTCGAAAACCG	STREME-13	Chr12_22972205_22972305	30	41	-	11.6933	1.41e-05	0.053	CCTAGAAGACCG
13-CCTCGAAAACCG	STREME-13	Chr13_8296262_8296362	59	70	+	11.6533	1.42e-05	0.0533	CCTCGTCAAGCG
13-CCTCGAAAACCG	STREME-13	Chr10_27330963_27331063	53	64	-	11.64	1.43e-05	0.0536	CCTAGACAACCG
13-CCTCGAAAACCG	STREME-13	Chr9_27967_28067	89	100	+	11.64	1.43e-05	0.0536	CCTAGACAACCG
13-CCTCGAAAACCG	STREME-13	Chr3_31338622_31338722	18	29	+	11.6267	1.44e-05	0.0536	CATCGCAAATCG
13-CCTCGAAAACCG	STREME-13	Chr8_2238591_2238691	47	58	+	11.6267	1.44e-05	0.0536	CCTCGAATTGCG
13-CCTCGAAAACCG	STREME-13	Chr10_13895978_13896078	52	63	+	11.6267	1.44e-05	0.0536	CCTCGAATTGCG
13-CCTCGAAAACCG	STREME-13	Chr3_31338622_31338722	79	90	+	11.6267	1.44e-05	0.0536	CATCGCAAATCG
13-CCTCGAAAACCG	STREME-13	Chr14_2737728_2737828	57	68	-	11.5867	1.47e-05	0.0544	CCTCAAAATGCG
13-CCTCGAAAACCG	STREME-13	Chr15_10231173_10231273	40	51	+	11.5467	1.5e-05	0.0555	CATTGTAAATCG
13-CCTCGAAAACCG	STREME-13	Chr4_7335512_7335612	51	62	+	11.5333	1.51e-05	0.0556	CCTGGAAAATTG
13-CCTCGAAAACCG	STREME-13	Chr4_6883680_6883780	74	85	+	11.5333	1.51e-05	0.0556	CCTGGAAAATTG
13-CCTCGAAAACCG	STREME-13	Chr3_23516076_23516176	35	46	+	11.52	1.52e-05	0.056	CATCGAGAATCG
13-CCTCGAAAACCG	STREME-13	Chr7_30101740_30101840	52	63	+	11.52	1.52e-05	0.056	CCTTGAAAAGTG
13-CCTCGAAAACCG	STREME-13	Chr2_2097351_2097451	90	101	+	11.4933	1.53e-05	0.0563	CCTCAAAGATCG
13-CCTCGAAAACCG	STREME-13	Chr9_15887305_15887405	26	37	+	11.4667	1.56e-05	0.0573	CCTGGAAAAACG
13-CCTCGAAAACCG	STREME-13	Chr12_21410304_21410404	43	54	+	11.3333	1.6e-05	0.0584	CATCGCAAAGCG
13-CCTCGAAAACCG	STREME-13	Chr9_300956_301056	49	60	+	11.3333	1.6e-05	0.0584	CATCGCAAAGCG
13-CCTCGAAAACCG	STREME-13	Chr11_19161609_19161709	88	99	-	11.32	1.61e-05	0.0586	CATCGTCAACCG
13-CCTCGAAAACCG	STREME-13	Chr7_366431_366531	21	32	+	11.3067	1.62e-05	0.0588	CCTCGTAAATTG
13-CCTCGAAAACCG	STREME-13	Chr1_35800859_35800959	47	58	+	11.3067	1.62e-05	0.0588	CCTCGTAAATTG
13-CCTCGAAAACCG	STREME-13	Chr10_19440907_19441007	37	48	+	11.2933	1.63e-05	0.0591	CATCGAATTCCG
13-CCTCGAAAACCG	STREME-13	Chr13_1794286_1794386	27	38	-	11.24	1.69e-05	0.061	CCTCGTAAAACG
13-CCTCGAAAACCG	STREME-13	Chr1_872449_872549	76	87	-	11.2267	1.7e-05	0.0613	CATCGAGAAGCG
13-CCTCGAAAACCG	STREME-13	Chr11_14801423_14801523	44	55	-	11.1067	1.76e-05	0.0632	CCTCGGCAATCG
13-CCTCGAAAACCG	STREME-13	Chr11_14801423_14801523	69	80	-	11.1067	1.76e-05	0.0632	CCTCGGCAATCG
13-CCTCGAAAACCG	STREME-13	Chr10_27229733_27229833	65	76	+	11.0933	1.76e-05	0.0632	CCTCGTAAGGCG
13-CCTCGAAAACCG	STREME-13	Chr9_20877660_20877760	42	53	-	11.0133	1.83e-05	0.0654	CCTCGTAAAGTG
13-CCTCGAAAACCG	STREME-13	Chr1_20210252_20210352	47	58	+	10.9333	1.87e-05	0.0668	CGTCGAAATGCG
13-CCTCGAAAACCG	STREME-13	Chr1_16949838_16949938	52	63	+	10.9333	1.87e-05	0.0668	CGTCGAAATGCG
13-CCTCGAAAACCG	STREME-13	Chr12_20005221_20005321	12	23	+	10.92	1.89e-05	0.0668	CATCGGAATCCG
13-CCTCGAAAACCG	STREME-13	Chr10_10239916_10240016	47	58	+	10.92	1.89e-05	0.0668	CCTTGGATACCG
13-CCTCGAAAACCG	STREME-13	Chr3_4610727_4610827	42	53	-	10.92	1.89e-05	0.0668	CCTTGGATACCG
13-CCTCGAAAACCG	STREME-13	Chr14_21434071_21434171	20	31	+	10.9067	1.9e-05	0.0668	CATGGAAAACTG
13-CCTCGAAAACCG	STREME-13	Chr9_15274021_15274121	24	35	-	10.9067	1.9e-05	0.0668	CATGGAAAACTG
13-CCTCGAAAACCG	STREME-13	Chr1_6341237_6341337	28	39	-	10.9067	1.9e-05	0.0668	CATGGAAAACTG
13-CCTCGAAAACCG	STREME-13	Chr5_21990916_21991016	37	48	-	10.9067	1.9e-05	0.0668	CATGGAAAACTG
13-CCTCGAAAACCG	STREME-13	Chr3_12208576_12208676	81	92	+	10.9067	1.9e-05	0.0668	CCTCGAAGTTCG
13-CCTCGAAAACCG	STREME-13	Chr10_25359057_25359157	69	80	-	10.8933	1.91e-05	0.0671	CCTTGAGAATCG
13-CCTCGAAAACCG	STREME-13	Chr15_14111630_14111730	14	25	+	10.8667	1.93e-05	0.0676	CCTCGGAGAGCG
13-CCTCGAAAACCG	STREME-13	Chr7_8117964_8118064	42	53	-	10.8667	1.93e-05	0.0676	CCTCGGAGAGCG
13-CCTCGAAAACCG	STREME-13	Chr10_20148052_20148152	42	53	-	10.84	1.97e-05	0.069	CCTCGAATATTG
13-CCTCGAAAACCG	STREME-13	Chr12_12471341_12471441	28	39	+	10.76	2.06e-05	0.0719	CATGAAAAATCG
13-CCTCGAAAACCG	STREME-13	Chr15_4541300_4541400	34	45	-	10.7067	2.12e-05	0.0738	CCTCGATAACTG
13-CCTCGAAAACCG	STREME-13	Chr8_20517073_20517173	55	66	-	10.7067	2.12e-05	0.0738	CCTTGCAAAGCG
13-CCTCGAAAACCG	STREME-13	Chr5_20441801_20441901	44	55	+	10.68	2.13e-05	0.0738	CATCGTAAACTG
13-CCTCGAAAACCG	STREME-13	Chr8_19673707_19673807	40	51	-	10.68	2.13e-05	0.0738	CATCGTAAACTG
13-CCTCGAAAACCG	STREME-13	Chr11_493215_493315	80	91	-	10.68	2.13e-05	0.0738	CATCGTAAACTG
13-CCTCGAAAACCG	STREME-13	Chr1_22992446_22992546	54	65	-	10.6133	2.18e-05	0.0738	CCTCGAAGTGCG
13-CCTCGAAAACCG	STREME-13	Chr2_16999341_16999441	6	17	+	10.5733	2.23e-05	0.0738	CATCGTATATCG
13-CCTCGAAAACCG	STREME-13	Chr10_22320177_22320277	9	20	+	10.5733	2.23e-05	0.0738	CATCGTATATCG
13-CCTCGAAAACCG	STREME-13	Chr8_18169741_18169841	11	22	+	10.5733	2.23e-05	0.0738	CATCGTATATCG
13-CCTCGAAAACCG	STREME-13	Chr7_27817835_27817935	13	24	+	10.5733	2.23e-05	0.0738	CATCGTATATCG
13-CCTCGAAAACCG	STREME-13	Chr1_32502413_32502513	4	15	-	10.5733	2.23e-05	0.0738	CATCGTATATCG
13-CCTCGAAAACCG	STREME-13	Chr1_12958064_12958164	8	19	-	10.5733	2.23e-05	0.0738	CATCGTATATCG
13-CCTCGAAAACCG	STREME-13	Chr8_16775831_16775931	21	32	+	10.5733	2.23e-05	0.0738	CATCGTATATCG
13-CCTCGAAAACCG	STREME-13	Chr13_6445086_6445186	22	33	+	10.5733	2.23e-05	0.0738	CATCGTATATCG
13-CCTCGAAAACCG	STREME-13	Chr2_690135_690235	27	38	+	10.5733	2.23e-05	0.0738	CATCGTATATCG
13-CCTCGAAAACCG	STREME-13	Chr6_26228063_26228163	30	41	+	10.5733	2.23e-05	0.0738	CATCGTATATCG
13-CCTCGAAAACCG	STREME-13	Chr1_23371472_23371572	31	42	+	10.5733	2.23e-05	0.0738	CATCGTATATCG
13-CCTCGAAAACCG	STREME-13	Chr3_21544467_21544567	42	53	-	10.5733	2.23e-05	0.0738	CATCGTATATCG
13-CCTCGAAAACCG	STREME-13	Chr5_5572215_5572315	42	53	-	10.5733	2.23e-05	0.0738	CATCGTATATCG
13-CCTCGAAAACCG	STREME-13	Chr9_11122147_11122247	46	57	-	10.5733	2.23e-05	0.0738	CATCGTATATCG
13-CCTCGAAAACCG	STREME-13	Chr12_14683088_14683188	47	58	-	10.5733	2.23e-05	0.0738	CATCGAAACTCG
13-CCTCGAAAACCG	STREME-13	Chr5_14805492_14805592	54	65	-	10.5733	2.23e-05	0.0738	CATCGTATATCG
13-CCTCGAAAACCG	STREME-13	Chr10_27680152_27680252	70	81	+	10.5733	2.23e-05	0.0738	CATCGTATATCG
13-CCTCGAAAACCG	STREME-13	Chr13_3939360_3939460	60	71	-	10.5733	2.23e-05	0.0738	CATCGTATATCG
13-CCTCGAAAACCG	STREME-13	Chr1_18440584_18440684	61	72	-	10.5733	2.23e-05	0.0738	CATCGTATATCG
13-CCTCGAAAACCG	STREME-13	Chr7_11446918_11447018	66	77	-	10.5733	2.23e-05	0.0738	CATCGTATATCG
13-CCTCGAAAACCG	STREME-13	Chr4_9517238_9517338	74	85	-	10.5733	2.23e-05	0.0738	CATCGTATATCG
13-CCTCGAAAACCG	STREME-13	Chr3_31135933_31136033	79	90	-	10.5733	2.23e-05	0.0738	CATCGTATATCG
13-CCTCGAAAACCG	STREME-13	Chr11_14207599_14207699	81	92	-	10.5733	2.23e-05	0.0738	CATCGTATATCG
13-CCTCGAAAACCG	STREME-13	Chr9_16568197_16568297	87	98	-	10.5733	2.23e-05	0.0738	CATCGTATATCG
13-CCTCGAAAACCG	STREME-13	Chr12_15781254_15781354	22	33	+	10.5467	2.27e-05	0.0751	CCTCGGAAGTCG
13-CCTCGAAAACCG	STREME-13	Chr3_9797875_9797975	47	58	+	10.5467	2.27e-05	0.0751	CGTCGAAGAGCG
13-CCTCGAAAACCG	STREME-13	Chr2_6034894_6034994	73	84	-	10.5333	2.29e-05	0.0755	CATCGGAGACCG
13-CCTCGAAAACCG	STREME-13	Chr3_25960741_25960841	5	16	+	10.4667	2.33e-05	0.0764	CCTCGGAAATTG
13-CCTCGAAAACCG	STREME-13	Chr3_106959_107059	17	28	-	10.4667	2.33e-05	0.0764	CCTCGGAAATTG
13-CCTCGAAAACCG	STREME-13	Chr15_21906446_21906546	46	57	-	10.4667	2.33e-05	0.0764	CCTCGGAAATTG
13-CCTCGAAAACCG	STREME-13	Chr4_31563900_31564000	61	72	+	10.4667	2.33e-05	0.0764	CCTGGTAGACCG
13-CCTCGAAAACCG	STREME-13	Chr7_18632151_18632251	39	50	+	10.4533	2.34e-05	0.0764	CATTGAAATTCG
13-CCTCGAAAACCG	STREME-13	Chr7_18689571_18689671	54	65	+	10.4533	2.34e-05	0.0764	CATTGAAATTCG
13-CCTCGAAAACCG	STREME-13	Chr7_19779256_19779356	76	87	+	10.4533	2.34e-05	0.0764	CATTGAAATTCG
13-CCTCGAAAACCG	STREME-13	Chr10_16709149_16709249	7	18	+	10.4133	2.38e-05	0.0776	CATTGGAAAGCG
13-CCTCGAAAACCG	STREME-13	Chr8_2312404_2312504	63	74	+	10.4	2.39e-05	0.0776	CCTCGGAAAACG
13-CCTCGAAAACCG	STREME-13	Chr12_23250305_23250405	13	24	+	10.2933	2.43e-05	0.0788	CCTTGGAATCCG
13-CCTCGAAAACCG	STREME-13	Chr1_6673304_6673404	52	63	-	10.2933	2.43e-05	0.0788	CCTTGGAATCCG
13-CCTCGAAAACCG	STREME-13	Chr2_1441953_1442053	10	21	-	10.28	2.45e-05	0.0791	CGTGAAAAACCG
13-CCTCGAAAACCG	STREME-13	Chr4_10220160_10220260	27	38	+	10.28	2.45e-05	0.0791	CGTGAAAAACCG
13-CCTCGAAAACCG	STREME-13	Chr6_24479262_24479362	79	90	+	10.28	2.45e-05	0.0791	CATCGTATAGCG
13-CCTCGAAAACCG	STREME-13	Chr2_5029596_5029696	51	62	-	10.2667	2.48e-05	0.0799	CATTGAGAACCG
13-CCTCGAAAACCG	STREME-13	Chr3_31087462_31087562	8	19	+	10.2133	2.57e-05	0.0822	CCTCGAAATTTG
13-CCTCGAAAACCG	STREME-13	Chr14_3655179_3655279	45	56	-	10.2133	2.57e-05	0.0822	CCTCGAAATTTG
13-CCTCGAAAACCG	STREME-13	Chr14_17568749_17568849	47	58	-	10.2133	2.57e-05	0.0822	CCTCGAAATTTG
13-CCTCGAAAACCG	STREME-13	Chr15_4312044_4312144	71	82	+	10.2133	2.57e-05	0.0822	CCTCGAAATTTG
13-CCTCGAAAACCG	STREME-13	Chr9_4510684_4510784	55	66	+	10.1867	2.59e-05	0.0826	CCTTAACAACCG
13-CCTCGAAAACCG	STREME-13	Chr12_19494342_19494442	38	49	-	10.1733	2.61e-05	0.0826	CATGGAAATTCG
13-CCTCGAAAACCG	STREME-13	Chr12_10114756_10114856	32	43	+	10.16	2.62e-05	0.0826	CCTCGTATTCCG
13-CCTCGAAAACCG	STREME-13	Chr13_13959548_13959648	53	64	+	10.16	2.62e-05	0.0826	CATTGAAATGCG
13-CCTCGAAAACCG	STREME-13	Chr8_2209725_2209825	46	57	-	10.1467	2.65e-05	0.0826	CGTCGAAAATTG
13-CCTCGAAAACCG	STREME-13	Chr1_32841706_32841806	6	17	+	10.1067	2.71e-05	0.0826	TCTCGAAAACCG
13-CCTCGAAAACCG	STREME-13	Chr4_23900806_23900906	25	36	+	10.1067	2.71e-05	0.0826	ACTCGAAAACCG
13-CCTCGAAAACCG	STREME-13	Chr12_10639818_10639918	28	39	+	10.1067	2.71e-05	0.0826	ACTCGAAAACCG
13-CCTCGAAAACCG	STREME-13	Chr2_6656004_6656104	28	39	+	10.1067	2.71e-05	0.0826	CCTCGAAAACCA
13-CCTCGAAAACCG	STREME-13	Chr1_37122898_37122998	32	43	+	10.1067	2.71e-05	0.0826	TCTCGAAAACCG
13-CCTCGAAAACCG	STREME-13	Chr1_39080020_39080120	33	44	+	10.1067	2.71e-05	0.0826	ACTCGAAAACCG
13-CCTCGAAAACCG	STREME-13	Chr1_15108825_15108925	28	39	-	10.1067	2.71e-05	0.0826	TCTCGAAAACCG
13-CCTCGAAAACCG	STREME-13	Chr6_1421902_1422002	39	50	+	10.1067	2.71e-05	0.0826	ACTCGAAAACCG
13-CCTCGAAAACCG	STREME-13	Chr1_28529322_28529422	44	55	+	10.1067	2.71e-05	0.0826	ACTCGAAAACCG
13-CCTCGAAAACCG	STREME-13	Chr9_15054537_15054637	37	48	-	10.1067	2.71e-05	0.0826	ACTCGAAAACCG
13-CCTCGAAAACCG	STREME-13	Chr1_1515570_1515670	38	49	-	10.1067	2.71e-05	0.0826	ACTCGAAAACCG
13-CCTCGAAAACCG	STREME-13	Chr6_21255740_21255840	51	62	+	10.1067	2.71e-05	0.0826	ACTCGAAAACCG
13-CCTCGAAAACCG	STREME-13	Chr14_5226547_5226647	47	58	-	10.1067	2.71e-05	0.0826	CCTCGAGAGCCG
13-CCTCGAAAACCG	STREME-13	Chr1_40420633_40420733	58	69	+	10.1067	2.71e-05	0.0826	ACTCGAAAACCG
13-CCTCGAAAACCG	STREME-13	Chr3_10542252_10542352	48	59	-	10.1067	2.71e-05	0.0826	ACTCGAAAACCG
13-CCTCGAAAACCG	STREME-13	Chr5_16169202_16169302	48	59	-	10.1067	2.71e-05	0.0826	TCTCGAAAACCG
13-CCTCGAAAACCG	STREME-13	Chr2_29806475_29806575	63	74	+	10.1067	2.71e-05	0.0826	ACTCGAAAACCG
13-CCTCGAAAACCG	STREME-13	Chr14_7426282_7426382	69	80	+	10.1067	2.71e-05	0.0826	ACTCGAAAACCG
13-CCTCGAAAACCG	STREME-13	Chr6_7263284_7263384	69	80	+	10.1067	2.71e-05	0.0826	ACTCGAAAACCG
13-CCTCGAAAACCG	STREME-13	Chr5_31969093_31969193	63	74	-	10.1067	2.71e-05	0.0826	ACTCGAAAACCG
13-CCTCGAAAACCG	STREME-13	Chr14_22456352_22456452	81	92	+	10.1067	2.71e-05	0.0826	CCTCAAAAACAG
13-CCTCGAAAACCG	STREME-13	Chr14_1911836_1911936	82	93	+	10.1067	2.71e-05	0.0826	CCTCAAAAACAG
13-CCTCGAAAACCG	STREME-13	Chr14_18117760_18117860	80	91	-	10.1067	2.71e-05	0.0826	CCTCGAAAACCA
13-CCTCGAAAACCG	STREME-13	Chr9_17788318_17788418	81	92	-	10.1067	2.71e-05	0.0826	ACTCGAAAACCG
13-CCTCGAAAACCG	STREME-13	Chr5_9969591_9969691	53	64	-	10.0933	2.72e-05	0.083	CCTCGTGAAGCG
13-CCTCGAAAACCG	STREME-13	Chr11_4344730_4344830	36	47	-	10.0267	2.79e-05	0.0847	CCTCGAGAACTG
13-CCTCGAAAACCG	STREME-13	Chr5_2904788_2904888	36	47	-	10.0267	2.79e-05	0.0847	CCTCGAGAACTG
13-CCTCGAAAACCG	STREME-13	Chr5_26286362_26286462	21	32	+	9.98667	2.81e-05	0.0848	CATGGAGAACCG
13-CCTCGAAAACCG	STREME-13	Chr2_25789487_25789587	52	63	+	9.98667	2.81e-05	0.0848	CATGGAGAACCG
13-CCTCGAAAACCG	STREME-13	Chr9_24658282_24658382	70	81	-	9.98667	2.81e-05	0.0848	CATGGAGAACCG
13-CCTCGAAAACCG	STREME-13	Chr9_24636964_24637064	70	81	-	9.98667	2.81e-05	0.0848	CATGGAGAACCG
13-CCTCGAAAACCG	STREME-13	Chr9_15534537_15534637	39	50	+	9.97333	2.83e-05	0.0854	CCTCGATATTCG
13-CCTCGAAAACCG	STREME-13	Chr10_14889777_14889877	77	88	-	9.97333	2.83e-05	0.0854	CCTCGATATTCG
13-CCTCGAAAACCG	STREME-13	Chr1_49500798_49500898	21	32	+	9.94667	2.87e-05	0.0862	CCTTGAAACTCG
13-CCTCGAAAACCG	STREME-13	Chr6_14088878_14088978	50	61	-	9.93333	2.89e-05	0.0867	CATCAATAACCG
13-CCTCGAAAACCG	STREME-13	Chr1_47012433_47012533	8	19	+	9.92	2.91e-05	0.0867	CCTCGAAATGTG
13-CCTCGAAAACCG	STREME-13	Chr1_44005494_44005594	17	28	+	9.92	2.91e-05	0.0867	CCTCGAAATGTG
13-CCTCGAAAACCG	STREME-13	Chr10_81154_81254	48	59	+	9.92	2.91e-05	0.0867	CCTCGAAATGTG
13-CCTCGAAAACCG	STREME-13	Chr2_21373120_21373220	51	62	-	9.92	2.91e-05	0.0867	CCTCGAAATGTG
13-CCTCGAAAACCG	STREME-13	Chr15_2055269_2055369	34	45	-	9.85333	3e-05	0.0893	CCTTGGCAACCG
13-CCTCGAAAACCG	STREME-13	Chr3_21034232_21034332	81	92	-	9.82667	3.02e-05	0.09	CCCCAAAAATCG
13-CCTCGAAAACCG	STREME-13	Chr12_9350025_9350125	46	57	-	9.76	3.07e-05	0.0913	CATCGTGAACCG
13-CCTCGAAAACCG	STREME-13	Chr8_6198605_6198705	72	83	+	9.69333	3.14e-05	0.0931	CCTCACAAAGCG
13-CCTCGAAAACCG	STREME-13	Chr10_8173141_8173241	16	27	-	9.66667	3.16e-05	0.0937	CCTTGAATGCCG
13-CCTCGAAAACCG	STREME-13	Chr3_26201165_26201265	41	52	+	9.65333	3.19e-05	0.0942	CATCGTAATGCG
13-CCTCGAAAACCG	STREME-13	Chr12_3914271_3914371	50	61	+	9.65333	3.19e-05	0.0942	CATCGTAATGCG
13-CCTCGAAAACCG	STREME-13	Chr8_26026242_26026342	62	73	-	9.64	3.2e-05	0.0944	CATAGAAATCCG
13-CCTCGAAAACCG	STREME-13	Chr15_20545346_20545446	51	62	+	9.62667	3.22e-05	0.0948	CCTCGAGTAGCG
13-CCTCGAAAACCG	STREME-13	Chr9_23501030_23501130	41	52	-	9.58667	3.29e-05	0.0965	CCTCGATGATCG
13-CCTCGAAAACCG	STREME-13	Chr14_14000067_14000167	59	70	-	9.58667	3.29e-05	0.0965	CCTAGAAGAGCG
13-CCTCGAAAACCG	STREME-13	Chr4_23286848_23286948	14	25	-	9.56	3.3e-05	0.0965	CATCGTAGATCG
13-CCTCGAAAACCG	STREME-13	Chr9_13559799_13559899	35	46	+	9.56	3.3e-05	0.0965	CATCGTAGATCG
13-CCTCGAAAACCG	STREME-13	Chr1_16262609_16262709	67	78	+	9.56	3.3e-05	0.0965	CATCGTAGATCG
13-CCTCGAAAACCG	STREME-13	Chr7_29745529_29745629	52	63	+	9.54667	3.32e-05	0.0965	CCTCGGGAATCG
13-CCTCGAAAACCG	STREME-13	Chr3_13399046_13399146	49	60	-	9.54667	3.32e-05	0.0965	CCTCGGGAATCG
13-CCTCGAAAACCG	STREME-13	Chr11_12045601_12045701	52	63	-	9.54667	3.32e-05	0.0965	CCTCGGGAATCG
13-CCTCGAAAACCG	STREME-13	Chr3_7632331_7632431	45	56	-	9.48	3.37e-05	0.0981	CATCGAATTTCG
13-CCTCGAAAACCG	STREME-13	Chr3_27271112_27271212	54	65	+	9.45333	3.39e-05	0.0984	CATTGAAAGTCG
13-CCTCGAAAACCG	STREME-13	Chr3_36681690_36681790	7	18	-	9.44	3.42e-05	0.099	CATCAAAATTCG
13-CCTCGAAAACCG	STREME-13	Chr15_3552837_3552937	67	78	+	9.44	3.42e-05	0.099	CCTCGTAACTCG
13-CCTCGAAAACCG	STREME-13	Chr7_26548126_26548226	59	70	-	9.34667	3.49e-05	0.101	CATCGATATCCG
13-CCTCGAAAACCG	STREME-13	Chr3_1961886_1961986	31	42	+	9.29333	3.58e-05	0.103	CCTTGGAAGCCG
13-CCTCGAAAACCG	STREME-13	Chr10_9611443_9611543	61	72	-	9.29333	3.58e-05	0.103	CCTCGAGATTCG
13-CCTCGAAAACCG	STREME-13	Chr4_4879996_4880096	84	95	-	9.26667	3.62e-05	0.104	CCTGAAAAACTG
13-CCTCGAAAACCG	STREME-13	Chr15_14322838_14322938	59	70	+	9.21333	3.69e-05	0.106	CCTTGGAAACTG
13-CCTCGAAAACCG	STREME-13	Chr6_4089504_4089604	66	77	+	9.18667	3.73e-05	0.107	CATCGAATTGCG
13-CCTCGAAAACCG	STREME-13	Chr14_4672909_4673009	60	71	+	9.16	3.76e-05	0.108	CATTGAAAGGCG
13-CCTCGAAAACCG	STREME-13	Chr11_1183976_1184076	44	55	+	9.09333	3.87e-05	0.11	CCTCGAAGACCT
13-CCTCGAAAACCG	STREME-13	Chr1_20505277_20505377	64	75	+	9.09333	3.87e-05	0.11	CCTCGTCATCCG
13-CCTCGAAAACCG	STREME-13	Chr9_27699435_27699535	88	99	+	9.09333	3.87e-05	0.11	CCTCGTCATCCG
13-CCTCGAAAACCG	STREME-13	Chr14_17916278_17916378	54	65	+	9.06667	3.91e-05	0.111	CCTCGAAAAATG
13-CCTCGAAAACCG	STREME-13	Chr5_22030731_22030831	57	68	-	9.06667	3.91e-05	0.111	CCTCGAAAAATG
13-CCTCGAAAACCG	STREME-13	Chr6_28717851_28717951	90	101	+	9.06667	3.91e-05	0.111	CCTTAGAAATCG
13-CCTCGAAAACCG	STREME-13	Chr4_18210576_18210676	36	47	+	9.02667	3.99e-05	0.113	CATGGAAAAACG
13-CCTCGAAAACCG	STREME-13	Chr4_5313353_5313453	33	44	-	9.02667	3.99e-05	0.113	CATGGAAAAACG
13-CCTCGAAAACCG	STREME-13	Chr12_6063599_6063699	65	76	+	9.02667	3.99e-05	0.113	CATGGAAAAACG
13-CCTCGAAAACCG	STREME-13	Chr5_32580701_32580801	66	77	+	9	4.02e-05	0.114	CGTCGAATTCCG
13-CCTCGAAAACCG	STREME-13	Chr1_47237583_47237683	62	73	-	8.98667	4.03e-05	0.114	CCTGGAAAATCT
13-CCTCGAAAACCG	STREME-13	Chr11_928411_928511	39	50	-	8.97333	4.07e-05	0.114	CCTTGGTAACCG
13-CCTCGAAAACCG	STREME-13	Chr2_33764459_33764559	62	73	+	8.97333	4.07e-05	0.114	CCTTGAAAAGCT
13-CCTCGAAAACCG	STREME-13	Chr4_19104888_19104988	4	15	-	8.96	4.09e-05	0.115	CCTTGAAATCTG
13-CCTCGAAAACCG	STREME-13	Chr11_2615487_2615587	36	47	+	8.89333	4.18e-05	0.117	CCTCGATAATTG
13-CCTCGAAAACCG	STREME-13	Chr2_2072860_2072960	37	48	-	8.89333	4.18e-05	0.117	CCTCGATAATTG
13-CCTCGAAAACCG	STREME-13	Chr13_15429598_15429698	61	72	+	8.89333	4.18e-05	0.117	CCTAGAAAAGTG
13-CCTCGAAAACCG	STREME-13	Chr7_20998123_20998223	75	86	+	8.89333	4.18e-05	0.117	CCTCGATAATTG
13-CCTCGAAAACCG	STREME-13	Chr9_7318196_7318296	71	82	+	8.86667	4.22e-05	0.117	CATCGTAAATTG
13-CCTCGAAAACCG	STREME-13	Chr2_25259584_25259684	65	76	-	8.86667	4.22e-05	0.117	CATCGTAAATTG
13-CCTCGAAAACCG	STREME-13	Chr13_20345723_20345823	41	52	+	8.81333	4.3e-05	0.119	CATCGGAATGCG
13-CCTCGAAAACCG	STREME-13	Chr3_11560030_11560130	17	28	+	8.8	4.33e-05	0.12	CATGGAAAAGTG
13-CCTCGAAAACCG	STREME-13	Chr10_23756335_23756435	34	45	+	8.8	4.33e-05	0.12	CATGGAAAAGTG
13-CCTCGAAAACCG	STREME-13	Chr7_8003187_8003287	29	40	-	8.8	4.33e-05	0.12	CATGGAAAAGTG
13-CCTCGAAAACCG	STREME-13	Chr2_12306614_12306714	50	61	-	8.8	4.33e-05	0.12	CATCGTAAAACG
13-CCTCGAAAACCG	STREME-13	Chr13_16682958_16683058	18	29	+	8.64	4.55e-05	0.126	CATTGAAAACCT
13-CCTCGAAAACCG	STREME-13	Chr10_23091297_23091397	48	59	-	8.62667	4.59e-05	0.126	CGTCGGAATCCG
13-CCTCGAAAACCG	STREME-13	Chr12_15442827_15442927	56	67	-	8.62667	4.59e-05	0.126	CTTCGAAAATCG
13-CCTCGAAAACCG	STREME-13	Chr4_34464671_34464771	67	78	-	8.62667	4.59e-05	0.126	CGTCGGAATCCG
13-CCTCGAAAACCG	STREME-13	Chr7_13690759_13690859	88	99	+	8.62667	4.59e-05	0.126	CGTCGGAATCCG
13-CCTCGAAAACCG	STREME-13	Chr1_26165331_26165431	32	43	-	8.61333	4.62e-05	0.127	CCTCGAGGAGCG
13-CCTCGAAAACCG	STREME-13	Chr15_3054285_3054385	51	62	-	8.56	4.72e-05	0.129	CCTTGAATTGCG
13-CCTCGAAAACCG	STREME-13	Chr5_32971538_32971638	73	84	+	8.56	4.72e-05	0.129	CCTTGAATTGCG
13-CCTCGAAAACCG	STREME-13	Chr15_18649584_18649684	15	26	-	8.52	4.75e-05	0.129	CCTTGACAACTG
13-CCTCGAAAACCG	STREME-13	Chr1_43682274_43682374	47	58	-	8.52	4.75e-05	0.129	CCTTGACAACTG
13-CCTCGAAAACCG	STREME-13	Chr4_30633970_30634070	67	78	+	8.52	4.75e-05	0.129	CCTTGACAACTG
13-CCTCGAAAACCG	STREME-13	Chr3_10438590_10438690	90	101	+	8.52	4.75e-05	0.129	CGTCAACAACCG
13-CCTCGAAAACCG	STREME-13	Chr12_13468536_13468636	12	23	+	8.48	4.82e-05	0.13	CCTTGGAATTCG
13-CCTCGAAAACCG	STREME-13	Chr15_11201502_11201602	78	89	+	8.48	4.82e-05	0.13	CCTTGGAATTCG
13-CCTCGAAAACCG	STREME-13	Chr13_20993714_20993814	89	100	-	8.48	4.82e-05	0.13	CCTTGGAATTCG
13-CCTCGAAAACCG	STREME-13	Chr13_22923547_22923647	22	33	-	8.45333	4.88e-05	0.132	CCTAGAAAACCT
13-CCTCGAAAACCG	STREME-13	Chr2_23959801_23959901	48	59	-	8.45333	4.88e-05	0.132	CCTGACAAACCG
13-CCTCGAAAACCG	STREME-13	Chr8_21669263_21669363	26	37	+	8.42667	4.92e-05	0.132	CCTCGAACAGCG
13-CCTCGAAAACCG	STREME-13	Chr11_6067430_6067530	33	44	+	8.42667	4.92e-05	0.132	CATCGGAGAGCG
13-CCTCGAAAACCG	STREME-13	Chr10_11343783_11343883	1	12	+	8.41333	4.95e-05	0.133	CGTTGGAAATCG
13-CCTCGAAAACCG	STREME-13	Chr9_23695198_23695298	3	14	+	8.4	4.99e-05	0.134	CATCGAATATTG
13-CCTCGAAAACCG	STREME-13	Chr12_13836419_13836519	6	17	+	8.36	5.05e-05	0.135	CATGGAAAACCT
13-CCTCGAAAACCG	STREME-13	Chr12_12522103_12522203	34	45	+	8.33333	5.12e-05	0.137	CATCGAATAACG
13-CCTCGAAAACCG	STREME-13	Chr7_28491888_28491988	9	20	+	8.29333	5.26e-05	0.14	GCTCGAAAATCG
13-CCTCGAAAACCG	STREME-13	Chr2_33740244_33740344	48	59	-	8.29333	5.26e-05	0.14	GCTCGAAAATCG
13-CCTCGAAAACCG	STREME-13	Chr7_10556926_10557026	57	68	-	8.29333	5.26e-05	0.14	ACTCGAAAATCG
13-CCTCGAAAACCG	STREME-13	Chr1_5237043_5237143	28	39	+	8.25333	5.34e-05	0.142	CCTCGCAAAACG
13-CCTCGAAAACCG	STREME-13	Chr5_11463492_11463592	58	69	-	8.25333	5.34e-05	0.142	CCTCGCAAAACG
13-CCTCGAAAACCG	STREME-13	Chr5_33906052_33906152	71	82	+	8.25333	5.34e-05	0.142	CCTCAAAAATCT
13-CCTCGAAAACCG	STREME-13	Chr14_682853_682953	76	87	+	8.25333	5.34e-05	0.142	CCTCGCAAAACG
13-CCTCGAAAACCG	STREME-13	Chr11_587889_587989	53	64	-	8.2	5.43e-05	0.144	CCTGGGAATTCG
13-CCTCGAAAACCG	STREME-13	Chr12_9494765_9494865	47	58	+	8.18667	5.46e-05	0.144	CCTTGGAATGCG
13-CCTCGAAAACCG	STREME-13	Chr13_23465137_23465237	21	32	+	8.17333	5.49e-05	0.144	CATGGAGAATCG
13-CCTCGAAAACCG	STREME-13	Chr9_9971709_9971809	55	66	-	8.17333	5.49e-05	0.144	CATGGAGAATCG
13-CCTCGAAAACCG	STREME-13	Chr3_25167278_25167378	64	75	-	8.17333	5.49e-05	0.144	CATCGAAGTGCG
13-CCTCGAAAACCG	STREME-13	Chr1_46098806_46098906	72	83	-	8.17333	5.49e-05	0.144	CCTTGTAAAACG
13-CCTCGAAAACCG	STREME-13	Chr10_1225414_1225514	28	39	+	8.16	5.54e-05	0.145	CCTCGTGTACCG
13-CCTCGAAAACCG	STREME-13	Chr8_23201797_23201897	32	43	+	8.16	5.54e-05	0.145	CATGAGAAACCG
13-CCTCGAAAACCG	STREME-13	Chr11_25429829_25429929	17	28	+	8.14667	5.57e-05	0.146	CATCAAAAGGCG
13-CCTCGAAAACCG	STREME-13	Chr10_3082985_3083085	54	65	-	8.12	5.63e-05	0.147	CGTTGGAAAGCG
13-CCTCGAAAACCG	STREME-13	Chr11_6334973_6335073	66	77	-	8.10667	5.67e-05	0.148	CATCGGAAGTCG
13-CCTCGAAAACCG	STREME-13	Chr9_28899016_28899116	30	41	+	8.06667	5.74e-05	0.15	CCCCATAAACCG
13-CCTCGAAAACCG	STREME-13	Chr2_24057280_24057380	51	62	-	8.06667	5.74e-05	0.15	CCCCATAAACCG
13-CCTCGAAAACCG	STREME-13	Chr5_34110472_34110572	48	59	+	8.04	5.78e-05	0.151	CCTCGAAAAGGG
13-CCTCGAAAACCG	STREME-13	Chr14_23378473_23378573	41	52	-	8.02667	5.81e-05	0.151	CCTCGCAAAGTG
13-CCTCGAAAACCG	STREME-13	Chr4_15288831_15288931	76	87	+	8.02667	5.81e-05	0.151	CATCGGAAATTG
13-CCTCGAAAACCG	STREME-13	Chr2_9327103_9327203	27	38	+	8	5.88e-05	0.152	ACTCGAAAAGCG
13-CCTCGAAAACCG	STREME-13	Chr8_10832038_10832138	29	40	+	8	5.88e-05	0.152	TCTCGAAAAGCG
13-CCTCGAAAACCG	STREME-13	Chr6_2449429_2449529	44	55	-	8	5.88e-05	0.152	ACTCGAAAAGCG
13-CCTCGAAAACCG	STREME-13	Chr6_20305511_20305611	46	57	-	8	5.88e-05	0.152	TCTCGAAAAGCG
13-CCTCGAAAACCG	STREME-13	Chr10_9074926_9075026	72	83	-	7.92	6.07e-05	0.157	CCTCGGAAATCT
13-CCTCGAAAACCG	STREME-13	Chr10_4356537_4356637	18	29	-	7.90667	6.09e-05	0.157	CATGAAAATCCG
13-CCTCGAAAACCG	STREME-13	Chr5_28112916_28113016	52	63	-	7.90667	6.09e-05	0.157	CCTGGGAATGCG
13-CCTCGAAAACCG	STREME-13	Chr8_9265469_9265569	10	21	-	7.86667	6.14e-05	0.158	CCTCATCAATCG
13-CCTCGAAAACCG	STREME-13	Chr13_23838233_23838333	77	88	+	7.85333	6.16e-05	0.158	CCTTGAATGTCG
13-CCTCGAAAACCG	STREME-13	Chr7_23522546_23522646	10	21	-	7.84	6.18e-05	0.158	CGTGGGAAAGCG
13-CCTCGAAAACCG	STREME-13	Chr3_34912172_34912272	51	62	+	7.77333	6.31e-05	0.161	CATCGAAATTTG
13-CCTCGAAAACCG	STREME-13	Chr15_2486566_2486666	79	90	-	7.77333	6.31e-05	0.161	CCTTGAATATTG
13-CCTCGAAAACCG	STREME-13	Chr8_22849665_22849765	83	94	-	7.72	6.4e-05	0.163	CCTTGATAGCCG
13-CCTCGAAAACCG	STREME-13	Chr6_23269456_23269556	71	82	+	7.70667	6.45e-05	0.164	CCTTGAATAACG
13-CCTCGAAAACCG	STREME-13	Chr1_28241034_28241134	37	48	-	7.66667	6.57e-05	0.167	GATCGAAAACCG
13-CCTCGAAAACCG	STREME-13	Chr11_6067430_6067530	58	69	+	7.66667	6.57e-05	0.167	CCTCGAAGCGCG
13-CCTCGAAAACCG	STREME-13	Chr15_8789045_8789145	65	76	-	7.66667	6.57e-05	0.167	CCTCGAAGCGCG
13-CCTCGAAAACCG	STREME-13	Chr10_18159055_18159155	7	18	+	7.64	6.62e-05	0.168	CCTTGATAACTG
13-CCTCGAAAACCG	STREME-13	Chr2_897261_897361	45	56	+	7.64	6.62e-05	0.168	CATAGAGAACCG
13-CCTCGAAAACCG	STREME-13	Chr7_15570540_15570640	66	77	-	7.62667	6.66e-05	0.168	CATCAAAAACCT
13-CCTCGAAAACCG	STREME-13	Chr6_21703751_21703851	29	40	-	7.61333	6.69e-05	0.169	CATTGTAAACTG
13-CCTCGAAAACCG	STREME-13	Chr3_10553254_10553354	51	62	-	7.61333	6.69e-05	0.169	CCTCGGAATCTG
13-CCTCGAAAACCG	STREME-13	Chr14_10363947_10364047	68	79	-	7.58667	6.75e-05	0.17	CATCGCATATCG
13-CCTCGAAAACCG	STREME-13	Chr9_4064553_4064653	52	63	+	7.57333	6.76e-05	0.17	CCTCATCAAGCG
13-CCTCGAAAACCG	STREME-13	Chr1_15478711_15478811	10	21	+	7.54667	6.82e-05	0.17	CCTCAAATTGCG
13-CCTCGAAAACCG	STREME-13	Chr4_6856854_6856954	4	15	-	7.54667	6.82e-05	0.17	CGTCGGAAACTG
13-CCTCGAAAACCG	STREME-13	Chr2_22393419_22393519	22	33	+	7.54667	6.82e-05	0.17	CCTCAAATTGCG
13-CCTCGAAAACCG	STREME-13	Chr6_2554195_2554295	24	35	-	7.54667	6.82e-05	0.17	CCTCAAATTGCG
13-CCTCGAAAACCG	STREME-13	Chr5_11565354_11565454	32	43	-	7.54667	6.82e-05	0.17	CCTCAAATTGCG
13-CCTCGAAAACCG	STREME-13	Chr13_19952789_19952889	45	56	-	7.54667	6.82e-05	0.17	CGTCGGAAACTG
13-CCTCGAAAACCG	STREME-13	Chr3_20400046_20400146	57	68	+	7.54667	6.82e-05	0.17	CGTCGGAAACTG
13-CCTCGAAAACCG	STREME-13	Chr15_4736310_4736410	75	86	-	7.54667	6.82e-05	0.17	CGTCGGAAACTG
13-CCTCGAAAACCG	STREME-13	Chr11_11315827_11315927	79	90	-	7.54667	6.82e-05	0.17	CCTCAAATTGCG
13-CCTCGAAAACCG	STREME-13	Chr13_21297071_21297171	38	49	-	7.53333	6.85e-05	0.17	CCTCGTGATCCG
13-CCTCGAAAACCG	STREME-13	Chr1_46876867_46876967	44	55	-	7.53333	6.85e-05	0.17	CCTTGATTATCG
13-CCTCGAAAACCG	STREME-13	Chr14_21466194_21466294	14	25	+	7.50667	6.92e-05	0.171	CATTGTATATCG
13-CCTCGAAAACCG	STREME-13	Chr1_44060603_44060703	27	38	+	7.50667	6.92e-05	0.171	CATTGAAACTCG
13-CCTCGAAAACCG	STREME-13	Chr2_27741857_27741957	84	95	-	7.50667	6.92e-05	0.171	CATTGTATATCG
13-CCTCGAAAACCG	STREME-13	Chr1_41969108_41969208	26	37	+	7.48	6.99e-05	0.172	CCTTGGAAGTCG
13-CCTCGAAAACCG	STREME-13	Chr10_4862206_4862306	51	62	-	7.48	6.99e-05	0.172	CGTTGAAGAGCG
13-CCTCGAAAACCG	STREME-13	Chr1_28218320_28218420	20	31	+	7.46667	7.04e-05	0.172	CATCGAAGGTCG
13-CCTCGAAAACCG	STREME-13	Chr2_27327176_27327276	24	35	+	7.46667	7.04e-05	0.172	CATCGAAGGTCG
13-CCTCGAAAACCG	STREME-13	Chr15_23151304_23151404	36	47	+	7.46667	7.04e-05	0.172	CATCGAAGGTCG
13-CCTCGAAAACCG	STREME-13	Chr1_14831821_14831921	38	49	+	7.46667	7.04e-05	0.172	CATTGGAGACCG
13-CCTCGAAAACCG	STREME-13	Chr5_16545011_16545111	62	73	+	7.46667	7.04e-05	0.172	CATCGAAGGTCG
13-CCTCGAAAACCG	STREME-13	Chr5_17045696_17045796	64	75	+	7.46667	7.04e-05	0.172	CATCGAAGGTCG
13-CCTCGAAAACCG	STREME-13	Chr10_12740545_12740645	76	87	+	7.46667	7.04e-05	0.172	CATCGAAGGTCG
13-CCTCGAAAACCG	STREME-13	Chr3_32293820_32293920	56	67	-	7.42667	7.13e-05	0.174	CCTGGAATAACG
13-CCTCGAAAACCG	STREME-13	Chr6_4665575_4665675	29	40	-	7.4	7.19e-05	0.175	CCTTGGAAATTG
13-CCTCGAAAACCG	STREME-13	Chr1_38608494_38608594	42	53	-	7.4	7.19e-05	0.175	CCTTGGAAATTG
13-CCTCGAAAACCG	STREME-13	Chr4_23259938_23260038	43	54	-	7.34667	7.29e-05	0.177	CCCCGCAAATCG
13-CCTCGAAAACCG	STREME-13	Chr12_24564232_24564332	69	80	-	7.34667	7.29e-05	0.177	CCCCGCAAATCG
13-CCTCGAAAACCG	STREME-13	Chr6_20089193_20089293	59	70	+	7.33333	7.32e-05	0.178	CCTTGGAAAACG
13-CCTCGAAAACCG	STREME-13	Chr3_11867426_11867526	68	79	+	7.33333	7.32e-05	0.178	CATGGTAAACTG
13-CCTCGAAAACCG	STREME-13	Chr13_15141838_15141938	21	32	+	7.32	7.36e-05	0.178	CCTCGAAGATAG
13-CCTCGAAAACCG	STREME-13	Chr6_23820963_23821063	30	41	+	7.32	7.36e-05	0.178	CCTCGAAGATAG
13-CCTCGAAAACCG	STREME-13	Chr5_21101019_21101119	30	41	+	7.32	7.36e-05	0.178	CCTCGAAGATAG
13-CCTCGAAAACCG	STREME-13	Chr1_6673304_6673404	42	53	+	7.32	7.36e-05	0.178	CCTCAATGACCG
13-CCTCGAAAACCG	STREME-13	Chr15_14096835_14096935	71	82	-	7.32	7.36e-05	0.178	CCTCGAAGATAG
13-CCTCGAAAACCG	STREME-13	Chr11_21542697_21542797	22	33	+	7.29333	7.41e-05	0.178	CATCGCATAGCG
13-CCTCGAAAACCG	STREME-13	Chr11_16002868_16002968	43	54	-	7.29333	7.41e-05	0.178	CGTCGAAATCTG
13-CCTCGAAAACCG	STREME-13	Chr2_24400507_24400607	29	40	-	7.28	7.44e-05	0.178	CCTAGGAGACCG
13-CCTCGAAAACCG	STREME-13	Chr5_14246164_14246264	50	61	+	7.28	7.44e-05	0.178	CCTAGGAGACCG
13-CCTCGAAAACCG	STREME-13	Chr6_22568526_22568626	42	53	-	7.28	7.44e-05	0.178	CCTAGGAGACCG
13-CCTCGAAAACCG	STREME-13	Chr10_6086181_6086281	70	81	+	7.28	7.44e-05	0.178	CCTGGAATGGCG
13-CCTCGAAAACCG	STREME-13	Chr15_12182466_12182566	30	41	-	7.24	7.53e-05	0.18	CATCGATATGCG
13-CCTCGAAAACCG	STREME-13	Chr6_5199643_5199743	28	39	-	7.2	7.66e-05	0.183	CCTCGTATAACG
13-CCTCGAAAACCG	STREME-13	Chr7_28639596_28639696	58	69	-	7.2	7.66e-05	0.183	CCTTAATAAGCG
13-CCTCGAAAACCG	STREME-13	Chr4_34592945_34593045	51	62	-	7.18667	7.7e-05	0.183	CCTTGGAAGGCG
13-CCTCGAAAACCG	STREME-13	Chr2_17724050_17724150	86	97	+	7.18667	7.7e-05	0.183	CCTTGGAAGGCG
13-CCTCGAAAACCG	STREME-13	Chr12_16705461_16705561	85	96	+	7.14667	7.83e-05	0.186	CCTTGAAATTTG
13-CCTCGAAAACCG	STREME-13	Chr14_4022706_4022806	84	95	-	7.14667	7.83e-05	0.186	CCTTGAAATTTG
13-CCTCGAAAACCG	STREME-13	Chr12_23463587_23463687	60	71	+	7.12	7.86e-05	0.186	CCTGGGAAATTG
13-CCTCGAAAACCG	STREME-13	Chr12_22952278_22952378	20	31	+	7.10667	7.9e-05	0.186	CATCGGGAATCG
13-CCTCGAAAACCG	STREME-13	Chr15_20597477_20597577	36	47	+	7.10667	7.9e-05	0.186	CCTTGGAAAGTG
13-CCTCGAAAACCG	STREME-13	Chr9_26738482_26738582	42	53	+	7.10667	7.9e-05	0.186	CCTTGGAAAGTG
13-CCTCGAAAACCG	STREME-13	Chr3_23485169_23485269	45	56	+	7.10667	7.9e-05	0.186	CCTCGCGAAGCG
13-CCTCGAAAACCG	STREME-13	Chr6_27786481_27786581	47	58	+	7.10667	7.9e-05	0.186	CATCGGGAATCG
13-CCTCGAAAACCG	STREME-13	Chr3_36177387_36177487	87	98	-	7.10667	7.9e-05	0.186	CCTTGGAAAGTG
13-CCTCGAAAACCG	STREME-13	Chr8_18471176_18471276	45	56	+	7.09333	7.93e-05	0.186	CCTTGTATTCCG
13-CCTCGAAAACCG	STREME-13	Chr6_5664740_5664840	86	97	-	7.09333	7.93e-05	0.186	CTTGGAAAACCG
13-CCTCGAAAACCG	STREME-13	Chr11_3723159_3723259	15	26	-	7.08	7.98e-05	0.187	CCTTGAAATACG
13-CCTCGAAAACCG	STREME-13	Chr2_12138790_12138890	53	64	+	7.08	7.98e-05	0.187	CCTTGAAATACG
13-CCTCGAAAACCG	STREME-13	Chr2_39016611_39016711	43	54	-	7.08	7.98e-05	0.187	CCTTGAAATACG
13-CCTCGAAAACCG	STREME-13	Chr7_22376162_22376262	56	67	+	7.08	7.98e-05	0.187	CATCGAAATCAG
13-CCTCGAAAACCG	STREME-13	Chr1_9120108_9120208	75	86	+	7.06667	8e-05	0.187	CCTGGGAACCCG
13-CCTCGAAAACCG	STREME-13	Chr5_15641288_15641388	35	46	+	7.04	8.11e-05	0.189	TCTTGAAAACCG
13-CCTCGAAAACCG	STREME-13	Chr14_16845588_16845688	61	72	-	7.02667	8.16e-05	0.19	CCTCGTTTATCG
13-CCTCGAAAACCG	STREME-13	Chr4_21747682_21747782	74	85	-	7.02667	8.16e-05	0.19	CCTCGATACTCG
13-CCTCGAAAACCG	STREME-13	Chr11_1679892_1679992	71	82	+	7.01333	8.18e-05	0.19	CCCCGAATTCCG
13-CCTCGAAAACCG	STREME-13	Chr5_6263527_6263627	72	83	+	7.01333	8.18e-05	0.19	CGTTGAAAAACG
13-CCTCGAAAACCG	STREME-13	Chr11_12355604_12355704	22	33	+	6.97333	8.29e-05	0.192	CCTCGAAACGTG
13-CCTCGAAAACCG	STREME-13	Chr6_8129958_8130058	53	64	+	6.97333	8.29e-05	0.192	CGTCGTAGAGCG
13-CCTCGAAAACCG	STREME-13	Chr1_7000357_7000457	56	67	-	6.97333	8.29e-05	0.192	CCTCGAAGTCTG
13-CCTCGAAAACCG	STREME-13	Chr4_21361979_21362079	20	31	+	6.94667	8.35e-05	0.193	CATGGAATGCCG
13-CCTCGAAAACCG	STREME-13	Chr8_23657261_23657361	44	55	-	6.94667	8.35e-05	0.193	CATGGAATGCCG
13-CCTCGAAAACCG	STREME-13	Chr9_18034694_18034794	3	14	+	6.92	8.41e-05	0.194	CCTAAAAAACTG
13-CCTCGAAAACCG	STREME-13	Chr2_5305268_5305368	22	33	+	6.90667	8.45e-05	0.194	CCTTGATATTCG
13-CCTCGAAAACCG	STREME-13	Chr2_27374442_27374542	34	45	-	6.90667	8.45e-05	0.194	CCTTGATATTCG
13-CCTCGAAAACCG	STREME-13	Chr11_17960681_17960781	57	68	+	6.90667	8.45e-05	0.194	CCTTGATATTCG
13-CCTCGAAAACCG	STREME-13	Chr7_2299311_2299411	9	20	-	6.88	8.49e-05	0.195	CATTGTAATTCG
13-CCTCGAAAACCG	STREME-13	Chr4_7355522_7355622	53	64	+	6.86667	8.55e-05	0.196	CCTGGAAATTTG
13-CCTCGAAAACCG	STREME-13	Chr7_21130721_21130821	36	47	+	6.85333	8.6e-05	0.196	CATCGAGATTCG
13-CCTCGAAAACCG	STREME-13	Chr3_4517494_4517594	35	46	-	6.85333	8.6e-05	0.196	CCTTGAAATGTG
13-CCTCGAAAACCG	STREME-13	Chr12_20506160_20506260	76	87	-	6.85333	8.6e-05	0.196	CCTTGAAATGTG
13-CCTCGAAAACCG	STREME-13	Chr7_6753308_6753408	41	52	+	6.84	8.62e-05	0.197	CATCAGAATCCG
13-CCTCGAAAACCG	STREME-13	Chr7_11802101_11802201	10	21	-	6.82667	8.67e-05	0.197	CATGAAAAACTG
13-CCTCGAAAACCG	STREME-13	Chr11_9778515_9778615	21	32	-	6.82667	8.67e-05	0.197	CCTCAAAGTTCG
13-CCTCGAAAACCG	STREME-13	Chr15_21564923_21565023	76	87	+	6.82667	8.67e-05	0.197	CATGAAAAACTG
13-CCTCGAAAACCG	STREME-13	Chr5_4820650_4820750	79	90	-	6.82667	8.67e-05	0.197	CATTGAAAATCT
13-CCTCGAAAACCG	STREME-13	Chr2_8986443_8986543	39	50	+	6.81333	8.7e-05	0.197	CATCGGGAAGCG
13-CCTCGAAAACCG	STREME-13	Chr6_26834761_26834861	54	65	+	6.81333	8.7e-05	0.197	CATCGGGAAGCG
13-CCTCGAAAACCG	STREME-13	Chr14_12401551_12401651	72	83	-	6.81333	8.7e-05	0.197	CATCGGGAAGCG
13-CCTCGAAAACCG	STREME-13	Chr8_23503350_23503450	1	12	-	6.78667	8.75e-05	0.198	CGTTGAAAAGTG
13-CCTCGAAAACCG	STREME-13	Chr14_5739466_5739566	64	75	+	6.77333	8.8e-05	0.198	CATTGGAAACTG
13-CCTCGAAAACCG	STREME-13	Chr10_27313383_27313483	86	97	-	6.77333	8.8e-05	0.198	CATCGAAAGTTG
13-CCTCGAAAACCG	STREME-13	Chr2_7072661_7072761	5	16	+	6.76	8.87e-05	0.199	TCTGGAAAACCG
13-CCTCGAAAACCG	STREME-13	Chr9_18692027_18692127	9	20	+	6.76	8.87e-05	0.199	TCTGGAAAACCG
13-CCTCGAAAACCG	STREME-13	Chr2_1907162_1907262	5	16	-	6.76	8.87e-05	0.199	TCTGGAAAACCG
13-CCTCGAAAACCG	STREME-13	Chr6_13943325_13943425	39	50	+	6.76	8.87e-05	0.199	ACTGGAAAACCG
13-CCTCGAAAACCG	STREME-13	Chr13_24259735_24259835	46	57	+	6.76	8.87e-05	0.199	CCTCAAATATTG
13-CCTCGAAAACCG	STREME-13	Chr1_48865720_48865820	40	51	+	6.70667	9.02e-05	0.202	CCTTGACAATTG
13-CCTCGAAAACCG	STREME-13	Chr1_46579884_46579984	47	58	+	6.69333	9.08e-05	0.203	CCTAGTAATTCG
13-CCTCGAAAACCG	STREME-13	Chr15_11425747_11425847	67	78	-	6.68	9.12e-05	0.204	CATAGAAAAACG
13-CCTCGAAAACCG	STREME-13	Chr6_22310336_22310436	1	12	+	6.66667	9.17e-05	0.204	CATCGCAATGCG
13-CCTCGAAAACCG	STREME-13	Chr9_14392425_14392525	23	34	+	6.66667	9.17e-05	0.204	CATCGCAATGCG
13-CCTCGAAAACCG	STREME-13	Chr1_26108774_26108874	33	44	+	6.66667	9.17e-05	0.204	CCTAGGAAGCCG
13-CCTCGAAAACCG	STREME-13	Chr1_28869151_28869251	24	35	-	6.66667	9.17e-05	0.204	CATCGCAATGCG
13-CCTCGAAAACCG	STREME-13	Chr12_21128738_21128838	37	48	+	6.66667	9.17e-05	0.204	CCTCGAAAGTCT
13-CCTCGAAAACCG	STREME-13	Chr9_18130106_18130206	62	73	-	6.62667	9.32e-05	0.207	CATCGAAAAATG
13-CCTCGAAAACCG	STREME-13	Chr14_9209008_9209108	42	53	+	6.6	9.37e-05	0.208	CATCATAAACTG
13-CCTCGAAAACCG	STREME-13	Chr4_3316890_3316990	76	87	-	6.58667	9.43e-05	0.208	CCTGGGTAAGCG
13-CCTCGAAAACCG	STREME-13	Chr10_22226418_22226518	79	90	-	6.58667	9.43e-05	0.208	CATGGAAAATAG
13-CCTCGAAAACCG	STREME-13	Chr2_36378586_36378686	44	55	+	6.57333	9.49e-05	0.209	CATGGGAAGCCG
13-CCTCGAAAACCG	STREME-13	Chr8_17884736_17884836	39	50	-	6.57333	9.49e-05	0.209	CCTCGTAAACGG
13-CCTCGAAAACCG	STREME-13	Chr2_9316913_9317013	35	46	-	6.56	9.52e-05	0.21	CATCGAGATGCG
13-CCTCGAAAACCG	STREME-13	Chr10_2886199_2886299	41	52	-	6.54667	9.54e-05	0.21	CCTCAAATGGCG
13-CCTCGAAAACCG	STREME-13	Chr3_21376752_21376852	87	98	-	6.54667	9.54e-05	0.21	CATGGAAAATCT
13-CCTCGAAAACCG	STREME-13	Chr5_32595565_32595665	20	31	+	6.53333	9.63e-05	0.211	CATTGAAAAGCT
13-CCTCGAAAACCG	STREME-13	Chr1_38863421_38863521	76	87	+	6.53333	9.63e-05	0.211	CATTGGTAACCG
13-CCTCGAAAACCG	STREME-13	Chr12_17908830_17908930	81	92	+	6.53333	9.63e-05	0.211	CCTCGAAACCCT
13-CCTCGAAAACCG	STREME-13	Chr6_3178168_3178268	40	51	+	6.52	9.7e-05	0.212	CCTCGAAAAACT
13-CCTCGAAAACCG	STREME-13	Chr8_25247623_25247723	44	55	+	6.52	9.7e-05	0.212	CCTCGACTTGCG
13-CCTCGAAAACCG	STREME-13	Chr8_8940316_8940416	69	80	+	6.50667	9.74e-05	0.213	CCTCGGATGTCG
13-CCTCGAAAACCG	STREME-13	Chr6_7874407_7874507	25	36	+	6.49333	9.79e-05	0.213	CATCATATATCG
13-CCTCGAAAACCG	STREME-13	Chr14_21588986_21589086	59	70	+	6.49333	9.79e-05	0.213	CATCATATATCG
13-CCTCGAAAACCG	STREME-13	Chr2_13315520_13315620	82	93	-	6.49333	9.79e-05	0.213	CATCATATATCG
13-CCTCGAAAACCG	STREME-13	Chr10_11583399_11583499	1	12	-	6.48	9.83e-05	0.213	CCTTGGGAATCG
13-CCTCGAAAACCG	STREME-13	Chr5_13789844_13789944	18	29	-	6.48	9.83e-05	0.213	CCTTGGGAATCG
13-CCTCGAAAACCG	STREME-13	Chr11_14924274_14924374	27	38	-	6.48	9.83e-05	0.213	CCTTGGGAATCG
13-CCTCGAAAACCG	STREME-13	Chr9_17788318_17788418	51	62	-	6.48	9.83e-05	0.213	CCTTGGGAATCG
13-CCTCGAAAACCG	STREME-13	Chr5_14033676_14033776	60	71	-	6.48	9.83e-05	0.213	CCTTGGGAATCG
13-CCTCGAAAACCG	STREME-13	Chr5_13950122_13950222	76	87	-	6.48	9.83e-05	0.213	CCTTGGGAATCG
13-CCTCGAAAACCG	STREME-13	Chr12_18026407_18026507	38	49	-	6.45333	9.91e-05	0.214	CATCAGAGACCG
13-CCTCGAAAACCG	STREME-13	Chr12_18181814_18181914	44	55	-	6.45333	9.91e-05	0.214	CATCGATAATTG

# FIMO (Find Individual Motif Occurrences): Version 5.5.1 compiled on Apr 10 2023 at 16:56:57
# The format of this file is described at https://meme-suite.org/meme/doc/fimo-output-format.html.
# fimo --parse-genomic-coord --verbosity 1 --oc LITCHI007109.meme_chip/fimo_out_5 --bgfile LITCHI007109.meme_chip/background --motif 13-CCTCGAAAACCG LITCHI007109.meme_chip/streme_out/streme.xml LITCHI007109.meme_chip/LITCHI007109.peak.region.fa
