motif_id	motif_alt_id	sequence_name	start	stop	strand	score	p-value	q-value	matched_sequence
8-AGGTATTGGGCA	STREME-8	Chr4_197964_198064	6	17	+	23.2895	5.57e-08	0.000416	AGGTATTGGGCA
8-AGGTATTGGGCA	STREME-8	Chr6_9440172_9440272	8	19	+	23.2895	5.57e-08	0.000416	AGGTATTGGGCA
8-AGGTATTGGGCA	STREME-8	Chr12_185401_185501	1	12	-	23.2895	5.57e-08	0.000416	AGGTATTGGGCA
8-AGGTATTGGGCA	STREME-8	Chr1_49441087_49441187	1	12	-	23.2895	5.57e-08	0.000416	AGGTATTGGGCA
8-AGGTATTGGGCA	STREME-8	Chr1_37953689_37953789	1	12	-	23.2895	5.57e-08	0.000416	AGGTATTGGGCA
8-AGGTATTGGGCA	STREME-8	Chr3_18049552_18049652	2	13	-	23.2895	5.57e-08	0.000416	AGGTATTGGGCA
8-AGGTATTGGGCA	STREME-8	Chr2_34478224_34478324	2	13	-	23.2895	5.57e-08	0.000416	AGGTATTGGGCA
8-AGGTATTGGGCA	STREME-8	Chr1_11566151_11566251	3	14	-	23.2895	5.57e-08	0.000416	AGGTATTGGGCA
8-AGGTATTGGGCA	STREME-8	Chr6_26151040_26151140	3	14	-	23.2895	5.57e-08	0.000416	AGGTATTGGGCA
8-AGGTATTGGGCA	STREME-8	Chr4_33045309_33045409	3	14	-	23.2895	5.57e-08	0.000416	AGGTATTGGGCA
8-AGGTATTGGGCA	STREME-8	Chr2_1573980_1574080	15	26	+	23.2895	5.57e-08	0.000416	AGGTATTGGGCA
8-AGGTATTGGGCA	STREME-8	Chr10_26490095_26490195	4	15	-	23.2895	5.57e-08	0.000416	AGGTATTGGGCA
8-AGGTATTGGGCA	STREME-8	Chr5_18263871_18263971	4	15	-	23.2895	5.57e-08	0.000416	AGGTATTGGGCA
8-AGGTATTGGGCA	STREME-8	Chr14_9219366_9219466	4	15	-	23.2895	5.57e-08	0.000416	AGGTATTGGGCA
8-AGGTATTGGGCA	STREME-8	Chr5_1452553_1452653	5	16	-	23.2895	5.57e-08	0.000416	AGGTATTGGGCA
8-AGGTATTGGGCA	STREME-8	Chr6_22477953_22478053	5	16	-	23.2895	5.57e-08	0.000416	AGGTATTGGGCA
8-AGGTATTGGGCA	STREME-8	Chr6_8917363_8917463	6	17	-	23.2895	5.57e-08	0.000416	AGGTATTGGGCA
8-AGGTATTGGGCA	STREME-8	Chr14_22260573_22260673	6	17	-	23.2895	5.57e-08	0.000416	AGGTATTGGGCA
8-AGGTATTGGGCA	STREME-8	Chr13_11655397_11655497	6	17	-	23.2895	5.57e-08	0.000416	AGGTATTGGGCA
8-AGGTATTGGGCA	STREME-8	Chr4_4910266_4910366	7	18	-	23.2895	5.57e-08	0.000416	AGGTATTGGGCA
8-AGGTATTGGGCA	STREME-8	Chr9_26496387_26496487	7	18	-	23.2895	5.57e-08	0.000416	AGGTATTGGGCA
8-AGGTATTGGGCA	STREME-8	Chr1_12453081_12453181	7	18	-	23.2895	5.57e-08	0.000416	AGGTATTGGGCA
8-AGGTATTGGGCA	STREME-8	Chr3_36187764_36187864	7	18	-	23.2895	5.57e-08	0.000416	AGGTATTGGGCA
8-AGGTATTGGGCA	STREME-8	Chr8_17994921_17995021	8	19	-	23.2895	5.57e-08	0.000416	AGGTATTGGGCA
8-AGGTATTGGGCA	STREME-8	Chr13_23814172_23814272	8	19	-	23.2895	5.57e-08	0.000416	AGGTATTGGGCA
8-AGGTATTGGGCA	STREME-8	Chr2_6957189_6957289	8	19	-	23.2895	5.57e-08	0.000416	AGGTATTGGGCA
8-AGGTATTGGGCA	STREME-8	Chr2_23355383_23355483	20	31	+	23.2895	5.57e-08	0.000416	AGGTATTGGGCA
8-AGGTATTGGGCA	STREME-8	Chr7_16984_17084	9	20	-	23.2895	5.57e-08	0.000416	AGGTATTGGGCA
8-AGGTATTGGGCA	STREME-8	Chr12_22800518_22800618	9	20	-	23.2895	5.57e-08	0.000416	AGGTATTGGGCA
8-AGGTATTGGGCA	STREME-8	Chr2_23057968_23058068	9	20	-	23.2895	5.57e-08	0.000416	AGGTATTGGGCA
8-AGGTATTGGGCA	STREME-8	Chr7_10830274_10830374	9	20	-	23.2895	5.57e-08	0.000416	AGGTATTGGGCA
8-AGGTATTGGGCA	STREME-8	Chr14_16879306_16879406	9	20	-	23.2895	5.57e-08	0.000416	AGGTATTGGGCA
8-AGGTATTGGGCA	STREME-8	Chr8_20620485_20620585	21	32	+	23.2895	5.57e-08	0.000416	AGGTATTGGGCA
8-AGGTATTGGGCA	STREME-8	Chr5_31564206_31564306	10	21	-	23.2895	5.57e-08	0.000416	AGGTATTGGGCA
8-AGGTATTGGGCA	STREME-8	Chr14_15692632_15692732	10	21	-	23.2895	5.57e-08	0.000416	AGGTATTGGGCA
8-AGGTATTGGGCA	STREME-8	Chr7_28473867_28473967	10	21	-	23.2895	5.57e-08	0.000416	AGGTATTGGGCA
8-AGGTATTGGGCA	STREME-8	Chr10_25330566_25330666	10	21	-	23.2895	5.57e-08	0.000416	AGGTATTGGGCA
8-AGGTATTGGGCA	STREME-8	Chr5_12846245_12846345	10	21	-	23.2895	5.57e-08	0.000416	AGGTATTGGGCA
8-AGGTATTGGGCA	STREME-8	Chr5_613442_613542	11	22	-	23.2895	5.57e-08	0.000416	AGGTATTGGGCA
8-AGGTATTGGGCA	STREME-8	Chr10_26276405_26276505	11	22	-	23.2895	5.57e-08	0.000416	AGGTATTGGGCA
8-AGGTATTGGGCA	STREME-8	Chr3_27926807_27926907	11	22	-	23.2895	5.57e-08	0.000416	AGGTATTGGGCA
8-AGGTATTGGGCA	STREME-8	Chr5_26415218_26415318	11	22	-	23.2895	5.57e-08	0.000416	AGGTATTGGGCA
8-AGGTATTGGGCA	STREME-8	Chr7_13748775_13748875	12	23	-	23.2895	5.57e-08	0.000416	AGGTATTGGGCA
8-AGGTATTGGGCA	STREME-8	Chr13_3735484_3735584	12	23	-	23.2895	5.57e-08	0.000416	AGGTATTGGGCA
8-AGGTATTGGGCA	STREME-8	Chr15_17805719_17805819	12	23	-	23.2895	5.57e-08	0.000416	AGGTATTGGGCA
8-AGGTATTGGGCA	STREME-8	Chr15_3250337_3250437	12	23	-	23.2895	5.57e-08	0.000416	AGGTATTGGGCA
8-AGGTATTGGGCA	STREME-8	Chr8_22045094_22045194	12	23	-	23.2895	5.57e-08	0.000416	AGGTATTGGGCA
8-AGGTATTGGGCA	STREME-8	Chr7_28521702_28521802	12	23	-	23.2895	5.57e-08	0.000416	AGGTATTGGGCA
8-AGGTATTGGGCA	STREME-8	Chr5_5537295_5537395	14	25	-	23.2895	5.57e-08	0.000416	AGGTATTGGGCA
8-AGGTATTGGGCA	STREME-8	Chr6_29569367_29569467	14	25	-	23.2895	5.57e-08	0.000416	AGGTATTGGGCA
8-AGGTATTGGGCA	STREME-8	Chr5_469626_469726	14	25	-	23.2895	5.57e-08	0.000416	AGGTATTGGGCA
8-AGGTATTGGGCA	STREME-8	Chr4_19570558_19570658	15	26	-	23.2895	5.57e-08	0.000416	AGGTATTGGGCA
8-AGGTATTGGGCA	STREME-8	Chr6_26125083_26125183	15	26	-	23.2895	5.57e-08	0.000416	AGGTATTGGGCA
8-AGGTATTGGGCA	STREME-8	Chr14_23284858_23284958	15	26	-	23.2895	5.57e-08	0.000416	AGGTATTGGGCA
8-AGGTATTGGGCA	STREME-8	Chr10_25666339_25666439	16	27	-	23.2895	5.57e-08	0.000416	AGGTATTGGGCA
8-AGGTATTGGGCA	STREME-8	Chr6_13062063_13062163	16	27	-	23.2895	5.57e-08	0.000416	AGGTATTGGGCA
8-AGGTATTGGGCA	STREME-8	Chr7_14597822_14597922	16	27	-	23.2895	5.57e-08	0.000416	AGGTATTGGGCA
8-AGGTATTGGGCA	STREME-8	Chr2_28581867_28581967	16	27	-	23.2895	5.57e-08	0.000416	AGGTATTGGGCA
8-AGGTATTGGGCA	STREME-8	Chr5_22562929_22563029	17	28	-	23.2895	5.57e-08	0.000416	AGGTATTGGGCA
8-AGGTATTGGGCA	STREME-8	Chr1_28100175_28100275	28	39	+	23.2895	5.57e-08	0.000416	AGGTATTGGGCA
8-AGGTATTGGGCA	STREME-8	Chr9_4108145_4108245	17	28	-	23.2895	5.57e-08	0.000416	AGGTATTGGGCA
8-AGGTATTGGGCA	STREME-8	Chr2_31649480_31649580	17	28	-	23.2895	5.57e-08	0.000416	AGGTATTGGGCA
8-AGGTATTGGGCA	STREME-8	Chr11_14911613_14911713	18	29	-	23.2895	5.57e-08	0.000416	AGGTATTGGGCA
8-AGGTATTGGGCA	STREME-8	Chr1_39218050_39218150	30	41	+	23.2895	5.57e-08	0.000416	AGGTATTGGGCA
8-AGGTATTGGGCA	STREME-8	Chr2_14491263_14491363	19	30	-	23.2895	5.57e-08	0.000416	AGGTATTGGGCA
8-AGGTATTGGGCA	STREME-8	Chr13_41185_41285	19	30	-	23.2895	5.57e-08	0.000416	AGGTATTGGGCA
8-AGGTATTGGGCA	STREME-8	Chr13_52286_52386	19	30	-	23.2895	5.57e-08	0.000416	AGGTATTGGGCA
8-AGGTATTGGGCA	STREME-8	Chr5_12857263_12857363	19	30	-	23.2895	5.57e-08	0.000416	AGGTATTGGGCA
8-AGGTATTGGGCA	STREME-8	Chr8_18923708_18923808	19	30	-	23.2895	5.57e-08	0.000416	AGGTATTGGGCA
8-AGGTATTGGGCA	STREME-8	Chr11_12213899_12213999	19	30	-	23.2895	5.57e-08	0.000416	AGGTATTGGGCA
8-AGGTATTGGGCA	STREME-8	Chr6_23599729_23599829	20	31	-	23.2895	5.57e-08	0.000416	AGGTATTGGGCA
8-AGGTATTGGGCA	STREME-8	Chr15_8184556_8184656	20	31	-	23.2895	5.57e-08	0.000416	AGGTATTGGGCA
8-AGGTATTGGGCA	STREME-8	Chr12_2113146_2113246	20	31	-	23.2895	5.57e-08	0.000416	AGGTATTGGGCA
8-AGGTATTGGGCA	STREME-8	Chr12_6432717_6432817	31	42	+	23.2895	5.57e-08	0.000416	AGGTATTGGGCA
8-AGGTATTGGGCA	STREME-8	Chr10_23982155_23982255	20	31	-	23.2895	5.57e-08	0.000416	AGGTATTGGGCA
8-AGGTATTGGGCA	STREME-8	Chr13_10596181_10596281	20	31	-	23.2895	5.57e-08	0.000416	AGGTATTGGGCA
8-AGGTATTGGGCA	STREME-8	Chr2_4650641_4650741	20	31	-	23.2895	5.57e-08	0.000416	AGGTATTGGGCA
8-AGGTATTGGGCA	STREME-8	Chr1_19016371_19016471	21	32	-	23.2895	5.57e-08	0.000416	AGGTATTGGGCA
8-AGGTATTGGGCA	STREME-8	Chr4_4785086_4785186	22	33	-	23.2895	5.57e-08	0.000416	AGGTATTGGGCA
8-AGGTATTGGGCA	STREME-8	Chr2_482369_482469	22	33	-	23.2895	5.57e-08	0.000416	AGGTATTGGGCA
8-AGGTATTGGGCA	STREME-8	Chr5_31150748_31150848	33	44	+	23.2895	5.57e-08	0.000416	AGGTATTGGGCA
8-AGGTATTGGGCA	STREME-8	Chr6_3604432_3604532	22	33	-	23.2895	5.57e-08	0.000416	AGGTATTGGGCA
8-AGGTATTGGGCA	STREME-8	Chr11_18360251_18360351	22	33	-	23.2895	5.57e-08	0.000416	AGGTATTGGGCA
8-AGGTATTGGGCA	STREME-8	Chr2_12347421_12347521	23	34	-	23.2895	5.57e-08	0.000416	AGGTATTGGGCA
8-AGGTATTGGGCA	STREME-8	Chr8_19065063_19065163	24	35	-	23.2895	5.57e-08	0.000416	AGGTATTGGGCA
8-AGGTATTGGGCA	STREME-8	Chr3_23228358_23228458	24	35	-	23.2895	5.57e-08	0.000416	AGGTATTGGGCA
8-AGGTATTGGGCA	STREME-8	Chr10_26231167_26231267	35	46	+	23.2895	5.57e-08	0.000416	AGGTATTGGGCA
8-AGGTATTGGGCA	STREME-8	Chr8_10155764_10155864	36	47	+	23.2895	5.57e-08	0.000416	AGGTATTGGGCA
8-AGGTATTGGGCA	STREME-8	Chr1_30150193_30150293	25	36	-	23.2895	5.57e-08	0.000416	AGGTATTGGGCA
8-AGGTATTGGGCA	STREME-8	Chr7_24339486_24339586	25	36	-	23.2895	5.57e-08	0.000416	AGGTATTGGGCA
8-AGGTATTGGGCA	STREME-8	Chr2_14731580_14731680	25	36	-	23.2895	5.57e-08	0.000416	AGGTATTGGGCA
8-AGGTATTGGGCA	STREME-8	Chr5_4105867_4105967	36	47	+	23.2895	5.57e-08	0.000416	AGGTATTGGGCA
8-AGGTATTGGGCA	STREME-8	Chr6_2509841_2509941	25	36	-	23.2895	5.57e-08	0.000416	AGGTATTGGGCA
8-AGGTATTGGGCA	STREME-8	Chr15_5745771_5745871	25	36	-	23.2895	5.57e-08	0.000416	AGGTATTGGGCA
8-AGGTATTGGGCA	STREME-8	Chr4_29361196_29361296	26	37	-	23.2895	5.57e-08	0.000416	AGGTATTGGGCA
8-AGGTATTGGGCA	STREME-8	Chr5_10376176_10376276	27	38	-	23.2895	5.57e-08	0.000416	AGGTATTGGGCA
8-AGGTATTGGGCA	STREME-8	Chr4_23646149_23646249	38	49	+	23.2895	5.57e-08	0.000416	AGGTATTGGGCA
8-AGGTATTGGGCA	STREME-8	Chr14_24080578_24080678	28	39	-	23.2895	5.57e-08	0.000416	AGGTATTGGGCA
8-AGGTATTGGGCA	STREME-8	Chr9_14700893_14700993	28	39	-	23.2895	5.57e-08	0.000416	AGGTATTGGGCA
8-AGGTATTGGGCA	STREME-8	Chr13_15090884_15090984	28	39	-	23.2895	5.57e-08	0.000416	AGGTATTGGGCA
8-AGGTATTGGGCA	STREME-8	Chr2_36359735_36359835	28	39	-	23.2895	5.57e-08	0.000416	AGGTATTGGGCA
8-AGGTATTGGGCA	STREME-8	Chr1_23454668_23454768	39	50	+	23.2895	5.57e-08	0.000416	AGGTATTGGGCA
8-AGGTATTGGGCA	STREME-8	Chr1_21449540_21449640	29	40	-	23.2895	5.57e-08	0.000416	AGGTATTGGGCA
8-AGGTATTGGGCA	STREME-8	Chr3_21208659_21208759	29	40	-	23.2895	5.57e-08	0.000416	AGGTATTGGGCA
8-AGGTATTGGGCA	STREME-8	Chr10_9032991_9033091	30	41	-	23.2895	5.57e-08	0.000416	AGGTATTGGGCA
8-AGGTATTGGGCA	STREME-8	Chr10_22495920_22496020	41	52	+	23.2895	5.57e-08	0.000416	AGGTATTGGGCA
8-AGGTATTGGGCA	STREME-8	Chr1_11656527_11656627	42	53	+	23.2895	5.57e-08	0.000416	AGGTATTGGGCA
8-AGGTATTGGGCA	STREME-8	Chr9_13281369_13281469	43	54	+	23.2895	5.57e-08	0.000416	AGGTATTGGGCA
8-AGGTATTGGGCA	STREME-8	Chr4_28414815_28414915	43	54	+	23.2895	5.57e-08	0.000416	AGGTATTGGGCA
8-AGGTATTGGGCA	STREME-8	Chr15_3524314_3524414	43	54	+	23.2895	5.57e-08	0.000416	AGGTATTGGGCA
8-AGGTATTGGGCA	STREME-8	Chr4_4773835_4773935	33	44	-	23.2895	5.57e-08	0.000416	AGGTATTGGGCA
8-AGGTATTGGGCA	STREME-8	Chr3_15077131_15077231	44	55	+	23.2895	5.57e-08	0.000416	AGGTATTGGGCA
8-AGGTATTGGGCA	STREME-8	Chr4_11249261_11249361	44	55	+	23.2895	5.57e-08	0.000416	AGGTATTGGGCA
8-AGGTATTGGGCA	STREME-8	Chr2_1422709_1422809	34	45	-	23.2895	5.57e-08	0.000416	AGGTATTGGGCA
8-AGGTATTGGGCA	STREME-8	Chr6_18321665_18321765	34	45	-	23.2895	5.57e-08	0.000416	AGGTATTGGGCA
8-AGGTATTGGGCA	STREME-8	Chr1_28406425_28406525	35	46	-	23.2895	5.57e-08	0.000416	AGGTATTGGGCA
8-AGGTATTGGGCA	STREME-8	Chr7_15283184_15283284	47	58	+	23.2895	5.57e-08	0.000416	AGGTATTGGGCA
8-AGGTATTGGGCA	STREME-8	Chr6_18842619_18842719	47	58	+	23.2895	5.57e-08	0.000416	AGGTATTGGGCA
8-AGGTATTGGGCA	STREME-8	Chr5_13412809_13412909	36	47	-	23.2895	5.57e-08	0.000416	AGGTATTGGGCA
8-AGGTATTGGGCA	STREME-8	Chr6_18750723_18750823	47	58	+	23.2895	5.57e-08	0.000416	AGGTATTGGGCA
8-AGGTATTGGGCA	STREME-8	Chr10_23212582_23212682	37	48	-	23.2895	5.57e-08	0.000416	AGGTATTGGGCA
8-AGGTATTGGGCA	STREME-8	Chr2_21617557_21617657	49	60	+	23.2895	5.57e-08	0.000416	AGGTATTGGGCA
8-AGGTATTGGGCA	STREME-8	Chr6_10214433_10214533	39	50	-	23.2895	5.57e-08	0.000416	AGGTATTGGGCA
8-AGGTATTGGGCA	STREME-8	Chr4_11101935_11102035	50	61	+	23.2895	5.57e-08	0.000416	AGGTATTGGGCA
8-AGGTATTGGGCA	STREME-8	Chr3_19549077_19549177	40	51	-	23.2895	5.57e-08	0.000416	AGGTATTGGGCA
8-AGGTATTGGGCA	STREME-8	Chr6_8507472_8507572	40	51	-	23.2895	5.57e-08	0.000416	AGGTATTGGGCA
8-AGGTATTGGGCA	STREME-8	Chr3_21394193_21394293	40	51	-	23.2895	5.57e-08	0.000416	AGGTATTGGGCA
8-AGGTATTGGGCA	STREME-8	Chr13_1235725_1235825	52	63	+	23.2895	5.57e-08	0.000416	AGGTATTGGGCA
8-AGGTATTGGGCA	STREME-8	Chr1_49453009_49453109	41	52	-	23.2895	5.57e-08	0.000416	AGGTATTGGGCA
8-AGGTATTGGGCA	STREME-8	Chr1_8634467_8634567	41	52	-	23.2895	5.57e-08	0.000416	AGGTATTGGGCA
8-AGGTATTGGGCA	STREME-8	Chr1_24854733_24854833	41	52	-	23.2895	5.57e-08	0.000416	AGGTATTGGGCA
8-AGGTATTGGGCA	STREME-8	Chr15_17009860_17009960	42	53	-	23.2895	5.57e-08	0.000416	AGGTATTGGGCA
8-AGGTATTGGGCA	STREME-8	Chr7_28607461_28607561	53	64	+	23.2895	5.57e-08	0.000416	AGGTATTGGGCA
8-AGGTATTGGGCA	STREME-8	Chr13_8537370_8537470	43	54	-	23.2895	5.57e-08	0.000416	AGGTATTGGGCA
8-AGGTATTGGGCA	STREME-8	Chr3_10328708_10328808	43	54	-	23.2895	5.57e-08	0.000416	AGGTATTGGGCA
8-AGGTATTGGGCA	STREME-8	Chr1_21710142_21710242	55	66	+	23.2895	5.57e-08	0.000416	AGGTATTGGGCA
8-AGGTATTGGGCA	STREME-8	Chr2_22136240_22136340	44	55	-	23.2895	5.57e-08	0.000416	AGGTATTGGGCA
8-AGGTATTGGGCA	STREME-8	Chr10_15647424_15647524	45	56	-	23.2895	5.57e-08	0.000416	AGGTATTGGGCA
8-AGGTATTGGGCA	STREME-8	Chr8_12882214_12882314	56	67	+	23.2895	5.57e-08	0.000416	AGGTATTGGGCA
8-AGGTATTGGGCA	STREME-8	Chr6_15020120_15020220	56	67	+	23.2895	5.57e-08	0.000416	AGGTATTGGGCA
8-AGGTATTGGGCA	STREME-8	Chr6_10534818_10534918	56	67	+	23.2895	5.57e-08	0.000416	AGGTATTGGGCA
8-AGGTATTGGGCA	STREME-8	Chr12_14477078_14477178	56	67	+	23.2895	5.57e-08	0.000416	AGGTATTGGGCA
8-AGGTATTGGGCA	STREME-8	Chr2_29716882_29716982	57	68	+	23.2895	5.57e-08	0.000416	AGGTATTGGGCA
8-AGGTATTGGGCA	STREME-8	Chr14_12288948_12289048	46	57	-	23.2895	5.57e-08	0.000416	AGGTATTGGGCA
8-AGGTATTGGGCA	STREME-8	Chr11_7661870_7661970	57	68	+	23.2895	5.57e-08	0.000416	AGGTATTGGGCA
8-AGGTATTGGGCA	STREME-8	Chr3_25748744_25748844	57	68	+	23.2895	5.57e-08	0.000416	AGGTATTGGGCA
8-AGGTATTGGGCA	STREME-8	Chr9_26728421_26728521	57	68	+	23.2895	5.57e-08	0.000416	AGGTATTGGGCA
8-AGGTATTGGGCA	STREME-8	Chr6_6043483_6043583	59	70	+	23.2895	5.57e-08	0.000416	AGGTATTGGGCA
8-AGGTATTGGGCA	STREME-8	Chr13_3094690_3094790	59	70	+	23.2895	5.57e-08	0.000416	AGGTATTGGGCA
8-AGGTATTGGGCA	STREME-8	Chr5_15348336_15348436	48	59	-	23.2895	5.57e-08	0.000416	AGGTATTGGGCA
8-AGGTATTGGGCA	STREME-8	Chr13_8548108_8548208	48	59	-	23.2895	5.57e-08	0.000416	AGGTATTGGGCA
8-AGGTATTGGGCA	STREME-8	Chr2_6603212_6603312	60	71	+	23.2895	5.57e-08	0.000416	AGGTATTGGGCA
8-AGGTATTGGGCA	STREME-8	Chr6_19101779_19101879	60	71	+	23.2895	5.57e-08	0.000416	AGGTATTGGGCA
8-AGGTATTGGGCA	STREME-8	Chr1_43173945_43174045	61	72	+	23.2895	5.57e-08	0.000416	AGGTATTGGGCA
8-AGGTATTGGGCA	STREME-8	Chr3_1208084_1208184	61	72	+	23.2895	5.57e-08	0.000416	AGGTATTGGGCA
8-AGGTATTGGGCA	STREME-8	Chr10_26967209_26967309	61	72	+	23.2895	5.57e-08	0.000416	AGGTATTGGGCA
8-AGGTATTGGGCA	STREME-8	Chr8_17910592_17910692	62	73	+	23.2895	5.57e-08	0.000416	AGGTATTGGGCA
8-AGGTATTGGGCA	STREME-8	Chr15_10707866_10707966	63	74	+	23.2895	5.57e-08	0.000416	AGGTATTGGGCA
8-AGGTATTGGGCA	STREME-8	Chr3_11443093_11443193	63	74	+	23.2895	5.57e-08	0.000416	AGGTATTGGGCA
8-AGGTATTGGGCA	STREME-8	Chr8_30057983_30058083	63	74	+	23.2895	5.57e-08	0.000416	AGGTATTGGGCA
8-AGGTATTGGGCA	STREME-8	Chr3_25800868_25800968	63	74	+	23.2895	5.57e-08	0.000416	AGGTATTGGGCA
8-AGGTATTGGGCA	STREME-8	Chr1_44216021_44216121	63	74	+	23.2895	5.57e-08	0.000416	AGGTATTGGGCA
8-AGGTATTGGGCA	STREME-8	Chr12_20411729_20411829	63	74	+	23.2895	5.57e-08	0.000416	AGGTATTGGGCA
8-AGGTATTGGGCA	STREME-8	Chr1_34255471_34255571	64	75	+	23.2895	5.57e-08	0.000416	AGGTATTGGGCA
8-AGGTATTGGGCA	STREME-8	Chr10_11893289_11893389	64	75	+	23.2895	5.57e-08	0.000416	AGGTATTGGGCA
8-AGGTATTGGGCA	STREME-8	Chr4_13002058_13002158	64	75	+	23.2895	5.57e-08	0.000416	AGGTATTGGGCA
8-AGGTATTGGGCA	STREME-8	Chr1_8112273_8112373	64	75	+	23.2895	5.57e-08	0.000416	AGGTATTGGGCA
8-AGGTATTGGGCA	STREME-8	Chr1_33759341_33759441	64	75	+	23.2895	5.57e-08	0.000416	AGGTATTGGGCA
8-AGGTATTGGGCA	STREME-8	Chr3_36562209_36562309	65	76	+	23.2895	5.57e-08	0.000416	AGGTATTGGGCA
8-AGGTATTGGGCA	STREME-8	Chr2_18302456_18302556	65	76	+	23.2895	5.57e-08	0.000416	AGGTATTGGGCA
8-AGGTATTGGGCA	STREME-8	Chr13_3168551_3168651	65	76	+	23.2895	5.57e-08	0.000416	AGGTATTGGGCA
8-AGGTATTGGGCA	STREME-8	Chr3_3533203_3533303	66	77	+	23.2895	5.57e-08	0.000416	AGGTATTGGGCA
8-AGGTATTGGGCA	STREME-8	Chr8_25651302_25651402	66	77	+	23.2895	5.57e-08	0.000416	AGGTATTGGGCA
8-AGGTATTGGGCA	STREME-8	Chr9_7953253_7953353	67	78	+	23.2895	5.57e-08	0.000416	AGGTATTGGGCA
8-AGGTATTGGGCA	STREME-8	Chr1_12464200_12464300	56	67	-	23.2895	5.57e-08	0.000416	AGGTATTGGGCA
8-AGGTATTGGGCA	STREME-8	Chr12_14166568_14166668	56	67	-	23.2895	5.57e-08	0.000416	AGGTATTGGGCA
8-AGGTATTGGGCA	STREME-8	Chr9_20242974_20243074	68	79	+	23.2895	5.57e-08	0.000416	AGGTATTGGGCA
8-AGGTATTGGGCA	STREME-8	Chr1_74043_74143	68	79	+	23.2895	5.57e-08	0.000416	AGGTATTGGGCA
8-AGGTATTGGGCA	STREME-8	Chr2_16982229_16982329	69	80	+	23.2895	5.57e-08	0.000416	AGGTATTGGGCA
8-AGGTATTGGGCA	STREME-8	Chr4_31409658_31409758	69	80	+	23.2895	5.57e-08	0.000416	AGGTATTGGGCA
8-AGGTATTGGGCA	STREME-8	Chr6_20933219_20933319	69	80	+	23.2895	5.57e-08	0.000416	AGGTATTGGGCA
8-AGGTATTGGGCA	STREME-8	Chr15_20138926_20139026	69	80	+	23.2895	5.57e-08	0.000416	AGGTATTGGGCA
8-AGGTATTGGGCA	STREME-8	Chr12_4540619_4540719	69	80	+	23.2895	5.57e-08	0.000416	AGGTATTGGGCA
8-AGGTATTGGGCA	STREME-8	Chr7_17042551_17042651	70	81	+	23.2895	5.57e-08	0.000416	AGGTATTGGGCA
8-AGGTATTGGGCA	STREME-8	Chr1_21475894_21475994	59	70	-	23.2895	5.57e-08	0.000416	AGGTATTGGGCA
8-AGGTATTGGGCA	STREME-8	Chr2_29935497_29935597	70	81	+	23.2895	5.57e-08	0.000416	AGGTATTGGGCA
8-AGGTATTGGGCA	STREME-8	Chr2_36085599_36085699	70	81	+	23.2895	5.57e-08	0.000416	AGGTATTGGGCA
8-AGGTATTGGGCA	STREME-8	Chr8_29328300_29328400	59	70	-	23.2895	5.57e-08	0.000416	AGGTATTGGGCA
8-AGGTATTGGGCA	STREME-8	Chr1_32370159_32370259	70	81	+	23.2895	5.57e-08	0.000416	AGGTATTGGGCA
8-AGGTATTGGGCA	STREME-8	Chr1_13370951_13371051	59	70	-	23.2895	5.57e-08	0.000416	AGGTATTGGGCA
8-AGGTATTGGGCA	STREME-8	Chr2_39748956_39749056	70	81	+	23.2895	5.57e-08	0.000416	AGGTATTGGGCA
8-AGGTATTGGGCA	STREME-8	Chr5_1426597_1426697	59	70	-	23.2895	5.57e-08	0.000416	AGGTATTGGGCA
8-AGGTATTGGGCA	STREME-8	Chr4_17232474_17232574	59	70	-	23.2895	5.57e-08	0.000416	AGGTATTGGGCA
8-AGGTATTGGGCA	STREME-8	Chr8_19859992_19860092	71	82	+	23.2895	5.57e-08	0.000416	AGGTATTGGGCA
8-AGGTATTGGGCA	STREME-8	Chr3_13725872_13725972	60	71	-	23.2895	5.57e-08	0.000416	AGGTATTGGGCA
8-AGGTATTGGGCA	STREME-8	Chr12_508758_508858	71	82	+	23.2895	5.57e-08	0.000416	AGGTATTGGGCA
8-AGGTATTGGGCA	STREME-8	Chr5_10940987_10941087	72	83	+	23.2895	5.57e-08	0.000416	AGGTATTGGGCA
8-AGGTATTGGGCA	STREME-8	Chr6_8164485_8164585	72	83	+	23.2895	5.57e-08	0.000416	AGGTATTGGGCA
8-AGGTATTGGGCA	STREME-8	Chr9_20254093_20254193	72	83	+	23.2895	5.57e-08	0.000416	AGGTATTGGGCA
8-AGGTATTGGGCA	STREME-8	Chr2_37544809_37544909	73	84	+	23.2895	5.57e-08	0.000416	AGGTATTGGGCA
8-AGGTATTGGGCA	STREME-8	Chr10_427784_427884	73	84	+	23.2895	5.57e-08	0.000416	AGGTATTGGGCA
8-AGGTATTGGGCA	STREME-8	Chr6_10886838_10886938	73	84	+	23.2895	5.57e-08	0.000416	AGGTATTGGGCA
8-AGGTATTGGGCA	STREME-8	Chr13_10417080_10417180	73	84	+	23.2895	5.57e-08	0.000416	AGGTATTGGGCA
8-AGGTATTGGGCA	STREME-8	Chr1_17642998_17643098	74	85	+	23.2895	5.57e-08	0.000416	AGGTATTGGGCA
8-AGGTATTGGGCA	STREME-8	Chr6_2062696_2062796	74	85	+	23.2895	5.57e-08	0.000416	AGGTATTGGGCA
8-AGGTATTGGGCA	STREME-8	Chr10_26004885_26004985	75	86	+	23.2895	5.57e-08	0.000416	AGGTATTGGGCA
8-AGGTATTGGGCA	STREME-8	Chr10_8442575_8442675	75	86	+	23.2895	5.57e-08	0.000416	AGGTATTGGGCA
8-AGGTATTGGGCA	STREME-8	Chr7_15043082_15043182	75	86	+	23.2895	5.57e-08	0.000416	AGGTATTGGGCA
8-AGGTATTGGGCA	STREME-8	Chr10_10972705_10972805	75	86	+	23.2895	5.57e-08	0.000416	AGGTATTGGGCA
8-AGGTATTGGGCA	STREME-8	Chr7_11114386_11114486	76	87	+	23.2895	5.57e-08	0.000416	AGGTATTGGGCA
8-AGGTATTGGGCA	STREME-8	Chr11_18703863_18703963	77	88	+	23.2895	5.57e-08	0.000416	AGGTATTGGGCA
8-AGGTATTGGGCA	STREME-8	Chr6_19738910_19739010	66	77	-	23.2895	5.57e-08	0.000416	AGGTATTGGGCA
8-AGGTATTGGGCA	STREME-8	Chr13_10188711_10188811	77	88	+	23.2895	5.57e-08	0.000416	AGGTATTGGGCA
8-AGGTATTGGGCA	STREME-8	Chr4_7437195_7437295	77	88	+	23.2895	5.57e-08	0.000416	AGGTATTGGGCA
8-AGGTATTGGGCA	STREME-8	Chr6_26272964_26273064	77	88	+	23.2895	5.57e-08	0.000416	AGGTATTGGGCA
8-AGGTATTGGGCA	STREME-8	Chr3_4871532_4871632	77	88	+	23.2895	5.57e-08	0.000416	AGGTATTGGGCA
8-AGGTATTGGGCA	STREME-8	Chr5_2741399_2741499	78	89	+	23.2895	5.57e-08	0.000416	AGGTATTGGGCA
8-AGGTATTGGGCA	STREME-8	Chr8_19275531_19275631	78	89	+	23.2895	5.57e-08	0.000416	AGGTATTGGGCA
8-AGGTATTGGGCA	STREME-8	Chr3_27695240_27695340	67	78	-	23.2895	5.57e-08	0.000416	AGGTATTGGGCA
8-AGGTATTGGGCA	STREME-8	Chr10_1326325_1326425	79	90	+	23.2895	5.57e-08	0.000416	AGGTATTGGGCA
8-AGGTATTGGGCA	STREME-8	Chr15_14296729_14296829	79	90	+	23.2895	5.57e-08	0.000416	AGGTATTGGGCA
8-AGGTATTGGGCA	STREME-8	Chr11_15463560_15463660	80	91	+	23.2895	5.57e-08	0.000416	AGGTATTGGGCA
8-AGGTATTGGGCA	STREME-8	Chr8_21698723_21698823	80	91	+	23.2895	5.57e-08	0.000416	AGGTATTGGGCA
8-AGGTATTGGGCA	STREME-8	Chr7_15964994_15965094	80	91	+	23.2895	5.57e-08	0.000416	AGGTATTGGGCA
8-AGGTATTGGGCA	STREME-8	Chr3_31203029_31203129	80	91	+	23.2895	5.57e-08	0.000416	AGGTATTGGGCA
8-AGGTATTGGGCA	STREME-8	Chr6_2073396_2073496	80	91	+	23.2895	5.57e-08	0.000416	AGGTATTGGGCA
8-AGGTATTGGGCA	STREME-8	Chr13_6313434_6313534	80	91	+	23.2895	5.57e-08	0.000416	AGGTATTGGGCA
8-AGGTATTGGGCA	STREME-8	Chr15_15820109_15820209	80	91	+	23.2895	5.57e-08	0.000416	AGGTATTGGGCA
8-AGGTATTGGGCA	STREME-8	Chr9_2612748_2612848	80	91	+	23.2895	5.57e-08	0.000416	AGGTATTGGGCA
8-AGGTATTGGGCA	STREME-8	Chr10_26505990_26506090	81	92	+	23.2895	5.57e-08	0.000416	AGGTATTGGGCA
8-AGGTATTGGGCA	STREME-8	Chr12_4107828_4107928	81	92	+	23.2895	5.57e-08	0.000416	AGGTATTGGGCA
8-AGGTATTGGGCA	STREME-8	Chr5_14173127_14173227	82	93	+	23.2895	5.57e-08	0.000416	AGGTATTGGGCA
8-AGGTATTGGGCA	STREME-8	Chr5_4117366_4117466	82	93	+	23.2895	5.57e-08	0.000416	AGGTATTGGGCA
8-AGGTATTGGGCA	STREME-8	Chr3_27442439_27442539	71	82	-	23.2895	5.57e-08	0.000416	AGGTATTGGGCA
8-AGGTATTGGGCA	STREME-8	Chr15_13674942_13675042	71	82	-	23.2895	5.57e-08	0.000416	AGGTATTGGGCA
8-AGGTATTGGGCA	STREME-8	Chr4_4073528_4073628	83	94	+	23.2895	5.57e-08	0.000416	AGGTATTGGGCA
8-AGGTATTGGGCA	STREME-8	Chr11_18693027_18693127	84	95	+	23.2895	5.57e-08	0.000416	AGGTATTGGGCA
8-AGGTATTGGGCA	STREME-8	Chr4_4681417_4681517	84	95	+	23.2895	5.57e-08	0.000416	AGGTATTGGGCA
8-AGGTATTGGGCA	STREME-8	Chr3_36573541_36573641	84	95	+	23.2895	5.57e-08	0.000416	AGGTATTGGGCA
8-AGGTATTGGGCA	STREME-8	Chr1_17753570_17753670	84	95	+	23.2895	5.57e-08	0.000416	AGGTATTGGGCA
8-AGGTATTGGGCA	STREME-8	Chr2_6591154_6591254	84	95	+	23.2895	5.57e-08	0.000416	AGGTATTGGGCA
8-AGGTATTGGGCA	STREME-8	Chr4_17981653_17981753	84	95	+	23.2895	5.57e-08	0.000416	AGGTATTGGGCA
8-AGGTATTGGGCA	STREME-8	Chr11_22080796_22080896	84	95	+	23.2895	5.57e-08	0.000416	AGGTATTGGGCA
8-AGGTATTGGGCA	STREME-8	Chr2_38002850_38002950	74	85	-	23.2895	5.57e-08	0.000416	AGGTATTGGGCA
8-AGGTATTGGGCA	STREME-8	Chr3_5599112_5599212	85	96	+	23.2895	5.57e-08	0.000416	AGGTATTGGGCA
8-AGGTATTGGGCA	STREME-8	Chr5_15334931_15335031	86	97	+	23.2895	5.57e-08	0.000416	AGGTATTGGGCA
8-AGGTATTGGGCA	STREME-8	Chr12_23881621_23881721	86	97	+	23.2895	5.57e-08	0.000416	AGGTATTGGGCA
8-AGGTATTGGGCA	STREME-8	Chr13_281439_281539	86	97	+	23.2895	5.57e-08	0.000416	AGGTATTGGGCA
8-AGGTATTGGGCA	STREME-8	Chr8_12448517_12448617	87	98	+	23.2895	5.57e-08	0.000416	AGGTATTGGGCA
8-AGGTATTGGGCA	STREME-8	Chr10_17097561_17097661	88	99	+	23.2895	5.57e-08	0.000416	AGGTATTGGGCA
8-AGGTATTGGGCA	STREME-8	Chr6_15128518_15128618	77	88	-	23.2895	5.57e-08	0.000416	AGGTATTGGGCA
8-AGGTATTGGGCA	STREME-8	Chr4_17726042_17726142	88	99	+	23.2895	5.57e-08	0.000416	AGGTATTGGGCA
8-AGGTATTGGGCA	STREME-8	Chr1_19627311_19627411	88	99	+	23.2895	5.57e-08	0.000416	AGGTATTGGGCA
8-AGGTATTGGGCA	STREME-8	Chr6_1455452_1455552	88	99	+	23.2895	5.57e-08	0.000416	AGGTATTGGGCA
8-AGGTATTGGGCA	STREME-8	Chr13_977651_977751	88	99	+	23.2895	5.57e-08	0.000416	AGGTATTGGGCA
8-AGGTATTGGGCA	STREME-8	Chr12_4184392_4184492	88	99	+	23.2895	5.57e-08	0.000416	AGGTATTGGGCA
8-AGGTATTGGGCA	STREME-8	Chr14_22795432_22795532	89	100	+	23.2895	5.57e-08	0.000416	AGGTATTGGGCA
8-AGGTATTGGGCA	STREME-8	Chr13_1256011_1256111	89	100	+	23.2895	5.57e-08	0.000416	AGGTATTGGGCA
8-AGGTATTGGGCA	STREME-8	Chr5_24527813_24527913	89	100	+	23.2895	5.57e-08	0.000416	AGGTATTGGGCA
8-AGGTATTGGGCA	STREME-8	Chr5_17533878_17533978	89	100	+	23.2895	5.57e-08	0.000416	AGGTATTGGGCA
8-AGGTATTGGGCA	STREME-8	Chr10_11904446_11904546	90	101	+	23.2895	5.57e-08	0.000416	AGGTATTGGGCA
8-AGGTATTGGGCA	STREME-8	Chr6_9090744_9090844	90	101	+	23.2895	5.57e-08	0.000416	AGGTATTGGGCA
8-AGGTATTGGGCA	STREME-8	Chr13_8049924_8050024	80	91	-	23.2895	5.57e-08	0.000416	AGGTATTGGGCA
8-AGGTATTGGGCA	STREME-8	Chr2_22275741_22275841	88	99	-	23.2895	5.57e-08	0.000416	AGGTATTGGGCA
8-AGGTATTGGGCA	STREME-8	Chr1_27669209_27669309	88	99	-	23.2895	5.57e-08	0.000416	AGGTATTGGGCA
8-AGGTATTGGGCA	STREME-8	Chr8_20549169_20549269	2	13	-	20.7895	1.25e-07	0.000776	AGGTATTGGGTA
8-AGGTATTGGGCA	STREME-8	Chr2_37912358_37912458	16	27	+	20.7895	1.25e-07	0.000776	AGGTATTGGGTA
8-AGGTATTGGGCA	STREME-8	Chr6_23492998_23493098	7	18	-	20.7895	1.25e-07	0.000776	AGGTATTGGGTA
8-AGGTATTGGGCA	STREME-8	Chr6_4497223_4497323	9	20	-	20.7895	1.25e-07	0.000776	AGGTATTGGGTA
8-AGGTATTGGGCA	STREME-8	Chr3_31935971_31936071	10	21	-	20.7895	1.25e-07	0.000776	AGGTATTGGGTA
8-AGGTATTGGGCA	STREME-8	Chr8_16542997_16543097	11	22	-	20.7895	1.25e-07	0.000776	AGGTATTGGGTA
8-AGGTATTGGGCA	STREME-8	Chr7_17257342_17257442	11	22	-	20.7895	1.25e-07	0.000776	AGGTATTGGGTA
8-AGGTATTGGGCA	STREME-8	Chr5_16790156_16790256	12	23	-	20.7895	1.25e-07	0.000776	AGGTATTGGGTA
8-AGGTATTGGGCA	STREME-8	Chr6_200018_200118	13	24	-	20.7895	1.25e-07	0.000776	AGGTATTGGGTA
8-AGGTATTGGGCA	STREME-8	Chr7_2212875_2212975	25	36	+	20.7895	1.25e-07	0.000776	AGGTATTGGGTA
8-AGGTATTGGGCA	STREME-8	Chr5_16874587_16874687	16	27	-	20.7895	1.25e-07	0.000776	AGGTATTGGGTA
8-AGGTATTGGGCA	STREME-8	Chr7_13952320_13952420	17	28	-	20.7895	1.25e-07	0.000776	AGGTATTGGGTA
8-AGGTATTGGGCA	STREME-8	Chr7_13331397_13331497	21	32	-	20.7895	1.25e-07	0.000776	AGGTATTGGGTA
8-AGGTATTGGGCA	STREME-8	Chr4_5074915_5075015	22	33	-	20.7895	1.25e-07	0.000776	AGGTATTGGGTA
8-AGGTATTGGGCA	STREME-8	Chr12_16048129_16048229	23	34	-	20.7895	1.25e-07	0.000776	AGGTATTGGGTA
8-AGGTATTGGGCA	STREME-8	Chr6_23232784_23232884	23	34	-	20.7895	1.25e-07	0.000776	AGGTATTGGGTA
8-AGGTATTGGGCA	STREME-8	Chr4_14659575_14659675	26	37	-	20.7895	1.25e-07	0.000776	AGGTATTGGGTA
8-AGGTATTGGGCA	STREME-8	Chr3_36438409_36438509	27	38	-	20.7895	1.25e-07	0.000776	AGGTATTGGGTA
8-AGGTATTGGGCA	STREME-8	Chr6_7765588_7765688	27	38	-	20.7895	1.25e-07	0.000776	AGGTATTGGGTA
8-AGGTATTGGGCA	STREME-8	Chr2_38443012_38443112	43	54	+	20.7895	1.25e-07	0.000776	AGGTATTGGGTA
8-AGGTATTGGGCA	STREME-8	Chr11_11241087_11241187	32	43	-	20.7895	1.25e-07	0.000776	AGGTATTGGGTA
8-AGGTATTGGGCA	STREME-8	Chr10_11324105_11324205	33	44	-	20.7895	1.25e-07	0.000776	AGGTATTGGGTA
8-AGGTATTGGGCA	STREME-8	Chr2_14020656_14020756	37	48	-	20.7895	1.25e-07	0.000776	AGGTATTGGGTA
8-AGGTATTGGGCA	STREME-8	Chr3_19903537_19903637	48	59	+	20.7895	1.25e-07	0.000776	AGGTATTGGGTA
8-AGGTATTGGGCA	STREME-8	Chr7_15126907_15127007	55	66	+	20.7895	1.25e-07	0.000776	AGGTATTGGGTA
8-AGGTATTGGGCA	STREME-8	Chr12_10808321_10808421	56	67	+	20.7895	1.25e-07	0.000776	AGGTATTGGGTA
8-AGGTATTGGGCA	STREME-8	Chr1_34797705_34797805	58	69	+	20.7895	1.25e-07	0.000776	AGGTATTGGGTA
8-AGGTATTGGGCA	STREME-8	Chr10_26922923_26923023	48	59	-	20.7895	1.25e-07	0.000776	AGGTATTGGGTA
8-AGGTATTGGGCA	STREME-8	Chr1_35274337_35274437	51	62	-	20.7895	1.25e-07	0.000776	AGGTATTGGGTA
8-AGGTATTGGGCA	STREME-8	Chr8_22577088_22577188	51	62	-	20.7895	1.25e-07	0.000776	AGGTATTGGGTA
8-AGGTATTGGGCA	STREME-8	Chr8_7962365_7962465	52	63	-	20.7895	1.25e-07	0.000776	AGGTATTGGGTA
8-AGGTATTGGGCA	STREME-8	Chr6_13159213_13159313	64	75	+	20.7895	1.25e-07	0.000776	AGGTATTGGGTA
8-AGGTATTGGGCA	STREME-8	Chr13_15197488_15197588	54	65	-	20.7895	1.25e-07	0.000776	AGGTATTGGGTA
8-AGGTATTGGGCA	STREME-8	Chr6_16141078_16141178	66	77	+	20.7895	1.25e-07	0.000776	AGGTATTGGGTA
8-AGGTATTGGGCA	STREME-8	Chr2_30606512_30606612	56	67	-	20.7895	1.25e-07	0.000776	AGGTATTGGGTA
8-AGGTATTGGGCA	STREME-8	Chr5_23504678_23504778	56	67	-	20.7895	1.25e-07	0.000776	AGGTATTGGGTA
8-AGGTATTGGGCA	STREME-8	Chr9_16497946_16498046	68	79	+	20.7895	1.25e-07	0.000776	AGGTATTGGGTA
8-AGGTATTGGGCA	STREME-8	Chr6_15155993_15156093	69	80	+	20.7895	1.25e-07	0.000776	AGGTATTGGGTA
8-AGGTATTGGGCA	STREME-8	Chr10_25538037_25538137	73	84	+	20.7895	1.25e-07	0.000776	AGGTATTGGGTA
8-AGGTATTGGGCA	STREME-8	Chr4_29597180_29597280	73	84	+	20.7895	1.25e-07	0.000776	AGGTATTGGGTA
8-AGGTATTGGGCA	STREME-8	Chr11_22292737_22292837	74	85	+	20.7895	1.25e-07	0.000776	AGGTATTGGGTA
8-AGGTATTGGGCA	STREME-8	Chr15_18304989_18305089	74	85	+	20.7895	1.25e-07	0.000776	AGGTATTGGGTA
8-AGGTATTGGGCA	STREME-8	Chr10_19346259_19346359	76	87	+	20.7895	1.25e-07	0.000776	AGGTATTGGGTA
8-AGGTATTGGGCA	STREME-8	Chr15_5613174_5613274	79	90	+	20.7895	1.25e-07	0.000776	AGGTATTGGGTA
8-AGGTATTGGGCA	STREME-8	Chr3_34067428_34067528	83	94	+	20.7895	1.25e-07	0.000776	AGGTATTGGGTA
8-AGGTATTGGGCA	STREME-8	Chr12_1061540_1061640	84	95	+	20.7895	1.25e-07	0.000776	AGGTATTGGGTA
8-AGGTATTGGGCA	STREME-8	Chr8_10168203_10168303	84	95	+	20.7895	1.25e-07	0.000776	AGGTATTGGGTA
8-AGGTATTGGGCA	STREME-8	Chr5_24596177_24596277	84	95	+	20.7895	1.25e-07	0.000776	AGGTATTGGGTA
8-AGGTATTGGGCA	STREME-8	Chr12_22679239_22679339	86	97	+	20.7895	1.25e-07	0.000776	AGGTATTGGGTA
8-AGGTATTGGGCA	STREME-8	Chr9_26671806_26671906	89	100	+	20.7895	1.25e-07	0.000776	AGGTATTGGGTA
8-AGGTATTGGGCA	STREME-8	Chr1_21532453_21532553	90	101	+	20.7895	1.25e-07	0.000776	AGGTATTGGGTA
8-AGGTATTGGGCA	STREME-8	Chr6_26580301_26580401	90	101	+	20.7895	1.25e-07	0.000776	AGGTATTGGGTA
8-AGGTATTGGGCA	STREME-8	Chr2_4972352_4972452	90	101	+	20.7895	1.25e-07	0.000776	AGGTATTGGGTA
8-AGGTATTGGGCA	STREME-8	Chr7_24951135_24951235	4	15	-	19.5	1.7e-07	0.00103	AGGCATTGGGCA
8-AGGTATTGGGCA	STREME-8	Chr13_1427106_1427206	22	33	-	19.5	1.7e-07	0.00103	AGGCATTGGGCA
8-AGGTATTGGGCA	STREME-8	Chr9_23213609_23213709	23	34	-	19.5	1.7e-07	0.00103	AGGCATTGGGCA
8-AGGTATTGGGCA	STREME-8	Chr8_29392808_29392908	35	46	+	19.5	1.7e-07	0.00103	AGGCATTGGGCA
8-AGGTATTGGGCA	STREME-8	Chr5_18581458_18581558	45	56	-	19.5	1.7e-07	0.00103	AGGCATTGGGCA
8-AGGTATTGGGCA	STREME-8	Chr3_29930147_29930247	62	73	+	19.5	1.7e-07	0.00103	AGGCATTGGGCA
8-AGGTATTGGGCA	STREME-8	Chr4_18392072_18392172	63	74	+	19.5	1.7e-07	0.00103	AGGCATTGGGCA
8-AGGTATTGGGCA	STREME-8	Chr15_15365512_15365612	71	82	+	19.5	1.7e-07	0.00103	AGGCATTGGGCA
8-AGGTATTGGGCA	STREME-8	Chr5_16426392_16426492	74	85	+	19.5	1.7e-07	0.00103	AGGCATTGGGCA
8-AGGTATTGGGCA	STREME-8	Chr12_15391906_15392006	37	48	-	19.0395	2.15e-07	0.00127	AGGTACTGGGCA
8-AGGTATTGGGCA	STREME-8	Chr3_13325122_13325222	66	77	+	19.0395	2.15e-07	0.00127	AGGTACTGGGCA
8-AGGTATTGGGCA	STREME-8	Chr13_4473150_4473250	66	77	+	19.0395	2.15e-07	0.00127	AGGTACTGGGCA
8-AGGTATTGGGCA	STREME-8	Chr5_34309190_34309290	67	78	+	19.0395	2.15e-07	0.00127	AGGTACTGGGCA
8-AGGTATTGGGCA	STREME-8	Chr5_22990861_22990961	59	70	-	19.0395	2.15e-07	0.00127	AGGTACTGGGCA
8-AGGTATTGGGCA	STREME-8	Chr13_7101905_7102005	80	91	+	19.0395	2.15e-07	0.00127	AGGTACTGGGCA
8-AGGTATTGGGCA	STREME-8	Chr14_8976820_8976920	85	96	+	19.0395	2.15e-07	0.00127	AGGTACTGGGCA
8-AGGTATTGGGCA	STREME-8	Chr11_22195054_22195154	6	17	-	18.9474	2.83e-07	0.00161	AGGTATTGGACA
8-AGGTATTGGGCA	STREME-8	Chr6_22934402_22934502	6	17	-	18.9474	2.83e-07	0.00161	AGGTATTGGACA
8-AGGTATTGGGCA	STREME-8	Chr10_21625281_21625381	14	25	-	18.9474	2.83e-07	0.00161	AGGTATTGGACA
8-AGGTATTGGGCA	STREME-8	Chr4_17842083_17842183	16	27	-	18.9474	2.83e-07	0.00161	AGGTATTGGACA
8-AGGTATTGGGCA	STREME-8	Chr1_35994489_35994589	17	28	-	18.9474	2.83e-07	0.00161	AGGTATTGGACA
8-AGGTATTGGGCA	STREME-8	Chr3_29130620_29130720	18	29	-	18.9474	2.83e-07	0.00161	AGGTATTGGACA
8-AGGTATTGGGCA	STREME-8	Chr13_9086050_9086150	19	30	-	18.9474	2.83e-07	0.00161	AGGTATTGGACA
8-AGGTATTGGGCA	STREME-8	Chr1_15743439_15743539	20	31	-	18.9474	2.83e-07	0.00161	AGGTATTGGACA
8-AGGTATTGGGCA	STREME-8	Chr3_29097549_29097649	22	33	-	18.9474	2.83e-07	0.00161	AGGTATTGGACA
8-AGGTATTGGGCA	STREME-8	Chr5_24852294_24852394	72	83	+	18.9474	2.83e-07	0.00161	AGGTATTGGACA
8-AGGTATTGGGCA	STREME-8	Chr10_26089617_26089717	76	87	+	18.9474	2.83e-07	0.00161	AGGTATTGGACA
8-AGGTATTGGGCA	STREME-8	Chr1_24735942_24736042	77	88	+	18.9474	2.83e-07	0.00161	AGGTATTGGACA
8-AGGTATTGGGCA	STREME-8	Chr1_22060901_22061001	80	91	+	18.9474	2.83e-07	0.00161	AGGTATTGGACA
8-AGGTATTGGGCA	STREME-8	Chr9_24268678_24268778	84	95	+	18.9474	2.83e-07	0.00161	AGGTATTGGACA
8-AGGTATTGGGCA	STREME-8	Chr4_10798750_10798850	8	19	-	18.7237	3.52e-07	0.00197	AAGTATTGGGCA
8-AGGTATTGGGCA	STREME-8	Chr13_6260305_6260405	11	22	-	18.7237	3.52e-07	0.00197	AAGTATTGGGCA
8-AGGTATTGGGCA	STREME-8	Chr10_26660612_26660712	45	56	+	18.7237	3.52e-07	0.00197	AAGTATTGGGCA
8-AGGTATTGGGCA	STREME-8	Chr2_22519376_22519476	62	73	+	18.7237	3.52e-07	0.00197	AAGTATTGGGCA
8-AGGTATTGGGCA	STREME-8	Chr8_24389203_24389303	74	85	+	18.7237	3.52e-07	0.00197	AAGTATTGGGCA
8-AGGTATTGGGCA	STREME-8	Chr10_20711217_20711317	69	80	-	18.7237	3.52e-07	0.00197	AAGTATTGGGCA
8-AGGTATTGGGCA	STREME-8	Chr5_11539056_11539156	87	98	+	18.7237	3.52e-07	0.00197	AAGTATTGGGCA
8-AGGTATTGGGCA	STREME-8	Chr1_39922536_39922636	10	21	-	18.7105	4.21e-07	0.00229	AGGTATTGAGCA
8-AGGTATTGGGCA	STREME-8	Chr4_8357684_8357784	14	25	-	18.7105	4.21e-07	0.00229	AGGTATTGAGCA
8-AGGTATTGGGCA	STREME-8	Chr14_9230314_9230414	14	25	-	18.7105	4.21e-07	0.00229	AGGTATTGAGCA
8-AGGTATTGGGCA	STREME-8	Chr10_26176148_26176248	29	40	+	18.7105	4.21e-07	0.00229	AGGTATTGAGCA
8-AGGTATTGGGCA	STREME-8	Chr4_28855929_28856029	18	29	-	18.7105	4.21e-07	0.00229	AGGTATTGAGCA
8-AGGTATTGGGCA	STREME-8	Chr5_26404188_26404288	20	31	-	18.7105	4.21e-07	0.00229	AGGTATTGAGCA
8-AGGTATTGGGCA	STREME-8	Chr14_17172963_17173063	59	70	-	18.7105	4.21e-07	0.00229	AGGTATTGAGCA
8-AGGTATTGGGCA	STREME-8	Chr2_35006498_35006598	79	90	+	18.7105	4.21e-07	0.00229	AGGTATTGAGCA
8-AGGTATTGGGCA	STREME-8	Chr1_22776889_22776989	81	92	+	18.7105	4.21e-07	0.00229	AGGTATTGAGCA
8-AGGTATTGGGCA	STREME-8	Chr8_22506016_22506116	10	21	-	17.7632	4.9e-07	0.00263	AGGTATTAGGCA
8-AGGTATTGGGCA	STREME-8	Chr13_5525237_5525337	18	29	-	17.7632	4.9e-07	0.00263	AGGTATTAGGCA
8-AGGTATTGGGCA	STREME-8	Chr5_6681047_6681147	30	41	-	17.7632	4.9e-07	0.00263	AGGTATTAGGCA
8-AGGTATTGGGCA	STREME-8	Chr12_4936261_4936361	55	66	+	17.7632	4.9e-07	0.00263	AGGTATTAGGCA
8-AGGTATTGGGCA	STREME-8	Chr5_22605869_22605969	48	59	-	17.7632	4.9e-07	0.00263	AGGTATTAGGCA
8-AGGTATTGGGCA	STREME-8	Chr2_22147514_22147614	55	66	-	17.7632	4.9e-07	0.00263	AGGTATTAGGCA
8-AGGTATTGGGCA	STREME-8	Chr12_8915403_8915503	1	12	-	17.3947	5.59e-07	0.00296	AGATATTGGGCA
8-AGGTATTGGGCA	STREME-8	Chr8_20774148_20774248	14	25	-	17.3947	5.59e-07	0.00296	AGATATTGGGCA
8-AGGTATTGGGCA	STREME-8	Chr5_675356_675456	27	38	-	17.3947	5.59e-07	0.00296	AGATATTGGGCA
8-AGGTATTGGGCA	STREME-8	Chr8_20203227_20203327	85	96	+	17.3947	5.59e-07	0.00296	AGATATTGGGCA
8-AGGTATTGGGCA	STREME-8	Chr9_1150731_1150831	31	42	-	17	6.15e-07	0.00323	AGGCATTGGGTA
8-AGGTATTGGGCA	STREME-8	Chr5_13532901_13533001	44	55	-	17	6.15e-07	0.00323	AGGCATTGGGTA
8-AGGTATTGGGCA	STREME-8	Chr5_16664829_16664929	74	85	+	17	6.15e-07	0.00323	AGGCATTGGGTA
8-AGGTATTGGGCA	STREME-8	Chr8_25340209_25340309	30	41	+	16.8947	6.7e-07	0.0035	AGGTATTGGGCT
8-AGGTATTGGGCA	STREME-8	Chr6_8682736_8682836	69	80	+	16.8947	6.7e-07	0.0035	AGGTATTGGGCT
8-AGGTATTGGGCA	STREME-8	Chr3_16058484_16058584	81	92	+	16.8947	6.7e-07	0.0035	AGGTATTGGGCT
8-AGGTATTGGGCA	STREME-8	Chr8_24046430_24046530	17	28	+	16.8684	7.39e-07	0.00382	AGGTATTGGGAA
8-AGGTATTGGGCA	STREME-8	Chr15_21223333_21223433	42	53	-	16.8684	7.39e-07	0.00382	AGGTATTGGGAA
8-AGGTATTGGGCA	STREME-8	Chr14_13396713_13396813	73	84	+	16.8684	7.39e-07	0.00382	AGGTATTGGGAA
8-AGGTATTGGGCA	STREME-8	Chr10_13666864_13666964	87	98	-	16.8684	7.39e-07	0.00382	AGGTATTGGGAA
8-AGGTATTGGGCA	STREME-8	Chr3_7987531_7987631	20	31	-	16.5395	7.95e-07	0.00409	AGGTACTGGGTA
8-AGGTATTGGGCA	STREME-8	Chr10_14873168_14873268	1	12	-	16.4474	8.8e-07	0.00452	AGGTATTGGATA
8-AGGTATTGGGCA	STREME-8	Chr2_104705_104805	3	14	-	16.2895	9.25e-07	0.00473	AGGGATTGGGCA
8-AGGTATTGGGCA	STREME-8	Chr11_6939716_6939816	19	30	-	16.2895	9.25e-07	0.00473	AGGGATTGGGCA
8-AGGTATTGGGCA	STREME-8	Chr15_18293938_18294038	49	60	+	16.2237	1.01e-06	0.00515	AAGTATTGGGTA
8-AGGTATTGGGCA	STREME-8	Chr7_4139801_4139901	1	12	-	16.2105	1.14e-06	0.00577	AGGTATTGAGTA
8-AGGTATTGGGCA	STREME-8	Chr3_31087462_31087562	48	59	+	16.2105	1.14e-06	0.00577	GGGTATTGGGCA
8-AGGTATTGGGCA	STREME-8	Chr15_16267369_16267469	71	82	+	16.2105	1.14e-06	0.00577	AGGTATTGAGTA
8-AGGTATTGGGCA	STREME-8	Chr10_14219376_14219476	74	85	-	15.2632	1.32e-06	0.00662	AGGTATTGGGCC
8-AGGTATTGGGCA	STREME-8	Chr12_7904385_7904485	85	96	+	15.2632	1.32e-06	0.00662	AGGTATTGGGCG
8-AGGTATTGGGCA	STREME-8	Chr4_18403709_18403809	63	74	+	15.1579	1.41e-06	0.00706	AGGCATTGGACA
8-AGGTATTGGGCA	STREME-8	Chr2_9622972_9623072	4	15	-	15.0263	1.46e-06	0.00733	AGGAATTGGGCA
8-AGGTATTGGGCA	STREME-8	Chr10_26836598_26836698	18	29	+	14.9342	1.52e-06	0.00743	AAGCATTGGGCA
8-AGGTATTGGGCA	STREME-8	Chr2_23183306_23183406	14	25	-	14.9342	1.52e-06	0.00743	AAGCATTGGGCA
8-AGGTATTGGGCA	STREME-8	Chr8_26641854_26641954	26	37	+	14.9342	1.52e-06	0.00743	AAGCATTGGGCA
8-AGGTATTGGGCA	STREME-8	Chr1_16555262_16555362	33	44	-	14.9342	1.52e-06	0.00743	AAGCATTGGGCA
8-AGGTATTGGGCA	STREME-8	Chr1_32520264_32520364	45	56	+	14.9342	1.52e-06	0.00743	AAGCATTGGGCA
8-AGGTATTGGGCA	STREME-8	Chr3_28312629_28312729	47	58	+	14.9342	1.52e-06	0.00743	AAGCATTGGGCA
8-AGGTATTGGGCA	STREME-8	Chr1_21437399_21437499	50	61	+	14.9342	1.52e-06	0.00743	AAGCATTGGGCA
8-AGGTATTGGGCA	STREME-8	Chr3_12594560_12594660	41	52	-	14.9342	1.52e-06	0.00743	AAGCATTGGGCA
8-AGGTATTGGGCA	STREME-8	Chr4_30342627_30342727	43	54	-	14.9342	1.52e-06	0.00743	AAGCATTGGGCA
8-AGGTATTGGGCA	STREME-8	Chr14_23202836_23202936	58	69	-	14.9211	1.58e-06	0.00769	AGGCATTGAGCA
8-AGGTATTGGGCA	STREME-8	Chr10_14817020_14817120	26	37	-	14.8947	1.66e-06	0.00808	AGATATTGGGTA
8-AGGTATTGGGCA	STREME-8	Chr7_17675031_17675131	17	28	-	14.7105	1.73e-06	0.0084	ATGTATTGGGCA
8-AGGTATTGGGCA	STREME-8	Chr1_43730425_43730525	81	92	+	14.6974	1.79e-06	0.00863	AGGTACTGGACA
8-AGGTATTGGGCA	STREME-8	Chr14_23676985_23677085	88	99	+	14.6974	1.79e-06	0.00863	AGGTACTGGACA
8-AGGTATTGGGCA	STREME-8	Chr10_7594097_7594197	84	95	+	14.6579	1.85e-06	0.00894	AGTTATTGGGCA
8-AGGTATTGGGCA	STREME-8	Chr13_5224514_5224614	13	24	-	14.4605	1.97e-06	0.00943	AGGTACTGAGCA
8-AGGTATTGGGCA	STREME-8	Chr1_21737939_21738039	79	90	+	14.4605	1.97e-06	0.00943	AGGTACTGAGCA
8-AGGTATTGGGCA	STREME-8	Chr13_2893634_2893734	11	22	-	14.3816	2.12e-06	0.0101	AAGTATTGGACA
8-AGGTATTGGGCA	STREME-8	Chr13_16379660_16379760	62	73	+	14.3684	2.21e-06	0.0105	AGGTATTGAACA
8-AGGTATTGGGCA	STREME-8	Chr15_22804302_22804402	39	50	+	14.1447	2.29e-06	0.0109	AAGTATTGAGCA
8-AGGTATTGGGCA	STREME-8	Chr14_17695880_17695980	56	67	+	14.1447	2.29e-06	0.0109	AAGTATTGAGCA
8-AGGTATTGGGCA	STREME-8	Chr1_18668550_18668650	36	47	+	13.9737	2.35e-06	0.0111	AGGCATTAGGCA
8-AGGTATTGGGCA	STREME-8	Chr12_3190174_3190274	80	91	+	13.7105	2.46e-06	0.0116	GGGTATTGGGTA
8-AGGTATTGGGCA	STREME-8	Chr13_19209990_19210090	9	20	-	13.6053	2.51e-06	0.0118	AGACATTGGGCA
8-AGGTATTGGGCA	STREME-8	Chr5_25755982_25756082	28	39	-	13.6053	2.51e-06	0.0118	AGACATTGGGCA
8-AGGTATTGGGCA	STREME-8	Chr13_9172995_9173095	87	98	+	13.6053	2.51e-06	0.0118	AGACATTGGGCA
8-AGGTATTGGGCA	STREME-8	Chr5_22287501_22287601	21	32	-	13.4211	2.65e-06	0.0124	AGGTATTAGACA
8-AGGTATTGGGCA	STREME-8	Chr10_18469012_18469112	89	100	+	13.1974	2.74e-06	0.0128	AAGTATTAGGCA
8-AGGTATTGGGCA	STREME-8	Chr6_5384720_5384820	66	77	+	12.8289	3.15e-06	0.0147	AAATATTGGGCA
8-AGGTATTGGGCA	STREME-8	Chr3_24314449_24314549	17	28	-	12.5526	3.63e-06	0.0169	AGGTATTGGACT
8-AGGTATTGGGCA	STREME-8	Chr15_22457503_22457603	17	28	+	12.4342	3.86e-06	0.0179	AAGCATTGGGTA
8-AGGTATTGGGCA	STREME-8	Chr15_18937975_18938075	7	18	-	12.1974	4.42e-06	0.0205	AGGTACTGGATA
8-AGGTATTGGGCA	STREME-8	Chr3_9672213_9672313	53	64	+	11.9737	4.61e-06	0.0213	AAGTACTGGGTA
8-AGGTATTGGGCA	STREME-8	Chr13_13977067_13977167	85	96	+	11.9737	4.61e-06	0.0213	AAGTACTGGGTA
8-AGGTATTGGGCA	STREME-8	Chr14_12459442_12459542	18	29	+	11.9605	4.72e-06	0.0216	AGGTACTGAGTA
8-AGGTATTGGGCA	STREME-8	Chr11_21890319_21890419	19	30	+	11.9605	4.72e-06	0.0216	GGGTACTGGGCA
8-AGGTATTGGGCA	STREME-8	Chr1_6570282_6570382	24	35	+	11.8816	4.88e-06	0.0223	AAGTATTGGATA
8-AGGTATTGGGCA	STREME-8	Chr1_44122831_44122931	14	25	+	11.4737	5.6e-06	0.0256	AGGCATTAGGTA
8-AGGTATTGGGCA	STREME-8	Chr6_1328195_1328295	64	75	+	11.0132	5.96e-06	0.0272	AGGTACTAGGTA
8-AGGTATTGGGCA	STREME-8	Chr13_23894726_23894826	13	24	-	10.5526	8.64e-06	0.0393	AGATATTGGATA
8-AGGTATTGGGCA	STREME-8	Chr1_24751982_24752082	65	76	+	10.4737	8.71e-06	0.0394	AGGTATTGGGAT
8-AGGTATTGGGCA	STREME-8	Chr1_13213951_13214051	76	87	+	10.4737	8.71e-06	0.0394	AGGTATTGGGAT
8-AGGTATTGGGCA	STREME-8	Chr7_17498593_17498693	5	16	+	10.3947	9.01e-06	0.0407	AGAGATTGGGCA
8-AGGTATTGGGCA	STREME-8	Chr2_22378752_22378852	17	28	-	10.3289	9.27e-06	0.0418	AAATATTGGGTA
8-AGGTATTGGGCA	STREME-8	Chr15_19971562_19971662	88	99	+	9.89474	1.02e-05	0.0459	AAGTACTGAGCA
8-AGGTATTGGGCA	STREME-8	Chr2_9409046_9409146	45	56	+	9.78947	1.06e-05	0.0477	GGGTATTGGGAA
8-AGGTATTGGGCA	STREME-8	Chr10_22859306_22859406	17	28	-	9.03947	1.23e-05	0.0551	AAACATTGGGCA
8-AGGTATTGGGCA	STREME-8	Chr14_22214508_22214608	66	77	-	8.81579	1.32e-05	0.0589	ATATATTGGGCA
8-AGGTATTGGGCA	STREME-8	Chr3_12654565_12654665	11	22	+	8.80263	1.33e-05	0.0589	AGATACTGGACA
8-AGGTATTGGGCA	STREME-8	Chr1_36629569_36629669	78	89	+	8.80263	1.33e-05	0.0589	AGATACTGGACA
8-AGGTATTGGGCA	STREME-8	Chr6_17268360_17268460	12	23	-	8.63158	1.34e-05	0.0596	AGGAATTGGGCT
8-AGGTATTGGGCA	STREME-8	Chr13_6625310_6625410	12	23	-	8.61842	1.36e-05	0.0598	AAGTATTAAGCA
8-AGGTATTGGGCA	STREME-8	Chr11_24949960_24950060	15	26	+	8.60526	1.36e-05	0.0598	AGGAATTGGGAA
8-AGGTATTGGGCA	STREME-8	Chr3_27746961_27747061	55	66	+	8.60526	1.36e-05	0.0598	AGGAATTGGGAA
8-AGGTATTGGGCA	STREME-8	Chr15_16714050_16714150	49	60	-	8.60526	1.36e-05	0.0598	AGGAATTGGGAA
8-AGGTATTGGGCA	STREME-8	Chr1_21115808_21115908	10	21	-	8.51316	1.4e-05	0.0614	AGGTACTGGGTG
8-AGGTATTGGGCA	STREME-8	Chr6_28717851_28717951	47	58	-	8.51316	1.4e-05	0.0614	AAGCATTGGGAA
8-AGGTATTGGGCA	STREME-8	Chr3_2569868_2569968	46	57	-	8.42105	1.47e-05	0.0641	ATGCATTGGGTA
8-AGGTATTGGGCA	STREME-8	Chr2_38485966_38486066	75	86	-	8.42105	1.47e-05	0.0641	AGGTATTGGATG
8-AGGTATTGGGCA	STREME-8	Chr6_8178807_8178907	12	23	-	8.39474	1.53e-05	0.0663	AGGTATGGGGTA
8-AGGTATTGGGCA	STREME-8	Chr4_9441368_9441468	86	97	-	8.30263	1.55e-05	0.067	AGGTACTGGACT
8-AGGTATTGGGCA	STREME-8	Chr1_39865401_39865501	41	52	+	8.28947	1.55e-05	0.0673	ATGTATTGGGAA
8-AGGTATTGGGCA	STREME-8	Chr2_23959801_23959901	32	43	+	8.26316	1.59e-05	0.0686	AGTTATTGGGCT
8-AGGTATTGGGCA	STREME-8	Chr4_1785347_1785447	50	61	-	8.23684	1.61e-05	0.0692	AGTTATTGGGAA
8-AGGTATTGGGCA	STREME-8	Chr13_6378368_6378468	23	34	-	8.18421	1.66e-05	0.0713	AGGTATTGAGTC
8-AGGTATTGGGCA	STREME-8	Chr12_17560748_17560848	87	98	-	8.18421	1.66e-05	0.0713	AGGTATTGAGTG
8-AGGTATTGGGCA	STREME-8	Chr15_16141730_16141830	5	16	+	8.09211	1.74e-05	0.0745	AAGCATTGGATA
8-AGGTATTGGGCA	STREME-8	Chr13_5525237_5525337	11	22	-	8.07895	1.77e-05	0.0749	AGGCATTGAATA
8-AGGTATTGGGCA	STREME-8	Chr1_18668550_18668650	43	54	+	8.07895	1.77e-05	0.0749	AGGCATTGAATA
8-AGGTATTGGGCA	STREME-8	Chr5_22605869_22605969	41	52	-	8.07895	1.77e-05	0.0749	AGGCATTGAATA
8-AGGTATTGGGCA	STREME-8	Chr12_4936261_4936361	62	73	+	8.07895	1.77e-05	0.0749	AGGCATTGAATA
8-AGGTATTGGGCA	STREME-8	Chr12_22880036_22880136	20	31	+	7.96053	1.83e-05	0.0771	AAGTATTGGAAA
8-AGGTATTGGGCA	STREME-8	Chr14_8529564_8529664	29	40	+	7.96053	1.83e-05	0.0771	AAGAATTGGGTA
8-AGGTATTGGGCA	STREME-8	Chr1_23395978_23396078	24	35	-	7.96053	1.83e-05	0.0771	AAGTATTGGAAA
8-AGGTATTGGGCA	STREME-8	Chr6_9507124_9507224	14	25	+	7.85526	1.89e-05	0.0785	GAGCATTGGGCA
8-AGGTATTGGGCA	STREME-8	Chr7_15792996_15793096	22	33	+	7.85526	1.89e-05	0.0785	AAGCATTGAGTA
8-AGGTATTGGGCA	STREME-8	Chr9_5090401_5090501	48	59	+	7.85526	1.89e-05	0.0785	GAGCATTGGGCA
8-AGGTATTGGGCA	STREME-8	Chr12_12915057_12915157	45	56	-	7.85526	1.89e-05	0.0785	GAGCATTGGGCA
8-AGGTATTGGGCA	STREME-8	Chr11_21706046_21706146	48	59	-	7.85526	1.89e-05	0.0785	GAGCATTGGGCA
8-AGGTATTGGGCA	STREME-8	Chr10_22743131_22743231	59	70	-	7.85526	1.89e-05	0.0785	GAGCATTGGGCA
8-AGGTATTGGGCA	STREME-8	Chr9_5693953_5694053	83	94	-	7.85526	1.89e-05	0.0785	GAGCATTGGGCA
8-AGGTATTGGGCA	STREME-8	Chr5_5925315_5925415	64	75	+	7.72368	1.93e-05	0.08	AAGTATTGAGAA
8-AGGTATTGGGCA	STREME-8	Chr2_22989238_22989338	49	60	-	7.65789	1.95e-05	0.0805	AGTGATTGGGCA
8-AGGTATTGGGCA	STREME-8	Chr9_2643459_2643559	2	13	-	7.63158	1.97e-05	0.0812	GTGTATTGGGCA
8-AGGTATTGGGCA	STREME-8	Chr1_3690152_3690252	79	90	+	7.63158	1.97e-05	0.0812	AAGTACTGGATA
8-AGGTATTGGGCA	STREME-8	Chr10_4489277_4489377	63	74	+	7.61842	1.99e-05	0.0818	AGGTACTGAATA
8-AGGTATTGGGCA	STREME-8	Chr13_13867682_13867782	42	53	-	7.46053	2.05e-05	0.0841	AGGGACTGAGCA
8-AGGTATTGGGCA	STREME-8	Chr5_3923089_3923189	89	100	-	7.39474	2.07e-05	0.0847	AGGGATTGGGTT
8-AGGTATTGGGCA	STREME-8	Chr6_3700839_3700939	68	79	+	7.30263	2.12e-05	0.0867	AAATATTAGGCA
8-AGGTATTGGGCA	STREME-8	Chr1_19986969_19987069	58	69	+	6.90789	2.32e-05	0.0946	AAGCATTGGGCG
8-AGGTATTGGGCA	STREME-8	Chr6_12981157_12981257	82	93	-	6.64474	2.56e-05	0.104	AGGTACTGGGGA
8-AGGTATTGGGCA	STREME-8	Chr8_4838045_4838145	42	53	+	6.57895	2.62e-05	0.106	ATGCATTGGACA
8-AGGTATTGGGCA	STREME-8	Chr1_34845290_34845390	11	22	-	6.55263	2.68e-05	0.109	AGGTGTTGGACA
8-AGGTATTGGGCA	STREME-8	Chr1_47146327_47146427	32	43	-	6.43421	2.77e-05	0.112	AGGTACTGAGCG
8-AGGTATTGGGCA	STREME-8	Chr1_28202593_28202693	18	29	-	6.40789	2.82e-05	0.114	AGGTACTGTGCA
8-AGGTATTGGGCA	STREME-8	Chr1_47352546_47352646	48	59	-	6.40789	2.82e-05	0.114	AAATATTGGGAA
8-AGGTATTGGGCA	STREME-8	Chr6_16745495_16745595	18	29	-	6.39474	2.85e-05	0.115	AGTAATTGGGCA
8-AGGTATTGGGCA	STREME-8	Chr1_29624463_29624563	19	30	+	6.38158	2.87e-05	0.115	AGGTAATGAGCA
8-AGGTATTGGGCA	STREME-8	Chr15_778730_778830	58	69	-	6.26316	3.16e-05	0.126	AGGCATTGGATT
8-AGGTATTGGGCA	STREME-8	Chr8_16172205_16172305	28	39	+	6.22368	3.16e-05	0.126	AGGTACTGGGAT
8-AGGTATTGGGCA	STREME-8	Chr10_6766318_6766418	56	67	-	6.22368	3.16e-05	0.126	AGGTACTGGGAT
8-AGGTATTGGGCA	STREME-8	Chr3_29291271_29291371	19	30	+	6.09211	3.33e-05	0.132	AAGTATTGCGCA
8-AGGTATTGGGCA	STREME-8	Chr7_11544997_11545097	19	30	-	6.09211	3.33e-05	0.132	AAGTATTGCGCA
8-AGGTATTGGGCA	STREME-8	Chr4_28622755_28622855	78	89	-	6.09211	3.33e-05	0.132	AGGTATTGATCA
8-AGGTATTGGGCA	STREME-8	Chr3_10478246_10478346	46	57	-	6	3.45e-05	0.136	GGGCATTGGGAA
8-AGGTATTGGGCA	STREME-8	Chr12_16087450_16087550	84	95	+	5.88158	3.52e-05	0.139	ATGTACTGAGCA
8-AGGTATTGGGCA	STREME-8	Chr4_22970395_22970495	8	19	-	5.78947	3.58e-05	0.14	ATGTATTGAACA
8-AGGTATTGGGCA	STREME-8	Chr10_18641415_18641515	25	36	+	5.78947	3.58e-05	0.14	ATGTATTGAACA
8-AGGTATTGGGCA	STREME-8	Chr4_2078643_2078743	31	42	+	5.78947	3.58e-05	0.14	ATGTATTGAACA
8-AGGTATTGGGCA	STREME-8	Chr6_3446448_3446548	66	77	+	5.78947	3.58e-05	0.14	ATGTATTGAACA
8-AGGTATTGGGCA	STREME-8	Chr13_14919337_14919437	78	89	-	5.78947	3.58e-05	0.14	ATGTATTGAACA
8-AGGTATTGGGCA	STREME-8	Chr12_24243090_24243190	81	92	+	5.76316	3.6e-05	0.14	AGGGATTGGGTG
8-AGGTATTGGGCA	STREME-8	Chr10_14429190_14429290	74	85	-	5.75	3.63e-05	0.141	AAATATTGAGTA
8-AGGTATTGGGCA	STREME-8	Chr9_13207532_13207632	4	15	+	5.68421	3.65e-05	0.142	GGGTATTGGGTG
8-AGGTATTGGGCA	STREME-8	Chr7_23541996_23542096	82	93	+	5.64474	3.66e-05	0.142	AGGGACTGGGCT
8-AGGTATTGGGCA	STREME-8	Chr5_16392360_16392460	79	90	-	5.57895	3.69e-05	0.143	GGGCATTGGATA
8-AGGTATTGGGCA	STREME-8	Chr2_7011923_7012023	89	100	-	5.55263	3.72e-05	0.144	AAGTACTGAACA
8-AGGTATTGGGCA	STREME-8	Chr1_2986546_2986646	67	78	+	5.48684	3.76e-05	0.145	AAGTATTGGATT
8-AGGTATTGGGCA	STREME-8	Chr6_1328195_1328295	71	82	+	5.47368	3.78e-05	0.146	AGGTATTGAATT
8-AGGTATTGGGCA	STREME-8	Chr6_20696415_20696515	16	27	-	5.36842	3.9e-05	0.15	AGGTCTTAGGCA
8-AGGTATTGGGCA	STREME-8	Chr4_11439934_11440034	78	89	+	5.36842	3.9e-05	0.15	AGGTCTTAGGCA
8-AGGTATTGGGCA	STREME-8	Chr10_14954905_14955005	86	97	+	5.32895	3.93e-05	0.15	AAGGATTGGGCT
8-AGGTATTGGGCA	STREME-8	Chr7_14974446_14974546	16	27	-	5.25	3.97e-05	0.151	AAGTATTGAGTT
8-AGGTATTGGGCA	STREME-8	Chr2_9516050_9516150	22	33	-	5.25	3.97e-05	0.151	AAGTATTGAGTT
8-AGGTATTGGGCA	STREME-8	Chr4_31487033_31487133	63	74	-	5.22368	3.98e-05	0.151	GAGTATTGGGAA
8-AGGTATTGGGCA	STREME-8	Chr8_11012683_11012783	22	33	+	5.21053	3.99e-05	0.151	ATGGATTGGGTA
8-AGGTATTGGGCA	STREME-8	Chr4_14118415_14118515	17	28	-	5.19737	4e-05	0.151	AGGGACTGGATA
8-AGGTATTGGGCA	STREME-8	Chr9_4311255_4311355	12	23	+	5.13158	4.1e-05	0.155	GTGTATTGGGTA
8-AGGTATTGGGCA	STREME-8	Chr8_4942141_4942241	69	80	+	5.09211	4.13e-05	0.156	AGCTATTAGGCA
8-AGGTATTGGGCA	STREME-8	Chr4_12389209_12389309	5	16	-	5.05263	4.18e-05	0.157	AGGCATTGGGAG
8-AGGTATTGGGCA	STREME-8	Chr7_2299311_2299411	49	60	+	5.01316	4.23e-05	0.159	TGATATTGGGCA
8-AGGTATTGGGCA	STREME-8	Chr15_16443648_16443748	18	29	+	5	4.27e-05	0.16	AGATGTTGGGCA
8-AGGTATTGGGCA	STREME-8	Chr11_13401817_13401917	27	38	+	5	4.27e-05	0.16	AGATGTTGGGCA
8-AGGTATTGGGCA	STREME-8	Chr9_1150731_1150831	24	35	-	4.78947	4.49e-05	0.167	GGGTATTGAATA
8-AGGTATTGGGCA	STREME-8	Chr10_25538037_25538137	80	91	+	4.78947	4.49e-05	0.167	GGGTATTGAATA
8-AGGTATTGGGCA	STREME-8	Chr10_19346259_19346359	83	94	+	4.78947	4.49e-05	0.167	GGGTATTGAATA
8-AGGTATTGGGCA	STREME-8	Chr10_2556444_2556544	15	26	+	4.77632	4.52e-05	0.168	AGATATTGGTCA
8-AGGTATTGGGCA	STREME-8	Chr6_19874911_19875011	63	74	+	4.67105	4.59e-05	0.17	AGGCAGTGGGTA
8-AGGTATTGGGCA	STREME-8	Chr2_23168886_23168986	90	101	+	4.64474	4.61e-05	0.171	GAGGATTGGGCA
8-AGGTATTGGGCA	STREME-8	Chr5_623838_623938	86	97	-	4.60526	4.69e-05	0.173	AGGCTTTGGGTA
8-AGGTATTGGGCA	STREME-8	Chr3_14830363_14830463	24	35	+	4.53947	4.79e-05	0.177	AGGTAATGGGAA
8-AGGTATTGGGCA	STREME-8	Chr12_23100827_23100927	75	86	+	4.48684	4.91e-05	0.181	TGGTATTGGGAA
8-AGGTATTGGGCA	STREME-8	Chr12_1526506_1526606	38	49	-	4.47368	4.96e-05	0.182	AGGTATGGGGAA
8-AGGTATTGGGCA	STREME-8	Chr3_35838751_35838851	80	91	+	4.39474	5.01e-05	0.184	GGGCATTAGGTA
8-AGGTATTGGGCA	STREME-8	Chr11_1574246_1574346	67	78	-	4.38158	5.03e-05	0.184	AGGCATTGGCTA
8-AGGTATTGGGCA	STREME-8	Chr14_2033657_2033757	26	37	-	4.36842	5.06e-05	0.185	AAGTACTAAGCA
8-AGGTATTGGGCA	STREME-8	Chr15_6281168_6281268	16	27	+	4.27632	5.17e-05	0.189	AAGTATTGGGAC
8-AGGTATTGGGCA	STREME-8	Chr11_19416374_19416474	60	71	+	4.26316	5.22e-05	0.19	AGGAATTGGAAA
8-AGGTATTGGGCA	STREME-8	Chr10_6463675_6463775	86	97	-	4.19737	5.35e-05	0.194	AAGCATTGGACT
8-AGGTATTGGGCA	STREME-8	Chr3_13431351_13431451	63	74	-	4.02632	5.61e-05	0.204	AGGAATTGAGAA
8-AGGTATTGGGCA	STREME-8	Chr15_14278217_14278317	50	61	+	3.97368	5.66e-05	0.205	ATGTATTGGACT
8-AGGTATTGGGCA	STREME-8	Chr6_3267215_3267315	77	88	-	3.96053	5.68e-05	0.205	AAGCATTGAGCT
8-AGGTATTGGGCA	STREME-8	Chr2_33713316_33713416	21	32	-	3.93421	5.76e-05	0.208	GGGTACTGGGCC
8-AGGTATTGGGCA	STREME-8	Chr11_639785_639885	26	37	+	3.92105	5.82e-05	0.209	AGGGATTGGACG
8-AGGTATTGGGCA	STREME-8	Chr7_28055282_28055382	47	58	+	3.92105	5.82e-05	0.209	AGGGATTGGACC
8-AGGTATTGGGCA	STREME-8	Chr6_7651793_7651893	50	61	+	3.92105	5.82e-05	0.209	AGGGATTGGACC
8-AGGTATTGGGCA	STREME-8	Chr13_1538319_1538419	76	87	-	3.84211	6.06e-05	0.217	AAGCACTGGATA
8-AGGTATTGGGCA	STREME-8	Chr10_3607458_3607558	41	52	+	3.81579	6.24e-05	0.223	GGGTATTGGGGA
8-AGGTATTGGGCA	STREME-8	Chr11_14444392_14444492	35	46	+	3.69737	6.39e-05	0.228	AATTATTGGGCT
8-AGGTATTGGGCA	STREME-8	Chr3_33760366_33760466	26	37	-	3.69737	6.39e-05	0.228	AAGGATTGGGCC
8-AGGTATTGGGCA	STREME-8	Chr1_13410737_13410837	3	14	-	3.61842	6.54e-05	0.232	AAGAATTGGATA
8-AGGTATTGGGCA	STREME-8	Chr14_1991359_1991459	55	66	-	3.61842	6.54e-05	0.232	AAGAATTGGATA
8-AGGTATTGGGCA	STREME-8	Chr4_13553030_13553130	71	82	+	3.60526	6.61e-05	0.234	AAGTATTGGTTA
8-AGGTATTGGGCA	STREME-8	Chr11_19474770_19474870	9	20	-	3.59211	6.68e-05	0.236	AAGTATTGCGTA
8-AGGTATTGGGCA	STREME-8	Chr1_22302927_22303027	75	86	+	3.57895	6.7e-05	0.237	ATTTATTGGGTA
8-AGGTATTGGGCA	STREME-8	Chr1_47105242_47105342	49	60	-	3.56579	6.73e-05	0.237	AGTTACTGGATA
8-AGGTATTGGGCA	STREME-8	Chr8_12684232_12684332	8	19	-	3.44737	6.88e-05	0.241	AGGCATTAGGTG
8-AGGTATTGGGCA	STREME-8	Chr7_16022308_16022408	65	76	+	3.44737	6.88e-05	0.241	AGGCATTAGGTG
8-AGGTATTGGGCA	STREME-8	Chr3_4668801_4668901	86	97	+	3.44737	6.88e-05	0.241	AGGCATTAGGTG
8-AGGTATTGGGCA	STREME-8	Chr15_5543952_5544052	9	20	+	3.38158	6.94e-05	0.242	GAGAATTGGGCA
8-AGGTATTGGGCA	STREME-8	Chr13_2088317_2088417	65	76	+	3.38158	6.94e-05	0.242	AAGTATTGAAAA
8-AGGTATTGGGCA	STREME-8	Chr1_23836540_23836640	54	65	-	3.38158	6.94e-05	0.242	GAGAATTGGGCA
8-AGGTATTGGGCA	STREME-8	Chr3_28561119_28561219	70	81	+	3.38158	6.94e-05	0.242	GAGAATTGGGCA
8-AGGTATTGGGCA	STREME-8	Chr6_11069664_11069764	19	30	+	3.28947	7.06e-05	0.245	GTGTATTGGACA
8-AGGTATTGGGCA	STREME-8	Chr11_13683379_13683479	80	91	-	3.28947	7.06e-05	0.245	ATATATTAGGCA
8-AGGTATTGGGCA	STREME-8	Chr2_16815205_16815305	27	38	+	3.01316	7.29e-05	0.252	AATTATTGAGTA
8-AGGTATTGGGCA	STREME-8	Chr13_13605886_13605986	68	79	+	3	7.3e-05	0.252	GGTTATTGAGCA
8-AGGTATTGGGCA	STREME-8	Chr15_11284218_11284318	68	79	-	2.96053	7.36e-05	0.254	AAATATTAGACA
8-AGGTATTGGGCA	STREME-8	Chr2_8378385_8378485	15	26	+	2.94737	7.39e-05	0.254	AGATATTGGGAG
8-AGGTATTGGGCA	STREME-8	Chr2_5574612_5574712	35	46	+	2.94737	7.39e-05	0.254	AGATATTGGGAG
8-AGGTATTGGGCA	STREME-8	Chr7_3366045_3366145	51	62	-	2.88158	7.51e-05	0.258	AGGCACTGGACC
8-AGGTATTGGGCA	STREME-8	Chr11_20713440_20713540	65	76	-	2.88158	7.51e-05	0.258	AGGCACTGGACC
8-AGGTATTGGGCA	STREME-8	Chr6_3192789_3192889	1	12	+	2.78947	7.73e-05	0.265	GGGGATTGGGAA
8-AGGTATTGGGCA	STREME-8	Chr1_49403921_49404021	66	77	-	2.77632	7.75e-05	0.265	TGGCATTGGACA
8-AGGTATTGGGCA	STREME-8	Chr6_1151644_1151744	20	31	-	2.76316	7.79e-05	0.266	AGGCATCGGACA
8-AGGTATTGGGCA	STREME-8	Chr3_15775232_15775332	27	38	+	2.69737	7.9e-05	0.269	AGGAAATGGGCA
8-AGGTATTGGGCA	STREME-8	Chr1_17698542_17698642	17	28	-	2.69737	7.9e-05	0.269	AGGAAATGGGCA
8-AGGTATTGGGCA	STREME-8	Chr13_20447132_20447232	19	30	-	2.65789	7.98e-05	0.269	AGGAATTGGACC
8-AGGTATTGGGCA	STREME-8	Chr15_8252516_8252616	43	54	+	2.65789	7.98e-05	0.269	AGGAATTGGACG
8-AGGTATTGGGCA	STREME-8	Chr3_34027846_34027946	42	53	-	2.65789	7.98e-05	0.269	AGGAATTGGACC
8-AGGTATTGGGCA	STREME-8	Chr4_32621519_32621619	79	90	+	2.65789	7.98e-05	0.269	AGGAATTGGACC
8-AGGTATTGGGCA	STREME-8	Chr3_28472400_28472500	90	101	+	2.65789	7.98e-05	0.269	AAGCACTGGGCG
8-AGGTATTGGGCA	STREME-8	Chr1_29894351_29894451	90	101	+	2.65789	7.98e-05	0.269	AGGAATTGGACC
8-AGGTATTGGGCA	STREME-8	Chr8_9295932_9296032	18	29	+	2.64474	8.08e-05	0.27	ACGTATTAGGTA
8-AGGTATTGGGCA	STREME-8	Chr2_30596592_30596692	13	24	-	2.64474	8.08e-05	0.27	TGGAATTGGGCA
8-AGGTATTGGGCA	STREME-8	Chr10_1809165_1809265	57	68	+	2.64474	8.08e-05	0.27	TGGAATTGGGCA
8-AGGTATTGGGCA	STREME-8	Chr14_4935530_4935630	2	13	+	2.63158	8.17e-05	0.273	AGGATTTGGGCA
8-AGGTATTGGGCA	STREME-8	Chr7_15855361_15855461	21	32	+	2.59211	8.27e-05	0.276	AGCTATTGGGCC
8-AGGTATTGGGCA	STREME-8	Chr8_29403268_29403368	78	89	+	2.55263	8.36e-05	0.278	CAGCATTGGGCA
8-AGGTATTGGGCA	STREME-8	Chr8_14417211_14417311	13	24	-	2.53947	8.41e-05	0.279	AAGCATGGGGCA
8-AGGTATTGGGCA	STREME-8	Chr1_14331519_14331619	40	51	-	2.53947	8.41e-05	0.279	AAGCATCGGGCA
8-AGGTATTGGGCA	STREME-8	Chr13_4279129_4279229	39	50	+	2.52632	8.49e-05	0.281	AGGCTTTGAGCA
8-AGGTATTGGGCA	STREME-8	Chr3_17881339_17881439	73	84	+	2.52632	8.49e-05	0.281	AGGCTTTGAGCA
8-AGGTATTGGGCA	STREME-8	Chr1_41285773_41285873	6	17	+	2.5	8.58e-05	0.281	AGATGTTGGGTA
8-AGGTATTGGGCA	STREME-8	Chr8_16650130_16650230	11	22	+	2.5	8.58e-05	0.281	AGATGTTGGGTA
8-AGGTATTGGGCA	STREME-8	Chr11_24949960_24950060	43	54	+	2.5	8.58e-05	0.281	AGATGTTGGGTA
8-AGGTATTGGGCA	STREME-8	Chr1_15310160_15310260	49	60	-	2.5	8.58e-05	0.281	AGATGTTGGGTA
8-AGGTATTGGGCA	STREME-8	Chr1_31414862_31414962	70	81	+	2.5	8.58e-05	0.281	AGGCATTTGACA
8-AGGTATTGGGCA	STREME-8	Chr5_5512807_5512907	88	99	-	2.5	8.58e-05	0.281	AGATATAGGGTA
8-AGGTATTGGGCA	STREME-8	Chr5_13789844_13789944	90	101	-	2.42105	8.72e-05	0.284	AGGAATTGAGCC
8-AGGTATTGGGCA	STREME-8	Chr15_17420328_17420428	86	97	-	2.40789	8.74e-05	0.284	AGATACTGGACT
8-AGGTATTGGGCA	STREME-8	Chr5_25832191_25832291	89	100	+	2.38158	8.81e-05	0.284	AGTTACTGGGCC
8-AGGTATTGGGCA	STREME-8	Chr4_306406_306506	21	32	-	2.36842	8.85e-05	0.284	AGGAATTTGGCA
8-AGGTATTGGGCA	STREME-8	Chr10_8232373_8232473	31	42	-	2.36842	8.85e-05	0.284	AGGAATTTGGCA
8-AGGTATTGGGCA	STREME-8	Chr13_10297142_10297242	32	43	-	2.36842	8.85e-05	0.284	AGGAATTTGGCA
8-AGGTATTGGGCA	STREME-8	Chr6_12064834_12064934	46	57	+	2.36842	8.85e-05	0.284	AGGAATTTGGCA
8-AGGTATTGGGCA	STREME-8	Chr5_1039315_1039415	51	62	+	2.36842	8.85e-05	0.284	AGGAATTTGGCA
8-AGGTATTGGGCA	STREME-8	Chr14_13431407_13431507	51	62	+	2.36842	8.85e-05	0.284	AGGAATTTGGCA
8-AGGTATTGGGCA	STREME-8	Chr13_15512059_15512159	69	80	+	2.36842	8.85e-05	0.284	AGGAATTTGGCA
8-AGGTATTGGGCA	STREME-8	Chr11_25505639_25505739	75	86	+	2.36842	8.85e-05	0.284	AGGAATTTGGCA
8-AGGTATTGGGCA	STREME-8	Chr13_15482902_15483002	78	89	+	2.36842	8.85e-05	0.284	AGGAATTTGGCA
8-AGGTATTGGGCA	STREME-8	Chr13_1538319_1538419	34	45	+	2.30263	9.1e-05	0.292	AGGTCCTGGACA
8-AGGTATTGGGCA	STREME-8	Chr1_35744177_35744277	19	30	-	2.28947	9.18e-05	0.292	AGTTATTGGACC
8-AGGTATTGGGCA	STREME-8	Chr1_46148978_46149078	51	62	-	2.28947	9.18e-05	0.292	AGATATTGAGTG
8-AGGTATTGGGCA	STREME-8	Chr15_17678565_17678665	72	83	-	2.28947	9.18e-05	0.292	GGATATTGGGCC
8-AGGTATTGGGCA	STREME-8	Chr6_20114362_20114462	81	92	-	2.28947	9.18e-05	0.292	AGTTATTGGACG
8-AGGTATTGGGCA	STREME-8	Chr6_3573181_3573281	87	98	-	2.28947	9.18e-05	0.292	ATTCATTGGGCA
8-AGGTATTGGGCA	STREME-8	Chr1_40621870_40621970	52	63	+	2.26316	9.33e-05	0.296	AGGCATTCAGCA
8-AGGTATTGGGCA	STREME-8	Chr9_26333379_26333479	73	84	-	2.26316	9.33e-05	0.296	AGTTCTTGGGCA
8-AGGTATTGGGCA	STREME-8	Chr11_19757581_19757681	36	47	-	2.19737	9.4e-05	0.297	ATGAACTGGGCA
8-AGGTATTGGGCA	STREME-8	Chr9_6011644_6011744	60	71	-	2.19737	9.4e-05	0.297	ATGAACTGGGCA
8-AGGTATTGGGCA	STREME-8	Chr10_13606343_13606443	83	94	+	2.17105	9.45e-05	0.298	AGATACTGAGCT
8-AGGTATTGGGCA	STREME-8	Chr4_12455802_12455902	28	39	-	2.11842	9.49e-05	0.299	AAGCATTGGGAT
8-AGGTATTGGGCA	STREME-8	Chr4_11428076_11428176	29	40	+	2.10526	9.56e-05	0.3	AGGCATTGAGAT
8-AGGTATTGGGCA	STREME-8	Chr4_11439934_11440034	85	96	+	2.10526	9.56e-05	0.3	AGGCATTGAGAT
8-AGGTATTGGGCA	STREME-8	Chr13_10297142_10297242	62	73	-	2.07895	9.71e-05	0.304	ATGTATTGTGCA
8-AGGTATTGGGCA	STREME-8	Chr3_11752365_11752465	84	95	-	2.07895	9.71e-05	0.304	TGGTACTGAGCA
8-AGGTATTGGGCA	STREME-8	Chr8_27390127_27390227	83	94	+	2.06579	9.83e-05	0.307	AGGTACTGCACA
8-AGGTATTGGGCA	STREME-8	Chr10_7327063_7327163	11	22	+	2.05263	9.94e-05	0.308	AGATATTGAAAA
8-AGGTATTGGGCA	STREME-8	Chr5_26258856_26258956	18	29	-	2.05263	9.94e-05	0.308	AGATATTGAAAA
8-AGGTATTGGGCA	STREME-8	Chr15_1400809_1400909	67	78	+	2.05263	9.94e-05	0.308	AAGTAATGGACA
8-AGGTATTGGGCA	STREME-8	Chr11_25989574_25989674	81	92	-	2.05263	9.94e-05	0.308	AGATATTGAAAA
8-AGGTATTGGGCA	STREME-8	Chr2_9438928_9439028	82	93	-	2.05263	9.94e-05	0.308	AAGTAATGGACA

# FIMO (Find Individual Motif Occurrences): Version 5.5.1 compiled on Apr 10 2023 at 16:56:57
# The format of this file is described at https://meme-suite.org/meme/doc/fimo-output-format.html.
# fimo --parse-genomic-coord --verbosity 1 --oc LITCHI007109.meme_chip/fimo_out_9 --bgfile LITCHI007109.meme_chip/background --motif 8-AGGTATTGGGCA LITCHI007109.meme_chip/streme_out/streme.xml LITCHI007109.meme_chip/LITCHI007109.peak.region.fa
