<?xml version="1.0" encoding="UTF-8" standalone="no"?>
<!-- Begin document body -->
<fimo version="5.5.1" release="Sun Jan 29 10:33:12 2023 -0800">
  xmlns:xsi="http://www.w3.org/2001/XMLSchema-instance"
  xsi:schemaLocation=  xmlns:fimo="http://noble.gs.washington.edu/schema/fimo"
>
<command-line>fimo --parse-genomic-coord --verbosity 1 --oc LITCHI007109.meme_chip/fimo_out_9 --bgfile LITCHI007109.meme_chip/background --motif 8-AGGTATTGGGCA LITCHI007109.meme_chip/streme_out/streme.xml LITCHI007109.meme_chip/LITCHI007109.peak.region.fa</command-line>
<settings>
<setting name="output directory">LITCHI007109.meme_chip/fimo_out_9</setting>
<setting name="MEME file name">LITCHI007109.meme_chip/streme_out/streme.xml</setting>
<setting name="sequence file name">LITCHI007109.meme_chip/LITCHI007109.peak.region.fa</setting>
<setting name="background file name">LITCHI007109.meme_chip/background</setting>
<setting name="allow clobber">true</setting>
<setting name="compute q-values">true</setting>
<setting name="parse genomic coord.">true</setting>
<setting name="text only">false</setting>
<setting name="scan both strands">true</setting>
<setting name="output threshold">0.0001</setting>
<setting name="threshold type">p-value</setting>
<setting name="max stored scores">100000</setting>
<setting name="pseudocount">0.1</setting>
<setting name="verbosity">1</setting>
<setting name="selected motif">8-AGGTATTGGGCA</setting>
</settings>
<sequence-data num-sequences="11023" num-residues="1113323" />
<alphabet name="DNA" like="dna">
<letter id="A" symbol="A" complement="T" name="Adenine" colour="CC0000"/>
<letter id="C" symbol="C" complement="G" name="Cytosine" colour="0000CC"/>
<letter id="G" symbol="G" complement="C" name="Guanine" colour="FFB300"/>
<letter id="T" symbol="T" aliases="U" complement="A" name="Thymine" colour="008000"/>
<letter id="N" symbol="N" aliases="X." equals="ACGT" name="Any base"/>
<letter id="V" symbol="V" equals="ACG" name="Not T"/>
<letter id="H" symbol="H" equals="ACT" name="Not G"/>
<letter id="D" symbol="D" equals="AGT" name="Not C"/>
<letter id="B" symbol="B" equals="CGT" name="Not A"/>
<letter id="M" symbol="M" equals="AC" name="Amino"/>
<letter id="R" symbol="R" equals="AG" name="Purine"/>
<letter id="W" symbol="W" equals="AT" name="Weak"/>
<letter id="S" symbol="S" equals="CG" name="Strong"/>
<letter id="Y" symbol="Y" equals="CT" name="Pyrimidine"/>
<letter id="K" symbol="K" equals="GT" name="Keto"/>
</alphabet>
<motif name="1-RCACRAAWACCRAG" alt="STREME-1" width="14" best-possible-match="GCACAAATACCAAG"/>
<motif name="2-CACATTGAWTGC" alt="STREME-2" width="12" best-possible-match="CACATTGATTGC"/>
<motif name="3-ACCACGTAAA" alt="STREME-3" width="10" best-possible-match="ACCACGTAAA"/>
<motif name="4-CGTGGACGTAG" alt="STREME-4" width="11" best-possible-match="CGTGGACGTAG"/>
<motif name="5-AGACAAAGACAGAA" alt="STREME-5" width="14" best-possible-match="AGACAAAGACAGAA"/>
<motif name="6-GATCAAACGAGGAAC" alt="STREME-6" width="15" best-possible-match="GATCAAACGAGGAAC"/>
<motif name="7-CAGCTCGC" alt="STREME-7" width="8" best-possible-match="CAGCTCGC"/>
<motif name="8-AGGTATTGGGCA" alt="STREME-8" width="12" best-possible-match="AGGTATTGGGCA"/>
<motif name="9-CACGTCTTTCAAC" alt="STREME-9" width="13" best-possible-match="CACGTCTTTCAAC"/>
<motif name="10-AATCCTTGTGT" alt="STREME-10" width="11" best-possible-match="AATCCTTGTGT"/>
<motif name="11-CAGTYACCG" alt="STREME-11" width="9" best-possible-match="CAGTTACCG"/>
<motif name="12-ATTATTGCCGA" alt="STREME-12" width="11" best-possible-match="ATTATTGCCGA"/>
<motif name="13-CCTCGAAAACCG" alt="STREME-13" width="12" best-possible-match="CCTCGAAAACCG"/>
<motif name="14-GHAATCATGCAG" alt="STREME-14" width="12" best-possible-match="GCAATCATGCAG"/>
<motif name="15-CACTCTGGART" alt="STREME-15" width="11" best-possible-match="CACTCTGGAGT"/>
<motif name="16-AGTAATCAA" alt="STREME-16" width="9" best-possible-match="AGTAATCAA"/>
<motif name="17-CCCGAGACMACGTT" alt="STREME-17" width="14" best-possible-match="CCCGAGACCACGTT"/>
<motif name="18-CACTCTGCCGGAATT" alt="STREME-18" width="15" best-possible-match="CACTCTGCCGGAATT"/>
<motif name="19-ACGGTGCAGCGYGA" alt="STREME-19" width="14" best-possible-match="ACGGTGCAGCGCGA"/>
<motif name="20-GCACGTCCTTTAC" alt="STREME-20" width="13" best-possible-match="GCACGTCCTTTAC"/>
<motif name="21-ACGACCT" alt="STREME-21" width="7" best-possible-match="ACGACCT"/>
<motif name="22-AACTCTGAAAAA" alt="STREME-22" width="12" best-possible-match="AACTCTGAAAAA"/>
<motif name="23-TAGCGCCAAA" alt="STREME-23" width="10" best-possible-match="TAGCGCCAAA"/>
<motif name="24-GGCATGGAAAA" alt="STREME-24" width="11" best-possible-match="GGCATGGAAAA"/>
<motif name="25-ATCCACACTTG" alt="STREME-25" width="11" best-possible-match="ATCCACACTTG"/>
<motif name="26-CTTGGTTCTTTATT" alt="STREME-26" width="14" best-possible-match="CTTGGTTCTTTATT"/>
<motif name="27-CCCGAGCT" alt="STREME-27" width="8" best-possible-match="CCCGAGCT"/>
<motif name="28-ATCCACTGCCACCAC" alt="STREME-28" width="15" best-possible-match="ATCCACTGCCACCAC"/>
<motif name="29-GRCGGTTACAH" alt="STREME-29" width="11" best-possible-match="GACGGTTACAC"/>
<motif name="30-ACCTCGCGAGGRTC" alt="STREME-30" width="14" best-possible-match="ACCTCGCGAGGGTC"/>
<motif name="31-AAGCGRACCC" alt="STREME-31" width="10" best-possible-match="AAGCGAACCC"/>
<motif name="32-ATGTCGACGTTG" alt="STREME-32" width="12" best-possible-match="ATGTCGACGTTG"/>
<motif name="33-CGTGGCACGAGACGT" alt="STREME-33" width="15" best-possible-match="CGTGGCACGAGACGT"/>
<motif name="34-GATGCAGAAAATTCC" alt="STREME-34" width="15" best-possible-match="GATGCAGAAAATTCC"/>
<motif name="35-AARCGACGTCT" alt="STREME-35" width="11" best-possible-match="AAGCGACGTCT"/>
<motif name="36-ACTGTCTGTCTC" alt="STREME-36" width="12" best-possible-match="ACTGTCTGTCTC"/>
<motif name="37-ATTTAATGAGGTRA" alt="STREME-37" width="14" best-possible-match="ATTTAATGAGGTGA"/>
<motif name="38-TGGAATTTGAAARKG" alt="STREME-38" width="15" best-possible-match="TGGAATTTGAAAGTG"/>
<motif name="39-CCGACCAACHACCAR" alt="STREME-39" width="15" best-possible-match="CCGACCAACCACCAA"/>
<motif name="40-GTAAACGGA" alt="STREME-40" width="9" best-possible-match="GTAAACGGA"/>
<motif name="41-AGAATGACATATC" alt="STREME-41" width="13" best-possible-match="AGAATGACATATC"/>
<motif name="42-AACTAGTT" alt="STREME-42" width="8" best-possible-match="AACTAGTT"/>
<motif name="43-ACGRAGCT" alt="STREME-43" width="8" best-possible-match="ACGAAGCT"/>
<motif name="44-CGTGCCAAGGARGC" alt="STREME-44" width="14" best-possible-match="CGTGCCAAGGAAGC"/>
<motif name="45-ATGGACCTCATCGGR" alt="STREME-45" width="15" best-possible-match="ATGGACCTCATCGGA"/>
<motif name="46-CAGAACTCTAAGA" alt="STREME-46" width="13" best-possible-match="CAGAACTCTAAGA"/>
<motif name="47-AAATGGGC" alt="STREME-47" width="8" best-possible-match="AAATGGGC"/>
<motif name="48-ATGACTGAGAARGGA" alt="STREME-48" width="15" best-possible-match="ATGACTGAGAAAGGA"/>
<motif name="49-CACGTGTCARARST" alt="STREME-49" width="14" best-possible-match="CACGTGTCAAAACT"/>
<motif name="50-ACTTTCTTTCCTCT" alt="STREME-50" width="14" best-possible-match="ACTTTCTTTCCTCT"/>
<motif name="51-GAGGTTGGGAW" alt="STREME-51" width="11" best-possible-match="GAGGTTGGGAA"/>
<motif name="52-GGGCGAGCCA" alt="STREME-52" width="10" best-possible-match="GGGCGAGCCA"/>
<motif name="53-GTATATCGATAAAA" alt="STREME-53" width="14" best-possible-match="GTATATCGATAAAA"/>
<motif name="54-CGACATWCCTYYA" alt="STREME-54" width="13" best-possible-match="CGACATTCCTTCA"/>
<motif name="55-ATCTGGGG" alt="STREME-55" width="8" best-possible-match="ATCTGGGG"/>
<motif name="56-YTTCTCTCTTYCWC" alt="STREME-56" width="14" best-possible-match="CTTCTCTCTTTCTC"/>
<motif name="57-ACTTTTACCAGC" alt="STREME-57" width="12" best-possible-match="ACTTTTACCAGC"/>
<motif name="58-ACAGTTCTCTAGTAT" alt="STREME-58" width="15" best-possible-match="ACAGTTCTCTAGTAT"/>
<motif name="59-TATAGAGAA" alt="STREME-59" width="9" best-possible-match="TATAGAGAA"/>
<background source="LITCHI007109.meme_chip/background">
<value letter="A">0.277</value>
<value letter="C">0.223</value>
<value letter="G">0.223</value>
<value letter="T">0.277</value>
</background>
<cisml-file>cisml.xml</cisml-file>
</fimo>
