motif_id	motif_alt_id	sequence_name	start	stop	strand	score	p-value	q-value	matched_sequence
17-CCCGAGACMACGTT	STREME-17	Chr10_18972334_18972434	1	14	-	24.6585	2.24e-09	0.000109	CCCGAGACCACGTT
17-CCCGAGACMACGTT	STREME-17	Chr14_18776748_18776848	16	29	+	24.6585	2.24e-09	0.000109	CCCGAGACCACGTT
17-CCCGAGACMACGTT	STREME-17	Chr5_1195183_1195283	11	24	-	24.6585	2.24e-09	0.000109	CCCGAGACCACGTT
17-CCCGAGACMACGTT	STREME-17	Chr7_30651798_30651898	30	43	+	24.6585	2.24e-09	0.000109	CCCGAGACCACGTT
17-CCCGAGACMACGTT	STREME-17	Chr11_18155340_18155440	18	31	-	24.6585	2.24e-09	0.000109	CCCGAGACCACGTT
17-CCCGAGACMACGTT	STREME-17	Chr3_21007303_21007403	20	33	-	24.6585	2.24e-09	0.000109	CCCGAGACCACGTT
17-CCCGAGACMACGTT	STREME-17	Chr1_24901681_24901781	21	34	-	24.6585	2.24e-09	0.000109	CCCGAGACCACGTT
17-CCCGAGACMACGTT	STREME-17	Chr1_32309000_32309100	21	34	-	24.6585	2.24e-09	0.000109	CCCGAGACCACGTT
17-CCCGAGACMACGTT	STREME-17	Chr3_20906543_20906643	22	35	-	24.6585	2.24e-09	0.000109	CCCGAGACCACGTT
17-CCCGAGACMACGTT	STREME-17	Chr3_22833109_22833209	36	49	+	24.6585	2.24e-09	0.000109	CCCGAGACCACGTT
17-CCCGAGACMACGTT	STREME-17	Chr12_3621726_3621826	29	42	-	24.6585	2.24e-09	0.000109	CCCGAGACCACGTT
17-CCCGAGACMACGTT	STREME-17	Chr10_26116709_26116809	42	55	+	24.6585	2.24e-09	0.000109	CCCGAGACCACGTT
17-CCCGAGACMACGTT	STREME-17	Chr3_35341566_35341666	29	42	-	24.6585	2.24e-09	0.000109	CCCGAGACCACGTT
17-CCCGAGACMACGTT	STREME-17	Chr10_25889181_25889281	30	43	-	24.6585	2.24e-09	0.000109	CCCGAGACCACGTT
17-CCCGAGACMACGTT	STREME-17	Chr10_26648183_26648283	31	44	-	24.6585	2.24e-09	0.000109	CCCGAGACCACGTT
17-CCCGAGACMACGTT	STREME-17	Chr9_16594850_16594950	31	44	-	24.6585	2.24e-09	0.000109	CCCGAGACCACGTT
17-CCCGAGACMACGTT	STREME-17	Chr5_7322876_7322976	32	45	-	24.6585	2.24e-09	0.000109	CCCGAGACCACGTT
17-CCCGAGACMACGTT	STREME-17	Chr6_8854333_8854433	33	46	-	24.6585	2.24e-09	0.000109	CCCGAGACCACGTT
17-CCCGAGACMACGTT	STREME-17	Chr1_24142119_24142219	46	59	+	24.6585	2.24e-09	0.000109	CCCGAGACCACGTT
17-CCCGAGACMACGTT	STREME-17	Chr7_25358214_25358314	48	61	+	24.6585	2.24e-09	0.000109	CCCGAGACCACGTT
17-CCCGAGACMACGTT	STREME-17	Chr1_15812656_15812756	36	49	-	24.6585	2.24e-09	0.000109	CCCGAGACCACGTT
17-CCCGAGACMACGTT	STREME-17	Chr2_1109376_1109476	50	63	+	24.6585	2.24e-09	0.000109	CCCGAGACCACGTT
17-CCCGAGACMACGTT	STREME-17	Chr2_18609151_18609251	53	66	+	24.6585	2.24e-09	0.000109	CCCGAGACCACGTT
17-CCCGAGACMACGTT	STREME-17	Chr11_19358674_19358774	43	56	-	24.6585	2.24e-09	0.000109	CCCGAGACCACGTT
17-CCCGAGACMACGTT	STREME-17	Chr5_17738100_17738200	57	70	+	24.6585	2.24e-09	0.000109	CCCGAGACCACGTT
17-CCCGAGACMACGTT	STREME-17	Chr5_10977409_10977509	57	70	+	24.6585	2.24e-09	0.000109	CCCGAGACCACGTT
17-CCCGAGACMACGTT	STREME-17	Chr1_36041554_36041654	48	61	-	24.6585	2.24e-09	0.000109	CCCGAGACCACGTT
17-CCCGAGACMACGTT	STREME-17	Chr4_20191430_20191530	64	77	+	24.6585	2.24e-09	0.000109	CCCGAGACCACGTT
17-CCCGAGACMACGTT	STREME-17	Chr2_19555014_19555114	51	64	-	24.6585	2.24e-09	0.000109	CCCGAGACCACGTT
17-CCCGAGACMACGTT	STREME-17	Chr5_4758392_4758492	52	65	-	24.6585	2.24e-09	0.000109	CCCGAGACCACGTT
17-CCCGAGACMACGTT	STREME-17	Chr6_24054914_24055014	66	79	+	24.6585	2.24e-09	0.000109	CCCGAGACCACGTT
17-CCCGAGACMACGTT	STREME-17	Chr14_18502738_18502838	54	67	-	24.6585	2.24e-09	0.000109	CCCGAGACCACGTT
17-CCCGAGACMACGTT	STREME-17	Chr10_27450688_27450788	68	81	+	24.6585	2.24e-09	0.000109	CCCGAGACCACGTT
17-CCCGAGACMACGTT	STREME-17	Chr10_22246639_22246739	75	88	+	24.6585	2.24e-09	0.000109	CCCGAGACCACGTT
17-CCCGAGACMACGTT	STREME-17	Chr14_18420994_18421094	78	91	+	24.6585	2.24e-09	0.000109	CCCGAGACCACGTT
17-CCCGAGACMACGTT	STREME-17	Chr14_2724576_2724676	84	97	+	24.6585	2.24e-09	0.000109	CCCGAGACCACGTT
17-CCCGAGACMACGTT	STREME-17	Chr8_17932203_17932303	71	84	-	24.6585	2.24e-09	0.000109	CCCGAGACCACGTT
17-CCCGAGACMACGTT	STREME-17	Chr5_4395693_4395793	84	97	+	24.6585	2.24e-09	0.000109	CCCGAGACCACGTT
17-CCCGAGACMACGTT	STREME-17	Chr4_19829106_19829206	83	96	-	24.6585	2.24e-09	0.000109	CCCGAGACCACGTT
17-CCCGAGACMACGTT	STREME-17	Chr6_31952820_31952920	86	99	-	24.6585	2.24e-09	0.000109	CCCGAGACCACGTT
17-CCCGAGACMACGTT	STREME-17	Chr2_737834_737934	19	32	-	23.4878	5.02e-09	0.000237	CCCGAGACAACGTT
17-CCCGAGACMACGTT	STREME-17	Chr2_9937954_9938054	11	24	+	23.0488	9.61e-09	0.000433	CCTGAGACCACGTT
17-CCCGAGACMACGTT	STREME-17	Chr5_22127007_22127107	82	95	-	23.0488	9.61e-09	0.000433	CCTGAGACCACGTT
17-CCCGAGACMACGTT	STREME-17	Chr13_12486437_12486537	39	52	-	23	1.24e-08	0.000511	CCCGAGACCACATT
17-CCCGAGACMACGTT	STREME-17	Chr9_24361885_24361985	58	71	+	23	1.24e-08	0.000511	CCCGAGACCACATT
17-CCCGAGACMACGTT	STREME-17	Chr8_13419423_13419523	62	75	+	23	1.24e-08	0.000511	CCCGAGACCACATT
17-CCCGAGACMACGTT	STREME-17	Chr10_25284183_25284283	69	82	+	23	1.24e-08	0.000511	CCCGAGACCACATT
17-CCCGAGACMACGTT	STREME-17	Chr1_9327974_9328074	30	43	+	22.2195	2.61e-08	0.000871	CCCGAAACCACGTT
17-CCCGAGACMACGTT	STREME-17	Chr6_6894826_6894926	31	44	+	22.2195	2.61e-08	0.000871	CCCGAAACCACGTT
17-CCCGAGACMACGTT	STREME-17	Chr7_10131233_10131333	24	37	-	22.2195	2.61e-08	0.000871	CCCGAAACCACGTT
17-CCCGAGACMACGTT	STREME-17	Chr5_17256127_17256227	31	44	-	22.2195	2.61e-08	0.000871	CCCGAAACCACGTT
17-CCCGAGACMACGTT	STREME-17	Chr6_14888445_14888545	54	67	+	22.2195	2.61e-08	0.000871	CCCGAAACCACGTT
17-CCCGAGACMACGTT	STREME-17	Chr4_15301687_15301787	41	54	-	22.2195	2.61e-08	0.000871	CCCGAAACCACGTT
17-CCCGAGACMACGTT	STREME-17	Chr2_26305999_26306099	43	56	-	22.2195	2.61e-08	0.000871	CCCGAAACCACGTT
17-CCCGAGACMACGTT	STREME-17	Chr6_7512179_7512279	59	72	+	22.2195	2.61e-08	0.000871	CCCGAAACCACGTT
17-CCCGAGACMACGTT	STREME-17	Chr7_6180991_6181091	61	74	+	22.2195	2.61e-08	0.000871	CCCGAAACCACGTT
17-CCCGAGACMACGTT	STREME-17	Chr10_12906486_12906586	72	85	+	22.2195	2.61e-08	0.000871	CCCGAAACCACGTT
17-CCCGAGACMACGTT	STREME-17	Chr7_4388344_4388444	86	99	+	22.2195	2.61e-08	0.000871	CCCGAAACCACGTT
17-CCCGAGACMACGTT	STREME-17	Chr9_1654476_1654576	3	16	+	21.3902	5.05e-08	0.00148	CCTGAGACCACATT
17-CCCGAGACMACGTT	STREME-17	Chr15_4507063_4507163	7	20	-	21.3902	5.05e-08	0.00148	CCTGAGACCACATT
17-CCCGAGACMACGTT	STREME-17	Chr5_11811209_11811309	32	45	-	21.3902	5.05e-08	0.00148	CCTGAGACCACATT
17-CCCGAGACMACGTT	STREME-17	Chr3_29143062_29143162	46	59	+	21.3902	5.05e-08	0.00148	CCTGAGACCACATT
17-CCCGAGACMACGTT	STREME-17	Chr11_8312479_8312579	42	55	-	21.3902	5.05e-08	0.00148	CCTGAGACCACATT
17-CCCGAGACMACGTT	STREME-17	Chr3_33123175_33123275	61	74	+	21.3902	5.05e-08	0.00148	CCTGAGACCACATT
17-CCCGAGACMACGTT	STREME-17	Chr2_9870304_9870404	70	83	+	21.3902	5.05e-08	0.00148	CCTGAGACCACATT
17-CCCGAGACMACGTT	STREME-17	Chr11_23571473_23571573	84	97	+	21.3902	5.05e-08	0.00148	CCTGAGACCACATT
17-CCCGAGACMACGTT	STREME-17	Chr8_18637148_18637248	49	62	-	21.2927	6.22e-08	0.0018	CTCGAGACCACGTT
17-CCCGAGACMACGTT	STREME-17	Chr15_23151304_23151404	49	62	+	20.939	8.52e-08	0.00239	CCCAAGACCACGTT
17-CCCGAGACMACGTT	STREME-17	Chr5_17045696_17045796	77	90	+	20.939	8.52e-08	0.00239	CCCAAGACCACGTT
17-CCCGAGACMACGTT	STREME-17	Chr2_20653128_20653228	15	28	-	20.6098	1e-07	0.00274	CCTGAAACCACGTT
17-CCCGAGACMACGTT	STREME-17	Chr7_28649104_28649204	30	43	+	20.6098	1e-07	0.00274	CCTGAAACCACGTT
17-CCCGAGACMACGTT	STREME-17	Chr1_49353751_49353851	1	14	+	20.561	1.07e-07	0.00283	CCCGAAACCACATT
17-CCCGAGACMACGTT	STREME-17	Chr15_8031289_8031389	2	15	-	20.561	1.07e-07	0.00283	CCCGAAACCACATT
17-CCCGAGACMACGTT	STREME-17	Chr8_1541422_1541522	53	66	+	20.4634	1.13e-07	0.00296	CCCGAGACTCCGTT
17-CCCGAGACMACGTT	STREME-17	Chr6_6375919_6376019	47	60	+	20.2073	1.32e-07	0.0034	CCCGAGACCATGTT
17-CCCGAGACMACGTT	STREME-17	Chr3_32570732_32570832	3	16	-	20.0854	1.52e-07	0.00384	CCCGAGACACCTTT
17-CCCGAGACMACGTT	STREME-17	Chr13_11299108_11299208	49	62	-	20.0854	1.52e-07	0.00384	CCCGAGACACCTTT
17-CCCGAGACMACGTT	STREME-17	Chr10_18813946_18814046	73	86	+	19.7683	1.9e-07	0.00471	CCTGAGACAACGCT
17-CCCGAGACMACGTT	STREME-17	Chr6_12523686_12523786	51	64	-	19.6829	2.09e-07	0.00512	CTTGAGACCACGTT
17-CCCGAGACMACGTT	STREME-17	Chr10_16080230_16080330	58	71	+	19.6098	2.22e-07	0.00539	CCCGAGATCACGTT
17-CCCGAGACMACGTT	STREME-17	Chr2_27327176_27327276	37	50	+	19.2805	2.76e-07	0.00636	CCCAAGACCACATT
17-CCCGAGACMACGTT	STREME-17	Chr10_21337316_21337416	74	87	+	19.2805	2.76e-07	0.00636	CCCAAGACCACATT
17-CCCGAGACMACGTT	STREME-17	Chr2_3989060_3989160	76	89	+	19.2805	2.76e-07	0.00636	CCCAAGACCACATT
17-CCCGAGACMACGTT	STREME-17	Chr6_1736821_1736921	87	100	+	19.2805	2.76e-07	0.00636	CCCAAGACCACATT
17-CCCGAGACMACGTT	STREME-17	Chr7_13969916_13970016	86	99	+	18.9512	3.36e-07	0.00765	CCTGAAACCACATT
17-CCCGAGACMACGTT	STREME-17	Chr13_98294_98394	52	65	+	18.8537	3.64e-07	0.00819	CTCGAAACCACGTT
17-CCCGAGACMACGTT	STREME-17	Chr2_18954856_18954956	58	71	+	18.5488	4.14e-07	0.00921	CCCGAGACCATATT
17-CCCGAGACMACGTT	STREME-17	Chr3_27309642_27309742	56	69	-	18.4268	4.68e-07	0.0103	CCTGAGACTACATT
17-CCCGAGACMACGTT	STREME-17	Chr15_9754188_9754288	34	47	+	18.0366	5.8e-07	0.0105	CCCGAGACACGTTT
17-CCCGAGACMACGTT	STREME-17	Chr12_10376534_10376634	34	47	+	18.0366	5.8e-07	0.0105	CCCGAGACACGTTT
17-CCCGAGACMACGTT	STREME-17	Chr1_47810884_47810984	36	49	+	18.0366	5.8e-07	0.0105	CCCGAGACACGTTT
17-CCCGAGACMACGTT	STREME-17	Chr10_17041581_17041681	26	39	-	18.0366	5.8e-07	0.0105	CCCGAGACACGTTT
17-CCCGAGACMACGTT	STREME-17	Chr10_318358_318458	42	55	+	18.0366	5.8e-07	0.0105	CCCGAGACACGTTT
17-CCCGAGACMACGTT	STREME-17	Chr12_18737315_18737415	31	44	-	18.0366	5.8e-07	0.0105	CCCGAGACACGTTT
17-CCCGAGACMACGTT	STREME-17	Chr9_1969007_1969107	34	47	-	18.0366	5.8e-07	0.0105	CCCGAGACACGTTT
17-CCCGAGACMACGTT	STREME-17	Chr1_27511598_27511698	40	53	-	18.0366	5.8e-07	0.0105	CCCGAGACACGTTT
17-CCCGAGACMACGTT	STREME-17	Chr9_28740650_28740750	45	58	-	18.0366	5.8e-07	0.0105	CCCGAGACACGTTT
17-CCCGAGACMACGTT	STREME-17	Chr4_26665094_26665194	60	73	+	18.0366	5.8e-07	0.0105	CCCGAGACACGTTT
17-CCCGAGACMACGTT	STREME-17	Chr15_17992639_17992739	61	74	+	18.0366	5.8e-07	0.0105	CCCGAGACACGTTT
17-CCCGAGACMACGTT	STREME-17	Chr10_24452162_24452262	48	61	-	18.0366	5.8e-07	0.0105	CCCGAGACACGTTT
17-CCCGAGACMACGTT	STREME-17	Chr9_15524772_15524872	50	63	-	18.0366	5.8e-07	0.0105	CCCGAGACACGTTT
17-CCCGAGACMACGTT	STREME-17	Chr12_20145598_20145698	52	65	-	18.0366	5.8e-07	0.0105	CCCGAGACACGTTT
17-CCCGAGACMACGTT	STREME-17	Chr12_10492680_10492780	54	67	-	18.0366	5.8e-07	0.0105	CCCGAGACACGTTT
17-CCCGAGACMACGTT	STREME-17	Chr2_37252128_37252228	59	72	-	18.0366	5.8e-07	0.0105	CCCGAGACACGTTT
17-CCCGAGACMACGTT	STREME-17	Chr5_27691089_27691189	74	87	+	18.0366	5.8e-07	0.0105	CCCGAGACACGTTT
17-CCCGAGACMACGTT	STREME-17	Chr10_19109985_19110085	75	88	+	18.0366	5.8e-07	0.0105	CCCGAGACACGTTT
17-CCCGAGACMACGTT	STREME-17	Chr1_13918727_13918827	78	91	-	18.0366	5.8e-07	0.0105	CCCGAGACACGTTT
17-CCCGAGACMACGTT	STREME-17	Chr1_32502413_32502513	16	29	+	17.8293	6.53e-07	0.0107	CCTGAGACAGCGCT
17-CCCGAGACMACGTT	STREME-17	Chr8_16775831_16775931	7	20	-	17.8293	6.53e-07	0.0107	CCTGAGACAGCGCT
17-CCCGAGACMACGTT	STREME-17	Chr6_26228063_26228163	16	29	-	17.8293	6.53e-07	0.0107	CCTGAGACAGCGCT
17-CCCGAGACMACGTT	STREME-17	Chr1_26973246_26973346	30	43	-	17.8293	6.53e-07	0.0107	CCTGAGACAGCGCT
17-CCCGAGACMACGTT	STREME-17	Chr5_5572215_5572315	54	67	+	17.8293	6.53e-07	0.0107	CCTGAGACAGCGCT
17-CCCGAGACMACGTT	STREME-17	Chr9_11122147_11122247	58	71	+	17.8293	6.53e-07	0.0107	CCTGAGACAGCGCT
17-CCCGAGACMACGTT	STREME-17	Chr4_25722390_25722490	58	71	+	17.8293	6.53e-07	0.0107	CCTGAGACAGCGCT
17-CCCGAGACMACGTT	STREME-17	Chr5_14805492_14805592	66	79	+	17.8293	6.53e-07	0.0107	CCTGAGACAGCGCT
17-CCCGAGACMACGTT	STREME-17	Chr6_8994898_8994998	76	89	+	17.8293	6.53e-07	0.0107	CCCGAGGCCACATT
17-CCCGAGACMACGTT	STREME-17	Chr7_11446918_11447018	78	91	+	17.8293	6.53e-07	0.0107	CCTGAGACAGCGCT
17-CCCGAGACMACGTT	STREME-17	Chr6_2342276_2342376	82	95	-	17.8293	6.53e-07	0.0107	CCTGAGACAGCGCT
17-CCCGAGACMACGTT	STREME-17	Chr13_5934068_5934168	9	22	-	17.7683	6.81e-07	0.011	CCCGAAACCATGTT
17-CCCGAGACMACGTT	STREME-17	Chr7_7981442_7981542	85	98	+	17.7683	6.81e-07	0.011	CCCGAAACCATGTT
17-CCCGAGACMACGTT	STREME-17	Chr7_12603616_12603716	14	27	+	17.2317	9.43e-07	0.0146	CCCGGGACTCCGTT
17-CCCGAGACMACGTT	STREME-17	Chr10_24605256_24605356	27	40	-	17.2317	9.43e-07	0.0146	CCCGGGACTCCGTT
17-CCCGAGACMACGTT	STREME-17	Chr14_21507714_21507814	66	79	-	17.2317	9.43e-07	0.0146	CCCGGGACTCCGTT
17-CCCGAGACMACGTT	STREME-17	Chr10_27285577_27285677	82	95	+	17.2317	9.43e-07	0.0146	CCCGGGACTCCGTT
17-CCCGAGACMACGTT	STREME-17	Chr6_22606784_22606884	85	98	+	17.2317	9.43e-07	0.0146	CCCGGGACTCCGTT
17-CCCGAGACMACGTT	STREME-17	Chr10_25565527_25565627	21	34	-	17.1707	9.77e-07	0.015	CCCGAAATCACGTT
17-CCCGAGACMACGTT	STREME-17	Chr7_1539314_1539414	83	96	+	16.8415	1.12e-06	0.0171	CCCAAAACCACATT
17-CCCGAGACMACGTT	STREME-17	Chr3_21544467_21544567	54	67	+	16.1707	1.55e-06	0.0234	CCTGAGACAGCACT
17-CCCGAGACMACGTT	STREME-17	Chr3_12462162_12462262	62	75	-	16.1585	1.57e-06	0.0236	CCAGAGACCACATT
17-CCCGAGACMACGTT	STREME-17	Chr1_21754550_21754650	10	23	-	15.9878	1.73e-06	0.0248	CCTGAAACTACATT
17-CCCGAGACMACGTT	STREME-17	Chr15_12552659_12552759	43	56	-	15.9878	1.73e-06	0.0248	CCTGAAACTACATT
17-CCCGAGACMACGTT	STREME-17	Chr7_6697571_6697671	62	75	+	15.9878	1.73e-06	0.0248	CCTGAAACTACATT
17-CCCGAGACMACGTT	STREME-17	Chr10_12367779_12367879	50	63	-	15.9878	1.73e-06	0.0248	CCTGAAACTACATT
17-CCCGAGACMACGTT	STREME-17	Chr1_18537892_18537992	67	80	+	15.9878	1.73e-06	0.0248	CCTGAAACTACATT
17-CCCGAGACMACGTT	STREME-17	Chr10_23287648_23287748	84	97	+	15.9878	1.73e-06	0.0248	CCTGAAACTACATT
17-CCCGAGACMACGTT	STREME-17	Chr2_20688297_20688397	39	52	+	15.9024	1.8e-06	0.0257	CCCGAGATCAGATT
17-CCCGAGACMACGTT	STREME-17	Chr9_23114544_23114644	44	57	-	15.6707	1.99e-06	0.0281	CTCGAGACAATGTT
17-CCCGAGACMACGTT	STREME-17	Chr13_19741416_19741516	49	62	-	14.8171	2.86e-06	0.0402	CCCAGGACCCCATT
17-CCCGAGACMACGTT	STREME-17	Chr4_25366662_25366762	7	20	+	14.6707	3.08e-06	0.0418	CTCGAGACACGTTT
17-CCCGAGACMACGTT	STREME-17	Chr9_27830080_27830180	33	46	+	14.6707	3.08e-06	0.0418	CTCGAGACACGTTT
17-CCCGAGACMACGTT	STREME-17	Chr8_29737025_29737125	35	48	+	14.6707	3.08e-06	0.0418	CTCGAGACACGTTT
17-CCCGAGACMACGTT	STREME-17	Chr14_16686690_16686790	43	56	+	14.6707	3.08e-06	0.0418	CTCGAGACACGTTT
17-CCCGAGACMACGTT	STREME-17	Chr9_27537638_27537738	30	43	-	14.6707	3.08e-06	0.0418	CTCGAGACACGTTT
17-CCCGAGACMACGTT	STREME-17	Chr14_20734754_20734854	47	60	+	14.5	3.28e-06	0.0422	CCTGAAACCATATT
17-CCCGAGACMACGTT	STREME-17	Chr1_12958064_12958164	20	33	+	14.4634	3.33e-06	0.0422	CTTGAGACAGCGCT
17-CCCGAGACMACGTT	STREME-17	Chr13_6445086_6445186	8	21	-	14.4634	3.33e-06	0.0422	CTTGAGACAGCGCT
17-CCCGAGACMACGTT	STREME-17	Chr2_690135_690235	13	26	-	14.4634	3.33e-06	0.0422	CTTGAGACAGCGCT
17-CCCGAGACMACGTT	STREME-17	Chr1_23371472_23371572	17	30	-	14.4634	3.33e-06	0.0422	CTTGAGACAGCGCT
17-CCCGAGACMACGTT	STREME-17	Chr14_21588986_21589086	45	58	-	14.4634	3.33e-06	0.0422	CTTGAGACAGCGCT
17-CCCGAGACMACGTT	STREME-17	Chr10_27680152_27680252	56	69	-	14.4634	3.33e-06	0.0422	CTTGAGACAGCGCT
17-CCCGAGACMACGTT	STREME-17	Chr13_3939360_3939460	72	85	+	14.4634	3.33e-06	0.0422	CTTGAGACAGCGCT
17-CCCGAGACMACGTT	STREME-17	Chr1_18440584_18440684	73	86	+	14.4634	3.33e-06	0.0422	CTTGAGACAGCGCT
17-CCCGAGACMACGTT	STREME-17	Chr4_9517238_9517338	86	99	+	14.4634	3.33e-06	0.0422	CTTGAGACAGCGCT
17-CCCGAGACMACGTT	STREME-17	Chr3_89350_89450	52	65	+	14.439	3.38e-06	0.0425	CCTAGGACCACATT
17-CCCGAGACMACGTT	STREME-17	Chr1_28218320_28218420	33	46	+	14.3415	3.54e-06	0.0443	CTCAGGACCACGTT
17-CCCGAGACMACGTT	STREME-17	Chr8_17139515_17139615	69	82	+	13.9634	4.14e-06	0.0515	CTTGAAACCCGGTT
17-CCCGAGACMACGTT	STREME-17	Chr9_10778635_10778735	59	72	+	13.6098	4.73e-06	0.0584	CCCAGAACCACATT
17-CCCGAGACMACGTT	STREME-17	Chr4_24778033_24778133	41	54	+	13.5488	4.86e-06	0.0588	CCCAGGACCAGGCT
17-CCCGAGACMACGTT	STREME-17	Chr2_17926919_17927019	67	80	+	13.5488	4.86e-06	0.0588	CCCAGGACCAGGCT
17-CCCGAGACMACGTT	STREME-17	Chr11_2076400_2076500	76	89	-	13.5488	4.86e-06	0.0588	CCCAGGACCAGGCT
17-CCCGAGACMACGTT	STREME-17	Chr11_5416851_5416951	83	96	-	13.2927	5.33e-06	0.0641	CCCGAAACAGGACT
17-CCCGAGACMACGTT	STREME-17	Chr4_26827606_26827706	55	68	-	13.122	5.68e-06	0.0679	CTCAAGACACGGTT
17-CCCGAGACMACGTT	STREME-17	Chr4_3929208_3929308	39	52	-	12.7317	6.53e-06	0.0777	CCTGAAATAACATT
17-CCCGAGACMACGTT	STREME-17	Chr12_1504256_1504356	7	20	+	12.6463	6.75e-06	0.0796	CCCAAAACTCCATT
17-CCCGAGACMACGTT	STREME-17	Chr2_5972843_5972943	74	87	-	12.6341	6.78e-06	0.0796	CTCAAGACCCGATT
17-CCCGAGACMACGTT	STREME-17	Chr8_4922875_4922975	56	69	+	12.5244	7.04e-06	0.0822	CTCAAGATCACGTT
17-CCCGAGACMACGTT	STREME-17	Chr15_4698349_4698449	52	65	+	12.4268	7.29e-06	0.0846	CCCAAGGCAACTTT
17-CCCGAGACMACGTT	STREME-17	Chr5_16545011_16545111	75	88	+	12.3415	7.55e-06	0.087	CCTAAGATCGCGTT
17-CCCGAGACMACGTT	STREME-17	Chr1_19681086_19681186	32	45	+	12.3049	7.64e-06	0.0871	CTTGAAACCCGATT
17-CCCGAGACMACGTT	STREME-17	Chr10_640531_640631	47	60	-	12.3049	7.64e-06	0.0871	CTTGAAACCCGATT
17-CCCGAGACMACGTT	STREME-17	Chr7_12127230_12127330	37	50	+	12.061	8.35e-06	0.0935	CCCGGGGCTCCGTT
17-CCCGAGACMACGTT	STREME-17	Chr10_21212156_21212256	47	60	+	12.061	8.35e-06	0.0935	CCCGGGGCTCCGTT
17-CCCGAGACMACGTT	STREME-17	Chr6_9834882_9834982	54	67	+	12.061	8.35e-06	0.0935	CCCGGGGCTCCGTT
17-CCCGAGACMACGTT	STREME-17	Chr2_27572208_27572308	4	17	+	12.0244	8.47e-06	0.0944	CCTGGGACAATTTT
17-CCCGAGACMACGTT	STREME-17	Chr12_21410304_21410404	81	94	+	11.9512	8.68e-06	0.0953	CTTGAGACAATGCT
17-CCCGAGACMACGTT	STREME-17	Chr9_300956_301056	87	100	+	11.9512	8.68e-06	0.0953	CTTGAGACAATGCT
17-CCCGAGACMACGTT	STREME-17	Chr15_20545346_20545446	44	57	-	11.9268	8.75e-06	0.0953	CTCGAGGCTCCGTT
17-CCCGAGACMACGTT	STREME-17	Chr9_2289101_2289201	64	77	+	11.9268	8.75e-06	0.0953	CTCGAGGCTCCGTT
17-CCCGAGACMACGTT	STREME-17	Chr9_9378861_9378961	81	94	-	11.5976	9.79e-06	0.106	CCCAGGACCATATT
17-CCCGAGACMACGTT	STREME-17	Chr10_15429858_15429958	78	91	-	10.9878	1.2e-05	0.129	CCCAGAACCACTCT
17-CCCGAGACMACGTT	STREME-17	Chr11_8751141_8751241	67	80	-	10.9268	1.22e-05	0.131	CCAGAAACCATGTT
17-CCCGAGACMACGTT	STREME-17	Chr1_45288571_45288671	82	95	+	10.8415	1.25e-05	0.134	CCCGAGGCTCTGTT
17-CCCGAGACMACGTT	STREME-17	Chr11_22637969_22638069	40	53	-	10.7927	1.28e-05	0.135	CTCGAGATAACTCT
17-CCCGAGACMACGTT	STREME-17	Chr9_25103384_25103484	54	67	+	10.378	1.47e-05	0.155	CCCGAGGTACCATT
17-CCCGAGACMACGTT	STREME-17	Chr6_11974847_11974947	72	85	+	10.3049	1.51e-05	0.158	CCAGAAACTACGCT
17-CCCGAGACMACGTT	STREME-17	Chr9_26155099_26155199	29	42	-	10.1707	1.58e-05	0.165	CTCGGAACAACTCT
17-CCCGAGACMACGTT	STREME-17	Chr7_27361451_27361551	56	69	+	10.1098	1.61e-05	0.167	CCTAAGACAGTATT
17-CCCGAGACMACGTT	STREME-17	Chr15_14474652_14474752	76	89	-	10.0976	1.62e-05	0.167	CCTGAGATTCGATT
17-CCCGAGACMACGTT	STREME-17	Chr3_29567817_29567917	35	48	+	9.96341	1.69e-05	0.173	CCCGAGGCTATGCT
17-CCCGAGACMACGTT	STREME-17	Chr12_9709582_9709682	36	49	-	9.82927	1.76e-05	0.18	CCCGAAGTCACTTT
17-CCCGAGACMACGTT	STREME-17	Chr2_9501424_9501524	59	72	-	9.7439	1.81e-05	0.184	CCTCAGACCAGGTT
17-CCCGAGACMACGTT	STREME-17	Chr2_335103_335203	21	34	+	9.4878	1.96e-05	0.198	CCCGGAATCATGTT
17-CCCGAGACMACGTT	STREME-17	Chr11_14839151_14839251	87	100	+	9.46341	1.97e-05	0.198	CTCGAAACAATACT
17-CCCGAGACMACGTT	STREME-17	Chr7_7722312_7722412	2	15	+	9.43902	1.99e-05	0.198	CTTGGAACACCTTT
17-CCCGAGACMACGTT	STREME-17	Chr10_13699506_13699606	29	42	-	9.42683	1.99e-05	0.198	CCCGAGGTTAGGTT
17-CCCGAGACMACGTT	STREME-17	Chr8_920559_920659	33	46	+	9.37805	2.02e-05	0.2	CCCAAAACTGGTTT
17-CCCGAGACMACGTT	STREME-17	Chr1_49500798_49500898	22	35	+	9.34146	2.04e-05	0.201	CTTGAAACTCGATT
17-CCCGAGACMACGTT	STREME-17	Chr2_36138495_36138595	30	43	+	9.31707	2.06e-05	0.201	CCAGGAACAACATT
17-CCCGAGACMACGTT	STREME-17	Chr1_32914198_32914298	80	93	+	9.31707	2.06e-05	0.201	CCAGGAACAACATT
17-CCCGAGACMACGTT	STREME-17	Chr11_9485448_9485548	41	54	-	9.14634	2.17e-05	0.211	CCCAAGGCACGTTT
17-CCCGAGACMACGTT	STREME-17	Chr12_8741409_8741509	53	66	-	9.07317	2.23e-05	0.215	CTTAAAACACGGTT
17-CCCGAGACMACGTT	STREME-17	Chr5_19689421_19689521	45	58	+	8.9878	2.29e-05	0.22	CCAGAAACCGTGTT
17-CCCGAGACMACGTT	STREME-17	Chr15_12319553_12319653	71	84	-	8.91463	2.34e-05	0.223	CCCTAAACCAGGTT
17-CCCGAGACMACGTT	STREME-17	Chr12_17908830_17908930	82	95	+	8.89024	2.36e-05	0.223	CTCGAAACCCTTCT
17-CCCGAGACMACGTT	STREME-17	Chr14_1840652_1840752	58	71	+	8.82927	2.41e-05	0.223	CCCGAGACATGTTT
17-CCCGAGACMACGTT	STREME-17	Chr9_24683826_24683926	29	42	+	8.78049	2.45e-05	0.223	CTTAAGACTAGTTT
17-CCCGAGACMACGTT	STREME-17	Chr8_20592466_20592566	15	28	+	8.71951	2.5e-05	0.223	CCCGAAACGCCATT
17-CCCGAGACMACGTT	STREME-17	Chr2_22048123_22048223	38	51	+	8.71951	2.5e-05	0.223	CCTAGAACAACACT
17-CCCGAGACMACGTT	STREME-17	Chr2_35587980_35588080	10	23	+	8.69512	2.52e-05	0.223	CCCAAGGCTGCTTT
17-CCCGAGACMACGTT	STREME-17	Chr7_11779394_11779494	15	28	+	8.69512	2.52e-05	0.223	CTCGGGGCTCCGTT
17-CCCGAGACMACGTT	STREME-17	Chr4_9317048_9317148	16	29	+	8.69512	2.52e-05	0.223	CCCAAGGCTGCTTT
17-CCCGAGACMACGTT	STREME-17	Chr3_28888391_28888491	37	50	-	8.69512	2.52e-05	0.223	CTCGGGGCTCCGTT
17-CCCGAGACMACGTT	STREME-17	Chr6_2420119_2420219	56	69	+	8.69512	2.52e-05	0.223	CTCGGGGCTCCGTT
17-CCCGAGACMACGTT	STREME-17	Chr10_23739472_23739572	43	56	-	8.69512	2.52e-05	0.223	CTCGGGGCTCCGTT
17-CCCGAGACMACGTT	STREME-17	Chr10_26681002_26681102	66	79	+	8.69512	2.52e-05	0.223	CTCGGGGCTCCGTT
17-CCCGAGACMACGTT	STREME-17	Chr6_726209_726309	75	88	+	8.69512	2.52e-05	0.223	CTCGGGGCTCCGTT
17-CCCGAGACMACGTT	STREME-17	Chr14_23894730_23894830	79	92	+	8.69512	2.52e-05	0.223	CTCGGGGCTCCGTT
17-CCCGAGACMACGTT	STREME-17	Chr2_7536702_7536802	82	95	+	8.69512	2.52e-05	0.223	CTCGGGGCTCCGTT
17-CCCGAGACMACGTT	STREME-17	Chr10_21268335_21268435	72	85	-	8.69512	2.52e-05	0.223	CTCGGGGCTCCGTT
17-CCCGAGACMACGTT	STREME-17	Chr7_21405346_21405446	36	49	-	8.65854	2.56e-05	0.224	CTCAGGACCCTGTT
17-CCCGAGACMACGTT	STREME-17	Chr8_13567447_13567547	85	98	+	8.65854	2.56e-05	0.224	CCCGAGGCCACGAT
17-CCCGAGACMACGTT	STREME-17	Chr6_16586814_16586914	77	90	-	8.63415	2.58e-05	0.225	CCCGATACAACACT
17-CCCGAGACMACGTT	STREME-17	Chr13_12443055_12443155	83	96	-	8.43902	2.75e-05	0.238	CTCGGGATACCTTT
17-CCCGAGACMACGTT	STREME-17	Chr3_27186896_27186996	17	30	+	8.42683	2.76e-05	0.238	CCAGAAACTGGGTT
17-CCCGAGACMACGTT	STREME-17	Chr5_17062935_17063035	84	97	-	8.31707	2.86e-05	0.246	CCCAGAACTGGGTT
17-CCCGAGACMACGTT	STREME-17	Chr14_18292742_18292842	53	66	+	8.19512	2.97e-05	0.254	CCCAGAACTGCTTT
17-CCCGAGACMACGTT	STREME-17	Chr12_16579689_16579789	51	64	+	8.12195	3.04e-05	0.259	CTCAAGGCCACTCT
17-CCCGAGACMACGTT	STREME-17	Chr1_47466773_47466873	4	17	+	7.86585	3.29e-05	0.279	CCCGAAACCCGGTC
17-CCCGAGACMACGTT	STREME-17	Chr13_5457407_5457507	79	92	+	7.81707	3.33e-05	0.282	CCCGAGGTACGTTT
17-CCCGAGACMACGTT	STREME-17	Chr12_17326775_17326875	56	69	-	7.76829	3.38e-05	0.285	CCTGGGGCAGCACT
17-CCCGAGACMACGTT	STREME-17	Chr6_3068411_3068511	82	95	-	7.67073	3.47e-05	0.291	CCAAAAACCGGGTT
17-CCCGAGACMACGTT	STREME-17	Chr4_16394151_16394251	42	55	+	7.58537	3.56e-05	0.297	CCCGAGACTCGGAT
17-CCCGAGACMACGTT	STREME-17	Chr6_29071038_29071138	35	48	+	7.52439	3.62e-05	0.301	CTCAAGGCAAGATT
17-CCCGAGACMACGTT	STREME-17	Chr3_6182269_6182369	41	54	-	7.5122	3.64e-05	0.301	CCTAAGACAACCTT
17-CCCGAGACMACGTT	STREME-17	Chr2_38485966_38486066	58	71	-	7.43902	3.73e-05	0.307	CCAAAAACCAGTTT
17-CCCGAGACMACGTT	STREME-17	Chr1_28587103_28587203	42	55	+	7.41463	3.75e-05	0.308	CTTAAAACACGATT
17-CCCGAGACMACGTT	STREME-17	Chr2_36909224_36909324	32	45	-	7.21951	3.97e-05	0.325	CCCAAAGCCATATT
17-CCCGAGACMACGTT	STREME-17	Chr5_17412150_17412250	50	63	+	7.13415	4.09e-05	0.333	CCTGAGCCAAGATT
17-CCCGAGACMACGTT	STREME-17	Chr13_3136524_3136624	10	23	+	7.02439	4.24e-05	0.344	CCCGAGACTGCATC
17-CCCGAGACMACGTT	STREME-17	Chr2_4630556_4630656	39	52	-	7.0122	4.26e-05	0.344	CCCGATACTGCATT
17-CCCGAGACMACGTT	STREME-17	Chr13_13506907_13507007	32	45	+	6.95122	4.34e-05	0.348	CCCGAGATCAAATT
17-CCCGAGACMACGTT	STREME-17	Chr9_9527269_9527369	46	59	+	6.95122	4.34e-05	0.348	CCCGAGATGAGGTT
17-CCCGAGACMACGTT	STREME-17	Chr10_24813190_24813290	81	94	-	6.90244	4.4e-05	0.351	CTCAAGATAATGTT
17-CCCGAGACMACGTT	STREME-17	Chr7_14806763_14806863	83	96	+	6.89024	4.43e-05	0.351	CGTGAGACAACACT
17-CCCGAGACMACGTT	STREME-17	Chr5_25380636_25380736	4	17	+	6.87805	4.44e-05	0.352	CCCGAGATCACATA
17-CCCGAGACMACGTT	STREME-17	Chr2_11528743_11528843	9	22	-	6.82927	4.51e-05	0.354	CCTGAGACAGAGCT
17-CCCGAGACMACGTT	STREME-17	Chr5_2713000_2713100	46	59	-	6.82927	4.51e-05	0.354	CCGAGGACCACGTT
17-CCCGAGACMACGTT	STREME-17	Chr7_26838438_26838538	34	47	+	6.81707	4.53e-05	0.354	CCAAAGACAATATT
17-CCCGAGACMACGTT	STREME-17	Chr10_6299929_6300029	6	19	+	6.78049	4.58e-05	0.356	CCTTAGACTAGGTT
17-CCCGAGACMACGTT	STREME-17	Chr3_13224238_13224338	52	65	+	6.71951	4.67e-05	0.362	CCCGAGGCCGCGAT
17-CCCGAGACMACGTT	STREME-17	Chr2_15675167_15675267	4	17	-	6.52439	4.98e-05	0.382	CTCGAAATAATATT
17-CCCGAGACMACGTT	STREME-17	Chr2_17851701_17851801	49	62	-	6.5122	5e-05	0.382	CCTGACACAACTCT
17-CCCGAGACMACGTT	STREME-17	Chr3_11688208_11688308	8	21	-	6.5	5.02e-05	0.382	CCCAAGCCCCCTTT
17-CCCGAGACMACGTT	STREME-17	Chr9_11382620_11382720	14	27	+	6.46341	5.06e-05	0.382	CCCGAGCTCACGCT
17-CCCGAGACMACGTT	STREME-17	Chr4_24181004_24181104	34	47	+	6.46341	5.06e-05	0.382	CCCGAGCTCACGCT
17-CCCGAGACMACGTT	STREME-17	Chr14_23051403_23051503	73	86	-	6.46341	5.06e-05	0.382	CCCGAGCTCACGCT
17-CCCGAGACMACGTT	STREME-17	Chr5_5796290_5796390	5	18	-	6.45122	5.09e-05	0.382	ACCAAGACAGCGTT
17-CCCGAGACMACGTT	STREME-17	Chr6_27111154_27111254	77	90	+	6.45122	5.09e-05	0.382	CCTGAAAAAACATT
17-CCCGAGACMACGTT	STREME-17	Chr2_20193464_20193564	76	89	+	6.42683	5.13e-05	0.383	CTTGACACCACTTT
17-CCCGAGACMACGTT	STREME-17	Chr8_27261546_27261646	66	79	-	6.40244	5.16e-05	0.384	CCCAAGACCAGAAT
17-CCCGAGACMACGTT	STREME-17	Chr6_4472133_4472233	31	44	+	6.39024	5.18e-05	0.385	CTCGGGATACGTTT
17-CCCGAGACMACGTT	STREME-17	Chr11_2630472_2630572	71	84	+	6.34146	5.26e-05	0.387	TCTGAAACCCCATT
17-CCCGAGACMACGTT	STREME-17	Chr7_21429243_21429343	87	100	+	6.34146	5.26e-05	0.387	CCTGATACAATGTT
17-CCCGAGACMACGTT	STREME-17	Chr14_3604803_3604903	10	23	+	6.31707	5.3e-05	0.389	CCTGAAACAAGGTG
17-CCCGAGACMACGTT	STREME-17	Chr14_20452336_20452436	42	55	-	6.2439	5.43e-05	0.396	CCCGAATCAACACT
17-CCCGAGACMACGTT	STREME-17	Chr1_19681086_19681186	37	50	-	6.23171	5.44e-05	0.396	CCCAGAATCGGGTT
17-CCCGAGACMACGTT	STREME-17	Chr2_28474470_28474570	49	62	+	6.20732	5.49e-05	0.397	CCCGAAACCCGATG
17-CCCGAGACMACGTT	STREME-17	Chr11_26130600_26130700	66	79	+	6.20732	5.49e-05	0.397	CCAAAAACAACTCT
17-CCCGAGACMACGTT	STREME-17	Chr6_15867298_15867398	34	47	-	6.19512	5.51e-05	0.397	CCCTAAACAGCATT
17-CCCGAGACMACGTT	STREME-17	Chr2_19569655_19569755	87	100	+	6.14634	5.59e-05	0.398	CCAAAAACCCCTCT
17-CCCGAGACMACGTT	STREME-17	Chr1_7258167_7258267	1	14	+	5.95122	5.9e-05	0.398	ACTGAAACAACGCT
17-CCCGAGACMACGTT	STREME-17	Chr1_22787499_22787599	77	90	-	5.95122	5.9e-05	0.398	ACTGAAACAACGCT
17-CCCGAGACMACGTT	STREME-17	Chr1_26464867_26464967	5	18	+	5.93902	5.92e-05	0.398	CCTTAGACTCCATT
17-CCCGAGACMACGTT	STREME-17	Chr2_5224463_5224563	13	26	+	5.93902	5.92e-05	0.398	CCTTAGACTCCATT
17-CCCGAGACMACGTT	STREME-17	Chr7_10800444_10800544	16	29	+	5.93902	5.92e-05	0.398	CCTTAGACTCCATT
17-CCCGAGACMACGTT	STREME-17	Chr12_12764205_12764305	36	49	+	5.93902	5.92e-05	0.398	CCTTAGACTCCATT
17-CCCGAGACMACGTT	STREME-17	Chr14_18735156_18735256	28	41	-	5.93902	5.92e-05	0.398	CCTTAGACTCCATT
17-CCCGAGACMACGTT	STREME-17	Chr13_4107474_4107574	74	87	+	5.93902	5.92e-05	0.398	CCTTAGACTCCATT
17-CCCGAGACMACGTT	STREME-17	Chr1_5669484_5669584	69	82	-	5.93902	5.92e-05	0.398	CCTTAGACTCCATT
17-CCCGAGACMACGTT	STREME-17	Chr1_15295762_15295862	75	88	-	5.93902	5.92e-05	0.398	CCTTAGACTCCATT
17-CCCGAGACMACGTT	STREME-17	Chr8_28366494_28366594	76	89	-	5.93902	5.92e-05	0.398	CCTTAGACTCCATT
17-CCCGAGACMACGTT	STREME-17	Chr9_19812448_19812548	88	101	-	5.93902	5.92e-05	0.398	CCTTAGACTCCATT
17-CCCGAGACMACGTT	STREME-17	Chr9_4199039_4199139	2	15	-	5.90244	5.98e-05	0.398	CCCGGGAATCCGTT
17-CCCGAGACMACGTT	STREME-17	Chr13_8868556_8868656	56	69	+	5.89024	6e-05	0.398	ACCAAAACCCCGTT
17-CCCGAGACMACGTT	STREME-17	Chr15_16986493_16986593	9	22	+	5.87805	6.02e-05	0.398	CTTAGGACACTGTT
17-CCCGAGACMACGTT	STREME-17	Chr1_15628265_15628365	20	33	+	5.87805	6.02e-05	0.398	CTTAGGACACTGTT
17-CCCGAGACMACGTT	STREME-17	Chr12_2994200_2994300	27	40	+	5.87805	6.02e-05	0.398	CTTAGGACACTGTT
17-CCCGAGACMACGTT	STREME-17	Chr13_434052_434152	34	47	+	5.87805	6.02e-05	0.398	CTTAGGACACTGTT
17-CCCGAGACMACGTT	STREME-17	Chr1_43693448_43693548	37	50	+	5.87805	6.02e-05	0.398	CTTAGGACACTGTT
17-CCCGAGACMACGTT	STREME-17	Chr3_26811288_26811388	46	59	+	5.87805	6.02e-05	0.398	CTTAGGACACTGTT
17-CCCGAGACMACGTT	STREME-17	Chr13_3546802_3546902	57	70	-	5.87805	6.02e-05	0.398	CTTAGGACACTGTT
17-CCCGAGACMACGTT	STREME-17	Chr7_18645520_18645620	63	76	-	5.87805	6.02e-05	0.398	CTTAGGACACTGTT
17-CCCGAGACMACGTT	STREME-17	Chr1_22633549_22633649	84	97	-	5.87805	6.02e-05	0.398	CTTAGGACACTGTT
17-CCCGAGACMACGTT	STREME-17	Chr12_11653418_11653518	49	62	-	5.84146	6.09e-05	0.401	CCCAAGACCATCTT
17-CCCGAGACMACGTT	STREME-17	Chr15_22783630_22783730	47	60	-	5.78049	6.2e-05	0.407	CCCAAGACACCCCT
17-CCCGAGACMACGTT	STREME-17	Chr11_16507344_16507444	3	16	+	5.76829	6.23e-05	0.408	CCCAAAACCACATG
17-CCCGAGACMACGTT	STREME-17	Chr3_2502876_2502976	38	51	+	5.71951	6.31e-05	0.41	CCCGAGATGCGGTT
17-CCCGAGACMACGTT	STREME-17	Chr14_15172189_15172289	87	100	+	5.71951	6.31e-05	0.41	CCCAAGGTCCCACT
17-CCCGAGACMACGTT	STREME-17	Chr6_22125451_22125551	6	19	-	5.63415	6.46e-05	0.418	CTTGAAATTGCATT
17-CCCGAGACMACGTT	STREME-17	Chr13_15674348_15674448	2	15	+	5.58537	6.54e-05	0.421	CCAGGAACACGGCT
17-CCCGAGACMACGTT	STREME-17	Chr1_6961105_6961205	86	99	+	5.58537	6.54e-05	0.421	CTCCAGACCATGTT
17-CCCGAGACMACGTT	STREME-17	Chr14_16996233_16996333	5	18	+	5.54878	6.62e-05	0.425	CACGAAACAACTCT
17-CCCGAGACMACGTT	STREME-17	Chr1_2223582_2223682	16	29	+	5.53659	6.64e-05	0.425	CCTAGGATCCCTCT
17-CCCGAGACMACGTT	STREME-17	Chr9_7934644_7934744	28	41	+	5.5122	6.69e-05	0.425	CCCAAAAACACATT
17-CCCGAGACMACGTT	STREME-17	Chr1_22657025_22657125	32	45	-	5.5122	6.69e-05	0.425	CTCAAAATACCTTT
17-CCCGAGACMACGTT	STREME-17	Chr13_23214172_23214272	62	75	-	5.5	6.72e-05	0.425	CCTGGGCCAACGCT
17-CCCGAGACMACGTT	STREME-17	Chr6_19702324_19702424	65	78	-	5.47561	6.76e-05	0.427	CTTGAGGTCGGGTT
17-CCCGAGACMACGTT	STREME-17	Chr10_18025913_18026013	44	57	+	5.46341	6.79e-05	0.427	TCCAAAACCACATT
17-CCCGAGACMACGTT	STREME-17	Chr1_48361001_48361101	51	64	-	5.45122	6.82e-05	0.428	ACTGAGATAACGTT
17-CCCGAGACMACGTT	STREME-17	Chr4_8801133_8801233	61	74	+	5.41463	6.9e-05	0.431	CCTGAGACACGGCC
17-CCCGAGACMACGTT	STREME-17	Chr9_28665460_28665560	9	22	+	5.37805	6.98e-05	0.435	CCTGAAACCAGGCA
17-CCCGAGACMACGTT	STREME-17	Chr14_8655421_8655521	72	85	-	5.34146	7.06e-05	0.438	CTTGAGACCCAGCT
17-CCCGAGACMACGTT	STREME-17	Chr11_15564593_15564693	8	21	+	5.32927	7.09e-05	0.439	CCCAAAACCAATTT
17-CCCGAGACMACGTT	STREME-17	Chr14_23976130_23976230	26	39	-	5.29268	7.16e-05	0.441	CCCGAAACTCCATA
17-CCCGAGACMACGTT	STREME-17	Chr4_34111821_34111921	44	57	+	5.28049	7.19e-05	0.441	CGCGAGATAGCGTT
17-CCCGAGACMACGTT	STREME-17	Chr15_10956111_10956211	61	74	-	5.28049	7.19e-05	0.441	CTTGAGACCCATTT
17-CCCGAGACMACGTT	STREME-17	Chr12_8741409_8741509	76	89	-	5.26829	7.23e-05	0.442	CCAAAAACCGTGTT
17-CCCGAGACMACGTT	STREME-17	Chr14_23239412_23239512	32	45	+	5.2439	7.27e-05	0.442	CTTGAAATTGGGTT
17-CCCGAGACMACGTT	STREME-17	Chr8_17150248_17150348	41	54	+	5.2439	7.27e-05	0.442	GCTGAAACCGGGTT
17-CCCGAGACMACGTT	STREME-17	Chr15_778730_778830	41	54	-	5.20732	7.34e-05	0.444	CTCAAAATAAGATT
17-CCCGAGACMACGTT	STREME-17	Chr11_13723455_13723555	15	28	+	5.19512	7.37e-05	0.444	CCTTAAACCAGGCT
17-CCCGAGACMACGTT	STREME-17	Chr11_24565136_24565236	22	35	-	5.19512	7.37e-05	0.444	CCTTAAACCAGGCT
17-CCCGAGACMACGTT	STREME-17	Chr12_5690171_5690271	8	21	+	5.17073	7.42e-05	0.445	CCGAGGACCACATT
17-CCCGAGACMACGTT	STREME-17	Chr6_28336564_28336664	34	47	-	5.15854	7.45e-05	0.446	CCCGTAACACGATT
17-CCCGAGACMACGTT	STREME-17	Chr12_4774560_4774660	54	67	+	5.12195	7.53e-05	0.449	CCCGAGCCCGTGCT
17-CCCGAGACMACGTT	STREME-17	Chr15_6937239_6937339	44	57	-	5.0122	7.81e-05	0.463	CTTGGGATCGTGTT
17-CCCGAGACMACGTT	STREME-17	Chr14_23239412_23239512	84	97	-	5.0122	7.81e-05	0.463	TCTGAAACCAGTTT
17-CCCGAGACMACGTT	STREME-17	Chr1_2869800_2869900	88	101	+	5	7.83e-05	0.463	CCTGCGATCAGGTT
17-CCCGAGACMACGTT	STREME-17	Chr15_11390750_11390850	70	83	-	4.9878	7.86e-05	0.463	CCCACGACCCCACT
17-CCCGAGACMACGTT	STREME-17	Chr3_36609264_36609364	31	44	-	4.97561	7.89e-05	0.463	CTCAGGGCTCCGTT
17-CCCGAGACMACGTT	STREME-17	Chr3_11752365_11752465	58	71	+	4.95122	7.96e-05	0.464	CACAAGACAGCATT
17-CCCGAGACMACGTT	STREME-17	Chr2_11111673_11111773	75	88	+	4.95122	7.96e-05	0.464	CACAAGACAGCATT
17-CCCGAGACMACGTT	STREME-17	Chr10_15268172_15268272	6	19	+	4.92683	8.01e-05	0.466	CGCGAGGCCCCGCT
17-CCCGAGACMACGTT	STREME-17	Chr6_181943_182043	26	39	+	4.87805	8.13e-05	0.471	CTCCAGACAGGGTT
17-CCCGAGACMACGTT	STREME-17	Chr10_6048052_6048152	75	88	+	4.86585	8.15e-05	0.471	CCTGAGAAACTGTT
17-CCCGAGACMACGTT	STREME-17	Chr7_4682031_4682131	50	63	+	4.84146	8.21e-05	0.473	ACTGAGGCCACATT
17-CCCGAGACMACGTT	STREME-17	Chr6_13875793_13875893	29	42	+	4.82927	8.24e-05	0.474	CTCAACACCACATT
17-CCCGAGACMACGTT	STREME-17	Chr3_9728021_9728121	81	94	-	4.80488	8.3e-05	0.476	CTCAAAATAGCTTT
17-CCCGAGACMACGTT	STREME-17	Chr9_25732630_25732730	33	46	-	4.79268	8.32e-05	0.476	CCGAAAACAACATT
17-CCCGAGACMACGTT	STREME-17	Chr15_17711304_17711404	63	76	+	4.78049	8.36e-05	0.476	CCCAAAATTGCACT
17-CCCGAGACMACGTT	STREME-17	Chr2_32850066_32850166	45	58	+	4.7561	8.42e-05	0.479	CCTGTGACCCTATT
17-CCCGAGACMACGTT	STREME-17	Chr3_8583270_8583370	63	76	-	4.70732	8.54e-05	0.484	CCAAAAACTGGGTT
17-CCCGAGACMACGTT	STREME-17	Chr10_18059714_18059814	18	31	+	4.67073	8.63e-05	0.488	CCCGAGATCGCTAT
17-CCCGAGACMACGTT	STREME-17	Chr3_33649856_33649956	29	42	+	4.65854	8.67e-05	0.488	CTCGCGACCCTGTT
17-CCCGAGACMACGTT	STREME-17	Chr1_34963105_34963205	88	101	-	4.63415	8.73e-05	0.49	CTTGAAACCTCTTT
17-CCCGAGACMACGTT	STREME-17	Chr7_14270679_14270779	25	38	+	4.60976	8.8e-05	0.493	CCTAAGACGGCTTT
17-CCCGAGACMACGTT	STREME-17	Chr5_21292621_21292721	74	87	+	4.58537	8.87e-05	0.495	CCTGGGCCTCCGTT
17-CCCGAGACMACGTT	STREME-17	Chr12_17225339_17225439	40	53	+	4.53659	9e-05	0.5	CCTGAAACCCCACA
17-CCCGAGACMACGTT	STREME-17	Chr3_18965664_18965764	68	81	+	4.53659	9e-05	0.5	CCCAAAACCCCATA
17-CCCGAGACMACGTT	STREME-17	Chr8_13794750_13794850	41	54	+	4.5	9.09e-05	0.504	CCCGAAAACGTGTT
17-CCCGAGACMACGTT	STREME-17	Chr15_8699303_8699403	16	29	+	4.45122	9.21e-05	0.504	CGTGAAACCCGATT
17-CCCGAGACMACGTT	STREME-17	Chr4_9222194_9222294	34	47	+	4.45122	9.21e-05	0.504	CGTGAAACCCGATT
17-CCCGAGACMACGTT	STREME-17	Chr14_17356917_17357017	46	59	-	4.45122	9.21e-05	0.504	CGTGAAACCCGATT
17-CCCGAGACMACGTT	STREME-17	Chr5_19689421_19689521	73	86	-	4.45122	9.21e-05	0.504	ACCGAAACCGTGTT
17-CCCGAGACMACGTT	STREME-17	Chr8_17139515_17139615	74	87	-	4.43902	9.25e-05	0.505	CCAAGAACCGGGTT
17-CCCGAGACMACGTT	STREME-17	Chr8_25899673_25899773	11	24	+	4.41463	9.29e-05	0.506	CTTGGGATAAGACT
17-CCCGAGACMACGTT	STREME-17	Chr7_22632529_22632629	85	98	+	4.36585	9.42e-05	0.511	CCAAAGACAGTTTT
17-CCCGAGACMACGTT	STREME-17	Chr11_16909655_16909755	61	74	+	4.34146	9.48e-05	0.513	CCTAAGGTAGCATT
17-CCCGAGACMACGTT	STREME-17	Chr1_35264080_35264180	67	80	+	4.32927	9.53e-05	0.514	CCCGAAAACATGCT
17-CCCGAGACMACGTT	STREME-17	Chr13_18734444_18734544	52	65	+	4.28049	9.65e-05	0.516	CCCAAGAGAAGGCT
17-CCCGAGACMACGTT	STREME-17	Chr5_919634_919734	18	31	-	4.2439	9.75e-05	0.516	CCCAAGGCTGTTTT
17-CCCGAGACMACGTT	STREME-17	Chr6_15392057_15392157	22	35	-	4.2439	9.75e-05	0.516	CCCAAGGCTGTTTT
17-CCCGAGACMACGTT	STREME-17	Chr7_16722011_16722111	55	68	+	4.2439	9.75e-05	0.516	CCCAAGGCTGTTTT
17-CCCGAGACMACGTT	STREME-17	Chr9_7852149_7852249	64	77	+	4.2439	9.75e-05	0.516	CTCGGGGCTCTGTT
17-CCCGAGACMACGTT	STREME-17	Chr9_20174975_20175075	54	67	-	4.2439	9.75e-05	0.516	CCCAAGGCTGTTTT
17-CCCGAGACMACGTT	STREME-17	Chr1_11475638_11475738	81	94	-	4.2439	9.75e-05	0.516	CCCAAGGCTGTTTT
17-CCCGAGACMACGTT	STREME-17	Chr1_48151949_48152049	37	50	+	4.19512	9.89e-05	0.521	TTCGAAACCCGGTT
17-CCCGAGACMACGTT	STREME-17	Chr10_17741072_17741172	58	71	+	4.19512	9.89e-05	0.521	CTCAAGAGCAGGTT
17-CCCGAGACMACGTT	STREME-17	Chr10_22194974_22195074	65	78	-	4.18293	9.93e-05	0.521	CTCGAAACCGCATA

# FIMO (Find Individual Motif Occurrences): Version 5.5.1 compiled on Apr 10 2023 at 16:56:57
# The format of this file is described at https://meme-suite.org/meme/doc/fimo-output-format.html.
# fimo --parse-genomic-coord --verbosity 1 --oc LITCHI007109.meme_chip/fimo_out_17 --bgfile LITCHI007109.meme_chip/background --motif 17-CCCGAGACMACGTT LITCHI007109.meme_chip/streme_out/streme.xml LITCHI007109.meme_chip/LITCHI007109.peak.region.fa
