motif_id	motif_alt_id	sequence_name	start	stop	strand	score	p-value	q-value	matched_sequence
6-GATCAAACGAGGAAC	STREME-6	Chr4_1119714_1119814	13	27	+	28.7105	9.51e-10	9.64e-06	GATCAAACGAGGAAC
6-GATCAAACGAGGAAC	STREME-6	Chr2_29935497_29935597	1	15	-	28.7105	9.51e-10	9.64e-06	GATCAAACGAGGAAC
6-GATCAAACGAGGAAC	STREME-6	Chr2_36085599_36085699	1	15	-	28.7105	9.51e-10	9.64e-06	GATCAAACGAGGAAC
6-GATCAAACGAGGAAC	STREME-6	Chr9_20254093_20254193	3	17	-	28.7105	9.51e-10	9.64e-06	GATCAAACGAGGAAC
6-GATCAAACGAGGAAC	STREME-6	Chr2_37544809_37544909	4	18	-	28.7105	9.51e-10	9.64e-06	GATCAAACGAGGAAC
6-GATCAAACGAGGAAC	STREME-6	Chr11_22292737_22292837	5	19	-	28.7105	9.51e-10	9.64e-06	GATCAAACGAGGAAC
6-GATCAAACGAGGAAC	STREME-6	Chr5_16426392_16426492	5	19	-	28.7105	9.51e-10	9.64e-06	GATCAAACGAGGAAC
6-GATCAAACGAGGAAC	STREME-6	Chr7_24939825_24939925	19	33	+	28.7105	9.51e-10	9.64e-06	GATCAAACGAGGAAC
6-GATCAAACGAGGAAC	STREME-6	Chr1_17642998_17643098	5	19	-	28.7105	9.51e-10	9.64e-06	GATCAAACGAGGAAC
6-GATCAAACGAGGAAC	STREME-6	Chr6_2062696_2062796	5	19	-	28.7105	9.51e-10	9.64e-06	GATCAAACGAGGAAC
6-GATCAAACGAGGAAC	STREME-6	Chr10_8442575_8442675	6	20	-	28.7105	9.51e-10	9.64e-06	GATCAAACGAGGAAC
6-GATCAAACGAGGAAC	STREME-6	Chr10_427784_427884	6	20	-	28.7105	9.51e-10	9.64e-06	GATCAAACGAGGAAC
6-GATCAAACGAGGAAC	STREME-6	Chr5_15714932_15715032	20	34	+	28.7105	9.51e-10	9.64e-06	GATCAAACGAGGAAC
6-GATCAAACGAGGAAC	STREME-6	Chr8_5361735_5361835	21	35	+	28.7105	9.51e-10	9.64e-06	GATCAAACGAGGAAC
6-GATCAAACGAGGAAC	STREME-6	Chr4_28844732_28844832	21	35	+	28.7105	9.51e-10	9.64e-06	GATCAAACGAGGAAC
6-GATCAAACGAGGAAC	STREME-6	Chr10_27646736_27646836	21	35	+	28.7105	9.51e-10	9.64e-06	GATCAAACGAGGAAC
6-GATCAAACGAGGAAC	STREME-6	Chr13_10188711_10188811	8	22	-	28.7105	9.51e-10	9.64e-06	GATCAAACGAGGAAC
6-GATCAAACGAGGAAC	STREME-6	Chr3_4871532_4871632	8	22	-	28.7105	9.51e-10	9.64e-06	GATCAAACGAGGAAC
6-GATCAAACGAGGAAC	STREME-6	Chr15_14296729_14296829	10	24	-	28.7105	9.51e-10	9.64e-06	GATCAAACGAGGAAC
6-GATCAAACGAGGAAC	STREME-6	Chr12_3190174_3190274	11	25	-	28.7105	9.51e-10	9.64e-06	GATCAAACGAGGAAC
6-GATCAAACGAGGAAC	STREME-6	Chr15_15820109_15820209	11	25	-	28.7105	9.51e-10	9.64e-06	GATCAAACGAGGAAC
6-GATCAAACGAGGAAC	STREME-6	Chr11_15463560_15463660	11	25	-	28.7105	9.51e-10	9.64e-06	GATCAAACGAGGAAC
6-GATCAAACGAGGAAC	STREME-6	Chr6_2073396_2073496	11	25	-	28.7105	9.51e-10	9.64e-06	GATCAAACGAGGAAC
6-GATCAAACGAGGAAC	STREME-6	Chr9_2612748_2612848	11	25	-	28.7105	9.51e-10	9.64e-06	GATCAAACGAGGAAC
6-GATCAAACGAGGAAC	STREME-6	Chr13_6313434_6313534	11	25	-	28.7105	9.51e-10	9.64e-06	GATCAAACGAGGAAC
6-GATCAAACGAGGAAC	STREME-6	Chr9_4119475_4119575	26	40	+	28.7105	9.51e-10	9.64e-06	GATCAAACGAGGAAC
6-GATCAAACGAGGAAC	STREME-6	Chr12_13162579_13162679	26	40	+	28.7105	9.51e-10	9.64e-06	GATCAAACGAGGAAC
6-GATCAAACGAGGAAC	STREME-6	Chr8_27790498_27790598	27	41	+	28.7105	9.51e-10	9.64e-06	GATCAAACGAGGAAC
6-GATCAAACGAGGAAC	STREME-6	Chr5_14173127_14173227	13	27	-	28.7105	9.51e-10	9.64e-06	GATCAAACGAGGAAC
6-GATCAAACGAGGAAC	STREME-6	Chr5_4117366_4117466	13	27	-	28.7105	9.51e-10	9.64e-06	GATCAAACGAGGAAC
6-GATCAAACGAGGAAC	STREME-6	Chr4_4073528_4073628	14	28	-	28.7105	9.51e-10	9.64e-06	GATCAAACGAGGAAC
6-GATCAAACGAGGAAC	STREME-6	Chr3_36573541_36573641	15	29	-	28.7105	9.51e-10	9.64e-06	GATCAAACGAGGAAC
6-GATCAAACGAGGAAC	STREME-6	Chr14_11367363_11367463	29	43	+	28.7105	9.51e-10	9.64e-06	GATCAAACGAGGAAC
6-GATCAAACGAGGAAC	STREME-6	Chr2_6591154_6591254	15	29	-	28.7105	9.51e-10	9.64e-06	GATCAAACGAGGAAC
6-GATCAAACGAGGAAC	STREME-6	Chr12_23881621_23881721	17	31	-	28.7105	9.51e-10	9.64e-06	GATCAAACGAGGAAC
6-GATCAAACGAGGAAC	STREME-6	Chr12_22679239_22679339	17	31	-	28.7105	9.51e-10	9.64e-06	GATCAAACGAGGAAC
6-GATCAAACGAGGAAC	STREME-6	Chr9_19320525_19320625	31	45	+	28.7105	9.51e-10	9.64e-06	GATCAAACGAGGAAC
6-GATCAAACGAGGAAC	STREME-6	Chr8_12448517_12448617	18	32	-	28.7105	9.51e-10	9.64e-06	GATCAAACGAGGAAC
6-GATCAAACGAGGAAC	STREME-6	Chr8_29317533_29317633	33	47	+	28.7105	9.51e-10	9.64e-06	GATCAAACGAGGAAC
6-GATCAAACGAGGAAC	STREME-6	Chr7_12028396_12028496	33	47	+	28.7105	9.51e-10	9.64e-06	GATCAAACGAGGAAC
6-GATCAAACGAGGAAC	STREME-6	Chr5_24527813_24527913	20	34	-	28.7105	9.51e-10	9.64e-06	GATCAAACGAGGAAC
6-GATCAAACGAGGAAC	STREME-6	Chr10_11904446_11904546	21	35	-	28.7105	9.51e-10	9.64e-06	GATCAAACGAGGAAC
6-GATCAAACGAGGAAC	STREME-6	Chr6_9090744_9090844	21	35	-	28.7105	9.51e-10	9.64e-06	GATCAAACGAGGAAC
6-GATCAAACGAGGAAC	STREME-6	Chr2_4972352_4972452	21	35	-	28.7105	9.51e-10	9.64e-06	GATCAAACGAGGAAC
6-GATCAAACGAGGAAC	STREME-6	Chr10_26589258_26589358	22	36	-	28.7105	9.51e-10	9.64e-06	GATCAAACGAGGAAC
6-GATCAAACGAGGAAC	STREME-6	Chr4_31845468_31845568	22	36	-	28.7105	9.51e-10	9.64e-06	GATCAAACGAGGAAC
6-GATCAAACGAGGAAC	STREME-6	Chr14_10764655_10764755	36	50	+	28.7105	9.51e-10	9.64e-06	GATCAAACGAGGAAC
6-GATCAAACGAGGAAC	STREME-6	Chr3_16345728_16345828	23	37	-	28.7105	9.51e-10	9.64e-06	GATCAAACGAGGAAC
6-GATCAAACGAGGAAC	STREME-6	Chr8_17831982_17832082	23	37	-	28.7105	9.51e-10	9.64e-06	GATCAAACGAGGAAC
6-GATCAAACGAGGAAC	STREME-6	Chr1_39229138_39229238	23	37	-	28.7105	9.51e-10	9.64e-06	GATCAAACGAGGAAC
6-GATCAAACGAGGAAC	STREME-6	Chr6_658410_658510	23	37	-	28.7105	9.51e-10	9.64e-06	GATCAAACGAGGAAC
6-GATCAAACGAGGAAC	STREME-6	Chr8_5373168_5373268	37	51	+	28.7105	9.51e-10	9.64e-06	GATCAAACGAGGAAC
6-GATCAAACGAGGAAC	STREME-6	Chr7_13506588_13506688	38	52	+	28.7105	9.51e-10	9.64e-06	GATCAAACGAGGAAC
6-GATCAAACGAGGAAC	STREME-6	Chr14_12116063_12116163	25	39	-	28.7105	9.51e-10	9.64e-06	GATCAAACGAGGAAC
6-GATCAAACGAGGAAC	STREME-6	Chr14_4042554_4042654	39	53	+	28.7105	9.51e-10	9.64e-06	GATCAAACGAGGAAC
6-GATCAAACGAGGAAC	STREME-6	Chr8_30069275_30069375	25	39	-	28.7105	9.51e-10	9.64e-06	GATCAAACGAGGAAC
6-GATCAAACGAGGAAC	STREME-6	Chr13_23825079_23825179	39	53	+	28.7105	9.51e-10	9.64e-06	GATCAAACGAGGAAC
6-GATCAAACGAGGAAC	STREME-6	Chr1_30408478_30408578	39	53	+	28.7105	9.51e-10	9.64e-06	GATCAAACGAGGAAC
6-GATCAAACGAGGAAC	STREME-6	Chr8_15740238_15740338	39	53	+	28.7105	9.51e-10	9.64e-06	GATCAAACGAGGAAC
6-GATCAAACGAGGAAC	STREME-6	Chr2_35305726_35305826	40	54	+	28.7105	9.51e-10	9.64e-06	GATCAAACGAGGAAC
6-GATCAAACGAGGAAC	STREME-6	Chr7_26141036_26141136	40	54	+	28.7105	9.51e-10	9.64e-06	GATCAAACGAGGAAC
6-GATCAAACGAGGAAC	STREME-6	Chr7_15060551_15060651	26	40	-	28.7105	9.51e-10	9.64e-06	GATCAAACGAGGAAC
6-GATCAAACGAGGAAC	STREME-6	Chr2_27491146_27491246	26	40	-	28.7105	9.51e-10	9.64e-06	GATCAAACGAGGAAC
6-GATCAAACGAGGAAC	STREME-6	Chr9_11392487_11392587	42	56	+	28.7105	9.51e-10	9.64e-06	GATCAAACGAGGAAC
6-GATCAAACGAGGAAC	STREME-6	Chr15_9394084_9394184	28	42	-	28.7105	9.51e-10	9.64e-06	GATCAAACGAGGAAC
6-GATCAAACGAGGAAC	STREME-6	Chr7_19905398_19905498	28	42	-	28.7105	9.51e-10	9.64e-06	GATCAAACGAGGAAC
6-GATCAAACGAGGAAC	STREME-6	Chr5_13741262_13741362	29	43	-	28.7105	9.51e-10	9.64e-06	GATCAAACGAGGAAC
6-GATCAAACGAGGAAC	STREME-6	Chr9_22236375_22236475	29	43	-	28.7105	9.51e-10	9.64e-06	GATCAAACGAGGAAC
6-GATCAAACGAGGAAC	STREME-6	Chr6_22923242_22923342	43	57	+	28.7105	9.51e-10	9.64e-06	GATCAAACGAGGAAC
6-GATCAAACGAGGAAC	STREME-6	Chr3_26892196_26892296	29	43	-	28.7105	9.51e-10	9.64e-06	GATCAAACGAGGAAC
6-GATCAAACGAGGAAC	STREME-6	Chr11_14900225_14900325	43	57	+	28.7105	9.51e-10	9.64e-06	GATCAAACGAGGAAC
6-GATCAAACGAGGAAC	STREME-6	Chr5_15120225_15120325	29	43	-	28.7105	9.51e-10	9.64e-06	GATCAAACGAGGAAC
6-GATCAAACGAGGAAC	STREME-6	Chr12_16338453_16338553	30	44	-	28.7105	9.51e-10	9.64e-06	GATCAAACGAGGAAC
6-GATCAAACGAGGAAC	STREME-6	Chr11_7035426_7035526	44	58	+	28.7105	9.51e-10	9.64e-06	GATCAAACGAGGAAC
6-GATCAAACGAGGAAC	STREME-6	Chr5_5526578_5526678	44	58	+	28.7105	9.51e-10	9.64e-06	GATCAAACGAGGAAC
6-GATCAAACGAGGAAC	STREME-6	Chr6_30495688_30495788	44	58	+	28.7105	9.51e-10	9.64e-06	GATCAAACGAGGAAC
6-GATCAAACGAGGAAC	STREME-6	Chr3_23217504_23217604	44	58	+	28.7105	9.51e-10	9.64e-06	GATCAAACGAGGAAC
6-GATCAAACGAGGAAC	STREME-6	Chr6_19427063_19427163	44	58	+	28.7105	9.51e-10	9.64e-06	GATCAAACGAGGAAC
6-GATCAAACGAGGAAC	STREME-6	Chr2_30397831_30397931	30	44	-	28.7105	9.51e-10	9.64e-06	GATCAAACGAGGAAC
6-GATCAAACGAGGAAC	STREME-6	Chr5_26215738_26215838	44	58	+	28.7105	9.51e-10	9.64e-06	GATCAAACGAGGAAC
6-GATCAAACGAGGAAC	STREME-6	Chr5_18051164_18051264	30	44	-	28.7105	9.51e-10	9.64e-06	GATCAAACGAGGAAC
6-GATCAAACGAGGAAC	STREME-6	Chr2_32240674_32240774	31	45	-	28.7105	9.51e-10	9.64e-06	GATCAAACGAGGAAC
6-GATCAAACGAGGAAC	STREME-6	Chr15_15832360_15832460	31	45	-	28.7105	9.51e-10	9.64e-06	GATCAAACGAGGAAC
6-GATCAAACGAGGAAC	STREME-6	Chr15_8132502_8132602	45	59	+	28.7105	9.51e-10	9.64e-06	GATCAAACGAGGAAC
6-GATCAAACGAGGAAC	STREME-6	Chr10_17600948_17601048	45	59	+	28.7105	9.51e-10	9.64e-06	GATCAAACGAGGAAC
6-GATCAAACGAGGAAC	STREME-6	Chr14_23273832_23273932	46	60	+	28.7105	9.51e-10	9.64e-06	GATCAAACGAGGAAC
6-GATCAAACGAGGAAC	STREME-6	Chr5_4871569_4871669	47	61	+	28.7105	9.51e-10	9.64e-06	GATCAAACGAGGAAC
6-GATCAAACGAGGAAC	STREME-6	Chr15_9405212_9405312	34	48	-	28.7105	9.51e-10	9.64e-06	GATCAAACGAGGAAC
6-GATCAAACGAGGAAC	STREME-6	Chr5_18570256_18570356	48	62	+	28.7105	9.51e-10	9.64e-06	GATCAAACGAGGAAC
6-GATCAAACGAGGAAC	STREME-6	Chr11_17235478_17235578	48	62	+	28.7105	9.51e-10	9.64e-06	GATCAAACGAGGAAC
6-GATCAAACGAGGAAC	STREME-6	Chr1_16633020_16633120	35	49	-	28.7105	9.51e-10	9.64e-06	GATCAAACGAGGAAC
6-GATCAAACGAGGAAC	STREME-6	Chr10_25914189_25914289	49	63	+	28.7105	9.51e-10	9.64e-06	GATCAAACGAGGAAC
6-GATCAAACGAGGAAC	STREME-6	Chr13_16874895_16874995	50	64	+	28.7105	9.51e-10	9.64e-06	GATCAAACGAGGAAC
6-GATCAAACGAGGAAC	STREME-6	Chr4_29060580_29060680	36	50	-	28.7105	9.51e-10	9.64e-06	GATCAAACGAGGAAC
6-GATCAAACGAGGAAC	STREME-6	Chr5_22729374_22729474	36	50	-	28.7105	9.51e-10	9.64e-06	GATCAAACGAGGAAC
6-GATCAAACGAGGAAC	STREME-6	Chr10_14744192_14744292	51	65	+	28.7105	9.51e-10	9.64e-06	GATCAAACGAGGAAC
6-GATCAAACGAGGAAC	STREME-6	Chr14_11378595_11378695	51	65	+	28.7105	9.51e-10	9.64e-06	GATCAAACGAGGAAC
6-GATCAAACGAGGAAC	STREME-6	Chr13_10428248_10428348	37	51	-	28.7105	9.51e-10	9.64e-06	GATCAAACGAGGAAC
6-GATCAAACGAGGAAC	STREME-6	Chr7_15450974_15451074	52	66	+	28.7105	9.51e-10	9.64e-06	GATCAAACGAGGAAC
6-GATCAAACGAGGAAC	STREME-6	Chr4_22577754_22577854	38	52	-	28.7105	9.51e-10	9.64e-06	GATCAAACGAGGAAC
6-GATCAAACGAGGAAC	STREME-6	Chr6_16386126_16386226	39	53	-	28.7105	9.51e-10	9.64e-06	GATCAAACGAGGAAC
6-GATCAAACGAGGAAC	STREME-6	Chr2_37991535_37991635	53	67	+	28.7105	9.51e-10	9.64e-06	GATCAAACGAGGAAC
6-GATCAAACGAGGAAC	STREME-6	Chr3_36649756_36649856	40	54	-	28.7105	9.51e-10	9.64e-06	GATCAAACGAGGAAC
6-GATCAAACGAGGAAC	STREME-6	Chr6_15205139_15205239	54	68	+	28.7105	9.51e-10	9.64e-06	GATCAAACGAGGAAC
6-GATCAAACGAGGAAC	STREME-6	Chr12_196553_196653	55	69	+	28.7105	9.51e-10	9.64e-06	GATCAAACGAGGAAC
6-GATCAAACGAGGAAC	STREME-6	Chr6_3094960_3095060	41	55	-	28.7105	9.51e-10	9.64e-06	GATCAAACGAGGAAC
6-GATCAAACGAGGAAC	STREME-6	Chr5_29245445_29245545	42	56	-	28.7105	9.51e-10	9.64e-06	GATCAAACGAGGAAC
6-GATCAAACGAGGAAC	STREME-6	Chr13_13320134_13320234	56	70	+	28.7105	9.51e-10	9.64e-06	GATCAAACGAGGAAC
6-GATCAAACGAGGAAC	STREME-6	Chr3_1623935_1624035	43	57	-	28.7105	9.51e-10	9.64e-06	GATCAAACGAGGAAC
6-GATCAAACGAGGAAC	STREME-6	Chr1_27825221_27825321	43	57	-	28.7105	9.51e-10	9.64e-06	GATCAAACGAGGAAC
6-GATCAAACGAGGAAC	STREME-6	Chr1_8123581_8123681	43	57	-	28.7105	9.51e-10	9.64e-06	GATCAAACGAGGAAC
6-GATCAAACGAGGAAC	STREME-6	Chr9_14689746_14689846	57	71	+	28.7105	9.51e-10	9.64e-06	GATCAAACGAGGAAC
6-GATCAAACGAGGAAC	STREME-6	Chr10_26577698_26577798	43	57	-	28.7105	9.51e-10	9.64e-06	GATCAAACGAGGAAC
6-GATCAAACGAGGAAC	STREME-6	Chr5_25607527_25607627	57	71	+	28.7105	9.51e-10	9.64e-06	GATCAAACGAGGAAC
6-GATCAAACGAGGAAC	STREME-6	Chr2_32446901_32447001	57	71	+	28.7105	9.51e-10	9.64e-06	GATCAAACGAGGAAC
6-GATCAAACGAGGAAC	STREME-6	Chr1_24528745_24528845	44	58	-	28.7105	9.51e-10	9.64e-06	GATCAAACGAGGAAC
6-GATCAAACGAGGAAC	STREME-6	Chr7_13320356_13320456	58	72	+	28.7105	9.51e-10	9.64e-06	GATCAAACGAGGAAC
6-GATCAAACGAGGAAC	STREME-6	Chr10_25928992_25929092	45	59	-	28.7105	9.51e-10	9.64e-06	GATCAAACGAGGAAC
6-GATCAAACGAGGAAC	STREME-6	Chr2_21583599_21583699	46	60	-	28.7105	9.51e-10	9.64e-06	GATCAAACGAGGAAC
6-GATCAAACGAGGAAC	STREME-6	Chr11_6951010_6951110	60	74	+	28.7105	9.51e-10	9.64e-06	GATCAAACGAGGAAC
6-GATCAAACGAGGAAC	STREME-6	Chr15_2201940_2202040	47	61	-	28.7105	9.51e-10	9.64e-06	GATCAAACGAGGAAC
6-GATCAAACGAGGAAC	STREME-6	Chr14_21382392_21382492	47	61	-	28.7105	9.51e-10	9.64e-06	GATCAAACGAGGAAC
6-GATCAAACGAGGAAC	STREME-6	Chr11_7024213_7024313	62	76	+	28.7105	9.51e-10	9.64e-06	GATCAAACGAGGAAC
6-GATCAAACGAGGAAC	STREME-6	Chr10_9018264_9018364	62	76	+	28.7105	9.51e-10	9.64e-06	GATCAAACGAGGAAC
6-GATCAAACGAGGAAC	STREME-6	Chr3_16357525_16357625	48	62	-	28.7105	9.51e-10	9.64e-06	GATCAAACGAGGAAC
6-GATCAAACGAGGAAC	STREME-6	Chr11_24012426_24012526	63	77	+	28.7105	9.51e-10	9.64e-06	GATCAAACGAGGAAC
6-GATCAAACGAGGAAC	STREME-6	Chr7_17415748_17415848	49	63	-	28.7105	9.51e-10	9.64e-06	GATCAAACGAGGAAC
6-GATCAAACGAGGAAC	STREME-6	Chr4_1130696_1130796	63	77	+	28.7105	9.51e-10	9.64e-06	GATCAAACGAGGAAC
6-GATCAAACGAGGAAC	STREME-6	Chr13_12603064_12603164	63	77	+	28.7105	9.51e-10	9.64e-06	GATCAAACGAGGAAC
6-GATCAAACGAGGAAC	STREME-6	Chr5_4886116_4886216	63	77	+	28.7105	9.51e-10	9.64e-06	GATCAAACGAGGAAC
6-GATCAAACGAGGAAC	STREME-6	Chr15_17575239_17575339	64	78	+	28.7105	9.51e-10	9.64e-06	GATCAAACGAGGAAC
6-GATCAAACGAGGAAC	STREME-6	Chr12_6230960_6231060	50	64	-	28.7105	9.51e-10	9.64e-06	GATCAAACGAGGAAC
6-GATCAAACGAGGAAC	STREME-6	Chr3_30565209_30565309	66	80	+	28.7105	9.51e-10	9.64e-06	GATCAAACGAGGAAC
6-GATCAAACGAGGAAC	STREME-6	Chr14_22271392_22271492	66	80	+	28.7105	9.51e-10	9.64e-06	GATCAAACGAGGAAC
6-GATCAAACGAGGAAC	STREME-6	Chr1_37953689_37953789	67	81	+	28.7105	9.51e-10	9.64e-06	GATCAAACGAGGAAC
6-GATCAAACGAGGAAC	STREME-6	Chr12_185401_185501	67	81	+	28.7105	9.51e-10	9.64e-06	GATCAAACGAGGAAC
6-GATCAAACGAGGAAC	STREME-6	Chr1_49441087_49441187	67	81	+	28.7105	9.51e-10	9.64e-06	GATCAAACGAGGAAC
6-GATCAAACGAGGAAC	STREME-6	Chr2_104705_104805	69	83	+	28.7105	9.51e-10	9.64e-06	GATCAAACGAGGAAC
6-GATCAAACGAGGAAC	STREME-6	Chr1_19383066_19383166	55	69	-	28.7105	9.51e-10	9.64e-06	GATCAAACGAGGAAC
6-GATCAAACGAGGAAC	STREME-6	Chr7_24951135_24951235	70	84	+	28.7105	9.51e-10	9.64e-06	GATCAAACGAGGAAC
6-GATCAAACGAGGAAC	STREME-6	Chr14_9219366_9219466	70	84	+	28.7105	9.51e-10	9.64e-06	GATCAAACGAGGAAC
6-GATCAAACGAGGAAC	STREME-6	Chr3_31960564_31960664	56	70	-	28.7105	9.51e-10	9.64e-06	GATCAAACGAGGAAC
6-GATCAAACGAGGAAC	STREME-6	Chr6_22477953_22478053	71	85	+	28.7105	9.51e-10	9.64e-06	GATCAAACGAGGAAC
6-GATCAAACGAGGAAC	STREME-6	Chr5_1452553_1452653	71	85	+	28.7105	9.51e-10	9.64e-06	GATCAAACGAGGAAC
6-GATCAAACGAGGAAC	STREME-6	Chr4_208895_208995	57	71	-	28.7105	9.51e-10	9.64e-06	GATCAAACGAGGAAC
6-GATCAAACGAGGAAC	STREME-6	Chr6_22934402_22934502	72	86	+	28.7105	9.51e-10	9.64e-06	GATCAAACGAGGAAC
6-GATCAAACGAGGAAC	STREME-6	Chr14_22260573_22260673	72	86	+	28.7105	9.51e-10	9.64e-06	GATCAAACGAGGAAC
6-GATCAAACGAGGAAC	STREME-6	Chr11_22195054_22195154	72	86	+	28.7105	9.51e-10	9.64e-06	GATCAAACGAGGAAC
6-GATCAAACGAGGAAC	STREME-6	Chr4_4910266_4910366	73	87	+	28.7105	9.51e-10	9.64e-06	GATCAAACGAGGAAC
6-GATCAAACGAGGAAC	STREME-6	Chr6_10546194_10546294	60	74	-	28.7105	9.51e-10	9.64e-06	GATCAAACGAGGAAC
6-GATCAAACGAGGAAC	STREME-6	Chr3_24088869_24088969	60	74	-	28.7105	9.51e-10	9.64e-06	GATCAAACGAGGAAC
6-GATCAAACGAGGAAC	STREME-6	Chr11_3640888_3640988	60	74	-	28.7105	9.51e-10	9.64e-06	GATCAAACGAGGAAC
6-GATCAAACGAGGAAC	STREME-6	Chr10_3150079_3150179	61	75	-	28.7105	9.51e-10	9.64e-06	GATCAAACGAGGAAC
6-GATCAAACGAGGAAC	STREME-6	Chr7_28473867_28473967	76	90	+	28.7105	9.51e-10	9.64e-06	GATCAAACGAGGAAC
6-GATCAAACGAGGAAC	STREME-6	Chr1_39922536_39922636	76	90	+	28.7105	9.51e-10	9.64e-06	GATCAAACGAGGAAC
6-GATCAAACGAGGAAC	STREME-6	Chr5_26415218_26415318	77	91	+	28.7105	9.51e-10	9.64e-06	GATCAAACGAGGAAC
6-GATCAAACGAGGAAC	STREME-6	Chr3_31834147_31834247	63	77	-	28.7105	9.51e-10	9.64e-06	GATCAAACGAGGAAC
6-GATCAAACGAGGAAC	STREME-6	Chr12_19455420_19455520	63	77	-	28.7105	9.51e-10	9.64e-06	GATCAAACGAGGAAC
6-GATCAAACGAGGAAC	STREME-6	Chr15_3250337_3250437	78	92	+	28.7105	9.51e-10	9.64e-06	GATCAAACGAGGAAC
6-GATCAAACGAGGAAC	STREME-6	Chr13_3735484_3735584	78	92	+	28.7105	9.51e-10	9.64e-06	GATCAAACGAGGAAC
6-GATCAAACGAGGAAC	STREME-6	Chr8_22045094_22045194	78	92	+	28.7105	9.51e-10	9.64e-06	GATCAAACGAGGAAC
6-GATCAAACGAGGAAC	STREME-6	Chr8_20774148_20774248	80	94	+	28.7105	9.51e-10	9.64e-06	GATCAAACGAGGAAC
6-GATCAAACGAGGAAC	STREME-6	Chr4_8357684_8357784	80	94	+	28.7105	9.51e-10	9.64e-06	GATCAAACGAGGAAC
6-GATCAAACGAGGAAC	STREME-6	Chr14_9230314_9230414	80	94	+	28.7105	9.51e-10	9.64e-06	GATCAAACGAGGAAC
6-GATCAAACGAGGAAC	STREME-6	Chr5_12201812_12201912	66	80	-	28.7105	9.51e-10	9.64e-06	GATCAAACGAGGAAC
6-GATCAAACGAGGAAC	STREME-6	Chr5_5537295_5537395	80	94	+	28.7105	9.51e-10	9.64e-06	GATCAAACGAGGAAC
6-GATCAAACGAGGAAC	STREME-6	Chr1_49705704_49705804	67	81	-	28.7105	9.51e-10	9.64e-06	GATCAAACGAGGAAC
6-GATCAAACGAGGAAC	STREME-6	Chr14_23284858_23284958	81	95	+	28.7105	9.51e-10	9.64e-06	GATCAAACGAGGAAC
6-GATCAAACGAGGAAC	STREME-6	Chr14_12127052_12127152	67	81	-	28.7105	9.51e-10	9.64e-06	GATCAAACGAGGAAC
6-GATCAAACGAGGAAC	STREME-6	Chr2_29639273_29639373	68	82	-	28.7105	9.51e-10	9.64e-06	GATCAAACGAGGAAC
6-GATCAAACGAGGAAC	STREME-6	Chr14_14069959_14070059	68	82	-	28.7105	9.51e-10	9.64e-06	GATCAAACGAGGAAC
6-GATCAAACGAGGAAC	STREME-6	Chr9_4108145_4108245	83	97	+	28.7105	9.51e-10	9.64e-06	GATCAAACGAGGAAC
6-GATCAAACGAGGAAC	STREME-6	Chr4_28855929_28856029	84	98	+	28.7105	9.51e-10	9.64e-06	GATCAAACGAGGAAC
6-GATCAAACGAGGAAC	STREME-6	Chr11_14911613_14911713	84	98	+	28.7105	9.51e-10	9.64e-06	GATCAAACGAGGAAC
6-GATCAAACGAGGAAC	STREME-6	Chr2_14491263_14491363	85	99	+	28.7105	9.51e-10	9.64e-06	GATCAAACGAGGAAC
6-GATCAAACGAGGAAC	STREME-6	Chr11_6939716_6939816	85	99	+	28.7105	9.51e-10	9.64e-06	GATCAAACGAGGAAC
6-GATCAAACGAGGAAC	STREME-6	Chr5_26404188_26404288	86	100	+	28.7105	9.51e-10	9.64e-06	GATCAAACGAGGAAC
6-GATCAAACGAGGAAC	STREME-6	Chr6_23599729_23599829	86	100	+	28.7105	9.51e-10	9.64e-06	GATCAAACGAGGAAC
6-GATCAAACGAGGAAC	STREME-6	Chr12_2113146_2113246	86	100	+	28.7105	9.51e-10	9.64e-06	GATCAAACGAGGAAC
6-GATCAAACGAGGAAC	STREME-6	Chr1_19016371_19016471	87	101	+	28.7105	9.51e-10	9.64e-06	GATCAAACGAGGAAC
6-GATCAAACGAGGAAC	STREME-6	Chr5_22287501_22287601	87	101	+	28.7105	9.51e-10	9.64e-06	GATCAAACGAGGAAC
6-GATCAAACGAGGAAC	STREME-6	Chr7_13331397_13331497	87	101	+	28.7105	9.51e-10	9.64e-06	GATCAAACGAGGAAC
6-GATCAAACGAGGAAC	STREME-6	Chr14_14344281_14344381	73	87	-	28.7105	9.51e-10	9.64e-06	GATCAAACGAGGAAC
6-GATCAAACGAGGAAC	STREME-6	Chr2_36096563_36096663	77	91	-	28.7105	9.51e-10	9.64e-06	GATCAAACGAGGAAC
6-GATCAAACGAGGAAC	STREME-6	Chr15_11273275_11273375	79	93	-	28.7105	9.51e-10	9.64e-06	GATCAAACGAGGAAC
6-GATCAAACGAGGAAC	STREME-6	Chr7_8355853_8355953	86	100	-	28.7105	9.51e-10	9.64e-06	GATCAAACGAGGAAC
6-GATCAAACGAGGAAC	STREME-6	Chr1_23465958_23466058	86	100	-	28.7105	9.51e-10	9.64e-06	GATCAAACGAGGAAC
6-GATCAAACGAGGAAC	STREME-6	Chr5_16885608_16885708	12	26	+	27	2.13e-09	1.66e-05	AATCAAACGAGGAAC
6-GATCAAACGAGGAAC	STREME-6	Chr15_16267369_16267469	2	16	-	27	2.13e-09	1.66e-05	AATCAAACGAGGAAC
6-GATCAAACGAGGAAC	STREME-6	Chr5_24852294_24852394	3	17	-	27	2.13e-09	1.66e-05	AATCAAACGAGGAAC
6-GATCAAACGAGGAAC	STREME-6	Chr15_18304989_18305089	5	19	-	27	2.13e-09	1.66e-05	AATCAAACGAGGAAC
6-GATCAAACGAGGAAC	STREME-6	Chr5_16664829_16664929	5	19	-	27	2.13e-09	1.66e-05	AATCAAACGAGGAAC
6-GATCAAACGAGGAAC	STREME-6	Chr12_16037040_16037140	20	34	+	27	2.13e-09	1.66e-05	AATCAAACGAGGAAC
6-GATCAAACGAGGAAC	STREME-6	Chr8_29403268_29403368	10	24	-	27	2.13e-09	1.66e-05	AATCAAACGAGGAAC
6-GATCAAACGAGGAAC	STREME-6	Chr15_5613174_5613274	10	24	-	27	2.13e-09	1.66e-05	AATCAAACGAGGAAC
6-GATCAAACGAGGAAC	STREME-6	Chr3_34067428_34067528	14	28	-	27	2.13e-09	1.66e-05	AATCAAACGAGGAAC
6-GATCAAACGAGGAAC	STREME-6	Chr8_10168203_10168303	15	29	-	27	2.13e-09	1.66e-05	AATCAAACGAGGAAC
6-GATCAAACGAGGAAC	STREME-6	Chr12_1061540_1061640	15	29	-	27	2.13e-09	1.66e-05	AATCAAACGAGGAAC
6-GATCAAACGAGGAAC	STREME-6	Chr7_565476_565576	31	45	+	27	2.13e-09	1.66e-05	AATCAAACGAGGAAC
6-GATCAAACGAGGAAC	STREME-6	Chr13_9172995_9173095	18	32	-	27	2.13e-09	1.66e-05	AATCAAACGAGGAAC
6-GATCAAACGAGGAAC	STREME-6	Chr6_1455452_1455552	19	33	-	27	2.13e-09	1.66e-05	AATCAAACGAGGAAC
6-GATCAAACGAGGAAC	STREME-6	Chr11_2729772_2729872	33	47	+	27	2.13e-09	1.66e-05	AATCAAACGAGGAAC
6-GATCAAACGAGGAAC	STREME-6	Chr9_26671806_26671906	20	34	-	27	2.13e-09	1.66e-05	AATCAAACGAGGAAC
6-GATCAAACGAGGAAC	STREME-6	Chr1_21532453_21532553	21	35	-	27	2.13e-09	1.66e-05	AATCAAACGAGGAAC
6-GATCAAACGAGGAAC	STREME-6	Chr6_26580301_26580401	21	35	-	27	2.13e-09	1.66e-05	AATCAAACGAGGAAC
6-GATCAAACGAGGAAC	STREME-6	Chr6_21358295_21358395	38	52	+	27	2.13e-09	1.66e-05	AATCAAACGAGGAAC
6-GATCAAACGAGGAAC	STREME-6	Chr8_29556744_29556844	26	40	-	27	2.13e-09	1.66e-05	AATCAAACGAGGAAC
6-GATCAAACGAGGAAC	STREME-6	Chr12_618206_618306	29	43	-	27	2.13e-09	1.66e-05	AATCAAACGAGGAAC
6-GATCAAACGAGGAAC	STREME-6	Chr3_33038793_33038893	44	58	+	27	2.13e-09	1.66e-05	AATCAAACGAGGAAC
6-GATCAAACGAGGAAC	STREME-6	Chr14_23590465_23590565	30	44	-	27	2.13e-09	1.66e-05	AATCAAACGAGGAAC
6-GATCAAACGAGGAAC	STREME-6	Chr6_23922604_23922704	30	44	-	27	2.13e-09	1.66e-05	AATCAAACGAGGAAC
6-GATCAAACGAGGAAC	STREME-6	Chr13_12042707_12042807	44	58	+	27	2.13e-09	1.66e-05	AATCAAACGAGGAAC
6-GATCAAACGAGGAAC	STREME-6	Chr11_11849098_11849198	53	67	+	27	2.13e-09	1.66e-05	AATCAAACGAGGAAC
6-GATCAAACGAGGAAC	STREME-6	Chr1_28130507_28130607	53	67	+	27	2.13e-09	1.66e-05	AATCAAACGAGGAAC
6-GATCAAACGAGGAAC	STREME-6	Chr7_6165895_6165995	41	55	-	27	2.13e-09	1.66e-05	AATCAAACGAGGAAC
6-GATCAAACGAGGAAC	STREME-6	Chr6_30212108_30212208	57	71	+	27	2.13e-09	1.66e-05	AATCAAACGAGGAAC
6-GATCAAACGAGGAAC	STREME-6	Chr5_20814439_20814539	58	72	+	27	2.13e-09	1.66e-05	AATCAAACGAGGAAC
6-GATCAAACGAGGAAC	STREME-6	Chr7_21972043_21972143	63	77	+	27	2.13e-09	1.66e-05	AATCAAACGAGGAAC
6-GATCAAACGAGGAAC	STREME-6	Chr7_15138284_15138384	49	63	-	27	2.13e-09	1.66e-05	AATCAAACGAGGAAC
6-GATCAAACGAGGAAC	STREME-6	Chr14_20900990_20901090	64	78	+	27	2.13e-09	1.66e-05	AATCAAACGAGGAAC
6-GATCAAACGAGGAAC	STREME-6	Chr5_24864042_24864142	50	64	-	27	2.13e-09	1.66e-05	AATCAAACGAGGAAC
6-GATCAAACGAGGAAC	STREME-6	Chr1_32172170_32172270	50	64	-	27	2.13e-09	1.66e-05	AATCAAACGAGGAAC
6-GATCAAACGAGGAAC	STREME-6	Chr12_14037345_14037445	50	64	-	27	2.13e-09	1.66e-05	AATCAAACGAGGAAC
6-GATCAAACGAGGAAC	STREME-6	Chr10_1798790_1798890	51	65	-	27	2.13e-09	1.66e-05	AATCAAACGAGGAAC
6-GATCAAACGAGGAAC	STREME-6	Chr1_26409484_26409584	51	65	-	27	2.13e-09	1.66e-05	AATCAAACGAGGAAC
6-GATCAAACGAGGAAC	STREME-6	Chr8_24908678_24908778	51	65	-	27	2.13e-09	1.66e-05	AATCAAACGAGGAAC
6-GATCAAACGAGGAAC	STREME-6	Chr1_22331733_22331833	65	79	+	27	2.13e-09	1.66e-05	AATCAAACGAGGAAC
6-GATCAAACGAGGAAC	STREME-6	Chr12_983923_984023	51	65	-	27	2.13e-09	1.66e-05	AATCAAACGAGGAAC
6-GATCAAACGAGGAAC	STREME-6	Chr15_16278743_16278843	52	66	-	27	2.13e-09	1.66e-05	AATCAAACGAGGAAC
6-GATCAAACGAGGAAC	STREME-6	Chr7_4139801_4139901	67	81	+	27	2.13e-09	1.66e-05	AATCAAACGAGGAAC
6-GATCAAACGAGGAAC	STREME-6	Chr15_7140858_7140958	54	68	-	27	2.13e-09	1.66e-05	AATCAAACGAGGAAC
6-GATCAAACGAGGAAC	STREME-6	Chr1_21543380_21543480	59	73	-	27	2.13e-09	1.66e-05	AATCAAACGAGGAAC
6-GATCAAACGAGGAAC	STREME-6	Chr6_23492998_23493098	73	87	+	27	2.13e-09	1.66e-05	AATCAAACGAGGAAC
6-GATCAAACGAGGAAC	STREME-6	Chr2_23057968_23058068	75	89	+	27	2.13e-09	1.66e-05	AATCAAACGAGGAAC
6-GATCAAACGAGGAAC	STREME-6	Chr7_17257342_17257442	77	91	+	27	2.13e-09	1.66e-05	AATCAAACGAGGAAC
6-GATCAAACGAGGAAC	STREME-6	Chr1_31753194_31753294	66	80	-	27	2.13e-09	1.66e-05	AATCAAACGAGGAAC
6-GATCAAACGAGGAAC	STREME-6	Chr5_16874587_16874687	82	96	+	27	2.13e-09	1.66e-05	AATCAAACGAGGAAC
6-GATCAAACGAGGAAC	STREME-6	Chr7_13952320_13952420	83	97	+	27	2.13e-09	1.66e-05	AATCAAACGAGGAAC
6-GATCAAACGAGGAAC	STREME-6	Chr6_22969670_22969770	70	84	-	27	2.13e-09	1.66e-05	AATCAAACGAGGAAC
6-GATCAAACGAGGAAC	STREME-6	Chr8_16510258_16510358	71	85	-	27	2.13e-09	1.66e-05	AATCAAACGAGGAAC
6-GATCAAACGAGGAAC	STREME-6	Chr6_16745495_16745595	85	99	+	27	2.13e-09	1.66e-05	AATCAAACGAGGAAC
6-GATCAAACGAGGAAC	STREME-6	Chr2_4650641_4650741	86	100	+	27	2.13e-09	1.66e-05	AATCAAACGAGGAAC
6-GATCAAACGAGGAAC	STREME-6	Chr1_33913664_33913764	84	98	-	27	2.13e-09	1.66e-05	AATCAAACGAGGAAC
6-GATCAAACGAGGAAC	STREME-6	Chr5_32514578_32514678	12	26	+	26.2763	3.31e-09	2.22e-05	GATCAAACGAAGAAC
6-GATCAAACGAGGAAC	STREME-6	Chr15_15365512_15365612	2	16	-	26.2763	3.31e-09	2.22e-05	GATCAAACGAAGAAC
6-GATCAAACGAGGAAC	STREME-6	Chr12_508758_508858	2	16	-	26.2763	3.31e-09	2.22e-05	GATCAAACGAAGAAC
6-GATCAAACGAGGAAC	STREME-6	Chr14_6533277_6533377	18	32	+	26.2763	3.31e-09	2.22e-05	GATCAAACGAAGAAC
6-GATCAAACGAGGAAC	STREME-6	Chr7_15043082_15043182	5	19	-	26.2763	3.31e-09	2.22e-05	GATCAAACGAAGAAC
6-GATCAAACGAGGAAC	STREME-6	Chr10_26089617_26089717	7	21	-	26.2763	3.31e-09	2.22e-05	GATCAAACGAAGAAC
6-GATCAAACGAGGAAC	STREME-6	Chr6_26272964_26273064	7	21	-	26.2763	3.31e-09	2.22e-05	GATCAAACGAAGAAC
6-GATCAAACGAGGAAC	STREME-6	Chr7_30743020_30743120	23	37	+	26.2763	3.31e-09	2.22e-05	GATCAAACGAAGAAC
6-GATCAAACGAGGAAC	STREME-6	Chr7_15964994_15965094	11	25	-	26.2763	3.31e-09	2.22e-05	GATCAAACGAAGAAC
6-GATCAAACGAGGAAC	STREME-6	Chr8_18605937_18606037	26	40	+	26.2763	3.31e-09	2.22e-05	GATCAAACGAAGAAC
6-GATCAAACGAGGAAC	STREME-6	Chr6_17999340_17999440	27	41	+	26.2763	3.31e-09	2.22e-05	GATCAAACGAAGAAC
6-GATCAAACGAGGAAC	STREME-6	Chr4_4681417_4681517	14	28	-	26.2763	3.31e-09	2.22e-05	GATCAAACGAAGAAC
6-GATCAAACGAGGAAC	STREME-6	Chr11_22080796_22080896	14	28	-	26.2763	3.31e-09	2.22e-05	GATCAAACGAAGAAC
6-GATCAAACGAGGAAC	STREME-6	Chr1_14538858_14538958	29	43	+	26.2763	3.31e-09	2.22e-05	GATCAAACGAAGAAC
6-GATCAAACGAGGAAC	STREME-6	Chr4_17726042_17726142	18	32	-	26.2763	3.31e-09	2.22e-05	GATCAAACGAAGAAC
6-GATCAAACGAGGAAC	STREME-6	Chr12_4184392_4184492	18	32	-	26.2763	3.31e-09	2.22e-05	GATCAAACGAAGAAC
6-GATCAAACGAGGAAC	STREME-6	Chr14_22795432_22795532	19	33	-	26.2763	3.31e-09	2.22e-05	GATCAAACGAAGAAC
6-GATCAAACGAGGAAC	STREME-6	Chr2_8075288_8075388	23	37	-	26.2763	3.31e-09	2.22e-05	GATCAAACGAAGAAC
6-GATCAAACGAGGAAC	STREME-6	Chr11_4993723_4993823	23	37	-	26.2763	3.31e-09	2.22e-05	GATCAAACGAAGAAC
6-GATCAAACGAGGAAC	STREME-6	Chr5_5211964_5212064	27	41	-	26.2763	3.31e-09	2.22e-05	GATCAAACGAAGAAC
6-GATCAAACGAGGAAC	STREME-6	Chr12_13413862_13413962	41	55	+	26.2763	3.31e-09	2.22e-05	GATCAAACGAAGAAC
6-GATCAAACGAGGAAC	STREME-6	Chr1_38540933_38541033	29	43	-	26.2763	3.31e-09	2.22e-05	GATCAAACGAAGAAC
6-GATCAAACGAGGAAC	STREME-6	Chr2_18575996_18576096	43	57	+	26.2763	3.31e-09	2.22e-05	GATCAAACGAAGAAC
6-GATCAAACGAGGAAC	STREME-6	Chr4_30653862_30653962	33	47	-	26.2763	3.31e-09	2.22e-05	GATCAAACGAAGAAC
6-GATCAAACGAGGAAC	STREME-6	Chr3_34887256_34887356	47	61	+	26.2763	3.31e-09	2.22e-05	GATCAAACGAAGAAC
6-GATCAAACGAGGAAC	STREME-6	Chr10_13290787_13290887	50	64	+	26.2763	3.31e-09	2.22e-05	GATCAAACGAAGAAC
6-GATCAAACGAGGAAC	STREME-6	Chr9_142391_142491	55	69	+	26.2763	3.31e-09	2.22e-05	GATCAAACGAAGAAC
6-GATCAAACGAGGAAC	STREME-6	Chr3_34898243_34898343	55	69	+	26.2763	3.31e-09	2.22e-05	GATCAAACGAAGAAC
6-GATCAAACGAGGAAC	STREME-6	Chr15_16786632_16786732	55	69	+	26.2763	3.31e-09	2.22e-05	GATCAAACGAAGAAC
6-GATCAAACGAGGAAC	STREME-6	Chr7_15976002_15976102	54	68	-	26.2763	3.31e-09	2.22e-05	GATCAAACGAAGAAC
6-GATCAAACGAGGAAC	STREME-6	Chr7_8015534_8015634	54	68	-	26.2763	3.31e-09	2.22e-05	GATCAAACGAAGAAC
6-GATCAAACGAGGAAC	STREME-6	Chr1_11566151_11566251	70	84	+	26.2763	3.31e-09	2.22e-05	GATCAAACGAAGAAC
6-GATCAAACGAGGAAC	STREME-6	Chr9_26496387_26496487	74	88	+	26.2763	3.31e-09	2.22e-05	GATCAAACGAAGAAC
6-GATCAAACGAGGAAC	STREME-6	Chr14_15692632_15692732	76	90	+	26.2763	3.31e-09	2.22e-05	GATCAAACGAAGAAC
6-GATCAAACGAGGAAC	STREME-6	Chr3_27926807_27926907	77	91	+	26.2763	3.31e-09	2.22e-05	GATCAAACGAAGAAC
6-GATCAAACGAGGAAC	STREME-6	Chr7_14597822_14597922	83	97	+	26.2763	3.31e-09	2.22e-05	GATCAAACGAAGAAC
6-GATCAAACGAGGAAC	STREME-6	Chr5_22562929_22563029	84	98	+	26.2763	3.31e-09	2.22e-05	GATCAAACGAAGAAC
6-GATCAAACGAGGAAC	STREME-6	Chr11_12213899_12213999	86	100	+	26.2763	3.31e-09	2.22e-05	GATCAAACGAAGAAC
6-GATCAAACGAGGAAC	STREME-6	Chr10_19592551_19592651	79	93	-	26.2763	3.31e-09	2.22e-05	GATCAAACGAAGAAC
6-GATCAAACGAGGAAC	STREME-6	Chr2_39748956_39749056	1	15	-	25.5132	4.08e-09	2.65e-05	GATCGAACGAGGAAC
6-GATCAAACGAGGAAC	STREME-6	Chr11_18703863_18703963	8	22	-	25.5132	4.08e-09	2.65e-05	GATCGAACGAGGAAC
6-GATCAAACGAGGAAC	STREME-6	Chr11_18693027_18693127	15	29	-	25.5132	4.08e-09	2.65e-05	GATCGAACGAGGAAC
6-GATCAAACGAGGAAC	STREME-6	Chr10_17097561_17097661	19	33	-	25.5132	4.08e-09	2.65e-05	GATCGAACGAGGAAC
6-GATCAAACGAGGAAC	STREME-6	Chr4_9738666_9738766	36	50	+	25.5132	4.08e-09	2.65e-05	GATCGAACGAGGAAC
6-GATCAAACGAGGAAC	STREME-6	Chr5_31161868_31161968	33	47	-	25.5132	4.08e-09	2.65e-05	GATCGAACGAGGAAC
6-GATCAAACGAGGAAC	STREME-6	Chr10_8811726_8811826	49	63	+	25.5132	4.08e-09	2.65e-05	GATCGAACGAGGAAC
6-GATCAAACGAGGAAC	STREME-6	Chr3_583029_583129	52	66	+	25.5132	4.08e-09	2.65e-05	GATCGAACGAGGAAC
6-GATCAAACGAGGAAC	STREME-6	Chr10_8189101_8189201	66	80	-	25.5132	4.08e-09	2.65e-05	GATCGAACGAGGAAC
6-GATCAAACGAGGAAC	STREME-6	Chr10_12751718_12751818	1	15	+	25.3816	5.25e-09	3.39e-05	GATCAAACAAGGAAC
6-GATCAAACGAGGAAC	STREME-6	Chr10_10972705_10972805	6	20	-	25.3816	5.25e-09	3.39e-05	GATCAAACAAGGAAC
6-GATCAAACGAGGAAC	STREME-6	Chr5_11044658_11044758	47	61	-	25.3816	5.25e-09	3.39e-05	GATCAAACAAGGAAC
6-GATCAAACGAGGAAC	STREME-6	Chr2_10831949_10832049	32	46	+	24.5658	6.71e-09	4.3e-05	AATCAAACGAAGAAC
6-GATCAAACGAGGAAC	STREME-6	Chr7_16984_17084	75	89	+	24.5658	6.71e-09	4.3e-05	AATCAAACGAAGAAC
6-GATCAAACGAGGAAC	STREME-6	Chr1_32792380_32792480	10	24	+	24	7.89e-09	4.82e-05	GATCAAACGAGAAAC
6-GATCAAACGAGGAAC	STREME-6	Chr13_10417080_10417180	4	18	-	24	7.89e-09	4.82e-05	GATCAAACGAGAAAC
6-GATCAAACGAGGAAC	STREME-6	Chr1_17753570_17753670	15	29	-	24	7.89e-09	4.82e-05	GATCAAACGAGAAAC
6-GATCAAACGAGGAAC	STREME-6	Chr5_24797137_24797237	30	44	+	24	7.89e-09	4.82e-05	GATCAAACGAGAAAC
6-GATCAAACGAGGAAC	STREME-6	Chr5_15334931_15335031	17	31	-	24	7.89e-09	4.82e-05	GATCAAACGAGAAAC
6-GATCAAACGAGGAAC	STREME-6	Chr1_19627311_19627411	19	33	-	24	7.89e-09	4.82e-05	GATCAAACGAGAAAC
6-GATCAAACGAGGAAC	STREME-6	Chr6_23476891_23476991	41	55	+	24	7.89e-09	4.82e-05	GATCAAACGAGAAAC
6-GATCAAACGAGGAAC	STREME-6	Chr10_2405467_2405567	33	47	-	24	7.89e-09	4.82e-05	GATCAAACGAGAAAC
6-GATCAAACGAGGAAC	STREME-6	Chr1_19638353_19638453	45	59	-	24	7.89e-09	4.82e-05	GATCAAACGAGAAAC
6-GATCAAACGAGGAAC	STREME-6	Chr4_32217811_32217911	64	78	+	24	7.89e-09	4.82e-05	GATCAAACGAGAAAC
6-GATCAAACGAGGAAC	STREME-6	Chr10_2416345_2416445	57	71	-	24	7.89e-09	4.82e-05	GATCAAACGAGAAAC
6-GATCAAACGAGGAAC	STREME-6	Chr6_8917363_8917463	72	86	+	24	7.89e-09	4.82e-05	GATCAAACGAGAAAC
6-GATCAAACGAGGAAC	STREME-6	Chr13_23814172_23814272	74	88	+	24	7.89e-09	4.82e-05	GATCAAACGAGAAAC
6-GATCAAACGAGGAAC	STREME-6	Chr9_22338557_22338657	62	76	-	24	7.89e-09	4.82e-05	GATCAAACGAGAAAC
6-GATCAAACGAGGAAC	STREME-6	Chr1_37699625_37699725	15	29	+	23.6711	1.03e-08	5.76e-05	AATCAAACAAGGAAC
6-GATCAAACGAGGAAC	STREME-6	Chr8_19859992_19860092	2	16	-	23.6711	1.03e-08	5.76e-05	AATCAAACAAGGAAC
6-GATCAAACGAGGAAC	STREME-6	Chr5_10940987_10941087	3	17	-	23.6711	1.03e-08	5.76e-05	AATCAAACAAGGAAC
6-GATCAAACGAGGAAC	STREME-6	Chr1_24735942_24736042	8	22	-	23.6711	1.03e-08	5.76e-05	AATCAAACAAGGAAC
6-GATCAAACGAGGAAC	STREME-6	Chr8_19275531_19275631	9	23	-	23.6711	1.03e-08	5.76e-05	AATCAAACAAGGAAC
6-GATCAAACGAGGAAC	STREME-6	Chr1_35983027_35983127	24	38	+	23.6711	1.03e-08	5.76e-05	AATCAAACAAGGAAC
6-GATCAAACGAGGAAC	STREME-6	Chr1_22776889_22776989	12	26	-	23.6711	1.03e-08	5.76e-05	AATCAAACAAGGAAC
6-GATCAAACGAGGAAC	STREME-6	Chr1_4347136_4347236	29	43	+	23.6711	1.03e-08	5.76e-05	AATCAAACAAGGAAC
6-GATCAAACGAGGAAC	STREME-6	Chr3_5599112_5599212	16	30	-	23.6711	1.03e-08	5.76e-05	AATCAAACAAGGAAC
6-GATCAAACGAGGAAC	STREME-6	Chr1_36814065_36814165	33	47	-	23.6711	1.03e-08	5.76e-05	AATCAAACAAGGAAC
6-GATCAAACGAGGAAC	STREME-6	Chr14_22624023_22624123	48	62	+	23.6711	1.03e-08	5.76e-05	AATCAAACAAGGAAC
6-GATCAAACGAGGAAC	STREME-6	Chr10_23051767_23051867	39	53	-	23.6711	1.03e-08	5.76e-05	AATCAAACAAGGAAC
6-GATCAAACGAGGAAC	STREME-6	Chr6_11278311_11278411	58	72	+	23.6711	1.03e-08	5.76e-05	AATCAAACAAGGAAC
6-GATCAAACGAGGAAC	STREME-6	Chr11_13314207_13314307	58	72	+	23.6711	1.03e-08	5.76e-05	AATCAAACAAGGAAC
6-GATCAAACGAGGAAC	STREME-6	Chr2_34478224_34478324	68	82	+	23.6711	1.03e-08	5.76e-05	AATCAAACAAGGAAC
6-GATCAAACGAGGAAC	STREME-6	Chr14_22732445_22732545	54	68	-	23.6711	1.03e-08	5.76e-05	AATCAAACAAGGAAC
6-GATCAAACGAGGAAC	STREME-6	Chr15_11458750_11458850	55	69	-	23.6711	1.03e-08	5.76e-05	AATCAAACAAGGAAC
6-GATCAAACGAGGAAC	STREME-6	Chr5_8593895_8593995	58	72	-	23.6711	1.03e-08	5.76e-05	AATCAAACAAGGAAC
6-GATCAAACGAGGAAC	STREME-6	Chr4_17361215_17361315	58	72	-	23.6711	1.03e-08	5.76e-05	AATCAAACAAGGAAC
6-GATCAAACGAGGAAC	STREME-6	Chr2_6957189_6957289	74	88	+	23.6711	1.03e-08	5.76e-05	AATCAAACAAGGAAC
6-GATCAAACGAGGAAC	STREME-6	Chr10_23024919_23025019	61	75	-	23.6711	1.03e-08	5.76e-05	AATCAAACAAGGAAC
6-GATCAAACGAGGAAC	STREME-6	Chr8_22506016_22506116	76	90	+	23.6711	1.03e-08	5.76e-05	AATCAAACAAGGAAC
6-GATCAAACGAGGAAC	STREME-6	Chr1_38937399_38937499	62	76	-	23.6711	1.03e-08	5.76e-05	AATCAAACAAGGAAC
6-GATCAAACGAGGAAC	STREME-6	Chr8_16542997_16543097	77	91	+	23.6711	1.03e-08	5.76e-05	AATCAAACAAGGAAC
6-GATCAAACGAGGAAC	STREME-6	Chr6_26125083_26125183	81	95	+	23.6711	1.03e-08	5.76e-05	AATCAAACAAGGAAC
6-GATCAAACGAGGAAC	STREME-6	Chr4_19570558_19570658	81	95	+	23.6711	1.03e-08	5.76e-05	AATCAAACAAGGAAC
6-GATCAAACGAGGAAC	STREME-6	Chr10_25666339_25666439	82	96	+	23.6711	1.03e-08	5.76e-05	AATCAAACAAGGAAC
6-GATCAAACGAGGAAC	STREME-6	Chr4_19764972_19765072	68	82	-	23.6711	1.03e-08	5.76e-05	AATCAAACAAGGAAC
6-GATCAAACGAGGAAC	STREME-6	Chr1_35994489_35994589	83	97	+	23.6711	1.03e-08	5.76e-05	AATCAAACAAGGAAC
6-GATCAAACGAGGAAC	STREME-6	Chr1_15052784_15052884	5	19	+	23.0789	1.13e-08	5.92e-05	GATCGAACGAAGAAC
6-GATCAAACGAGGAAC	STREME-6	Chr7_11114386_11114486	7	21	-	23.0789	1.13e-08	5.92e-05	GATCGAACGAAGAAC
6-GATCAAACGAGGAAC	STREME-6	Chr4_7437195_7437295	8	22	-	23.0789	1.13e-08	5.92e-05	GATCGAACGAAGAAC
6-GATCAAACGAGGAAC	STREME-6	Chr2_7815365_7815465	25	39	+	23.0789	1.13e-08	5.92e-05	GATCGAACGAAGAAC
6-GATCAAACGAGGAAC	STREME-6	Chr3_31203029_31203129	11	25	-	23.0789	1.13e-08	5.92e-05	GATCGAACGAAGAAC
6-GATCAAACGAGGAAC	STREME-6	Chr13_281439_281539	17	31	-	23.0789	1.13e-08	5.92e-05	GATCGAACGAAGAAC
6-GATCAAACGAGGAAC	STREME-6	Chr2_7803695_7803795	32	46	+	23.0789	1.13e-08	5.92e-05	GATCGAACGAAGAAC
6-GATCAAACGAGGAAC	STREME-6	Chr8_16756328_16756428	26	40	-	23.0789	1.13e-08	5.92e-05	GATCGAACGAAGAAC
6-GATCAAACGAGGAAC	STREME-6	Chr12_20423110_20423210	30	44	-	23.0789	1.13e-08	5.92e-05	GATCGAACGAAGAAC
6-GATCAAACGAGGAAC	STREME-6	Chr7_26327184_26327284	30	44	-	23.0789	1.13e-08	5.92e-05	GATCGAACGAAGAAC
6-GATCAAACGAGGAAC	STREME-6	Chr4_5888119_5888219	41	55	-	23.0789	1.13e-08	5.92e-05	GATCGAACGAAGAAC
6-GATCAAACGAGGAAC	STREME-6	Chr13_10585371_10585471	58	72	+	23.0789	1.13e-08	5.92e-05	GATCGAACGAAGAAC
6-GATCAAACGAGGAAC	STREME-6	Chr7_11125546_11125646	46	60	-	23.0789	1.13e-08	5.92e-05	GATCGAACGAAGAAC
6-GATCAAACGAGGAAC	STREME-6	Chr10_16593419_16593519	47	61	-	23.0789	1.13e-08	5.92e-05	GATCGAACGAAGAAC
6-GATCAAACGAGGAAC	STREME-6	Chr1_12453081_12453181	73	87	+	23.0789	1.13e-08	5.92e-05	GATCGAACGAAGAAC
6-GATCAAACGAGGAAC	STREME-6	Chr1_26420816_26420916	60	74	-	23.0789	1.13e-08	5.92e-05	GATCGAACGAAGAAC
6-GATCAAACGAGGAAC	STREME-6	Chr7_26338380_26338480	61	75	-	23.0789	1.13e-08	5.92e-05	GATCGAACGAAGAAC
6-GATCAAACGAGGAAC	STREME-6	Chr5_12846245_12846345	76	90	+	23.0789	1.13e-08	5.92e-05	GATCGAACGAAGAAC
6-GATCAAACGAGGAAC	STREME-6	Chr5_12857263_12857363	85	99	+	23.0789	1.13e-08	5.92e-05	GATCGAACGAAGAAC
6-GATCAAACGAGGAAC	STREME-6	Chr8_18923708_18923808	85	99	+	23.0789	1.13e-08	5.92e-05	GATCGAACGAAGAAC
6-GATCAAACGAGGAAC	STREME-6	Chr13_10596181_10596281	86	100	+	23.0789	1.13e-08	5.92e-05	GATCGAACGAAGAAC
6-GATCAAACGAGGAAC	STREME-6	Chr12_4107828_4107928	12	26	-	22.8947	1.35e-08	7.04e-05	GACCAAACGAGGAAC
6-GATCAAACGAGGAAC	STREME-6	Chr2_36972656_36972756	46	60	-	22.8947	1.35e-08	7.04e-05	GACCAAACGAGGAAC
6-GATCAAACGAGGAAC	STREME-6	Chr12_4118513_4118613	58	72	-	22.8947	1.35e-08	7.04e-05	GACCAAACGAGGAAC
6-GATCAAACGAGGAAC	STREME-6	Chr12_3887719_3887819	17	31	+	22.5789	1.42e-08	7.4e-05	GATCAAACGAGGGAC
6-GATCAAACGAGGAAC	STREME-6	Chr13_13061230_13061330	64	78	-	22.5789	1.42e-08	7.4e-05	GATCAAACGAGGGAC
6-GATCAAACGAGGAAC	STREME-6	Chr1_15732652_15732752	53	67	+	22.5658	1.58e-08	8.15e-05	GATCAAACGAGGAGC
6-GATCAAACGAGGAAC	STREME-6	Chr1_15743439_15743539	86	100	+	22.5658	1.58e-08	8.15e-05	GATCAAACGAGGAGC
6-GATCAAACGAGGAAC	STREME-6	Chr14_9951053_9951153	43	57	-	22.2895	1.84e-08	9.46e-05	AATCAAACGAGAAAC
6-GATCAAACGAGGAAC	STREME-6	Chr6_8645818_8645918	47	61	-	22.2895	1.84e-08	9.46e-05	AATCAAACGAGAAAC
6-GATCAAACGAGGAAC	STREME-6	Chr15_6397872_6397972	4	18	+	21.2368	2.38e-08	0.000121	AATCAAACAAAGAAC
6-GATCAAACGAGGAAC	STREME-6	Chr1_32370159_32370259	1	15	-	21.2368	2.38e-08	0.000121	AATCAAACAAAGAAC
6-GATCAAACGAGGAAC	STREME-6	Chr1_17086739_17086839	35	49	-	21.2368	2.38e-08	0.000121	AATCAAACAAAGAAC
6-GATCAAACGAGGAAC	STREME-6	Chr12_22800518_22800618	75	89	+	20.9868	2.59e-08	0.000131	GATCAAATGAGGAAC
6-GATCAAACGAGGAAC	STREME-6	Chr7_28521702_28521802	78	92	+	20.9868	2.59e-08	0.000131	GATCAAATGAGGAAC
6-GATCAAACGAGGAAC	STREME-6	Chr14_6710725_6710825	38	52	-	20.8684	2.69e-08	0.000136	AATCAAACGAGGGAC
6-GATCAAACGAGGAAC	STREME-6	Chr6_15117773_15117873	50	64	+	20.6316	3.2e-08	0.000161	GATCAAACGAGGCAC
6-GATCAAACGAGGAAC	STREME-6	Chr8_24389203_24389303	5	19	-	20.5789	3.5e-08	0.000175	AATCAAACGAGGAAT
6-GATCAAACGAGGAAC	STREME-6	Chr12_19644481_19644581	19	33	-	20.5789	3.5e-08	0.000175	AATCAAACGAGGAAT
6-GATCAAACGAGGAAC	STREME-6	Chr6_26151040_26151140	69	83	+	20.5789	3.5e-08	0.000175	AATCAAACGAGGAAT
6-GATCAAACGAGGAAC	STREME-6	Chr3_31935971_31936071	76	90	+	20.4737	3.73e-08	0.000186	AATCGAACAAGGAAC
6-GATCAAACGAGGAAC	STREME-6	Chr3_36187764_36187864	73	87	+	20.1842	4.14e-08	0.000206	GATCAAACTAGGAAC
6-GATCAAACGAGGAAC	STREME-6	Chr6_8164485_8164585	2	16	-	20.1316	4.42e-08	0.000217	GATCAAACGAAGAGC
6-GATCAAACGAGGAAC	STREME-6	Chr7_3700934_3701034	34	48	+	20.1316	4.42e-08	0.000217	GATCAAACGAAGAGC
6-GATCAAACGAGGAAC	STREME-6	Chr12_646176_646276	46	60	+	20.1316	4.42e-08	0.000217	GATCAAACGAAGAGC
6-GATCAAACGAGGAAC	STREME-6	Chr3_22299062_22299162	40	54	-	20.1316	4.42e-08	0.000217	GATCAAACGGAGAAC
6-GATCAAACGAGGAAC	STREME-6	Chr7_6437715_6437815	47	61	-	20.1316	4.42e-08	0.000217	GATCAAACGAAGAGC
6-GATCAAACGAGGAAC	STREME-6	Chr15_22817439_22817539	64	78	+	20.0132	4.66e-08	0.000228	GATTAAACGAGGAAC
6-GATCAAACGAGGAAC	STREME-6	Chr2_14841017_14841117	62	76	+	19.2763	5.59e-08	0.000273	AATCAAATGAGGAAC
6-GATCAAACGAGGAAC	STREME-6	Chr5_613442_613542	77	91	+	18.9079	6.61e-08	0.000322	AATCAAGCGAGGAAC
6-GATCAAACGAGGAAC	STREME-6	Chr4_1538272_1538372	10	24	+	18.6184	6.94e-08	0.000337	AATCAATCGAGGAAC
6-GATCAAACGAGGAAC	STREME-6	Chr11_23920690_23920790	66	80	-	18.1711	8.67e-08	0.00042	GATCAGACGAAGAAC
6-GATCAAACGAGGAAC	STREME-6	Chr5_18263871_18263971	71	85	+	17.8816	9.46e-08	0.000457	GATCAAAGGAAGAAC
6-GATCAAACGAGGAAC	STREME-6	Chr10_14873168_14873268	67	81	+	17.5395	1.1e-07	0.000531	AATCAAACAAGGGAC
6-GATCAAACGAGGAAC	STREME-6	Chr10_26490095_26490195	70	84	+	17.5395	1.1e-07	0.000531	AATCAAACAAGGGAC
6-GATCAAACGAGGAAC	STREME-6	Chr5_18076621_18076721	24	38	-	17.25	1.23e-07	0.00059	AATCAAACAAGGAAT
6-GATCAAACGAGGAAC	STREME-6	Chr1_9496908_9497008	82	96	+	17.25	1.23e-07	0.00059	AATCAAACAAGGAAT
6-GATCAAACGAGGAAC	STREME-6	Chr10_26505990_26506090	12	26	-	16.9342	1.33e-07	0.00063	GATCGAACGGAGAAC
6-GATCAAACGAGGAAC	STREME-6	Chr2_28718513_28718613	49	63	+	16.9342	1.33e-07	0.00063	GATCGAACGGAGAAC
6-GATCAAACGAGGAAC	STREME-6	Chr5_31564206_31564306	76	90	+	16.9342	1.33e-07	0.00063	GATCGAACGGAGAAC
6-GATCAAACGAGGAAC	STREME-6	Chr15_17805719_17805819	79	93	+	16.9342	1.33e-07	0.00063	GATCGAACGGAGAAC
6-GATCAAACGAGGAAC	STREME-6	Chr2_36214571_36214671	29	43	+	16.1579	1.82e-07	0.000862	AATCAAACGAGAGAC
6-GATCAAACGAGGAAC	STREME-6	Chr13_22799521_22799621	17	31	+	15.4211	2.31e-07	0.00109	AACCAAACAAAGAAC
6-GATCAAACGAGGAAC	STREME-6	Chr5_16790156_16790256	78	92	+	15	2.61e-07	0.00123	AATCAAACAAGGAAA
6-GATCAAACGAGGAAC	STREME-6	Chr13_8162885_8162985	49	63	+	14.6579	2.93e-07	0.00137	TACCAAACGAGGAAC
6-GATCAAACGAGGAAC	STREME-6	Chr9_1362453_1362553	61	75	-	14.2763	3.52e-07	0.00165	AATCAAAAGAGGAAC
6-GATCAAACGAGGAAC	STREME-6	Chr2_27274817_27274917	14	28	-	12.9737	5.16e-07	0.00241	AATCGAAGGAAGAAC
6-GATCAAACGAGGAAC	STREME-6	Chr6_8453314_8453414	8	22	+	12.5395	6.08e-07	0.00283	AATCAAACAAGAAAT
6-GATCAAACGAGGAAC	STREME-6	Chr10_26004885_26004985	6	20	-	11.3553	8.96e-07	0.00416	AATCCAACAAGGAAC
6-GATCAAACGAGGAAC	STREME-6	Chr13_977651_977751	19	33	-	11.25	9.28e-07	0.0043	AATCAAACATGGAAC
6-GATCAAACGAGGAAC	STREME-6	Chr1_10485853_10485953	76	90	-	11.2368	9.41e-07	0.00435	AATCAAATAAGAAAC
6-GATCAAACGAGGAAC	STREME-6	Chr1_29165963_29166063	35	49	-	10.6447	1.08e-06	0.00497	AACCAGACGAAGAAC
6-GATCAAACGAGGAAC	STREME-6	Chr6_15167742_15167842	24	38	-	10.5789	1.09e-06	0.00503	AATTAAATGAGGAAC
6-GATCAAACGAGGAAC	STREME-6	Chr5_2741399_2741499	9	23	-	10.5132	1.13e-06	0.00521	GATCACACAAAGAAC
6-GATCAAACGAGGAAC	STREME-6	Chr7_9824106_9824206	54	68	-	9	1.74e-06	0.00795	AACCAAACAAAGAAT
6-GATCAAACGAGGAAC	STREME-6	Chr4_4977856_4977956	34	48	-	7.89474	2.5e-06	0.0114	GATCAATTGAGAAAC
6-GATCAAACGAGGAAC	STREME-6	Chr8_9308492_9308592	74	88	+	7.30263	2.97e-06	0.0135	GATGAAACGAGGAAA
6-GATCAAACGAGGAAC	STREME-6	Chr14_1471882_1471982	50	64	+	6.47368	3.67e-06	0.0167	GATCAAAGAAAGCAC
6-GATCAAACGAGGAAC	STREME-6	Chr2_27425171_27425271	32	46	-	5.88158	4.31e-06	0.0196	AATAAATCGAGGAAC
6-GATCAAACGAGGAAC	STREME-6	Chr7_366431_366531	66	80	+	5.44737	4.9e-06	0.0221	GAGCAAACGAGAAGC
6-GATCAAACGAGGAAC	STREME-6	Chr4_371660_371760	12	26	-	5.43421	4.92e-06	0.0222	GATCAACCGAGAAGC
6-GATCAAACGAGGAAC	STREME-6	Chr13_6560659_6560759	74	88	+	5.25	5.14e-06	0.0231	AACAGAACGAGGAAC
6-GATCAAACGAGGAAC	STREME-6	Chr9_969005_969105	56	70	+	4.98684	5.55e-06	0.0249	GATCGCGCGAGGAAC
6-GATCAAACGAGGAAC	STREME-6	Chr6_29580292_29580392	38	52	+	4.5	6.24e-06	0.0276	GATCGCACGGAGAAC
6-GATCAAACGAGGAAC	STREME-6	Chr2_31636998_31637098	41	55	+	4.5	6.24e-06	0.0276	GATCGCACGGAGAAC
6-GATCAAACGAGGAAC	STREME-6	Chr4_7733312_7733412	61	75	-	4.5	6.24e-06	0.0276	GATCGCACGGAGAAC
6-GATCAAACGAGGAAC	STREME-6	Chr6_29569367_29569467	81	95	+	4.5	6.24e-06	0.0276	GATCGCACGGAGAAC
6-GATCAAACGAGGAAC	STREME-6	Chr3_10983250_10983350	67	81	-	4.5	6.24e-06	0.0276	GATCGCACGGAGAAC
6-GATCAAACGAGGAAC	STREME-6	Chr2_31649480_31649580	84	98	+	4.5	6.24e-06	0.0276	GATCGCACGGAGAAC
6-GATCAAACGAGGAAC	STREME-6	Chr2_36735079_36735179	83	97	-	4.34211	6.5e-06	0.0287	GATTAAACTAAAAAC
6-GATCAAACGAGGAAC	STREME-6	Chr2_24874267_24874367	8	22	-	3.77632	7.58e-06	0.0334	AAGCAATCGAAGAAC
6-GATCAAACGAGGAAC	STREME-6	Chr4_14023888_14023988	70	84	+	3.64474	7.91e-06	0.0348	AATTAAACTAGGGAC
6-GATCAAACGAGGAAC	STREME-6	Chr14_15162213_15162313	1	15	+	3.52632	8.22e-06	0.0361	TACTAAACGAAGAAC
6-GATCAAACGAGGAAC	STREME-6	Chr8_30101122_30101222	42	56	+	3.46053	8.38e-06	0.0367	ACTCAAACGAAGAAA
6-GATCAAACGAGGAAC	STREME-6	Chr3_19997924_19998024	66	80	-	3.42105	8.49e-06	0.0371	AATCAAAAGAGAAGC
6-GATCAAACGAGGAAC	STREME-6	Chr6_10886838_10886938	5	19	-	3.03947	9.24e-06	0.0402	AACCAAACAAGGAGA
6-GATCAAACGAGGAAC	STREME-6	Chr5_15694744_15694844	29	43	+	3.03947	9.24e-06	0.0402	AACCAAACAAGGAGA
6-GATCAAACGAGGAAC	STREME-6	Chr4_10798750_10798850	56	70	+	2.68421	1e-05	0.0435	AACAAAACAAAGAAC
6-GATCAAACGAGGAAC	STREME-6	Chr1_40889697_40889797	17	31	+	2.60526	1.02e-05	0.0441	AACCACACGAGGAGC
6-GATCAAACGAGGAAC	STREME-6	Chr10_19643812_19643912	60	74	-	2.60526	1.02e-05	0.0441	GATCAAAAGAGAAAA
6-GATCAAACGAGGAAC	STREME-6	Chr9_16918155_16918255	21	35	+	2.56579	1.03e-05	0.0445	GATCAAGCAGAGAGC
6-GATCAAACGAGGAAC	STREME-6	Chr8_8546915_8547015	1	15	+	2.23684	1.12e-05	0.0481	TATCAAATGAAGCAC
6-GATCAAACGAGGAAC	STREME-6	Chr4_3909498_3909598	50	64	+	2.14474	1.15e-05	0.0492	GAACAAAGAAAGAAC
6-GATCAAACGAGGAAC	STREME-6	Chr12_19720951_19721051	59	73	-	2.14474	1.15e-05	0.0492	GAACAAAGAAAGAAC
6-GATCAAACGAGGAAC	STREME-6	Chr9_26828874_26828974	73	87	-	1.88158	1.24e-05	0.0531	AATCAAACGACCAAC
6-GATCAAACGAGGAAC	STREME-6	Chr3_10478246_10478346	70	84	+	1.81579	1.27e-05	0.0542	GATTAAATAAAAAAC
6-GATCAAACGAGGAAC	STREME-6	Chr6_10568066_10568166	14	28	+	1.30263	1.45e-05	0.0609	GATCGAAGGAAAAAA
6-GATCAAACGAGGAAC	STREME-6	Chr5_21397714_21397814	12	26	-	1.30263	1.45e-05	0.0609	GATCGAAGGAAAAAA
6-GATCAAACGAGGAAC	STREME-6	Chr6_9108811_9108911	27	41	+	1.30263	1.45e-05	0.0609	GATCGAAGGAAAAAA
6-GATCAAACGAGGAAC	STREME-6	Chr3_22720375_22720475	64	78	-	1.30263	1.45e-05	0.0609	GATCGAAGGAAAAAA
6-GATCAAACGAGGAAC	STREME-6	Chr10_7043311_7043411	77	91	-	1.30263	1.45e-05	0.0609	GATCGAAGGAAAAAA
6-GATCAAACGAGGAAC	STREME-6	Chr2_7584369_7584469	81	95	-	1.30263	1.45e-05	0.0609	GATCGAAGGAAAAAA
6-GATCAAACGAGGAAC	STREME-6	Chr2_14122241_14122341	20	34	-	0.894737	1.58e-05	0.0664	AACCAGACAAAGAAT
6-GATCAAACGAGGAAC	STREME-6	Chr2_10688616_10688716	22	36	+	0.828947	1.6e-05	0.0671	GATTAAACGAAGCAA
6-GATCAAACGAGGAAC	STREME-6	Chr7_23058910_23059010	1	15	+	0.697368	1.65e-05	0.0689	CAACAAACAAGGAAC
6-GATCAAACGAGGAAC	STREME-6	Chr8_28821063_28821163	32	46	+	0.605263	1.69e-05	0.0701	AACCAAACAAAGAGA
6-GATCAAACGAGGAAC	STREME-6	Chr12_11373389_11373489	33	47	-	0.605263	1.69e-05	0.0701	AACCAAACAGAGAAA
6-GATCAAACGAGGAAC	STREME-6	Chr6_6217599_6217699	44	58	-	0.539474	1.71e-05	0.0709	AATCCATCAAAGAAC
6-GATCAAACGAGGAAC	STREME-6	Chr1_45637429_45637529	46	60	-	0.5	1.73e-05	0.0717	TACCAAAGAAAGAAC
6-GATCAAACGAGGAAC	STREME-6	Chr15_21564923_21565023	15	29	-	0.460526	1.75e-05	0.0722	AATCAAAGAAGGAGA
6-GATCAAACGAGGAAC	STREME-6	Chr6_11898715_11898815	1	15	-	0.447368	1.75e-05	0.0723	AATCAAATGAGGTAT
6-GATCAAACGAGGAAC	STREME-6	Chr6_20390022_20390122	12	26	+	0.434211	1.76e-05	0.0724	AATCAATCAAAGATC
6-GATCAAACGAGGAAC	STREME-6	Chr14_9680618_9680718	16	30	-	0.407895	1.78e-05	0.0726	AAGCAAACAAGAAGC
6-GATCAAACGAGGAAC	STREME-6	Chr1_43730425_43730525	32	46	-	0.407895	1.78e-05	0.0726	AATAAAGCAAAGAAC
6-GATCAAACGAGGAAC	STREME-6	Chr1_5081149_5081249	65	79	-	0.407895	1.78e-05	0.0726	AATCGAAGCAAGAAC
6-GATCAAACGAGGAAC	STREME-6	Chr12_16722041_16722141	54	68	+	0.236842	1.86e-05	0.0757	GATCAAATGAGTCAC
6-GATCAAACGAGGAAC	STREME-6	Chr4_1655039_1655139	69	83	-	0.223684	1.86e-05	0.0758	AATCGAAAGAGAAGC
6-GATCAAACGAGGAAC	STREME-6	Chr1_31183948_31184048	66	80	-	0.157895	1.89e-05	0.0767	GATCGGAGGAAGAAT
6-GATCAAACGAGGAAC	STREME-6	Chr2_35571596_35571696	32	46	+	0.144737	1.9e-05	0.0767	AATCAAACACAGAAA
6-GATCAAACGAGGAAC	STREME-6	Chr5_8253264_8253364	56	70	-	0.144737	1.9e-05	0.0767	AATCAAACAAAGACA
6-GATCAAACGAGGAAC	STREME-6	Chr4_2293480_2293580	62	76	-	0.131579	1.91e-05	0.0767	AACCGATCAAGGAGC
6-GATCAAACGAGGAAC	STREME-6	Chr10_7425980_7426080	70	84	-	0.131579	1.91e-05	0.0767	AATCAAATAAAAAAA
6-GATCAAACGAGGAAC	STREME-6	Chr10_15008416_15008516	52	66	-	0.0131579	1.97e-05	0.0791	AATCTAACTAGGAGC
6-GATCAAACGAGGAAC	STREME-6	Chr14_8844527_8844627	21	35	+	-0.184211	2.06e-05	0.0826	AATCCAATGAAAAAC
6-GATCAAACGAGGAAC	STREME-6	Chr10_13643287_13643387	37	51	-	-0.302632	2.13e-05	0.0853	AATCACATGAAAAAC
6-GATCAAACGAGGAAC	STREME-6	Chr1_8191489_8191589	31	45	-	-0.434211	2.21e-05	0.0881	AATCAAATCAAAAAC
6-GATCAAACGAGGAAC	STREME-6	Chr1_18360643_18360743	76	90	+	-0.565789	2.28e-05	0.0909	AAGCAAAAGAAGAAC
6-GATCAAACGAGGAAC	STREME-6	Chr11_510981_511081	86	100	+	-0.592105	2.3e-05	0.0913	AATAAAACGAAGATC
6-GATCAAACGAGGAAC	STREME-6	Chr15_11201502_11201602	28	42	-	-0.605263	2.31e-05	0.0914	AATCAGGCAAGGCAC
6-GATCAAACGAGGAAC	STREME-6	Chr2_35925396_35925496	53	67	+	-0.618421	2.31e-05	0.0914	AATCAAGGGAGAAAT
6-GATCAAACGAGGAAC	STREME-6	Chr1_20381481_20381581	85	99	+	-0.618421	2.31e-05	0.0914	AATCGAACACGGAAA
6-GATCAAACGAGGAAC	STREME-6	Chr12_16176737_16176837	43	57	-	-0.723684	2.38e-05	0.0938	AACCAAACTAGAAAA
6-GATCAAACGAGGAAC	STREME-6	Chr3_29050901_29051001	33	47	+	-0.802632	2.42e-05	0.0953	GATGAGACGAGGAAA
6-GATCAAACGAGGAAC	STREME-6	Chr1_40575102_40575202	15	29	+	-0.815789	2.43e-05	0.0955	GATCAATCCAAGAGC
6-GATCAAACGAGGAAC	STREME-6	Chr15_9075803_9075903	60	74	+	-0.881579	2.47e-05	0.0966	GATCCAACGGGAAAT
6-GATCAAACGAGGAAC	STREME-6	Chr5_26272380_26272480	47	61	+	-0.907895	2.48e-05	0.0969	GATCAAACTTGGAAA
6-GATCAAACGAGGAAC	STREME-6	Chr1_20185393_20185493	16	30	+	-1.05263	2.57e-05	0.1	AATCGAACAAACAAT
6-GATCAAACGAGGAAC	STREME-6	Chr12_12405523_12405623	48	62	-	-1.09211	2.6e-05	0.101	AATCAAACTAAAACC
6-GATCAAACGAGGAAC	STREME-6	Chr3_30733571_30733671	14	28	-	-1.13158	2.62e-05	0.102	GAACAAAAGAGAAAC
6-GATCAAACGAGGAAC	STREME-6	Chr3_32650872_32650972	58	72	-	-1.23684	2.69e-05	0.104	AATCAAGTGTGGAAC
6-GATCAAACGAGGAAC	STREME-6	Chr12_14657972_14658072	21	35	-	-1.28947	2.72e-05	0.105	AATCAATTAAAGAAT
6-GATCAAACGAGGAAC	STREME-6	Chr6_22046397_22046497	2	16	-	-1.31579	2.74e-05	0.105	GACCAGTTGAGGAAC
6-GATCAAACGAGGAAC	STREME-6	Chr6_24118840_24118940	35	49	+	-1.31579	2.74e-05	0.105	AATCAAATAAGAGAT
6-GATCAAACGAGGAAC	STREME-6	Chr6_1976948_1977048	39	53	+	-1.31579	2.74e-05	0.105	GACCAGTTGAGGAAC
6-GATCAAACGAGGAAC	STREME-6	Chr3_20593029_20593129	51	65	-	-1.31579	2.74e-05	0.105	GACCAGTTGAGGAAC
6-GATCAAACGAGGAAC	STREME-6	Chr7_3241259_3241359	10	24	+	-1.35526	2.76e-05	0.106	AACCAAACAAGACAT
6-GATCAAACGAGGAAC	STREME-6	Chr1_22927252_22927352	4	18	+	-1.40789	2.79e-05	0.106	AAACAAACAAGTAAC
6-GATCAAACGAGGAAC	STREME-6	Chr4_32433711_32433811	13	27	+	-1.40789	2.79e-05	0.106	AATTAAACCAAAAAC
6-GATCAAACGAGGAAC	STREME-6	Chr5_30846862_30846962	13	27	+	-1.57895	2.9e-05	0.11	AACCAAACAGAAAGC
6-GATCAAACGAGGAAC	STREME-6	Chr10_26911550_26911650	17	31	+	-1.67105	2.94e-05	0.111	AACCAAACAAGAAGA
6-GATCAAACGAGGAAC	STREME-6	Chr10_26857308_26857408	36	50	-	-1.67105	2.94e-05	0.111	AACCAAACAAGAAGA
6-GATCAAACGAGGAAC	STREME-6	Chr2_18668946_18669046	63	77	+	-1.67105	2.94e-05	0.111	AACCAAACAAGAAGA
6-GATCAAACGAGGAAC	STREME-6	Chr13_5525237_5525337	76	90	+	-1.67105	2.94e-05	0.111	AACCAAACAAGAAGA
6-GATCAAACGAGGAAC	STREME-6	Chr3_4536791_4536891	11	25	+	-1.68421	2.95e-05	0.111	TATCAAATAAAGAAA
6-GATCAAACGAGGAAC	STREME-6	Chr6_26456749_26456849	71	85	-	-1.71053	2.96e-05	0.111	AACCAAACACAAAAC
6-GATCAAACGAGGAAC	STREME-6	Chr4_7072194_7072294	64	78	-	-1.72368	2.97e-05	0.112	GATTGATTGAAGAAC
6-GATCAAACGAGGAAC	STREME-6	Chr7_17771912_17772012	25	39	-	-1.73684	2.99e-05	0.112	CAGCAAACAAAGAAC
6-GATCAAACGAGGAAC	STREME-6	Chr9_5402676_5402776	77	91	-	-1.80263	3.03e-05	0.113	AAACAAATGAGGAAA
6-GATCAAACGAGGAAC	STREME-6	Chr2_33562458_33562558	35	49	+	-1.90789	3.11e-05	0.116	GATCGAACCTAGAAC
6-GATCAAACGAGGAAC	STREME-6	Chr4_11966648_11966748	39	53	+	-1.94737	3.13e-05	0.116	GATCAACTGAAGCAC
6-GATCAAACGAGGAAC	STREME-6	Chr13_669473_669573	3	17	+	-1.98684	3.16e-05	0.116	GGTCAGATGAAGAAC
6-GATCAAACGAGGAAC	STREME-6	Chr10_20832158_20832258	23	37	-	-2	3.16e-05	0.116	AATCAAACAGGAAGA
6-GATCAAACGAGGAAC	STREME-6	Chr14_13798369_13798469	32	46	-	-2	3.16e-05	0.116	AATCAAACAGGAAGA
6-GATCAAACGAGGAAC	STREME-6	Chr4_34233105_34233205	54	68	+	-2	3.16e-05	0.116	AATCAAACAGGAAGA
6-GATCAAACGAGGAAC	STREME-6	Chr13_11666756_11666856	57	71	+	-2	3.16e-05	0.116	AATCAAACAGGAAGA
6-GATCAAACGAGGAAC	STREME-6	Chr2_26941846_26941946	63	77	+	-2	3.16e-05	0.116	AATCAAACAGGAAGA
6-GATCAAACGAGGAAC	STREME-6	Chr13_11655397_11655497	71	85	+	-2	3.16e-05	0.116	AATCAAACAGGAAGA
6-GATCAAACGAGGAAC	STREME-6	Chr9_6866834_6866934	71	85	-	-2	3.16e-05	0.116	AATCAAACAGGAAGA
6-GATCAAACGAGGAAC	STREME-6	Chr8_20203227_20203327	39	53	-	-2.02632	3.18e-05	0.116	AACAAAACAAAAAAC
6-GATCAAACGAGGAAC	STREME-6	Chr14_3655179_3655279	77	91	+	-2.02632	3.18e-05	0.116	AATCTAACAAGAAAA
6-GATCAAACGAGGAAC	STREME-6	Chr8_24377911_24378011	82	96	-	-2.03947	3.2e-05	0.116	AATCAAACACAAAGC
6-GATCAAACGAGGAAC	STREME-6	Chr10_14441644_14441744	18	32	+	-2.11842	3.26e-05	0.118	GATTGAACGAGACGC
6-GATCAAACGAGGAAC	STREME-6	Chr14_5061282_5061382	66	80	-	-2.11842	3.26e-05	0.118	AATCGAGCAAGGCAT
6-GATCAAACGAGGAAC	STREME-6	Chr8_21428952_21429052	10	24	+	-2.13158	3.27e-05	0.118	AATCAACCAAGAAAA
6-GATCAAACGAGGAAC	STREME-6	Chr13_13017164_13017264	34	48	-	-2.19737	3.33e-05	0.12	GATCCAACGGTGAAC
6-GATCAAACGAGGAAC	STREME-6	Chr6_27443892_27443992	37	51	-	-2.30263	3.41e-05	0.123	AAACAAACAAAAAAT
6-GATCAAACGAGGAAC	STREME-6	Chr1_24751982_24752082	38	52	-	-2.35526	3.45e-05	0.124	AATGAAACAAAAAGC
6-GATCAAACGAGGAAC	STREME-6	Chr9_13293189_13293289	47	61	-	-2.44737	3.53e-05	0.127	AATAAAACAAGAAAA
6-GATCAAACGAGGAAC	STREME-6	Chr9_25732630_25732730	18	32	+	-2.72368	3.8e-05	0.136	TATCAAGCGAACAAC
6-GATCAAACGAGGAAC	STREME-6	Chr11_17471919_17472019	82	96	-	-2.72368	3.8e-05	0.136	AATCAAACGATAAGT
6-GATCAAACGAGGAAC	STREME-6	Chr10_25499709_25499809	4	18	+	-2.77632	3.85e-05	0.137	TATCAATTGAAAAAC
6-GATCAAACGAGGAAC	STREME-6	Chr7_22315028_22315128	39	53	-	-2.81579	3.89e-05	0.139	AATTAAACGATGAAA
6-GATCAAACGAGGAAC	STREME-6	Chr6_11831160_11831260	13	27	+	-2.90789	3.97e-05	0.142	AATCAATCGAATAAT
6-GATCAAACGAGGAAC	STREME-6	Chr1_31048272_31048372	37	51	-	-2.97368	4.03e-05	0.143	GATAGACCAAGGAAC
6-GATCAAACGAGGAAC	STREME-6	Chr4_19948572_19948672	57	71	+	-2.98684	4.04e-05	0.143	AATCAAAAGAGAGAT
6-GATCAAACGAGGAAC	STREME-6	Chr15_22420620_22420720	63	77	+	-2.98684	4.04e-05	0.143	AATCAAAAGAGAGAT
6-GATCAAACGAGGAAC	STREME-6	Chr4_3909498_3909598	46	60	+	-3.03947	4.08e-05	0.144	AAGCGAACAAAGAAA
6-GATCAAACGAGGAAC	STREME-6	Chr12_19720951_19721051	63	77	-	-3.03947	4.08e-05	0.144	AAGCGAACAAAGAAA
6-GATCAAACGAGGAAC	STREME-6	Chr9_25648474_25648574	61	75	+	-3.09211	4.13e-05	0.145	GATCAATCCAGAAGC
6-GATCAAACGAGGAAC	STREME-6	Chr2_22378752_22378852	81	95	+	-3.19737	4.21e-05	0.148	GAACAAAGGAAGAAA
6-GATCAAACGAGGAAC	STREME-6	Chr14_1116262_1116362	28	42	-	-3.30263	4.31e-05	0.151	AATCGCACTAGGAGC
6-GATCAAACGAGGAAC	STREME-6	Chr1_24874755_24874855	71	85	+	-3.30263	4.31e-05	0.151	AATCGCACTAGGAGC
6-GATCAAACGAGGAAC	STREME-6	Chr2_33740244_33740344	38	52	-	-3.38158	4.37e-05	0.153	AATCGAAAAAGAAAT
6-GATCAAACGAGGAAC	STREME-6	Chr5_5796290_5796390	41	55	+	-3.40789	4.39e-05	0.153	GATCAAACGAAAGTT
6-GATCAAACGAGGAAC	STREME-6	Chr11_8482022_8482122	13	27	+	-3.47368	4.45e-05	0.155	GATCTAAAGAAAAAC
6-GATCAAACGAGGAAC	STREME-6	Chr8_11285627_11285727	12	26	-	-3.48684	4.46e-05	0.155	AATCAAACTAAAAGA
6-GATCAAACGAGGAAC	STREME-6	Chr6_25501627_25501727	2	16	+	-3.53947	4.51e-05	0.157	GATCAGAGAAGGACC
6-GATCAAACGAGGAAC	STREME-6	Chr2_8625471_8625571	14	28	-	-3.56579	4.54e-05	0.157	GACCTATCAAAGAAC
6-GATCAAACGAGGAAC	STREME-6	Chr3_19977864_19977964	67	81	-	-3.56579	4.54e-05	0.157	AATCAATCAGGGAAG
6-GATCAAACGAGGAAC	STREME-6	Chr2_22989238_22989338	33	47	+	-3.61842	4.6e-05	0.159	AATCATCCAAAGAAC
6-GATCAAACGAGGAAC	STREME-6	Chr2_20872290_20872390	52	66	+	-3.61842	4.6e-05	0.159	GATTGAATGAGGAAG
6-GATCAAACGAGGAAC	STREME-6	Chr3_30702177_30702277	8	22	-	-3.67105	4.65e-05	0.159	AATCAGTCAAGAAGC
6-GATCAAACGAGGAAC	STREME-6	Chr9_28089453_28089553	19	33	-	-3.67105	4.65e-05	0.159	TATAAAACAAGGCAC
6-GATCAAACGAGGAAC	STREME-6	Chr1_42264374_42264474	67	81	-	-3.67105	4.65e-05	0.159	AACCAAACAAACAAT
6-GATCAAACGAGGAAC	STREME-6	Chr10_1779948_1780048	47	61	-	-3.69737	4.68e-05	0.16	GACGAAGCAAAGAAC
6-GATCAAACGAGGAAC	STREME-6	Chr15_18937975_18938075	53	67	+	-3.81579	4.78e-05	0.163	AATACAACAAAGAAC
6-GATCAAACGAGGAAC	STREME-6	Chr1_28202593_28202693	64	78	+	-3.81579	4.78e-05	0.163	AATACAACAAAGAAC
6-GATCAAACGAGGAAC	STREME-6	Chr8_9281543_9281643	8	22	+	-3.92105	4.91e-05	0.167	TACCAAATGGGAAAC
6-GATCAAACGAGGAAC	STREME-6	Chr9_8844758_8844858	23	37	+	-3.92105	4.91e-05	0.167	AATCATAAAAAGAAC
6-GATCAAACGAGGAAC	STREME-6	Chr9_484659_484759	42	56	-	-4.02632	5.05e-05	0.171	GATCGCACTAAGAGC
6-GATCAAACGAGGAAC	STREME-6	Chr3_18793085_18793185	82	96	+	-4.02632	5.05e-05	0.171	GATCGCACTAAGAGC
6-GATCAAACGAGGAAC	STREME-6	Chr5_17572070_17572170	87	101	+	-4.06579	5.09e-05	0.172	GGCCAATCGAGGAGC
6-GATCAAACGAGGAAC	STREME-6	Chr12_10676320_10676420	14	28	-	-4.10526	5.13e-05	0.173	GATCAAAGAAGGATA
6-GATCAAACGAGGAAC	STREME-6	Chr6_11855404_11855504	3	17	-	-4.11842	5.15e-05	0.173	AATCAAATGGAGAGA
6-GATCAAACGAGGAAC	STREME-6	Chr4_18665674_18665774	17	31	-	-4.13158	5.16e-05	0.174	GATCAATCAAAGGGT
6-GATCAAACGAGGAAC	STREME-6	Chr7_6576462_6576562	13	27	-	-4.14474	5.18e-05	0.174	AATCATACCAGGAGC
6-GATCAAACGAGGAAC	STREME-6	Chr7_9101409_9101509	38	52	-	-4.15789	5.2e-05	0.174	AATCAAACGGTGAGT
6-GATCAAACGAGGAAC	STREME-6	Chr3_29789957_29790057	2	16	+	-4.21053	5.27e-05	0.176	GACCAAATTAGAAGC
6-GATCAAACGAGGAAC	STREME-6	Chr14_2620430_2620530	55	69	-	-4.21053	5.27e-05	0.176	GATCACACAACAAAC
6-GATCAAACGAGGAAC	STREME-6	Chr10_7594097_7594197	17	31	-	-4.26316	5.34e-05	0.177	GAACAAACAAAGGAA
6-GATCAAACGAGGAAC	STREME-6	Chr15_9417243_9417343	62	76	-	-4.26316	5.34e-05	0.177	AACCAATGGAGGAAA
6-GATCAAACGAGGAAC	STREME-6	Chr13_9086050_9086150	83	97	+	-4.26316	5.34e-05	0.177	GAACAAACAAAGGAA
6-GATCAAACGAGGAAC	STREME-6	Chr10_25420053_25420153	14	28	+	-4.27632	5.37e-05	0.178	AATCAATCAAAAACC
6-GATCAAACGAGGAAC	STREME-6	Chr1_41954614_41954714	58	72	+	-4.32895	5.45e-05	0.18	GTTCAAACAAGAAGT
6-GATCAAACGAGGAAC	STREME-6	Chr1_22060901_22061001	12	26	-	-4.43421	5.59e-05	0.185	AATCAAACAGAAAGA
6-GATCAAACGAGGAAC	STREME-6	Chr15_21223333_21223433	85	99	+	-4.47368	5.64e-05	0.186	GAGAAAACAAGAAAC
6-GATCAAACGAGGAAC	STREME-6	Chr10_23539545_23539645	67	81	+	-4.48684	5.66e-05	0.186	GACCAAACTGGGAAG
6-GATCAAACGAGGAAC	STREME-6	Chr1_42015249_42015349	85	99	+	-4.53947	5.74e-05	0.189	AATCAAACGATCAAT
6-GATCAAACGAGGAAC	STREME-6	Chr4_16426615_16426715	59	73	-	-4.56579	5.78e-05	0.189	AATCAAACAAAAACA
6-GATCAAACGAGGAAC	STREME-6	Chr13_8354864_8354964	35	49	+	-4.57895	5.8e-05	0.19	AACCGATCAGGAAAC
6-GATCAAACGAGGAAC	STREME-6	Chr2_9438928_9439028	23	37	-	-4.69737	5.98e-05	0.196	AATCAAAGGACAAGC
6-GATCAAACGAGGAAC	STREME-6	Chr10_6809206_6809306	23	37	+	-4.78947	6.1e-05	0.199	GGTCGAAGAAGGAGC
6-GATCAAACGAGGAAC	STREME-6	Chr6_7182514_7182614	9	23	-	-4.89474	6.24e-05	0.203	AATTAAAAAAAAAAC
6-GATCAAACGAGGAAC	STREME-6	Chr11_6180976_6181076	6	20	+	-4.93421	6.29e-05	0.204	AATGAAGCGAAGAAA
6-GATCAAACGAGGAAC	STREME-6	Chr4_24017991_24018091	74	88	+	-4.98684	6.38e-05	0.207	GACCGATTGAAGAGC
6-GATCAAACGAGGAAC	STREME-6	Chr14_20628091_20628191	21	35	-	-5.05263	6.47e-05	0.209	TACCAAACCAAAAAC
6-GATCAAACGAGGAAC	STREME-6	Chr5_31103568_31103668	20	34	+	-5.11842	6.56e-05	0.212	GATCGAGCAAGACAT
6-GATCAAACGAGGAAC	STREME-6	Chr9_13660018_13660118	82	96	+	-5.14474	6.59e-05	0.213	GAACGAGTGAAGAAC
6-GATCAAACGAGGAAC	STREME-6	Chr1_32396018_32396118	77	91	-	-5.18421	6.63e-05	0.214	TATTAGACGAAGAAT
6-GATCAAACGAGGAAC	STREME-6	Chr14_23260646_23260746	67	81	-	-5.26316	6.73e-05	0.216	AAACAAACGAAAAAG
6-GATCAAACGAGGAAC	STREME-6	Chr13_16425124_16425224	79	93	+	-5.27632	6.75e-05	0.216	AATTAAACGATAAAT
6-GATCAAACGAGGAAC	STREME-6	Chr14_5210735_5210835	86	100	-	-5.27632	6.75e-05	0.216	AATTAAACGATAAAT
6-GATCAAACGAGGAAC	STREME-6	Chr2_11182476_11182576	25	39	+	-5.28947	6.77e-05	0.217	AAAAAAACGAAAAAC
6-GATCAAACGAGGAAC	STREME-6	Chr10_19717453_19717553	38	52	+	-5.30263	6.79e-05	0.217	GGTCAAAAGAAGAAT
6-GATCAAACGAGGAAC	STREME-6	Chr5_23605392_23605492	2	16	-	-5.34211	6.84e-05	0.218	AAATGAACAAGAAAC
6-GATCAAACGAGGAAC	STREME-6	Chr10_3553772_3553872	55	69	-	-5.34211	6.84e-05	0.218	AATCGCACAAGAAAA
6-GATCAAACGAGGAAC	STREME-6	Chr6_14035982_14036082	30	44	-	-5.35526	6.85e-05	0.218	GATGAAGCTAGAAAC
6-GATCAAACGAGGAAC	STREME-6	Chr2_35047767_35047867	20	34	-	-5.39474	6.91e-05	0.219	AACCAAAGAAAGATC
6-GATCAAACGAGGAAC	STREME-6	Chr1_38226543_38226643	4	18	-	-5.42105	6.94e-05	0.22	GACCAAATAAGAGAT
6-GATCAAACGAGGAAC	STREME-6	Chr2_19883523_19883623	85	99	+	-5.44737	6.98e-05	0.221	AATGAAACGAAAAGT
6-GATCAAACGAGGAAC	STREME-6	Chr1_14307034_14307134	8	22	+	-5.46053	6.99e-05	0.221	AATAAAATAAGGAAA
6-GATCAAACGAGGAAC	STREME-6	Chr1_48151949_48152049	76	90	-	-5.47368	7.01e-05	0.221	AATTGAAGAAAGAAT
6-GATCAAACGAGGAAC	STREME-6	Chr14_3908785_3908885	19	33	-	-5.53947	7.1e-05	0.224	AAATAGACAAGGAAC
6-GATCAAACGAGGAAC	STREME-6	Chr6_22846761_22846861	75	89	-	-5.55263	7.12e-05	0.224	AACCGAAGGAAGAAG
6-GATCAAACGAGGAAC	STREME-6	Chr14_8425136_8425236	66	80	-	-5.57895	7.16e-05	0.225	AATCGAAGGAAGTGC
6-GATCAAACGAGGAAC	STREME-6	Chr8_1788620_1788720	85	99	+	-5.59211	7.18e-05	0.225	AATAAAACGAAAAAG
6-GATCAAACGAGGAAC	STREME-6	Chr14_15254538_15254638	52	66	-	-5.60526	7.2e-05	0.225	TACCAAACAAAGCAT
6-GATCAAACGAGGAAC	STREME-6	Chr14_13936141_13936241	82	96	+	-5.60526	7.2e-05	0.225	AATCATATGATGAAC
6-GATCAAACGAGGAAC	STREME-6	Chr15_10844133_10844233	39	53	+	-5.61842	7.22e-05	0.225	GATCAAACATTGGAC
6-GATCAAACGAGGAAC	STREME-6	Chr3_29097549_29097649	58	72	+	-5.64474	7.25e-05	0.226	AACCAAAGAAATAAC
6-GATCAAACGAGGAAC	STREME-6	Chr9_23073461_23073561	57	71	+	-5.65789	7.27e-05	0.226	GAGCAAGTGAGGAGC
6-GATCAAACGAGGAAC	STREME-6	Chr6_10124011_10124111	44	58	+	-5.72368	7.37e-05	0.229	AATTGATCGATGAAC
6-GATCAAACGAGGAAC	STREME-6	Chr2_20265095_20265195	71	85	+	-5.73684	7.39e-05	0.229	AACAAAACAAGAAGC
6-GATCAAACGAGGAAC	STREME-6	Chr15_17230713_17230813	83	97	-	-5.75	7.41e-05	0.229	GATCATACAGGGGAT
6-GATCAAACGAGGAAC	STREME-6	Chr13_18585739_18585839	60	74	-	-5.76316	7.44e-05	0.229	AACCAAAGGAGGGTC
6-GATCAAACGAGGAAC	STREME-6	Chr5_469626_469726	50	64	+	-5.77632	7.46e-05	0.23	AACCAAGGAAAAAAC
6-GATCAAACGAGGAAC	STREME-6	Chr5_18254244_18254344	46	60	-	-5.80263	7.51e-05	0.23	GGTGGAACGGGGAAC
6-GATCAAACGAGGAAC	STREME-6	Chr14_1963387_1963487	50	64	-	-5.80263	7.51e-05	0.23	GGTGGAACGGGGAAC
6-GATCAAACGAGGAAC	STREME-6	Chr12_14156669_14156769	71	85	-	-5.80263	7.51e-05	0.23	GATGAAAGGAGAAAA
6-GATCAAACGAGGAAC	STREME-6	Chr1_42638213_42638313	20	34	-	-5.82895	7.56e-05	0.231	GCCCAAATGAAGGAC
6-GATCAAACGAGGAAC	STREME-6	Chr3_28206506_28206606	6	20	-	-5.85526	7.6e-05	0.232	GATCAAACAGGTATC
6-GATCAAACGAGGAAC	STREME-6	Chr12_14797433_14797533	39	53	+	-5.85526	7.6e-05	0.232	GATCAAACAGGTATC
6-GATCAAACGAGGAAC	STREME-6	Chr6_22430251_22430351	52	66	-	-5.85526	7.6e-05	0.232	GATCAAACAGGTATC
6-GATCAAACGAGGAAC	STREME-6	Chr10_19355260_19355360	68	82	+	-5.90789	7.7e-05	0.232	GATCAAATAAGAAGG
6-GATCAAACGAGGAAC	STREME-6	Chr9_8686776_8686876	75	89	-	-5.90789	7.7e-05	0.232	AATTAAAGGAAAAAA
6-GATCAAACGAGGAAC	STREME-6	Chr14_14976661_14976761	11	25	+	-5.93421	7.74e-05	0.232	GATCAGAGAGGGAAA
6-GATCAAACGAGGAAC	STREME-6	Chr2_30446307_30446407	57	71	-	-5.97368	7.82e-05	0.232	GCTCAAGGAAAGAAC
6-GATCAAACGAGGAAC	STREME-6	Chr15_6139841_6139941	2	16	-	-6.01316	7.88e-05	0.232	AAACAAACAAGAAGT
6-GATCAAACGAGGAAC	STREME-6	Chr2_9438928_9439028	27	41	-	-6.01316	7.88e-05	0.232	AATAAATCAAAGGAC
6-GATCAAACGAGGAAC	STREME-6	Chr2_21286084_21286184	32	46	+	-6.05263	7.94e-05	0.232	GATAGAATGAAGAAA
6-GATCAAACGAGGAAC	STREME-6	Chr10_28040936_28041036	69	83	-	-6.05263	7.94e-05	0.232	GATAGAATGAAGAAA
6-GATCAAACGAGGAAC	STREME-6	Chr3_8128866_8128966	52	66	+	-6.07895	7.98e-05	0.232	CATCAAACAAAGCAA
6-GATCAAACGAGGAAC	STREME-6	Chr7_12383420_12383520	4	18	+	-6.09211	8.01e-05	0.232	GAGCAAATTAGGAGC
6-GATCAAACGAGGAAC	STREME-6	Chr4_10663646_10663746	6	20	-	-6.09211	8.01e-05	0.232	GAGCAAATTAGGAGC
6-GATCAAACGAGGAAC	STREME-6	Chr7_12395692_12395792	20	34	+	-6.09211	8.01e-05	0.232	GAGCAAATTAGGAGC
6-GATCAAACGAGGAAC	STREME-6	Chr15_23479492_23479592	9	23	-	-6.09211	8.01e-05	0.232	GAGCAAATTAGGAGC
6-GATCAAACGAGGAAC	STREME-6	Chr1_23671715_23671815	15	29	-	-6.09211	8.01e-05	0.232	GAGCAAATTAGGAGC
6-GATCAAACGAGGAAC	STREME-6	Chr11_14369387_14369487	15	29	-	-6.09211	8.01e-05	0.232	GAGCAAATTAGGAGC
6-GATCAAACGAGGAAC	STREME-6	Chr5_4854541_4854641	30	44	+	-6.09211	8.01e-05	0.232	GAGCAAATTAGGAGC
6-GATCAAACGAGGAAC	STREME-6	Chr7_12375038_12375138	38	52	+	-6.09211	8.01e-05	0.232	GAGCAAATTAGGAGC
6-GATCAAACGAGGAAC	STREME-6	Chr2_7434786_7434886	24	38	-	-6.09211	8.01e-05	0.232	GAGCAAATTAGGAGC
6-GATCAAACGAGGAAC	STREME-6	Chr4_10628191_10628291	46	60	+	-6.09211	8.01e-05	0.232	GAGCAAATTAGGAGC
6-GATCAAACGAGGAAC	STREME-6	Chr3_31803520_31803620	57	71	+	-6.09211	8.01e-05	0.232	GAGCAAATTAGGAGC
6-GATCAAACGAGGAAC	STREME-6	Chr8_17799816_17799916	47	61	-	-6.09211	8.01e-05	0.232	GAGCAAATTAGGAGC
6-GATCAAACGAGGAAC	STREME-6	Chr2_7467864_7467964	68	82	+	-6.09211	8.01e-05	0.232	GAGCAAATTAGGAGC
6-GATCAAACGAGGAAC	STREME-6	Chr9_25954920_25955020	57	71	-	-6.09211	8.01e-05	0.232	GAGCAAATTAGGAGC
6-GATCAAACGAGGAAC	STREME-6	Chr11_14385973_14386073	58	72	-	-6.09211	8.01e-05	0.232	GAGCAAATTAGGAGC
6-GATCAAACGAGGAAC	STREME-6	Chr7_12537240_12537340	82	96	+	-6.09211	8.01e-05	0.232	GAGCAAATTAGGAGC
6-GATCAAACGAGGAAC	STREME-6	Chr8_17787731_17787831	71	85	-	-6.09211	8.01e-05	0.232	GAGCAAATTAGGAGC
6-GATCAAACGAGGAAC	STREME-6	Chr4_10677534_10677634	87	101	+	-6.09211	8.01e-05	0.232	GAGCAAATTAGGAGC
6-GATCAAACGAGGAAC	STREME-6	Chr8_19641864_19641964	77	91	-	-6.09211	8.01e-05	0.232	GAGCAAATTAGGAGC
6-GATCAAACGAGGAAC	STREME-6	Chr8_17762266_17762366	77	91	-	-6.09211	8.01e-05	0.232	GAGCAAATTAGGAGC
6-GATCAAACGAGGAAC	STREME-6	Chr10_18916167_18916267	87	101	-	-6.09211	8.01e-05	0.232	GAGCAAATTAGGAGC
6-GATCAAACGAGGAAC	STREME-6	Chr10_1779948_1780048	52	66	-	-6.10526	8.04e-05	0.232	AACCAGACGAAGCAA
6-GATCAAACGAGGAAC	STREME-6	Chr10_427784_427884	56	70	-	-6.10526	8.04e-05	0.232	AATCAAGGAGAAAAC
6-GATCAAACGAGGAAC	STREME-6	Chr6_11831160_11831260	17	31	+	-6.11842	8.07e-05	0.232	AATCGAATAATGAAT
6-GATCAAACGAGGAAC	STREME-6	Chr12_23312386_23312486	29	43	-	-6.11842	8.07e-05	0.232	GATCAGAGAAAGAGT
6-GATCAAACGAGGAAC	STREME-6	Chr7_16392397_16392497	53	67	+	-6.11842	8.07e-05	0.232	AATAAATCAAGGAAA
6-GATCAAACGAGGAAC	STREME-6	Chr8_25340209_25340309	45	59	-	-6.11842	8.07e-05	0.232	GATCGATGGAAGATC
6-GATCAAACGAGGAAC	STREME-6	Chr3_16554019_16554119	11	25	+	-6.13158	8.09e-05	0.233	AGTTAAACAAGGAAA
6-GATCAAACGAGGAAC	STREME-6	Chr7_16735285_16735385	51	65	+	-6.14474	8.11e-05	0.233	AATTAAACAATGAAA
6-GATCAAACGAGGAAC	STREME-6	Chr2_34800819_34800919	50	64	-	-6.23684	8.27e-05	0.237	GACAAAATGAGGAAA
6-GATCAAACGAGGAAC	STREME-6	Chr1_27124967_27125067	34	48	-	-6.25	8.3e-05	0.238	GGCCAAACAAGAAAA
6-GATCAAACGAGGAAC	STREME-6	Chr6_955306_955406	28	42	+	-6.34211	8.47e-05	0.242	CACCAAAGGAAGGAC
6-GATCAAACGAGGAAC	STREME-6	Chr6_12301029_12301129	23	37	+	-6.38158	8.53e-05	0.243	GACCTATCGAAGAGC
6-GATCAAACGAGGAAC	STREME-6	Chr10_649974_650074	14	28	-	-6.38158	8.53e-05	0.243	AACCCGACGAAAAAC
6-GATCAAACGAGGAAC	STREME-6	Chr8_23166708_23166808	48	62	-	-6.38158	8.53e-05	0.243	AACCCGACGAAAAAC
6-GATCAAACGAGGAAC	STREME-6	Chr9_24011647_24011747	76	90	-	-6.40789	8.59e-05	0.244	GATCAAAGAGAGAGA
6-GATCAAACGAGGAAC	STREME-6	Chr3_1342156_1342256	10	24	-	-6.42105	8.62e-05	0.245	GTTCGAGCAAGGCAC
6-GATCAAACGAGGAAC	STREME-6	Chr3_18049552_18049652	45	59	+	-6.44737	8.68e-05	0.246	GAACAAACAGAAGAC
6-GATCAAACGAGGAAC	STREME-6	Chr5_24641800_24641900	80	94	+	-6.47368	8.73e-05	0.247	TATCAATTGAGAGAC
6-GATCAAACGAGGAAC	STREME-6	Chr3_2569868_2569968	12	26	+	-6.48684	8.76e-05	0.247	TATCAAGCGATGAAT
6-GATCAAACGAGGAAC	STREME-6	Chr13_22139041_22139141	16	30	+	-6.52632	8.84e-05	0.249	AATGAAACGAGGCAG
6-GATCAAACGAGGAAC	STREME-6	Chr4_10798750_10798850	74	88	+	-6.53947	8.87e-05	0.25	GAACAAACAAGAGAA
6-GATCAAACGAGGAAC	STREME-6	Chr11_10987098_10987198	8	22	+	-6.55263	8.91e-05	0.25	GAATAAAGAAAGAAC
6-GATCAAACGAGGAAC	STREME-6	Chr9_24949440_24949540	52	66	+	-6.56579	8.94e-05	0.251	GAGCAAATGAAGAAG
6-GATCAAACGAGGAAC	STREME-6	Chr1_5187524_5187624	3	17	-	-6.60526	9.01e-05	0.253	GGCCAAAGGAGGAAA
6-GATCAAACGAGGAAC	STREME-6	Chr7_30444188_30444288	45	59	+	-6.67105	9.15e-05	0.256	AATCATACCAGGAAA
6-GATCAAACGAGGAAC	STREME-6	Chr7_23914441_23914541	46	60	+	-6.68421	9.18e-05	0.257	GATCAAATGAATAGT
6-GATCAAACGAGGAAC	STREME-6	Chr11_13827329_13827429	87	101	-	-6.69737	9.2e-05	0.257	AAGCAAATGAAAAAT
6-GATCAAACGAGGAAC	STREME-6	Chr4_9357541_9357641	37	51	+	-6.71053	9.23e-05	0.257	AACTGAACAAGCAAC
6-GATCAAACGAGGAAC	STREME-6	Chr11_22128208_22128308	47	61	-	-6.72368	9.25e-05	0.257	GATCAGAGGGGACAC
6-GATCAAACGAGGAAC	STREME-6	Chr5_12926920_12927020	57	71	-	-6.72368	9.25e-05	0.257	AATCAAAGGAAGCGA
6-GATCAAACGAGGAAC	STREME-6	Chr6_871811_871911	43	57	+	-6.75	9.31e-05	0.258	AATGAAATGGAAAAC
6-GATCAAACGAGGAAC	STREME-6	Chr1_30465665_30465765	69	83	-	-6.86842	9.57e-05	0.265	TATCGATTAAGAAAC
6-GATCAAACGAGGAAC	STREME-6	Chr3_28872486_28872586	29	43	+	-6.88158	9.59e-05	0.265	GAACGAGCAAAGGAC
6-GATCAAACGAGGAAC	STREME-6	Chr8_15436541_15436641	1	15	+	-6.96053	9.76e-05	0.269	GAGCAGAAGAAGAAC
6-GATCAAACGAGGAAC	STREME-6	Chr11_13594487_13594587	9	23	+	-6.96053	9.76e-05	0.269	AATCAAAATAGGAAG
6-GATCAAACGAGGAAC	STREME-6	Chr6_13087728_13087828	20	34	+	-6.96053	9.76e-05	0.269	GAACAGAAGAAGAAC
6-GATCAAACGAGGAAC	STREME-6	Chr9_30037031_30037131	85	99	-	-6.96053	9.76e-05	0.269	CATCAAATTAAAAAC
6-GATCAAACGAGGAAC	STREME-6	Chr1_18964045_18964145	45	59	+	-6.97368	9.79e-05	0.269	GAACAACCGAGAAGC
6-GATCAAACGAGGAAC	STREME-6	Chr1_37374174_37374274	6	20	+	-6.98684	9.82e-05	0.269	AATCTGACGAAAAAT
6-GATCAAACGAGGAAC	STREME-6	Chr7_3688050_3688150	32	46	+	-7.01316	9.87e-05	0.27	AACCAACCAACGAAC
6-GATCAAACGAGGAAC	STREME-6	Chr2_30849010_30849110	61	75	-	-7.05263	9.94e-05	0.272	GGTCAAACTAGGGAA

# FIMO (Find Individual Motif Occurrences): Version 5.5.1 compiled on Apr 10 2023 at 16:56:57
# The format of this file is described at https://meme-suite.org/meme/doc/fimo-output-format.html.
# fimo --parse-genomic-coord --verbosity 1 --oc LITCHI007109.meme_chip/fimo_out_7 --bgfile LITCHI007109.meme_chip/background --motif 6-GATCAAACGAGGAAC LITCHI007109.meme_chip/streme_out/streme.xml LITCHI007109.meme_chip/LITCHI007109.peak.region.fa
